cuenta_id,fecha,transaccion,monto,descripcion
103,08-03-2024,deposito,3000,Retiro parcial
110,24-07-2024,retiro,1500,
109,2024/03/18,deposito,3000,Ingreso mensual
105,24/03/2024,deposito,1000,Ingreso navideño
120,2024/04/11,compra,,Ingreso mensual
120,2024-02-26,compra,1000,
102,18-12-2024,compra,3000,
105,2024/06/21,compra,3000,Ingreso extra
111,2024/09/16,compra,2500,Ingreso mensual
106,12/02/2024,deposito,-100,Ingreso navideño
106,21-06-2024,deposito,2000,Ingreso extra
106,2024/07/11,compra,1500,Ingreso navideño
108,2024-02-15,compra,3000,Ingreso mensual
110,13/11/2024,compra,-500,Ingreso mensual
109,04/12/2024,retiro,1000,Compra en tienda
102,19-04-2024,deposito,2000,
108,2024-07-19,retiro,2000,Retiro parcial
104,26-08-2024,retiro,2500,Compra en tienda
120,09-03-2024,retiro,3000,Compra en tienda
109,2024/05/02,deposito,3000,Ingreso mensual
116,2024/12/24,compra,2500,Compra en tienda
114,08/07/2024,compra,5000,Ingreso mensual
119,2024/08/15,retiro,1500,Ingreso extra
103,05-10-2024,compra,1000,Retiro parcial
102,2024/09/30,depósito,2000,Ingreso navideño
119,25/07/2024,retiro,-500,Ingreso mensual
103,11-08-2024,pago,1000,Compra en tienda
103,2024/12/19,compra,5000,Retiro parcial
111,2024-03-10,retiro,-500,Retiro parcial
111,2024-04-26,retiro,2000,Ingreso navideño
108,2024-12-22,deposito,1000,Ingreso extra
117,2024-01-11,deposito,-1000,Ingreso extra
113,24/01/2024,compra,5000,Compra en tienda
109,20-11-2024,retiro,-1000,Retiro parcial
113,25-01-2024,deposito,-500,Ingreso navideño
109,15/10/2024,retiro,-500,Ingreso extra
103,2024-05-09,retiro,3000,Ingreso extra
114,30-09-2024,deposito,1000,Ingreso mensual
120,13/01/2024,deposito,1000,Retiro parcial
113,2024-02-29,retiro,2500,Ingreso mensual
109,2024-11-27,deposito,2000,
117,30-05-2024,deposito,1000,Ingreso navideño
118,2024-09-01,retiro,-100,Ingreso navideño
112,2024/04/01,retiro,3000,Retiro parcial
105,2024-01-17,compra,-500,Ingreso mensual
116,2024/11/22,compra,2500,Compra en tienda
108,2024-05-14,deposito,3000,Ingreso extra
111,2024-07-19,compra,-100,Compra en tienda
107,2024-11-30,deposito,3000,Compra en tienda
111,2024/09/25,depósito,2000,Ingreso navideño
107,2024-02-29,deposito,-500,
102,2024/11/05,retiro,,Ingreso navideño
114,23-04-2024,retiro,2000,Compra en tienda
109,2024/03/09,deposito,3000,
104,2024/11/01,retiro,-500,Ingreso navideño
104,2024-02-02,retiro,-100,Ingreso mensual
113,02/05/2024,retiro,-100,Retiro parcial
113,11-01-2024,deposito,3000,Retiro parcial
105,01/12/2024,deposito,2000,Ingreso mensual
109,05-07-2024,retiro,-500,Compra en tienda
106,2024/04/06,retiro,2500,Compra en tienda
116,25/06/2024,retiro,2000,
114,2024-09-04,compra,2500,Retiro parcial
110,2024/02/15,deposito,0,Compra en tienda
109,2024/11/26,retiro,2000,
118,2024/05/19,retiro,2000,
112,2024-07-23,compra,3000,Retiro parcial
120,2024-08-18,deposito,1500,Compra en tienda
104,2024/07/31,deposito,,Compra en tienda
102,16-10-2024,deposito,2500,Retiro parcial
117,2024-01-12,retiro,,Ingreso extra
103,07-05-2024,compra,2000,Retiro parcial
115,2024-08-15,compra,2000,Compra en tienda
107,28/09/2024,retiro,-500,Ingreso extra
116,2024/02/15,deposito,3000,Ingreso extra
120,2024-10-27,retiro,3000,Ingreso extra
119,19-07-2024,compra,2000,Compra en tienda
118,2024/12/09,retiro,3000,
115,13-10-2024,compra,2000,Compra en tienda
101,16/02/2024,compra,-100,Retiro parcial
118,27/04/2024,retiro,2000,Ingreso mensual
110,11-02-2024,compra,-100,Ingreso extra
118,2024-03-05,retiro,0,Ingreso navideño
106,29/08/2024,pago,2000,
105,03/03/2024,retiro,2500,Retiro parcial
107,09-11-2024,retiro,1000,Compra en tienda
119,11/06/2024,compra,-500,
105,2024-04-01,depósito,1000,Retiro parcial
116,09-02-2024,deposito,-100,
114,2024/02/20,depósito,3000,Compra en tienda
113,27/04/2024,retiro,3000,
110,02/03/2024,deposito,2000,Compra en tienda
101,2024-02-19,compra,2000,Retiro parcial
102,23-11-2024,deposito,1000,
112,08/03/2024,retiro,2500,
111,2024-03-25,retiro,2500,Ingreso extra
117,2024-05-18,deposito,,Ingreso mensual
114,14/02/2024,retiro,3000,Ingreso mensual
112,2024/10/17,retiro,-500,Retiro parcial
108,05-01-2024,pago,-500,Retiro parcial
116,02/08/2024,compra,-500,Compra en tienda
107,2024/06/22,retiro,3000,Ingreso navideño
105,2024-06-04,pago,-500,Ingreso extra
106,2024-07-28,deposito,2000,Ingreso mensual
119,2024-03-24,compra,1500,
103,2024-09-24,retiro,-500,Ingreso extra
107,2024-10-26,retiro,3000,Ingreso mensual
114,2024-02-13,compra,2000,Ingreso extra
116,2024/08/09,compra,-500,Ingreso extra
114,14-04-2024,depósito,2000,
118,2024-08-26,compra,5000,Compra en tienda
101,2024-01-07,deposito,2500,Retiro parcial
118,2024-08-04,compra,3000,
106,2024-08-27,deposito,2500,
120,2024-05-24,retiro,-500,Compra en tienda
104,2024/11/07,compra,1000,Ingreso navideño
115,2024-06-17,compra,1000,Ingreso navideño
110,17-02-2024,compra,2500,Ingreso extra
107,2024/01/28,retiro,1500,
102,2024/11/24,retiro,-100,Retiro parcial
106,2024/10/23,compra,-500,Ingreso navideño
106,2024/08/31,compra,2500,
114,2024-10-01,compra,2000,Ingreso extra
119,2024/05/21,retiro,1500,
109,21/05/2024,retiro,3000,Ingreso extra
103,2024-07-12,deposito,,
120,17/12/2024,retiro,1500,
120,2024/12/28,retiro,-500,Ingreso navideño
106,20-11-2024,pago,-100,Ingreso extra
101,2024/07/16,retiro,2500,Ingreso navideño
109,12/11/2024,compra,-100,Ingreso navideño
103,2024-03-15,compra,5000,
118,08/12/2024,retiro,1000,Ingreso mensual
107,2024/12/30,retiro,-500,
107,17-07-2024,retiro,2000,Ingreso mensual
114,2024/10/16,retiro,,Ingreso mensual
118,2024-03-05,compra,2000,Ingreso navideño
116,23-11-2024,compra,2000,Ingreso navideño
103,19/03/2024,compra,3000,Ingreso extra
110,2024/06/22,pago,2000,
105,26-10-2024,compra,-1000,Ingreso extra
114,2024-04-16,deposito,2000,Compra en tienda
103,2024-10-29,compra,2500,
111,03/03/2024,compra,2000,Compra en tienda
104,2024-09-06,retiro,-500,
118,2024/08/13,deposito,-500,
110,27/11/2024,retiro,2000,Retiro parcial
114,07-05-2024,retiro,3000,Ingreso navideño
113,30/09/2024,deposito,-500,Ingreso extra
106,2024-11-26,pago,1500,Retiro parcial
116,2024-04-19,pago,1500,Ingreso navideño
117,25-06-2024,deposito,2500,
106,2024-04-03,retiro,2000,
105,21/09/2024,retiro,3000,Ingreso navideño
120,2024/09/16,deposito,1500,Ingreso mensual
103,27-01-2024,retiro,2000,Ingreso mensual
114,2024-07-04,compra,-100,
106,2024-04-26,compra,1000,Ingreso extra
109,2024/11/10,retiro,2500,
119,21/05/2024,compra,1000,Ingreso extra
110,19/08/2024,retiro,2500,Retiro parcial
106,2024/10/02,retiro,1500,Compra en tienda
116,17/06/2024,depósito,1500,Ingreso navideño
109,2024/05/20,compra,-500,Compra en tienda
107,2024-09-26,compra,-100,
110,2024/02/14,deposito,2500,Ingreso navideño
105,2024-09-09,compra,-500,Compra en tienda
104,2024/11/09,compra,3000,Ingreso mensual
114,2024-05-22,compra,2000,Ingreso navideño
116,2024/11/14,deposito,2500,Ingreso navideño
102,08/02/2024,deposito,3000,Compra en tienda
105,10/05/2024,retiro,2500,Ingreso navideño
107,2024/11/16,deposito,1500,Ingreso extra
114,30/10/2024,retiro,0,Compra en tienda
102,2024/08/12,deposito,2500,Retiro parcial
115,25-10-2024,deposito,0,Ingreso mensual
107,26-11-2024,depósito,-500,Compra en tienda
109,05/12/2024,retiro,2500,Ingreso mensual
119,18/02/2024,pago,1000,Ingreso extra
103,2024/10/29,compra,2500,Ingreso navideño
103,2024-07-05,retiro,3000,Ingreso mensual
112,2024-12-16,compra,-100,Ingreso mensual
117,01/02/2024,retiro,-100,
107,06-12-2024,depósito,2500,Retiro parcial
108,2024-07-17,retiro,2500,Retiro parcial
116,2024/09/15,compra,3000,Retiro parcial
115,2024/04/22,compra,1500,Ingreso extra
102,2024-09-24,retiro,1500,Compra en tienda
114,2024-10-20,compra,-100,Ingreso navideño
113,2024-04-05,deposito,1000,Ingreso navideño
117,17/11/2024,depósito,3000,Ingreso mensual
110,11/09/2024,deposito,1000,Retiro parcial
104,2024-03-01,retiro,-500,Ingreso extra
102,2024-12-28,retiro,-500,Compra en tienda
119,2024/10/28,retiro,2000,Ingreso extra
104,19/07/2024,retiro,1000,Compra en tienda
110,2024/02/23,deposito,1000,Retiro parcial
114,2024-02-07,retiro,3000,Ingreso extra
109,2024/09/11,depósito,-100,Ingreso extra
107,2024-07-02,depósito,2500,
101,2024/07/09,retiro,-1000,Ingreso mensual
114,2024-10-01,compra,1500,Ingreso mensual
114,2024-07-09,compra,-500,
116,15/06/2024,retiro,3000,Compra en tienda
117,10-02-2024,compra,2500,Ingreso mensual
104,11-01-2024,retiro,1000,Compra en tienda
117,27-03-2024,deposito,1500,Compra en tienda
119,25/09/2024,deposito,1000,Ingreso mensual
112,2024-08-25,compra,2500,Ingreso navideño
107,24-01-2024,deposito,3000,Compra en tienda
115,2024-02-22,pago,3000,
119,2024-07-11,deposito,2500,
117,2024-09-27,pago,3000,Ingreso extra
120,2024/09/01,deposito,1500,Compra en tienda
110,2024/04/26,compra,3000,Ingreso mensual
114,2024-03-03,compra,1500,Ingreso mensual
111,08-07-2024,compra,2500,Ingreso extra
108,16-08-2024,deposito,-100,Compra en tienda
106,16-12-2024,deposito,2500,
117,07-08-2024,compra,3000,Ingreso navideño
108,20-12-2024,compra,-100,Ingreso navideño
103,2024/05/06,compra,2000,Retiro parcial
106,22-02-2024,retiro,-500,Compra en tienda
118,2024-01-30,retiro,2500,Ingreso mensual
117,2024-02-15,retiro,-100,Compra en tienda
107,01-07-2024,deposito,-100,Retiro parcial
107,21-03-2024,deposito,,Compra en tienda
116,2024-03-23,deposito,2000,Compra en tienda
113,2024-12-04,deposito,-500,
105,03-08-2024,deposito,1500,Ingreso navideño
115,2024/11/17,compra,-500,Ingreso extra
107,2024/03/07,deposito,3000,
106,26/06/2024,deposito,1000,Compra en tienda
118,2024-04-12,compra,-500,Compra en tienda
120,2024/02/14,deposito,2500,
111,2024-06-07,compra,1500,
119,2024-08-03,compra,5000,Compra en tienda
108,18-01-2024,compra,2000,Ingreso extra
101,2024/10/16,deposito,-100,Retiro parcial
115,22/06/2024,deposito,-500,Ingreso extra
105,2024-04-15,retiro,3000,Ingreso navideño
112,2024-03-23,deposito,1000,Ingreso mensual
118,2024-08-25,deposito,-100,
107,24/10/2024,retiro,2500,Ingreso navideño
107,08/12/2024,compra,,Retiro parcial
120,30/10/2024,deposito,1000,Ingreso navideño
111,2024-02-15,retiro,2500,Compra en tienda
106,19/10/2024,deposito,,
108,2024-12-12,compra,2000,Ingreso extra
108,12-12-2024,compra,-100,Ingreso extra
104,10/07/2024,compra,1500,
102,09-02-2024,retiro,1500,Ingreso navideño
103,2024/09/24,deposito,1500,
112,12-06-2024,deposito,3000,Ingreso navideño
105,2024-08-11,deposito,,Compra en tienda
112,2024/04/01,compra,2500,
108,2024-12-08,retiro,1500,
108,30-09-2024,retiro,-500,
106,2024/07/20,deposito,2500,Retiro parcial
102,2024-04-29,retiro,2000,
113,20-07-2024,compra,2500,Retiro parcial
119,24-10-2024,compra,2000,
107,2024/03/18,compra,5000,
108,2024-02-21,depósito,1500,Retiro parcial
120,24/03/2024,retiro,2000,Compra en tienda
112,05-07-2024,depósito,1000,Compra en tienda
104,07/01/2024,compra,1000,Retiro parcial
112,2024-12-11,retiro,3000,
110,03/11/2024,compra,-100,Ingreso extra
108,2024-09-29,deposito,,Ingreso extra
113,28-12-2024,deposito,2000,
116,02-11-2024,depósito,2000,Ingreso mensual
106,02-02-2024,compra,1500,Compra en tienda
114,30/05/2024,compra,2500,
113,2024/12/11,depósito,1500,Compra en tienda
107,16-02-2024,compra,2500,Ingreso mensual
102,11-03-2024,deposito,-100,
108,13-03-2024,deposito,2000,Retiro parcial
101,22/03/2024,retiro,2000,Retiro parcial
105,2024-04-03,retiro,1000,Retiro parcial
105,14-08-2024,retiro,1000,Ingreso navideño
103,23/07/2024,compra,3000,Retiro parcial
109,2024/01/21,depósito,2000,Ingreso navideño
103,2024-02-12,compra,3000,Compra en tienda
120,2024/02/03,retiro,2500,
102,01-11-2024,compra,-100,Retiro parcial
111,16-02-2024,retiro,2000,Ingreso mensual
104,08-08-2024,compra,-100,Ingreso mensual
106,2024-09-27,compra,-100,Ingreso mensual
106,04/04/2024,compra,2500,Retiro parcial
117,29-08-2024,retiro,1000,Ingreso mensual
116,2024/05/13,retiro,1000,Ingreso mensual
106,2024/05/04,compra,-500,Retiro parcial
105,2024-12-13,compra,3000,Ingreso mensual
120,04/03/2024,compra,2500,
104,2024/10/10,retiro,2500,Ingreso navideño
116,2024-11-01,deposito,-100,Compra en tienda
101,03-06-2024,deposito,2000,Compra en tienda
118,19/08/2024,compra,1500,Ingreso mensual
106,03-09-2024,compra,3000,
101,25-09-2024,deposito,2500,Ingreso mensual
101,2024-12-26,deposito,-100,
118,2024-04-18,deposito,3000,Retiro parcial
111,28-03-2024,deposito,5000,Ingreso navideño
118,2024/10/11,compra,3000,Ingreso mensual
109,2024/11/09,retiro,2000,Compra en tienda
109,31/10/2024,retiro,5000,
108,2024/01/26,retiro,3000,Ingreso mensual
114,2024-10-29,retiro,2500,Ingreso mensual
111,2024-07-30,depósito,3000,Compra en tienda
110,2024/11/15,compra,-100,Retiro parcial
116,17-01-2024,retiro,-100,Ingreso navideño
101,04/02/2024,depósito,2500,Compra en tienda
106,25-07-2024,compra,1500,
107,11/08/2024,retiro,-100,Ingreso extra
104,30/07/2024,compra,3000,Retiro parcial
119,2024/02/29,compra,,Ingreso mensual
115,31/10/2024,compra,1500,Ingreso mensual
111,09-04-2024,retiro,2500,Ingreso mensual
114,21-02-2024,pago,-500,Ingreso extra
104,31-01-2024,retiro,1500,Compra en tienda
117,2024/08/26,depósito,3000,Ingreso mensual
114,2024/10/03,compra,3000,Ingreso extra
101,07-03-2024,retiro,-100,
102,2024/12/24,pago,3000,Ingreso extra
119,27/07/2024,retiro,-500,Compra en tienda
116,2024/10/31,retiro,3000,
108,23/10/2024,retiro,2000,Compra en tienda
118,19/01/2024,retiro,5000,Ingreso extra
112,22/11/2024,compra,2000,Ingreso navideño
101,2024/01/17,pago,-100,
117,05-09-2024,deposito,2000,Ingreso mensual
108,2024/06/30,compra,2500,
109,2024-01-22,retiro,-100,
104,26/05/2024,deposito,2500,Ingreso navideño
108,31/10/2024,deposito,-500,Retiro parcial
109,21-10-2024,deposito,2500,Ingreso navideño
115,2024/07/12,compra,1500,
106,2024/03/23,compra,2000,Compra en tienda
115,19/06/2024,compra,2000,
113,13/06/2024,deposito,-500,Ingreso mensual
109,12/02/2024,compra,-100,Retiro parcial
104,2024/03/19,retiro,-500,Ingreso extra
110,2024/11/25,compra,2000,Ingreso mensual
104,16-07-2024,compra,1000,
120,03-10-2024,deposito,2500,Compra en tienda
120,2024/12/21,compra,-500,Compra en tienda
103,29-07-2024,compra,3000,Ingreso navideño
107,09/04/2024,deposito,1000,Ingreso mensual
115,2024/12/22,retiro,-100,Ingreso mensual
108,22-09-2024,retiro,-500,Ingreso extra
111,04/12/2024,depósito,1000,Ingreso extra
110,2024/07/08,retiro,2000,
116,2024/10/07,compra,3000,Retiro parcial
103,02-09-2024,retiro,1500,Ingreso navideño
108,12-03-2024,deposito,-500,Ingreso mensual
113,14-09-2024,deposito,2000,Ingreso mensual
118,2024-09-01,compra,-100,Ingreso mensual
112,12-06-2024,retiro,-500,Ingreso navideño
119,23-12-2024,compra,-500,Ingreso navideño
112,17-07-2024,retiro,-100,Ingreso mensual
105,17/12/2024,retiro,,Retiro parcial
115,2024/04/04,deposito,-100,Ingreso extra
120,2024/07/10,compra,3000,
104,2024/04/02,deposito,1500,Retiro parcial
109,21/01/2024,deposito,2000,
118,15-06-2024,retiro,3000,
105,21/04/2024,retiro,1500,Ingreso extra
103,2024-03-10,compra,3000,
104,2024-07-17,compra,,Retiro parcial
104,23-05-2024,compra,1500,Ingreso extra
119,2024-05-22,deposito,1000,Ingreso mensual
111,04/05/2024,deposito,,Ingreso navideño
116,12-09-2024,deposito,3000,Ingreso mensual
116,2024/10/06,retiro,2500,Ingreso extra
116,22/09/2024,deposito,2000,Ingreso extra
107,08/08/2024,compra,-500,Retiro parcial
117,01-11-2024,deposito,,
110,13-12-2024,deposito,1000,Ingreso extra
102,2024/05/23,pago,-500,Ingreso mensual
120,2024-07-26,retiro,,Ingreso mensual
113,03/12/2024,retiro,2000,Ingreso navideño
114,2024/05/14,retiro,3000,
102,2024/08/30,retiro,,Ingreso navideño
110,2024/05/01,retiro,2500,Compra en tienda
111,2024-05-10,retiro,1500,Compra en tienda
103,2024-07-15,pago,3000,
102,2024/08/03,pago,1000,
112,25-11-2024,deposito,1500,Ingreso navideño
117,27-04-2024,compra,3000,Retiro parcial
110,2024/08/11,compra,-500,Compra en tienda
116,06/12/2024,retiro,2000,Ingreso mensual
112,2024/08/26,retiro,1500,
107,09/03/2024,deposito,-500,Ingreso mensual
107,15-06-2024,compra,,
117,2024/03/07,retiro,3000,Ingreso mensual
101,06-10-2024,deposito,1500,Ingreso mensual
116,2024-01-03,deposito,2500,Ingreso navideño
117,2024/12/08,retiro,3000,Ingreso extra
108,2024/11/02,deposito,2500,Ingreso extra
102,2024/02/14,retiro,3000,
119,24/10/2024,depósito,1000,Ingreso navideño
118,26-03-2024,compra,1500,
102,2024/10/12,retiro,1500,Ingreso mensual
110,14-01-2024,pago,1500,Retiro parcial
111,2024-11-04,retiro,3000,Retiro parcial
109,2024/02/13,pago,-500,Ingreso extra
114,2024-03-16,compra,,Retiro parcial
109,2024/10/18,compra,1000,Retiro parcial
105,12/01/2024,deposito,1000,Retiro parcial
103,08-12-2024,deposito,-500,Compra en tienda
115,2024-12-28,deposito,2500,
116,2024/04/05,compra,-500,Ingreso navideño
107,2024-05-31,deposito,-100,Retiro parcial
101,22/12/2024,deposito,2500,Ingreso navideño
104,2024-11-05,pago,2000,Ingreso mensual
110,23/11/2024,compra,1500,Ingreso mensual
101,2024-04-26,compra,1500,Ingreso extra
115,13/11/2024,compra,2000,Compra en tienda
101,12-06-2024,deposito,2000,Ingreso extra
109,14-07-2024,depósito,2000,Ingreso mensual
101,22-11-2024,retiro,1000,
106,2024-09-26,deposito,-500,Ingreso extra
119,2024-10-18,retiro,-100,Compra en tienda
102,24/08/2024,retiro,-500,Retiro parcial
113,2024-02-27,deposito,1000,Ingreso mensual
108,17/07/2024,compra,3000,Ingreso extra
112,2024-01-20,retiro,5000,
119,2024-07-01,deposito,2000,
117,2024/03/29,compra,2000,Compra en tienda
113,2024-03-09,compra,-100,Compra en tienda
111,2024/10/31,retiro,-500,
120,15-04-2024,pago,1000,Compra en tienda
112,2024-10-06,deposito,2000,Ingreso extra
102,2024/05/26,pago,2500,Ingreso mensual
105,24/05/2024,compra,3000,Ingreso mensual
107,03/03/2024,retiro,1500,
118,09/06/2024,retiro,,Ingreso navideño
105,13-05-2024,deposito,-100,Retiro parcial
106,2024-01-29,deposito,2500,
104,2024/06/24,retiro,1000,
109,30-08-2024,deposito,3000,
118,17/12/2024,deposito,2500,Ingreso extra
104,15/04/2024,compra,3000,Ingreso navideño
107,2024/05/02,deposito,2500,Retiro parcial
118,2024-11-14,retiro,-500,
102,04/10/2024,compra,-500,Retiro parcial
114,2024-04-23,deposito,1500,Compra en tienda
119,2024-11-18,retiro,3000,Ingreso navideño
111,25/01/2024,depósito,2500,Compra en tienda
117,13-09-2024,pago,1500,Ingreso extra
102,11/05/2024,retiro,-100,Ingreso extra
112,2024-05-30,pago,-100,Ingreso navideño
106,2024/07/20,compra,2000,Compra en tienda
103,2024-12-23,retiro,2500,
120,2024-02-07,deposito,1500,Retiro parcial
120,16/01/2024,compra,2000,
109,2024-11-14,deposito,1500,Compra en tienda
113,2024-09-08,deposito,-100,Ingreso navideño
109,10-03-2024,deposito,3000,Retiro parcial
106,22/02/2024,compra,1000,Ingreso navideño
105,10-07-2024,retiro,3000,Ingreso mensual
102,09/12/2024,deposito,1500,Ingreso extra
119,17-08-2024,compra,2500,
120,2024-05-15,retiro,-500,Ingreso navideño
110,2024/11/15,deposito,0,
114,29/12/2024,deposito,2000,Compra en tienda
102,2024-10-06,retiro,-500,
109,2024-06-25,deposito,2500,Retiro parcial
104,09-08-2024,compra,3000,
116,2024/03/10,retiro,,Ingreso mensual
115,2024-01-23,compra,1000,Ingreso extra
119,08/08/2024,compra,1000,
108,2024-11-23,retiro,1500,Compra en tienda
112,01/06/2024,retiro,3000,Compra en tienda
104,13-01-2024,compra,3000,Ingreso navideño
117,25/04/2024,compra,-100,Retiro parcial
115,2024-11-24,retiro,1500,
112,09-08-2024,deposito,1500,Ingreso mensual
114,2024/06/08,retiro,2000,
120,2024/04/03,compra,2000,Retiro parcial
113,29/10/2024,deposito,2000,
115,2024/03/10,deposito,3000,Ingreso extra
117,2024-11-07,compra,3000,Ingreso navideño
114,2024/04/16,compra,1500,Retiro parcial
104,04/01/2024,deposito,1000,Ingreso mensual
113,02/12/2024,deposito,2000,Compra en tienda
106,2024-06-28,retiro,1500,Ingreso mensual
101,2024/08/24,compra,0,Compra en tienda
104,31/05/2024,retiro,,
105,2024/05/29,deposito,3000,Ingreso navideño
115,01/03/2024,retiro,1000,
104,2024/07/03,deposito,2000,Compra en tienda
120,2024/02/12,compra,1500,Retiro parcial
112,2024/04/06,compra,1500,Ingreso navideño
120,2024-07-28,retiro,3000,Ingreso mensual
110,2024-06-20,retiro,-500,Ingreso navideño
115,25-04-2024,retiro,-100,Ingreso mensual
111,25-09-2024,compra,2500,Ingreso navideño
102,30/03/2024,compra,3000,
116,15/05/2024,retiro,1000,Compra en tienda
105,2024-01-29,compra,1000,Ingreso navideño
110,17/04/2024,compra,3000,Ingreso navideño
108,2024/11/21,deposito,-500,Ingreso navideño
105,2024/04/20,retiro,-500,Retiro parcial
110,2024/11/01,retiro,-500,Ingreso navideño
108,2024/04/01,retiro,2500,
120,2024/07/13,deposito,1500,Ingreso mensual
117,27/04/2024,deposito,1500,Ingreso navideño
120,2024/12/27,compra,-100,
104,2024/07/07,deposito,-100,
111,15/08/2024,deposito,1500,Ingreso extra
106,27-08-2024,depósito,2000,Compra en tienda
109,29-08-2024,retiro,2500,Retiro parcial
113,13/12/2024,compra,,Ingreso navideño
105,2024/07/01,compra,1500,
112,18-07-2024,deposito,1000,Ingreso extra
117,15/11/2024,deposito,0,Ingreso navideño
103,2024-10-11,deposito,2500,
102,20/10/2024,depósito,3000,Ingreso extra
102,2024-03-02,compra,1000,Ingreso extra
115,13-03-2024,compra,1500,Ingreso extra
108,2024/10/01,retiro,1000,Retiro parcial
116,28-05-2024,compra,3000,Compra en tienda
102,2024/12/27,retiro,,Compra en tienda
104,13-08-2024,retiro,-500,Ingreso mensual
119,19-09-2024,retiro,-500,Ingreso navideño
114,03/11/2024,retiro,2000,
116,04-04-2024,compra,,Ingreso navideño
108,03-02-2024,retiro,2500,Ingreso mensual
109,2024-06-20,deposito,3000,
106,25/03/2024,compra,2000,Ingreso extra
106,22/08/2024,compra,-500,Ingreso mensual
115,24/10/2024,retiro,1000,
102,01-10-2024,compra,-500,Compra en tienda
119,2024-12-13,retiro,1500,Ingreso extra
106,25/06/2024,deposito,1000,Retiro parcial
105,10/04/2024,retiro,-500,Retiro parcial
115,2024/02/22,deposito,1500,
113,2024/08/30,retiro,2000,Ingreso extra
115,2024/04/24,deposito,2000,Ingreso mensual
106,30/01/2024,retiro,-500,Compra en tienda
118,19-06-2024,deposito,3000,
113,09-06-2024,deposito,3000,Ingreso navideño
110,24-03-2024,compra,-100,Ingreso extra
107,2024-03-29,retiro,2000,Retiro parcial
112,2024/04/29,retiro,2500,Ingreso navideño
102,2024-05-18,compra,1000,
102,2024-06-26,retiro,-100,Ingreso navideño
101,07/03/2024,deposito,3000,
111,06-10-2024,deposito,1500,Retiro parcial
112,07-08-2024,retiro,3000,
112,2024/09/06,deposito,0,Compra en tienda
118,03-10-2024,deposito,3000,Ingreso mensual
118,2024-05-12,pago,-500,
116,14/11/2024,deposito,3000,
110,07/03/2024,retiro,-100,Retiro parcial
116,28-04-2024,deposito,1000,Ingreso navideño
116,12-10-2024,deposito,-100,Ingreso extra
118,07/04/2024,deposito,1000,Compra en tienda
118,19-01-2024,retiro,1000,
111,07-07-2024,deposito,2500,Retiro parcial
118,2024-07-14,deposito,3000,Ingreso navideño
117,2024-09-04,retiro,5000,
102,09-08-2024,compra,3000,Ingreso navideño
118,06-01-2024,compra,3000,Compra en tienda
120,18-11-2024,retiro,2000,Ingreso extra
108,21/06/2024,retiro,2500,
105,04/07/2024,deposito,1000,
101,2024-08-01,retiro,2000,Ingreso extra
110,05/08/2024,deposito,1000,
107,2024-04-03,retiro,-500,
104,2024/08/29,retiro,2500,Ingreso mensual
108,2024/11/17,deposito,-100,Ingreso mensual
103,2024/05/08,compra,1000,Ingreso mensual
102,13-03-2024,compra,-100,Ingreso extra
102,2024/10/11,retiro,1500,Ingreso mensual
101,2024/04/20,compra,-100,Ingreso navideño
114,2024/04/13,compra,-100,Ingreso extra
105,2024/03/11,retiro,,Ingreso navideño
105,14/02/2024,retiro,-100,Ingreso navideño
112,2024-09-27,deposito,2000,
119,16-02-2024,deposito,-500,Retiro parcial
101,2024-04-08,retiro,-100,
118,01/08/2024,deposito,2500,
108,2024-04-17,compra,2000,Retiro parcial
106,15/03/2024,compra,2500,Ingreso extra
105,12/01/2024,retiro,1500,Ingreso extra
102,03-04-2024,retiro,3000,Ingreso mensual
106,11-12-2024,deposito,-100,
112,2024/10/16,retiro,-100,Ingreso navideño
106,22-02-2024,compra,1500,Ingreso extra
120,06-08-2024,deposito,-500,Retiro parcial
105,30/11/2024,deposito,-500,Ingreso navideño
103,04-09-2024,deposito,-500,Ingreso navideño
115,26/07/2024,compra,-500,Retiro parcial
104,01/10/2024,pago,-500,Retiro parcial
109,18-03-2024,compra,-500,Ingreso extra
118,12/09/2024,compra,-100,Retiro parcial
111,05/08/2024,retiro,-100,Compra en tienda
103,26-10-2024,compra,2000,Ingreso mensual
109,17-02-2024,deposito,1000,Ingreso navideño
114,2024-08-10,deposito,-500,Retiro parcial
109,2024-09-03,retiro,,Ingreso navideño
115,2024/09/14,compra,-100,Ingreso mensual
114,2024-02-19,retiro,1000,Ingreso navideño
104,2024-04-02,retiro,-100,Ingreso mensual
106,07-12-2024,retiro,2500,Ingreso navideño
108,29-01-2024,retiro,3000,Ingreso navideño
101,17/01/2024,retiro,-100,Compra en tienda
116,2024/05/25,deposito,3000,Ingreso mensual
118,11/01/2024,retiro,,
110,24/12/2024,retiro,3000,Retiro parcial
102,2024-10-10,retiro,-100,Ingreso navideño
106,2024-07-12,deposito,-100,Retiro parcial
114,2024-03-26,deposito,2000,Ingreso navideño
105,2024-06-07,deposito,2000,Ingreso mensual
120,27-02-2024,retiro,5000,
119,2024/07/25,retiro,2500,Ingreso navideño
114,2024/09/16,compra,,Ingreso extra
106,31/08/2024,compra,-100,Ingreso navideño
103,25-06-2024,deposito,1500,
112,01/12/2024,compra,2000,Ingreso extra
106,10/04/2024,deposito,-500,
109,11-05-2024,retiro,3000,Compra en tienda
114,22/12/2024,depósito,1500,Ingreso mensual
105,09/12/2024,retiro,1500,Ingreso navideño
109,20/07/2024,deposito,1500,Ingreso navideño
109,11-11-2024,compra,3000,Ingreso mensual
105,2024/04/18,pago,3000,Retiro parcial
114,10-12-2024,deposito,1500,
105,2024-05-23,compra,-100,Ingreso extra
103,2024/04/03,compra,2500,Retiro parcial
102,23-04-2024,compra,2000,Ingreso navideño
101,2024-06-30,deposito,1500,Ingreso extra
106,2024-01-29,compra,1000,Retiro parcial
105,04-12-2024,compra,1000,
105,27-01-2024,deposito,2000,Retiro parcial
105,16-08-2024,deposito,2500,Ingreso extra
117,2024-08-02,deposito,-100,Compra en tienda
113,29/10/2024,compra,2000,Compra en tienda
104,17/02/2024,depósito,1500,Retiro parcial
118,2024-02-18,deposito,2500,
107,08-05-2024,compra,,Retiro parcial
117,2024/11/17,depósito,1500,Retiro parcial
105,28/11/2024,deposito,1500,Ingreso extra
103,09-05-2024,deposito,-500,Retiro parcial
112,2024/03/15,compra,,Ingreso extra
108,03-09-2024,compra,1000,Retiro parcial
114,2024/10/10,compra,1500,
118,2024/02/07,compra,3000,Ingreso extra
107,2024/12/12,retiro,2000,Ingreso mensual
103,22-04-2024,compra,-100,Compra en tienda
102,16/04/2024,deposito,1500,Ingreso mensual
101,05/09/2024,deposito,2500,Ingreso extra
117,2024-03-01,deposito,3000,Ingreso extra
107,28-08-2024,pago,-500,Retiro parcial
119,2024/05/13,deposito,2000,Ingreso navideño
104,01/10/2024,deposito,-100,
107,2024/06/18,compra,2000,Retiro parcial
112,2024/05/11,pago,1500,Ingreso navideño
101,29-04-2024,deposito,3000,Ingreso extra
107,2024-10-31,retiro,-100,
117,2024-05-21,deposito,1500,Ingreso extra
119,13/02/2024,retiro,3000,Retiro parcial
113,2024/09/13,retiro,,
102,07/03/2024,retiro,2500,Ingreso mensual
106,2024-12-04,retiro,2000,Ingreso extra
116,2024/08/20,deposito,1500,
115,24-10-2024,retiro,1500,
119,11-09-2024,compra,2000,Compra en tienda
112,2024/03/19,depósito,1500,Compra en tienda
119,2024/02/11,deposito,0,Compra en tienda
111,2024-06-29,deposito,2500,Ingreso mensual
115,03-11-2024,compra,1000,Ingreso navideño
101,11/11/2024,compra,1000,Ingreso navideño
113,29-02-2024,deposito,2000,Ingreso navideño
109,24-05-2024,retiro,1000,Retiro parcial
116,11/07/2024,compra,-500,
111,2024-09-26,retiro,-500,Compra en tienda
117,2024/01/13,retiro,1000,Compra en tienda
114,2024/09/23,deposito,-100,Ingreso navideño
113,2024-09-02,depósito,3000,Compra en tienda
108,2024/11/07,retiro,2500,Ingreso extra
113,2024-05-11,compra,2500,
116,2024-06-30,retiro,1000,Ingreso extra
110,13-07-2024,deposito,3000,Ingreso extra
116,27/06/2024,deposito,5000,Ingreso navideño
108,2024/11/14,compra,3000,
118,07-10-2024,compra,3000,Retiro parcial
104,31-05-2024,retiro,1500,Retiro parcial
104,30-08-2024,retiro,-100,
118,04/04/2024,retiro,2000,
116,28/08/2024,deposito,2500,
111,2024/01/18,compra,2500,
116,2024/11/18,retiro,3000,Ingreso extra
103,2024/06/03,compra,-100,Ingreso extra
114,01/09/2024,retiro,2500,
110,2024-11-03,compra,-500,Ingreso mensual
112,12-01-2024,depósito,1500,Ingreso extra
109,2024/06/20,retiro,1000,Retiro parcial
117,20-07-2024,retiro,2500,
119,20/08/2024,deposito,2500,Compra en tienda
110,21/11/2024,retiro,-100,
115,2024/04/08,compra,1000,Ingreso navideño
103,13-09-2024,compra,,
119,2024/04/11,pago,2000,Ingreso extra
101,30-01-2024,depósito,3000,Compra en tienda
116,2024/03/08,compra,2000,Ingreso extra
102,2024-08-13,compra,5000,Retiro parcial
118,14/03/2024,deposito,3000,Retiro parcial
118,2024-04-21,deposito,-500,Ingreso navideño
112,2024/02/08,deposito,-500,
116,2024/07/05,retiro,2000,
115,17/09/2024,compra,2500,
106,15/06/2024,compra,2500,Ingreso navideño
114,2024/10/22,retiro,1500,Retiro parcial
108,2024-12-17,deposito,1000,Retiro parcial
111,2024-10-22,depósito,3000,
108,2024-04-17,retiro,1500,Ingreso extra
111,2024-06-24,compra,1000,
101,2024/06/20,deposito,-100,
104,08-05-2024,deposito,-100,
118,2024/11/08,compra,-500,Ingreso navideño
102,14-01-2024,compra,1500,Retiro parcial
105,2024-03-07,deposito,1000,Ingreso extra
105,26/04/2024,deposito,-500,Ingreso mensual
111,18-04-2024,compra,-100,Ingreso mensual
107,2024/12/14,compra,1500,Retiro parcial
104,2024-08-12,deposito,1000,Ingreso mensual
106,22-11-2024,deposito,2500,Compra en tienda
105,2024-04-29,compra,-100,Ingreso mensual
110,02-07-2024,pago,2500,Compra en tienda
117,13-06-2024,retiro,1500,Ingreso extra
116,13/11/2024,compra,1500,Ingreso extra
104,28/07/2024,deposito,-500,Ingreso navideño
114,05/12/2024,retiro,1500,Compra en tienda
114,2024-11-14,deposito,-100,Ingreso mensual
109,15/05/2024,deposito,2500,Retiro parcial
111,21/07/2024,retiro,1500,Ingreso mensual
106,2024-10-12,compra,1500,Ingreso navideño
119,2024/09/20,compra,2500,Retiro parcial
115,13-04-2024,depósito,3000,Ingreso extra
113,08/11/2024,compra,1500,
111,26-09-2024,retiro,1000,Ingreso mensual
110,2024/08/03,compra,1000,
110,2024-09-09,retiro,-100,Compra en tienda
103,05/06/2024,depósito,-100,Retiro parcial
107,2024-03-19,compra,1000,Ingreso extra
101,2024-08-04,compra,2000,Compra en tienda
111,2024/05/01,deposito,1500,Ingreso extra
109,23-09-2024,retiro,-500,Ingreso mensual
104,23/05/2024,compra,3000,Ingreso navideño
110,10-03-2024,retiro,-100,
105,2024/05/16,deposito,-500,Ingreso extra
115,2024-11-29,deposito,1000,Ingreso extra
103,17/01/2024,compra,-100,Compra en tienda
103,2024-09-28,deposito,-100,Ingreso mensual
111,2024/02/09,retiro,3000,Ingreso extra
119,2024/01/29,deposito,0,
116,2024-02-16,compra,2000,
107,27-11-2024,retiro,2500,
102,2024-11-14,compra,1500,Retiro parcial
116,2024/04/06,deposito,3000,Ingreso mensual
116,14-02-2024,deposito,1000,Ingreso extra
107,2024/12/26,deposito,2000,
114,20/05/2024,retiro,1000,Ingreso navideño
117,11/07/2024,compra,2500,Ingreso extra
114,2024-04-10,depósito,-500,Ingreso navideño
102,2024-09-08,depósito,2000,Compra en tienda
105,2024/09/28,compra,2500,
120,15/09/2024,retiro,-500,Compra en tienda
101,09-01-2024,compra,1500,
108,17/11/2024,retiro,-100,
111,2024/06/08,retiro,3000,Ingreso extra
116,2024/10/15,compra,-100,Ingreso navideño
119,16/07/2024,deposito,2500,Ingreso navideño
116,01-02-2024,retiro,3000,Ingreso navideño
106,2024-03-12,compra,3000,Ingreso extra
119,23-09-2024,compra,2000,Retiro parcial
106,2024-11-11,deposito,-500,Ingreso extra
118,03-03-2024,retiro,1500,Ingreso mensual
106,01-07-2024,compra,3000,Ingreso mensual
116,29/10/2024,compra,3000,Retiro parcial
115,2024-06-24,deposito,-500,Ingreso navideño
108,2024-07-08,retiro,-100,Ingreso navideño
110,2024/08/08,compra,-500,Ingreso extra
101,2024-07-20,retiro,2000,Compra en tienda
110,08-02-2024,compra,,Retiro parcial
102,2024/07/20,compra,1500,Ingreso mensual
108,2024-04-16,compra,3000,Compra en tienda
105,01/09/2024,deposito,,Ingreso mensual
103,2024/09/29,compra,-100,
107,2024/10/10,deposito,2000,Ingreso mensual
107,24-01-2024,deposito,-500,Ingreso mensual
112,02/09/2024,compra,1500,
106,17/06/2024,deposito,2000,Ingreso navideño
101,2024-11-23,compra,1500,Compra en tienda
107,2024/05/05,compra,3000,Ingreso mensual
115,12-08-2024,retiro,2000,Ingreso extra
101,2024/06/28,depósito,1500,Ingreso extra
112,24/08/2024,deposito,3000,Retiro parcial
116,08-06-2024,deposito,-500,
107,14-02-2024,compra,1500,Retiro parcial
119,2024-09-29,deposito,-100,Ingreso mensual
110,30/05/2024,compra,2500,Ingreso mensual
112,20-03-2024,deposito,3000,Retiro parcial
114,26-07-2024,compra,2000,Ingreso navideño
106,2024-10-19,retiro,1500,
107,2024-05-05,deposito,2500,
105,2024/02/15,deposito,1000,Ingreso extra
106,18-03-2024,deposito,1500,Ingreso mensual
104,16-03-2024,compra,2000,Compra en tienda
113,16/08/2024,compra,2000,Ingreso navideño
112,09/01/2024,compra,5000,Ingreso extra
113,09/10/2024,compra,-500,Ingreso extra
105,2024/02/06,retiro,-100,Retiro parcial
107,2024/10/17,pago,2500,
101,03-04-2024,pago,1500,Retiro parcial
105,2024-02-18,retiro,3000,Retiro parcial
102,2024-07-28,retiro,1000,
116,19/03/2024,compra,-500,Ingreso navideño
102,06/12/2024,deposito,2500,Retiro parcial
101,2024/08/31,deposito,3000,
120,2024-03-21,deposito,2500,Ingreso navideño
114,2024/06/06,retiro,2000,Ingreso extra
110,2024/06/06,compra,-100,Compra en tienda
107,16-12-2024,compra,3000,Compra en tienda
116,2024/06/12,deposito,1500,Ingreso mensual
115,27/09/2024,deposito,2500,Ingreso navideño
104,2024/05/30,retiro,2500,Compra en tienda
109,15-07-2024,compra,0,Compra en tienda
118,2024-05-22,retiro,1000,Ingreso extra
119,06-08-2024,deposito,1000,Retiro parcial
108,2024/10/12,pago,-100,Compra en tienda
103,03/10/2024,compra,1500,Ingreso navideño
108,01-12-2024,retiro,1000,
106,30/05/2024,depósito,2500,Ingreso navideño
101,12-01-2024,compra,-500,
109,05-08-2024,compra,3000,Ingreso navideño
114,2024-05-18,deposito,,Retiro parcial
115,10-01-2024,compra,2500,
101,2024/05/25,deposito,-100,Ingreso mensual
114,2024/01/22,depósito,-500,Ingreso mensual
107,02-01-2024,retiro,2000,Ingreso extra
119,09-09-2024,deposito,2000,Ingreso navideño
120,2024/02/07,retiro,-100,Ingreso mensual
112,2024/08/11,deposito,,
101,2024/09/02,depósito,3000,Ingreso navideño
107,2024-02-07,deposito,,Ingreso navideño
101,2024-09-30,deposito,-500,
106,15/09/2024,deposito,2000,
110,26/05/2024,retiro,3000,
105,23/09/2024,compra,1000,
118,20/05/2024,retiro,,Ingreso mensual
109,2024-04-03,compra,1500,Ingreso extra
107,2024-08-29,depósito,-100,Retiro parcial
111,29-10-2024,retiro,2500,
117,11/03/2024,deposito,2500,Retiro parcial
112,21-06-2024,retiro,1500,
105,2024/02/21,compra,1000,Ingreso extra
107,03-12-2024,compra,-500,
108,2024-12-20,retiro,2000,Retiro parcial
105,22-04-2024,retiro,-500,
107,18/02/2024,pago,2000,Compra en tienda
101,01-09-2024,compra,,
118,2024/10/27,depósito,2500,Compra en tienda
102,2024/05/30,retiro,3000,
103,20/04/2024,depósito,2000,Retiro parcial
119,25-06-2024,compra,2500,Ingreso extra
111,2024/08/08,compra,3000,
108,2024-01-27,retiro,2000,Ingreso extra
107,11-05-2024,retiro,3000,Compra en tienda
101,2024-11-24,deposito,-100,
104,2024-06-20,compra,-500,Ingreso extra
109,2024-08-19,retiro,-500,Compra en tienda
101,27-05-2024,deposito,,Ingreso navideño
108,20-12-2024,depósito,2500,Ingreso mensual
104,18-01-2024,retiro,5000,Ingreso extra
113,2024-05-02,compra,-100,Retiro parcial
114,15-02-2024,deposito,3000,Ingreso mensual
104,19-09-2024,deposito,2500,Compra en tienda
105,07-08-2024,deposito,2500,
108,19/11/2024,retiro,2000,Ingreso navideño
102,29/11/2024,compra,,Compra en tienda
108,22-01-2024,depósito,-500,
114,2024/02/21,depósito,1000,Compra en tienda
109,2024/02/07,compra,2000,Compra en tienda
111,2024-04-29,deposito,5000,Ingreso mensual
117,25-11-2024,retiro,3000,Ingreso navideño
112,2024/08/30,depósito,-500,Retiro parcial
112,2024/11/06,deposito,2000,Retiro parcial
101,22/04/2024,compra,2500,Ingreso mensual
107,2024/06/16,retiro,2500,Ingreso mensual
114,2024-05-17,compra,-100,Ingreso extra
113,13/02/2024,pago,3000,Ingreso extra
118,23-10-2024,retiro,1500,Compra en tienda
106,28-10-2024,retiro,2500,Ingreso navideño
105,08/01/2024,compra,-100,Ingreso extra
116,18/12/2024,deposito,,Ingreso navideño
112,26-02-2024,deposito,3000,Ingreso mensual
110,03/04/2024,deposito,-100,
111,2024-02-16,retiro,1500,
119,30/04/2024,compra,2500,Ingreso navideño
117,31-07-2024,compra,1000,
115,17-10-2024,retiro,-100,Retiro parcial
120,01-05-2024,compra,3000,Retiro parcial
107,06/04/2024,retiro,,Ingreso mensual
119,2024-10-26,compra,2000,Retiro parcial
105,07-10-2024,compra,-100,Ingreso navideño
116,06-09-2024,deposito,-100,Retiro parcial
118,12/04/2024,deposito,-100,Ingreso extra
118,2024-12-28,compra,1500,
113,2024-11-21,retiro,1000,Compra en tienda
104,25/08/2024,deposito,1500,Retiro parcial
117,20/04/2024,deposito,1000,Retiro parcial
110,2024/07/08,deposito,1500,Ingreso navideño
113,03-09-2024,retiro,3000,
115,2024/01/10,deposito,-1000,Retiro parcial
102,11-05-2024,retiro,2000,
108,2024-02-20,retiro,-100,Compra en tienda
107,2024-12-21,compra,1500,
102,17-12-2024,deposito,-100,Compra en tienda
115,2024/04/30,compra,2500,
114,2024/11/17,compra,-100,Compra en tienda
106,2024/06/08,compra,2500,Ingreso navideño
117,2024-07-20,compra,-500,Compra en tienda
111,2024-03-11,depósito,-500,Ingreso extra
116,14/05/2024,compra,3000,
113,2024/05/09,compra,2500,Ingreso mensual
120,12-08-2024,retiro,-500,
116,2024-07-28,compra,-1000,Ingreso navideño
104,2024/11/17,retiro,2000,Ingreso navideño
108,2024-09-22,deposito,1000,Compra en tienda
117,2024/02/01,deposito,1500,Ingreso mensual
115,09-02-2024,compra,0,
111,27-04-2024,deposito,-100,Compra en tienda
104,2024-08-10,deposito,-500,Ingreso navideño
117,19-04-2024,retiro,,Retiro parcial
107,2024-01-15,deposito,-100,Ingreso navideño
114,19-02-2024,deposito,-500,
110,2024/09/10,deposito,2500,
116,2024-10-07,retiro,2000,Compra en tienda
112,09/11/2024,deposito,1000,Compra en tienda
101,2024/01/25,deposito,1000,Ingreso extra
119,04/06/2024,compra,3000,
105,11/01/2024,pago,2500,Retiro parcial
119,2024-05-26,compra,1000,Compra en tienda
119,27/10/2024,deposito,2500,
102,16/07/2024,deposito,-500,Ingreso navideño
112,12/02/2024,retiro,2000,Ingreso navideño
115,05/01/2024,compra,1500,
113,2024-11-13,pago,2000,Ingreso extra
111,27/12/2024,compra,-500,Ingreso mensual
120,02-11-2024,depósito,3000,Ingreso extra
114,13-11-2024,compra,2500,Ingreso extra
115,2024/12/01,pago,-100,Ingreso mensual
107,13/05/2024,compra,1000,Ingreso navideño
108,25/09/2024,deposito,1500,Ingreso extra
114,2024/08/31,deposito,3000,Ingreso mensual
102,2024-02-09,compra,-100,
114,02/04/2024,retiro,2000,Ingreso mensual
118,2024/08/17,deposito,3000,Ingreso mensual
116,16/07/2024,retiro,3000,
111,07-03-2024,deposito,,Ingreso mensual
112,2024-10-01,deposito,1000,Retiro parcial
107,2024-04-21,deposito,1000,Retiro parcial
114,2024/05/30,compra,2000,
118,04-12-2024,retiro,1000,Ingreso extra
120,05/06/2024,compra,1000,Retiro parcial
113,11/01/2024,compra,-100,
109,2024-03-22,depósito,1500,Compra en tienda
113,2024-11-07,compra,-500,Ingreso navideño
105,2024/01/04,retiro,1000,Ingreso navideño
118,2024/04/03,deposito,3000,Compra en tienda
108,2024/06/13,compra,1000,Retiro parcial
105,11/02/2024,pago,1500,Retiro parcial
109,2024-11-09,compra,3000,Ingreso mensual
118,2024-11-11,compra,3000,Ingreso navideño
111,20/06/2024,compra,-100,Ingreso navideño
112,13/11/2024,deposito,-500,
111,2024-12-11,pago,1500,Ingreso mensual
109,27/01/2024,deposito,1000,Compra en tienda
115,2024/02/14,deposito,1000,Compra en tienda
110,13/11/2024,compra,2500,Retiro parcial
103,20/06/2024,retiro,3000,Ingreso mensual
104,20/10/2024,compra,1500,Ingreso mensual
112,2024-12-27,retiro,-1000,Ingreso navideño
106,2024-04-23,compra,-500,Ingreso extra
119,2024/02/07,compra,3000,Ingreso navideño
119,2024/12/15,deposito,1500,
110,12/04/2024,depósito,3000,Compra en tienda
104,2024/10/23,compra,-100,
112,20/12/2024,retiro,-500,Retiro parcial
119,17-02-2024,deposito,2500,
104,08-01-2024,deposito,2500,Ingreso navideño
118,2024-04-28,deposito,-100,
117,2024-10-28,deposito,-100,
105,12-09-2024,deposito,2500,Retiro parcial
118,20/05/2024,pago,2000,
1000103,08-03-2024,deposito,3000,Retiro parcial
1000110,24-07-2024,retiro,1500,
1000109,2024/03/18,deposito,3000,Ingreso mensual
1000105,24/03/2024,deposito,1000,Ingreso navideño
1000120,2024/04/11,compra,,Ingreso mensual
1000120,2024-02-26,compra,1000,
1000102,18-12-2024,compra,3000,
1000105,2024/06/21,compra,3000,Ingreso extra
1000111,2024/09/16,compra,2500,Ingreso mensual
1000106,12/02/2024,deposito,-100,Ingreso navideño
1000106,21-06-2024,deposito,2000,Ingreso extra
1000106,2024/07/11,compra,1500,Ingreso navideño
1000108,2024-02-15,compra,3000,Ingreso mensual
1000110,13/11/2024,compra,-500,Ingreso mensual
1000109,04/12/2024,retiro,1000,Compra en tienda
1000102,19-04-2024,deposito,2000,
1000108,2024-07-19,retiro,2000,Retiro parcial
1000104,26-08-2024,retiro,2500,Compra en tienda
1000120,09-03-2024,retiro,3000,Compra en tienda
1000109,2024/05/02,deposito,3000,Ingreso mensual
1000116,2024/12/24,compra,2500,Compra en tienda
1000114,08/07/2024,compra,5000,Ingreso mensual
1000119,2024/08/15,retiro,1500,Ingreso extra
1000103,05-10-2024,compra,1000,Retiro parcial
1000102,2024/09/30,depósito,2000,Ingreso navideño
1000119,25/07/2024,retiro,-500,Ingreso mensual
1000103,11-08-2024,pago,1000,Compra en tienda
1000103,2024/12/19,compra,5000,Retiro parcial
1000111,2024-03-10,retiro,-500,Retiro parcial
1000111,2024-04-26,retiro,2000,Ingreso navideño
1000108,2024-12-22,deposito,1000,Ingreso extra
1000117,2024-01-11,deposito,-1000,Ingreso extra
1000113,24/01/2024,compra,5000,Compra en tienda
1000109,20-11-2024,retiro,-1000,Retiro parcial
1000113,25-01-2024,deposito,-500,Ingreso navideño
1000109,15/10/2024,retiro,-500,Ingreso extra
1000103,2024-05-09,retiro,3000,Ingreso extra
1000114,30-09-2024,deposito,1000,Ingreso mensual
1000120,13/01/2024,deposito,1000,Retiro parcial
1000113,2024-02-29,retiro,2500,Ingreso mensual
1000109,2024-11-27,deposito,2000,
1000117,30-05-2024,deposito,1000,Ingreso navideño
1000118,2024-09-01,retiro,-100,Ingreso navideño
1000112,2024/04/01,retiro,3000,Retiro parcial
1000105,2024-01-17,compra,-500,Ingreso mensual
1000116,2024/11/22,compra,2500,Compra en tienda
1000108,2024-05-14,deposito,3000,Ingreso extra
1000111,2024-07-19,compra,-100,Compra en tienda
1000107,2024-11-30,deposito,3000,Compra en tienda
1000111,2024/09/25,depósito,2000,Ingreso navideño
1000107,2024-02-29,deposito,-500,
1000102,2024/11/05,retiro,,Ingreso navideño
1000114,23-04-2024,retiro,2000,Compra en tienda
1000109,2024/03/09,deposito,3000,
1000104,2024/11/01,retiro,-500,Ingreso navideño
1000104,2024-02-02,retiro,-100,Ingreso mensual
1000113,02/05/2024,retiro,-100,Retiro parcial
1000113,11-01-2024,deposito,3000,Retiro parcial
1000105,01/12/2024,deposito,2000,Ingreso mensual
1000109,05-07-2024,retiro,-500,Compra en tienda
1000106,2024/04/06,retiro,2500,Compra en tienda
1000116,25/06/2024,retiro,2000,
1000114,2024-09-04,compra,2500,Retiro parcial
1000110,2024/02/15,deposito,0,Compra en tienda
1000109,2024/11/26,retiro,2000,
1000118,2024/05/19,retiro,2000,
1000112,2024-07-23,compra,3000,Retiro parcial
1000120,2024-08-18,deposito,1500,Compra en tienda
1000104,2024/07/31,deposito,,Compra en tienda
1000102,16-10-2024,deposito,2500,Retiro parcial
1000117,2024-01-12,retiro,,Ingreso extra
1000103,07-05-2024,compra,2000,Retiro parcial
1000115,2024-08-15,compra,2000,Compra en tienda
1000107,28/09/2024,retiro,-500,Ingreso extra
1000116,2024/02/15,deposito,3000,Ingreso extra
1000120,2024-10-27,retiro,3000,Ingreso extra
1000119,19-07-2024,compra,2000,Compra en tienda
1000118,2024/12/09,retiro,3000,
1000115,13-10-2024,compra,2000,Compra en tienda
1000101,16/02/2024,compra,-100,Retiro parcial
1000118,27/04/2024,retiro,2000,Ingreso mensual
1000110,11-02-2024,compra,-100,Ingreso extra
1000118,2024-03-05,retiro,0,Ingreso navideño
1000106,29/08/2024,pago,2000,
1000105,03/03/2024,retiro,2500,Retiro parcial
1000107,09-11-2024,retiro,1000,Compra en tienda
1000119,11/06/2024,compra,-500,
1000105,2024-04-01,depósito,1000,Retiro parcial
1000116,09-02-2024,deposito,-100,
1000114,2024/02/20,depósito,3000,Compra en tienda
1000113,27/04/2024,retiro,3000,
1000110,02/03/2024,deposito,2000,Compra en tienda
1000101,2024-02-19,compra,2000,Retiro parcial
1000102,23-11-2024,deposito,1000,
1000112,08/03/2024,retiro,2500,
1000111,2024-03-25,retiro,2500,Ingreso extra
1000117,2024-05-18,deposito,,Ingreso mensual
1000114,14/02/2024,retiro,3000,Ingreso mensual
1000112,2024/10/17,retiro,-500,Retiro parcial
1000108,05-01-2024,pago,-500,Retiro parcial
1000116,02/08/2024,compra,-500,Compra en tienda
1000107,2024/06/22,retiro,3000,Ingreso navideño
1000105,2024-06-04,pago,-500,Ingreso extra
1000106,2024-07-28,deposito,2000,Ingreso mensual
1000119,2024-03-24,compra,1500,
1000103,2024-09-24,retiro,-500,Ingreso extra
1000107,2024-10-26,retiro,3000,Ingreso mensual
1000114,2024-02-13,compra,2000,Ingreso extra
1000116,2024/08/09,compra,-500,Ingreso extra
1000114,14-04-2024,depósito,2000,
1000118,2024-08-26,compra,5000,Compra en tienda
1000101,2024-01-07,deposito,2500,Retiro parcial
1000118,2024-08-04,compra,3000,
1000106,2024-08-27,deposito,2500,
1000120,2024-05-24,retiro,-500,Compra en tienda
1000104,2024/11/07,compra,1000,Ingreso navideño
1000115,2024-06-17,compra,1000,Ingreso navideño
1000110,17-02-2024,compra,2500,Ingreso extra
1000107,2024/01/28,retiro,1500,
1000102,2024/11/24,retiro,-100,Retiro parcial
1000106,2024/10/23,compra,-500,Ingreso navideño
1000106,2024/08/31,compra,2500,
1000114,2024-10-01,compra,2000,Ingreso extra
1000119,2024/05/21,retiro,1500,
1000109,21/05/2024,retiro,3000,Ingreso extra
1000103,2024-07-12,deposito,,
1000120,17/12/2024,retiro,1500,
1000120,2024/12/28,retiro,-500,Ingreso navideño
1000106,20-11-2024,pago,-100,Ingreso extra
1000101,2024/07/16,retiro,2500,Ingreso navideño
1000109,12/11/2024,compra,-100,Ingreso navideño
1000103,2024-03-15,compra,5000,
1000118,08/12/2024,retiro,1000,Ingreso mensual
1000107,2024/12/30,retiro,-500,
1000107,17-07-2024,retiro,2000,Ingreso mensual
1000114,2024/10/16,retiro,,Ingreso mensual
1000118,2024-03-05,compra,2000,Ingreso navideño
1000116,23-11-2024,compra,2000,Ingreso navideño
1000103,19/03/2024,compra,3000,Ingreso extra
1000110,2024/06/22,pago,2000,
1000105,26-10-2024,compra,-1000,Ingreso extra
1000114,2024-04-16,deposito,2000,Compra en tienda
1000103,2024-10-29,compra,2500,
1000111,03/03/2024,compra,2000,Compra en tienda
1000104,2024-09-06,retiro,-500,
1000118,2024/08/13,deposito,-500,
1000110,27/11/2024,retiro,2000,Retiro parcial
1000114,07-05-2024,retiro,3000,Ingreso navideño
1000113,30/09/2024,deposito,-500,Ingreso extra
1000106,2024-11-26,pago,1500,Retiro parcial
1000116,2024-04-19,pago,1500,Ingreso navideño
1000117,25-06-2024,deposito,2500,
1000106,2024-04-03,retiro,2000,
1000105,21/09/2024,retiro,3000,Ingreso navideño
1000120,2024/09/16,deposito,1500,Ingreso mensual
1000103,27-01-2024,retiro,2000,Ingreso mensual
1000114,2024-07-04,compra,-100,
1000106,2024-04-26,compra,1000,Ingreso extra
1000109,2024/11/10,retiro,2500,
1000119,21/05/2024,compra,1000,Ingreso extra
1000110,19/08/2024,retiro,2500,Retiro parcial
1000106,2024/10/02,retiro,1500,Compra en tienda
1000116,17/06/2024,depósito,1500,Ingreso navideño
1000109,2024/05/20,compra,-500,Compra en tienda
1000107,2024-09-26,compra,-100,
1000110,2024/02/14,deposito,2500,Ingreso navideño
1000105,2024-09-09,compra,-500,Compra en tienda
1000104,2024/11/09,compra,3000,Ingreso mensual
1000114,2024-05-22,compra,2000,Ingreso navideño
1000116,2024/11/14,deposito,2500,Ingreso navideño
1000102,08/02/2024,deposito,3000,Compra en tienda
1000105,10/05/2024,retiro,2500,Ingreso navideño
1000107,2024/11/16,deposito,1500,Ingreso extra
1000114,30/10/2024,retiro,0,Compra en tienda
1000102,2024/08/12,deposito,2500,Retiro parcial
1000115,25-10-2024,deposito,0,Ingreso mensual
1000107,26-11-2024,depósito,-500,Compra en tienda
1000109,05/12/2024,retiro,2500,Ingreso mensual
1000119,18/02/2024,pago,1000,Ingreso extra
1000103,2024/10/29,compra,2500,Ingreso navideño
1000103,2024-07-05,retiro,3000,Ingreso mensual
1000112,2024-12-16,compra,-100,Ingreso mensual
1000117,01/02/2024,retiro,-100,
1000107,06-12-2024,depósito,2500,Retiro parcial
1000108,2024-07-17,retiro,2500,Retiro parcial
1000116,2024/09/15,compra,3000,Retiro parcial
1000115,2024/04/22,compra,1500,Ingreso extra
1000102,2024-09-24,retiro,1500,Compra en tienda
1000114,2024-10-20,compra,-100,Ingreso navideño
1000113,2024-04-05,deposito,1000,Ingreso navideño
1000117,17/11/2024,depósito,3000,Ingreso mensual
1000110,11/09/2024,deposito,1000,Retiro parcial
1000104,2024-03-01,retiro,-500,Ingreso extra
1000102,2024-12-28,retiro,-500,Compra en tienda
1000119,2024/10/28,retiro,2000,Ingreso extra
1000104,19/07/2024,retiro,1000,Compra en tienda
1000110,2024/02/23,deposito,1000,Retiro parcial
1000114,2024-02-07,retiro,3000,Ingreso extra
1000109,2024/09/11,depósito,-100,Ingreso extra
1000107,2024-07-02,depósito,2500,
1000101,2024/07/09,retiro,-1000,Ingreso mensual
1000114,2024-10-01,compra,1500,Ingreso mensual
1000114,2024-07-09,compra,-500,
1000116,15/06/2024,retiro,3000,Compra en tienda
1000117,10-02-2024,compra,2500,Ingreso mensual
1000104,11-01-2024,retiro,1000,Compra en tienda
1000117,27-03-2024,deposito,1500,Compra en tienda
1000119,25/09/2024,deposito,1000,Ingreso mensual
1000112,2024-08-25,compra,2500,Ingreso navideño
1000107,24-01-2024,deposito,3000,Compra en tienda
1000115,2024-02-22,pago,3000,
1000119,2024-07-11,deposito,2500,
1000117,2024-09-27,pago,3000,Ingreso extra
1000120,2024/09/01,deposito,1500,Compra en tienda
1000110,2024/04/26,compra,3000,Ingreso mensual
1000114,2024-03-03,compra,1500,Ingreso mensual
1000111,08-07-2024,compra,2500,Ingreso extra
1000108,16-08-2024,deposito,-100,Compra en tienda
1000106,16-12-2024,deposito,2500,
1000117,07-08-2024,compra,3000,Ingreso navideño
1000108,20-12-2024,compra,-100,Ingreso navideño
1000103,2024/05/06,compra,2000,Retiro parcial
1000106,22-02-2024,retiro,-500,Compra en tienda
1000118,2024-01-30,retiro,2500,Ingreso mensual
1000117,2024-02-15,retiro,-100,Compra en tienda
1000107,01-07-2024,deposito,-100,Retiro parcial
1000107,21-03-2024,deposito,,Compra en tienda
1000116,2024-03-23,deposito,2000,Compra en tienda
1000113,2024-12-04,deposito,-500,
1000105,03-08-2024,deposito,1500,Ingreso navideño
1000115,2024/11/17,compra,-500,Ingreso extra
1000107,2024/03/07,deposito,3000,
1000106,26/06/2024,deposito,1000,Compra en tienda
1000118,2024-04-12,compra,-500,Compra en tienda
1000120,2024/02/14,deposito,2500,
1000111,2024-06-07,compra,1500,
1000119,2024-08-03,compra,5000,Compra en tienda
1000108,18-01-2024,compra,2000,Ingreso extra
1000101,2024/10/16,deposito,-100,Retiro parcial
1000115,22/06/2024,deposito,-500,Ingreso extra
1000105,2024-04-15,retiro,3000,Ingreso navideño
1000112,2024-03-23,deposito,1000,Ingreso mensual
1000118,2024-08-25,deposito,-100,
1000107,24/10/2024,retiro,2500,Ingreso navideño
1000107,08/12/2024,compra,,Retiro parcial
1000120,30/10/2024,deposito,1000,Ingreso navideño
1000111,2024-02-15,retiro,2500,Compra en tienda
1000106,19/10/2024,deposito,,
1000108,2024-12-12,compra,2000,Ingreso extra
1000108,12-12-2024,compra,-100,Ingreso extra
1000104,10/07/2024,compra,1500,
1000102,09-02-2024,retiro,1500,Ingreso navideño
1000103,2024/09/24,deposito,1500,
1000112,12-06-2024,deposito,3000,Ingreso navideño
1000105,2024-08-11,deposito,,Compra en tienda
1000112,2024/04/01,compra,2500,
1000108,2024-12-08,retiro,1500,
1000108,30-09-2024,retiro,-500,
1000106,2024/07/20,deposito,2500,Retiro parcial
1000102,2024-04-29,retiro,2000,
1000113,20-07-2024,compra,2500,Retiro parcial
1000119,24-10-2024,compra,2000,
1000107,2024/03/18,compra,5000,
1000108,2024-02-21,depósito,1500,Retiro parcial
1000120,24/03/2024,retiro,2000,Compra en tienda
1000112,05-07-2024,depósito,1000,Compra en tienda
1000104,07/01/2024,compra,1000,Retiro parcial
1000112,2024-12-11,retiro,3000,
1000110,03/11/2024,compra,-100,Ingreso extra
1000108,2024-09-29,deposito,,Ingreso extra
1000113,28-12-2024,deposito,2000,
1000116,02-11-2024,depósito,2000,Ingreso mensual
1000106,02-02-2024,compra,1500,Compra en tienda
1000114,30/05/2024,compra,2500,
1000113,2024/12/11,depósito,1500,Compra en tienda
1000107,16-02-2024,compra,2500,Ingreso mensual
1000102,11-03-2024,deposito,-100,
1000108,13-03-2024,deposito,2000,Retiro parcial
1000101,22/03/2024,retiro,2000,Retiro parcial
1000105,2024-04-03,retiro,1000,Retiro parcial
1000105,14-08-2024,retiro,1000,Ingreso navideño
1000103,23/07/2024,compra,3000,Retiro parcial
1000109,2024/01/21,depósito,2000,Ingreso navideño
1000103,2024-02-12,compra,3000,Compra en tienda
1000120,2024/02/03,retiro,2500,
1000102,01-11-2024,compra,-100,Retiro parcial
1000111,16-02-2024,retiro,2000,Ingreso mensual
1000104,08-08-2024,compra,-100,Ingreso mensual
1000106,2024-09-27,compra,-100,Ingreso mensual
1000106,04/04/2024,compra,2500,Retiro parcial
1000117,29-08-2024,retiro,1000,Ingreso mensual
1000116,2024/05/13,retiro,1000,Ingreso mensual
1000106,2024/05/04,compra,-500,Retiro parcial
1000105,2024-12-13,compra,3000,Ingreso mensual
1000120,04/03/2024,compra,2500,
1000104,2024/10/10,retiro,2500,Ingreso navideño
1000116,2024-11-01,deposito,-100,Compra en tienda
1000101,03-06-2024,deposito,2000,Compra en tienda
1000118,19/08/2024,compra,1500,Ingreso mensual
1000106,03-09-2024,compra,3000,
1000101,25-09-2024,deposito,2500,Ingreso mensual
1000101,2024-12-26,deposito,-100,
1000118,2024-04-18,deposito,3000,Retiro parcial
1000111,28-03-2024,deposito,5000,Ingreso navideño
1000118,2024/10/11,compra,3000,Ingreso mensual
1000109,2024/11/09,retiro,2000,Compra en tienda
1000109,31/10/2024,retiro,5000,
1000108,2024/01/26,retiro,3000,Ingreso mensual
1000114,2024-10-29,retiro,2500,Ingreso mensual
1000111,2024-07-30,depósito,3000,Compra en tienda
1000110,2024/11/15,compra,-100,Retiro parcial
1000116,17-01-2024,retiro,-100,Ingreso navideño
1000101,04/02/2024,depósito,2500,Compra en tienda
1000106,25-07-2024,compra,1500,
1000107,11/08/2024,retiro,-100,Ingreso extra
1000104,30/07/2024,compra,3000,Retiro parcial
1000119,2024/02/29,compra,,Ingreso mensual
1000115,31/10/2024,compra,1500,Ingreso mensual
1000111,09-04-2024,retiro,2500,Ingreso mensual
1000114,21-02-2024,pago,-500,Ingreso extra
1000104,31-01-2024,retiro,1500,Compra en tienda
1000117,2024/08/26,depósito,3000,Ingreso mensual
1000114,2024/10/03,compra,3000,Ingreso extra
1000101,07-03-2024,retiro,-100,
1000102,2024/12/24,pago,3000,Ingreso extra
1000119,27/07/2024,retiro,-500,Compra en tienda
1000116,2024/10/31,retiro,3000,
1000108,23/10/2024,retiro,2000,Compra en tienda
1000118,19/01/2024,retiro,5000,Ingreso extra
1000112,22/11/2024,compra,2000,Ingreso navideño
1000101,2024/01/17,pago,-100,
1000117,05-09-2024,deposito,2000,Ingreso mensual
1000108,2024/06/30,compra,2500,
1000109,2024-01-22,retiro,-100,
1000104,26/05/2024,deposito,2500,Ingreso navideño
1000108,31/10/2024,deposito,-500,Retiro parcial
1000109,21-10-2024,deposito,2500,Ingreso navideño
1000115,2024/07/12,compra,1500,
1000106,2024/03/23,compra,2000,Compra en tienda
1000115,19/06/2024,compra,2000,
1000113,13/06/2024,deposito,-500,Ingreso mensual
1000109,12/02/2024,compra,-100,Retiro parcial
1000104,2024/03/19,retiro,-500,Ingreso extra
1000110,2024/11/25,compra,2000,Ingreso mensual
1000104,16-07-2024,compra,1000,
1000120,03-10-2024,deposito,2500,Compra en tienda
1000120,2024/12/21,compra,-500,Compra en tienda
1000103,29-07-2024,compra,3000,Ingreso navideño
1000107,09/04/2024,deposito,1000,Ingreso mensual
1000115,2024/12/22,retiro,-100,Ingreso mensual
1000108,22-09-2024,retiro,-500,Ingreso extra
1000111,04/12/2024,depósito,1000,Ingreso extra
1000110,2024/07/08,retiro,2000,
1000116,2024/10/07,compra,3000,Retiro parcial
1000103,02-09-2024,retiro,1500,Ingreso navideño
1000108,12-03-2024,deposito,-500,Ingreso mensual
1000113,14-09-2024,deposito,2000,Ingreso mensual
1000118,2024-09-01,compra,-100,Ingreso mensual
1000112,12-06-2024,retiro,-500,Ingreso navideño
1000119,23-12-2024,compra,-500,Ingreso navideño
1000112,17-07-2024,retiro,-100,Ingreso mensual
1000105,17/12/2024,retiro,,Retiro parcial
1000115,2024/04/04,deposito,-100,Ingreso extra
1000120,2024/07/10,compra,3000,
1000104,2024/04/02,deposito,1500,Retiro parcial
1000109,21/01/2024,deposito,2000,
1000118,15-06-2024,retiro,3000,
1000105,21/04/2024,retiro,1500,Ingreso extra
1000103,2024-03-10,compra,3000,
1000104,2024-07-17,compra,,Retiro parcial
1000104,23-05-2024,compra,1500,Ingreso extra
1000119,2024-05-22,deposito,1000,Ingreso mensual
1000111,04/05/2024,deposito,,Ingreso navideño
1000116,12-09-2024,deposito,3000,Ingreso mensual
1000116,2024/10/06,retiro,2500,Ingreso extra
1000116,22/09/2024,deposito,2000,Ingreso extra
1000107,08/08/2024,compra,-500,Retiro parcial
1000117,01-11-2024,deposito,,
1000110,13-12-2024,deposito,1000,Ingreso extra
1000102,2024/05/23,pago,-500,Ingreso mensual
1000120,2024-07-26,retiro,,Ingreso mensual
1000113,03/12/2024,retiro,2000,Ingreso navideño
1000114,2024/05/14,retiro,3000,
1000102,2024/08/30,retiro,,Ingreso navideño
1000110,2024/05/01,retiro,2500,Compra en tienda
1000111,2024-05-10,retiro,1500,Compra en tienda
1000103,2024-07-15,pago,3000,
1000102,2024/08/03,pago,1000,
1000112,25-11-2024,deposito,1500,Ingreso navideño
1000117,27-04-2024,compra,3000,Retiro parcial
1000110,2024/08/11,compra,-500,Compra en tienda
1000116,06/12/2024,retiro,2000,Ingreso mensual
1000112,2024/08/26,retiro,1500,
1000107,09/03/2024,deposito,-500,Ingreso mensual
1000107,15-06-2024,compra,,
1000117,2024/03/07,retiro,3000,Ingreso mensual
1000101,06-10-2024,deposito,1500,Ingreso mensual
1000116,2024-01-03,deposito,2500,Ingreso navideño
1000117,2024/12/08,retiro,3000,Ingreso extra
1000108,2024/11/02,deposito,2500,Ingreso extra
1000102,2024/02/14,retiro,3000,
1000119,24/10/2024,depósito,1000,Ingreso navideño
1000118,26-03-2024,compra,1500,
1000102,2024/10/12,retiro,1500,Ingreso mensual
1000110,14-01-2024,pago,1500,Retiro parcial
1000111,2024-11-04,retiro,3000,Retiro parcial
1000109,2024/02/13,pago,-500,Ingreso extra
1000114,2024-03-16,compra,,Retiro parcial
1000109,2024/10/18,compra,1000,Retiro parcial
1000105,12/01/2024,deposito,1000,Retiro parcial
1000103,08-12-2024,deposito,-500,Compra en tienda
1000115,2024-12-28,deposito,2500,
1000116,2024/04/05,compra,-500,Ingreso navideño
1000107,2024-05-31,deposito,-100,Retiro parcial
1000101,22/12/2024,deposito,2500,Ingreso navideño
1000104,2024-11-05,pago,2000,Ingreso mensual
1000110,23/11/2024,compra,1500,Ingreso mensual
1000101,2024-04-26,compra,1500,Ingreso extra
1000115,13/11/2024,compra,2000,Compra en tienda
1000101,12-06-2024,deposito,2000,Ingreso extra
1000109,14-07-2024,depósito,2000,Ingreso mensual
1000101,22-11-2024,retiro,1000,
1000106,2024-09-26,deposito,-500,Ingreso extra
1000119,2024-10-18,retiro,-100,Compra en tienda
1000102,24/08/2024,retiro,-500,Retiro parcial
1000113,2024-02-27,deposito,1000,Ingreso mensual
1000108,17/07/2024,compra,3000,Ingreso extra
1000112,2024-01-20,retiro,5000,
1000119,2024-07-01,deposito,2000,
1000117,2024/03/29,compra,2000,Compra en tienda
1000113,2024-03-09,compra,-100,Compra en tienda
1000111,2024/10/31,retiro,-500,
1000120,15-04-2024,pago,1000,Compra en tienda
1000112,2024-10-06,deposito,2000,Ingreso extra
1000102,2024/05/26,pago,2500,Ingreso mensual
1000105,24/05/2024,compra,3000,Ingreso mensual
1000107,03/03/2024,retiro,1500,
1000118,09/06/2024,retiro,,Ingreso navideño
1000105,13-05-2024,deposito,-100,Retiro parcial
1000106,2024-01-29,deposito,2500,
1000104,2024/06/24,retiro,1000,
1000109,30-08-2024,deposito,3000,
1000118,17/12/2024,deposito,2500,Ingreso extra
1000104,15/04/2024,compra,3000,Ingreso navideño
1000107,2024/05/02,deposito,2500,Retiro parcial
1000118,2024-11-14,retiro,-500,
1000102,04/10/2024,compra,-500,Retiro parcial
1000114,2024-04-23,deposito,1500,Compra en tienda
1000119,2024-11-18,retiro,3000,Ingreso navideño
1000111,25/01/2024,depósito,2500,Compra en tienda
1000117,13-09-2024,pago,1500,Ingreso extra
1000102,11/05/2024,retiro,-100,Ingreso extra
1000112,2024-05-30,pago,-100,Ingreso navideño
1000106,2024/07/20,compra,2000,Compra en tienda
1000103,2024-12-23,retiro,2500,
1000120,2024-02-07,deposito,1500,Retiro parcial
1000120,16/01/2024,compra,2000,
1000109,2024-11-14,deposito,1500,Compra en tienda
1000113,2024-09-08,deposito,-100,Ingreso navideño
1000109,10-03-2024,deposito,3000,Retiro parcial
1000106,22/02/2024,compra,1000,Ingreso navideño
1000105,10-07-2024,retiro,3000,Ingreso mensual
1000102,09/12/2024,deposito,1500,Ingreso extra
1000119,17-08-2024,compra,2500,
1000120,2024-05-15,retiro,-500,Ingreso navideño
1000110,2024/11/15,deposito,0,
1000114,29/12/2024,deposito,2000,Compra en tienda
1000102,2024-10-06,retiro,-500,
1000109,2024-06-25,deposito,2500,Retiro parcial
1000104,09-08-2024,compra,3000,
1000116,2024/03/10,retiro,,Ingreso mensual
1000115,2024-01-23,compra,1000,Ingreso extra
1000119,08/08/2024,compra,1000,
1000108,2024-11-23,retiro,1500,Compra en tienda
1000112,01/06/2024,retiro,3000,Compra en tienda
1000104,13-01-2024,compra,3000,Ingreso navideño
1000117,25/04/2024,compra,-100,Retiro parcial
1000115,2024-11-24,retiro,1500,
1000112,09-08-2024,deposito,1500,Ingreso mensual
1000114,2024/06/08,retiro,2000,
1000120,2024/04/03,compra,2000,Retiro parcial
1000113,29/10/2024,deposito,2000,
1000115,2024/03/10,deposito,3000,Ingreso extra
1000117,2024-11-07,compra,3000,Ingreso navideño
1000114,2024/04/16,compra,1500,Retiro parcial
1000104,04/01/2024,deposito,1000,Ingreso mensual
1000113,02/12/2024,deposito,2000,Compra en tienda
1000106,2024-06-28,retiro,1500,Ingreso mensual
1000101,2024/08/24,compra,0,Compra en tienda
1000104,31/05/2024,retiro,,
1000105,2024/05/29,deposito,3000,Ingreso navideño
1000115,01/03/2024,retiro,1000,
1000104,2024/07/03,deposito,2000,Compra en tienda
1000120,2024/02/12,compra,1500,Retiro parcial
1000112,2024/04/06,compra,1500,Ingreso navideño
1000120,2024-07-28,retiro,3000,Ingreso mensual
1000110,2024-06-20,retiro,-500,Ingreso navideño
1000115,25-04-2024,retiro,-100,Ingreso mensual
1000111,25-09-2024,compra,2500,Ingreso navideño
1000102,30/03/2024,compra,3000,
1000116,15/05/2024,retiro,1000,Compra en tienda
1000105,2024-01-29,compra,1000,Ingreso navideño
1000110,17/04/2024,compra,3000,Ingreso navideño
1000108,2024/11/21,deposito,-500,Ingreso navideño
1000105,2024/04/20,retiro,-500,Retiro parcial
1000110,2024/11/01,retiro,-500,Ingreso navideño
1000108,2024/04/01,retiro,2500,
1000120,2024/07/13,deposito,1500,Ingreso mensual
1000117,27/04/2024,deposito,1500,Ingreso navideño
1000120,2024/12/27,compra,-100,
1000104,2024/07/07,deposito,-100,
1000111,15/08/2024,deposito,1500,Ingreso extra
1000106,27-08-2024,depósito,2000,Compra en tienda
1000109,29-08-2024,retiro,2500,Retiro parcial
1000113,13/12/2024,compra,,Ingreso navideño
1000105,2024/07/01,compra,1500,
1000112,18-07-2024,deposito,1000,Ingreso extra
1000117,15/11/2024,deposito,0,Ingreso navideño
1000103,2024-10-11,deposito,2500,
1000102,20/10/2024,depósito,3000,Ingreso extra
1000102,2024-03-02,compra,1000,Ingreso extra
1000115,13-03-2024,compra,1500,Ingreso extra
1000108,2024/10/01,retiro,1000,Retiro parcial
1000116,28-05-2024,compra,3000,Compra en tienda
1000102,2024/12/27,retiro,,Compra en tienda
1000104,13-08-2024,retiro,-500,Ingreso mensual
1000119,19-09-2024,retiro,-500,Ingreso navideño
1000114,03/11/2024,retiro,2000,
1000116,04-04-2024,compra,,Ingreso navideño
1000108,03-02-2024,retiro,2500,Ingreso mensual
1000109,2024-06-20,deposito,3000,
1000106,25/03/2024,compra,2000,Ingreso extra
1000106,22/08/2024,compra,-500,Ingreso mensual
1000115,24/10/2024,retiro,1000,
1000102,01-10-2024,compra,-500,Compra en tienda
1000119,2024-12-13,retiro,1500,Ingreso extra
1000106,25/06/2024,deposito,1000,Retiro parcial
1000105,10/04/2024,retiro,-500,Retiro parcial
1000115,2024/02/22,deposito,1500,
1000113,2024/08/30,retiro,2000,Ingreso extra
1000115,2024/04/24,deposito,2000,Ingreso mensual
1000106,30/01/2024,retiro,-500,Compra en tienda
1000118,19-06-2024,deposito,3000,
1000113,09-06-2024,deposito,3000,Ingreso navideño
1000110,24-03-2024,compra,-100,Ingreso extra
1000107,2024-03-29,retiro,2000,Retiro parcial
1000112,2024/04/29,retiro,2500,Ingreso navideño
1000102,2024-05-18,compra,1000,
1000102,2024-06-26,retiro,-100,Ingreso navideño
1000101,07/03/2024,deposito,3000,
1000111,06-10-2024,deposito,1500,Retiro parcial
1000112,07-08-2024,retiro,3000,
1000112,2024/09/06,deposito,0,Compra en tienda
1000118,03-10-2024,deposito,3000,Ingreso mensual
1000118,2024-05-12,pago,-500,
1000116,14/11/2024,deposito,3000,
1000110,07/03/2024,retiro,-100,Retiro parcial
1000116,28-04-2024,deposito,1000,Ingreso navideño
1000116,12-10-2024,deposito,-100,Ingreso extra
1000118,07/04/2024,deposito,1000,Compra en tienda
1000118,19-01-2024,retiro,1000,
1000111,07-07-2024,deposito,2500,Retiro parcial
1000118,2024-07-14,deposito,3000,Ingreso navideño
1000117,2024-09-04,retiro,5000,
1000102,09-08-2024,compra,3000,Ingreso navideño
1000118,06-01-2024,compra,3000,Compra en tienda
1000120,18-11-2024,retiro,2000,Ingreso extra
1000108,21/06/2024,retiro,2500,
1000105,04/07/2024,deposito,1000,
1000101,2024-08-01,retiro,2000,Ingreso extra
1000110,05/08/2024,deposito,1000,
1000107,2024-04-03,retiro,-500,
1000104,2024/08/29,retiro,2500,Ingreso mensual
1000108,2024/11/17,deposito,-100,Ingreso mensual
1000103,2024/05/08,compra,1000,Ingreso mensual
1000102,13-03-2024,compra,-100,Ingreso extra
1000102,2024/10/11,retiro,1500,Ingreso mensual
1000101,2024/04/20,compra,-100,Ingreso navideño
1000114,2024/04/13,compra,-100,Ingreso extra
1000105,2024/03/11,retiro,,Ingreso navideño
1000105,14/02/2024,retiro,-100,Ingreso navideño
1000112,2024-09-27,deposito,2000,
1000119,16-02-2024,deposito,-500,Retiro parcial
1000101,2024-04-08,retiro,-100,
1000118,01/08/2024,deposito,2500,
1000108,2024-04-17,compra,2000,Retiro parcial
1000106,15/03/2024,compra,2500,Ingreso extra
1000105,12/01/2024,retiro,1500,Ingreso extra
1000102,03-04-2024,retiro,3000,Ingreso mensual
1000106,11-12-2024,deposito,-100,
1000112,2024/10/16,retiro,-100,Ingreso navideño
1000106,22-02-2024,compra,1500,Ingreso extra
1000120,06-08-2024,deposito,-500,Retiro parcial
1000105,30/11/2024,deposito,-500,Ingreso navideño
1000103,04-09-2024,deposito,-500,Ingreso navideño
1000115,26/07/2024,compra,-500,Retiro parcial
1000104,01/10/2024,pago,-500,Retiro parcial
1000109,18-03-2024,compra,-500,Ingreso extra
1000118,12/09/2024,compra,-100,Retiro parcial
1000111,05/08/2024,retiro,-100,Compra en tienda
1000103,26-10-2024,compra,2000,Ingreso mensual
1000109,17-02-2024,deposito,1000,Ingreso navideño
1000114,2024-08-10,deposito,-500,Retiro parcial
1000109,2024-09-03,retiro,,Ingreso navideño
1000115,2024/09/14,compra,-100,Ingreso mensual
1000114,2024-02-19,retiro,1000,Ingreso navideño
1000104,2024-04-02,retiro,-100,Ingreso mensual
1000106,07-12-2024,retiro,2500,Ingreso navideño
1000108,29-01-2024,retiro,3000,Ingreso navideño
1000101,17/01/2024,retiro,-100,Compra en tienda
1000116,2024/05/25,deposito,3000,Ingreso mensual
1000118,11/01/2024,retiro,,
1000110,24/12/2024,retiro,3000,Retiro parcial
1000102,2024-10-10,retiro,-100,Ingreso navideño
1000106,2024-07-12,deposito,-100,Retiro parcial
1000114,2024-03-26,deposito,2000,Ingreso navideño
1000105,2024-06-07,deposito,2000,Ingreso mensual
1000120,27-02-2024,retiro,5000,
1000119,2024/07/25,retiro,2500,Ingreso navideño
1000114,2024/09/16,compra,,Ingreso extra
1000106,31/08/2024,compra,-100,Ingreso navideño
1000103,25-06-2024,deposito,1500,
1000112,01/12/2024,compra,2000,Ingreso extra
1000106,10/04/2024,deposito,-500,
1000109,11-05-2024,retiro,3000,Compra en tienda
1000114,22/12/2024,depósito,1500,Ingreso mensual
1000105,09/12/2024,retiro,1500,Ingreso navideño
1000109,20/07/2024,deposito,1500,Ingreso navideño
1000109,11-11-2024,compra,3000,Ingreso mensual
1000105,2024/04/18,pago,3000,Retiro parcial
1000114,10-12-2024,deposito,1500,
1000105,2024-05-23,compra,-100,Ingreso extra
1000103,2024/04/03,compra,2500,Retiro parcial
1000102,23-04-2024,compra,2000,Ingreso navideño
1000101,2024-06-30,deposito,1500,Ingreso extra
1000106,2024-01-29,compra,1000,Retiro parcial
1000105,04-12-2024,compra,1000,
1000105,27-01-2024,deposito,2000,Retiro parcial
1000105,16-08-2024,deposito,2500,Ingreso extra
1000117,2024-08-02,deposito,-100,Compra en tienda
1000113,29/10/2024,compra,2000,Compra en tienda
1000104,17/02/2024,depósito,1500,Retiro parcial
1000118,2024-02-18,deposito,2500,
1000107,08-05-2024,compra,,Retiro parcial
1000117,2024/11/17,depósito,1500,Retiro parcial
1000105,28/11/2024,deposito,1500,Ingreso extra
1000103,09-05-2024,deposito,-500,Retiro parcial
1000112,2024/03/15,compra,,Ingreso extra
1000108,03-09-2024,compra,1000,Retiro parcial
1000114,2024/10/10,compra,1500,
1000118,2024/02/07,compra,3000,Ingreso extra
1000107,2024/12/12,retiro,2000,Ingreso mensual
1000103,22-04-2024,compra,-100,Compra en tienda
1000102,16/04/2024,deposito,1500,Ingreso mensual
1000101,05/09/2024,deposito,2500,Ingreso extra
1000117,2024-03-01,deposito,3000,Ingreso extra
1000107,28-08-2024,pago,-500,Retiro parcial
1000119,2024/05/13,deposito,2000,Ingreso navideño
1000104,01/10/2024,deposito,-100,
1000107,2024/06/18,compra,2000,Retiro parcial
1000112,2024/05/11,pago,1500,Ingreso navideño
1000101,29-04-2024,deposito,3000,Ingreso extra
1000107,2024-10-31,retiro,-100,
1000117,2024-05-21,deposito,1500,Ingreso extra
1000119,13/02/2024,retiro,3000,Retiro parcial
1000113,2024/09/13,retiro,,
1000102,07/03/2024,retiro,2500,Ingreso mensual
1000106,2024-12-04,retiro,2000,Ingreso extra
1000116,2024/08/20,deposito,1500,
1000115,24-10-2024,retiro,1500,
1000119,11-09-2024,compra,2000,Compra en tienda
1000112,2024/03/19,depósito,1500,Compra en tienda
1000119,2024/02/11,deposito,0,Compra en tienda
1000111,2024-06-29,deposito,2500,Ingreso mensual
1000115,03-11-2024,compra,1000,Ingreso navideño
1000101,11/11/2024,compra,1000,Ingreso navideño
1000113,29-02-2024,deposito,2000,Ingreso navideño
1000109,24-05-2024,retiro,1000,Retiro parcial
1000116,11/07/2024,compra,-500,
1000111,2024-09-26,retiro,-500,Compra en tienda
1000117,2024/01/13,retiro,1000,Compra en tienda
1000114,2024/09/23,deposito,-100,Ingreso navideño
1000113,2024-09-02,depósito,3000,Compra en tienda
1000108,2024/11/07,retiro,2500,Ingreso extra
1000113,2024-05-11,compra,2500,
1000116,2024-06-30,retiro,1000,Ingreso extra
1000110,13-07-2024,deposito,3000,Ingreso extra
1000116,27/06/2024,deposito,5000,Ingreso navideño
1000108,2024/11/14,compra,3000,
1000118,07-10-2024,compra,3000,Retiro parcial
1000104,31-05-2024,retiro,1500,Retiro parcial
1000104,30-08-2024,retiro,-100,
1000118,04/04/2024,retiro,2000,
1000116,28/08/2024,deposito,2500,
1000111,2024/01/18,compra,2500,
1000116,2024/11/18,retiro,3000,Ingreso extra
1000103,2024/06/03,compra,-100,Ingreso extra
1000114,01/09/2024,retiro,2500,
1000110,2024-11-03,compra,-500,Ingreso mensual
1000112,12-01-2024,depósito,1500,Ingreso extra
1000109,2024/06/20,retiro,1000,Retiro parcial
1000117,20-07-2024,retiro,2500,
1000119,20/08/2024,deposito,2500,Compra en tienda
1000110,21/11/2024,retiro,-100,
1000115,2024/04/08,compra,1000,Ingreso navideño
1000103,13-09-2024,compra,,
1000119,2024/04/11,pago,2000,Ingreso extra
1000101,30-01-2024,depósito,3000,Compra en tienda
1000116,2024/03/08,compra,2000,Ingreso extra
1000102,2024-08-13,compra,5000,Retiro parcial
1000118,14/03/2024,deposito,3000,Retiro parcial
1000118,2024-04-21,deposito,-500,Ingreso navideño
1000112,2024/02/08,deposito,-500,
1000116,2024/07/05,retiro,2000,
1000115,17/09/2024,compra,2500,
1000106,15/06/2024,compra,2500,Ingreso navideño
1000114,2024/10/22,retiro,1500,Retiro parcial
1000108,2024-12-17,deposito,1000,Retiro parcial
1000111,2024-10-22,depósito,3000,
1000108,2024-04-17,retiro,1500,Ingreso extra
1000111,2024-06-24,compra,1000,
1000101,2024/06/20,deposito,-100,
1000104,08-05-2024,deposito,-100,
1000118,2024/11/08,compra,-500,Ingreso navideño
1000102,14-01-2024,compra,1500,Retiro parcial
1000105,2024-03-07,deposito,1000,Ingreso extra
1000105,26/04/2024,deposito,-500,Ingreso mensual
1000111,18-04-2024,compra,-100,Ingreso mensual
1000107,2024/12/14,compra,1500,Retiro parcial
1000104,2024-08-12,deposito,1000,Ingreso mensual
1000106,22-11-2024,deposito,2500,Compra en tienda
1000105,2024-04-29,compra,-100,Ingreso mensual
1000110,02-07-2024,pago,2500,Compra en tienda
1000117,13-06-2024,retiro,1500,Ingreso extra
1000116,13/11/2024,compra,1500,Ingreso extra
1000104,28/07/2024,deposito,-500,Ingreso navideño
1000114,05/12/2024,retiro,1500,Compra en tienda
1000114,2024-11-14,deposito,-100,Ingreso mensual
1000109,15/05/2024,deposito,2500,Retiro parcial
1000111,21/07/2024,retiro,1500,Ingreso mensual
1000106,2024-10-12,compra,1500,Ingreso navideño
1000119,2024/09/20,compra,2500,Retiro parcial
1000115,13-04-2024,depósito,3000,Ingreso extra
1000113,08/11/2024,compra,1500,
1000111,26-09-2024,retiro,1000,Ingreso mensual
1000110,2024/08/03,compra,1000,
1000110,2024-09-09,retiro,-100,Compra en tienda
1000103,05/06/2024,depósito,-100,Retiro parcial
1000107,2024-03-19,compra,1000,Ingreso extra
1000101,2024-08-04,compra,2000,Compra en tienda
1000111,2024/05/01,deposito,1500,Ingreso extra
1000109,23-09-2024,retiro,-500,Ingreso mensual
1000104,23/05/2024,compra,3000,Ingreso navideño
1000110,10-03-2024,retiro,-100,
1000105,2024/05/16,deposito,-500,Ingreso extra
1000115,2024-11-29,deposito,1000,Ingreso extra
1000103,17/01/2024,compra,-100,Compra en tienda
1000103,2024-09-28,deposito,-100,Ingreso mensual
1000111,2024/02/09,retiro,3000,Ingreso extra
1000119,2024/01/29,deposito,0,
1000116,2024-02-16,compra,2000,
1000107,27-11-2024,retiro,2500,
1000102,2024-11-14,compra,1500,Retiro parcial
1000116,2024/04/06,deposito,3000,Ingreso mensual
1000116,14-02-2024,deposito,1000,Ingreso extra
1000107,2024/12/26,deposito,2000,
1000114,20/05/2024,retiro,1000,Ingreso navideño
1000117,11/07/2024,compra,2500,Ingreso extra
1000114,2024-04-10,depósito,-500,Ingreso navideño
1000102,2024-09-08,depósito,2000,Compra en tienda
1000105,2024/09/28,compra,2500,
1000120,15/09/2024,retiro,-500,Compra en tienda
1000101,09-01-2024,compra,1500,
1000108,17/11/2024,retiro,-100,
1000111,2024/06/08,retiro,3000,Ingreso extra
1000116,2024/10/15,compra,-100,Ingreso navideño
1000119,16/07/2024,deposito,2500,Ingreso navideño
1000116,01-02-2024,retiro,3000,Ingreso navideño
1000106,2024-03-12,compra,3000,Ingreso extra
1000119,23-09-2024,compra,2000,Retiro parcial
1000106,2024-11-11,deposito,-500,Ingreso extra
1000118,03-03-2024,retiro,1500,Ingreso mensual
1000106,01-07-2024,compra,3000,Ingreso mensual
1000116,29/10/2024,compra,3000,Retiro parcial
1000115,2024-06-24,deposito,-500,Ingreso navideño
1000108,2024-07-08,retiro,-100,Ingreso navideño
1000110,2024/08/08,compra,-500,Ingreso extra
1000101,2024-07-20,retiro,2000,Compra en tienda
1000110,08-02-2024,compra,,Retiro parcial
1000102,2024/07/20,compra,1500,Ingreso mensual
1000108,2024-04-16,compra,3000,Compra en tienda
1000105,01/09/2024,deposito,,Ingreso mensual
1000103,2024/09/29,compra,-100,
1000107,2024/10/10,deposito,2000,Ingreso mensual
1000107,24-01-2024,deposito,-500,Ingreso mensual
1000112,02/09/2024,compra,1500,
1000106,17/06/2024,deposito,2000,Ingreso navideño
1000101,2024-11-23,compra,1500,Compra en tienda
1000107,2024/05/05,compra,3000,Ingreso mensual
1000115,12-08-2024,retiro,2000,Ingreso extra
1000101,2024/06/28,depósito,1500,Ingreso extra
1000112,24/08/2024,deposito,3000,Retiro parcial
1000116,08-06-2024,deposito,-500,
1000107,14-02-2024,compra,1500,Retiro parcial
1000119,2024-09-29,deposito,-100,Ingreso mensual
1000110,30/05/2024,compra,2500,Ingreso mensual
1000112,20-03-2024,deposito,3000,Retiro parcial
1000114,26-07-2024,compra,2000,Ingreso navideño
1000106,2024-10-19,retiro,1500,
1000107,2024-05-05,deposito,2500,
1000105,2024/02/15,deposito,1000,Ingreso extra
1000106,18-03-2024,deposito,1500,Ingreso mensual
1000104,16-03-2024,compra,2000,Compra en tienda
1000113,16/08/2024,compra,2000,Ingreso navideño
1000112,09/01/2024,compra,5000,Ingreso extra
1000113,09/10/2024,compra,-500,Ingreso extra
1000105,2024/02/06,retiro,-100,Retiro parcial
1000107,2024/10/17,pago,2500,
1000101,03-04-2024,pago,1500,Retiro parcial
1000105,2024-02-18,retiro,3000,Retiro parcial
1000102,2024-07-28,retiro,1000,
1000116,19/03/2024,compra,-500,Ingreso navideño
1000102,06/12/2024,deposito,2500,Retiro parcial
1000101,2024/08/31,deposito,3000,
1000120,2024-03-21,deposito,2500,Ingreso navideño
1000114,2024/06/06,retiro,2000,Ingreso extra
1000110,2024/06/06,compra,-100,Compra en tienda
1000107,16-12-2024,compra,3000,Compra en tienda
1000116,2024/06/12,deposito,1500,Ingreso mensual
1000115,27/09/2024,deposito,2500,Ingreso navideño
1000104,2024/05/30,retiro,2500,Compra en tienda
1000109,15-07-2024,compra,0,Compra en tienda
1000118,2024-05-22,retiro,1000,Ingreso extra
1000119,06-08-2024,deposito,1000,Retiro parcial
1000108,2024/10/12,pago,-100,Compra en tienda
1000103,03/10/2024,compra,1500,Ingreso navideño
1000108,01-12-2024,retiro,1000,
1000106,30/05/2024,depósito,2500,Ingreso navideño
1000101,12-01-2024,compra,-500,
1000109,05-08-2024,compra,3000,Ingreso navideño
1000114,2024-05-18,deposito,,Retiro parcial
1000115,10-01-2024,compra,2500,
1000101,2024/05/25,deposito,-100,Ingreso mensual
1000114,2024/01/22,depósito,-500,Ingreso mensual
1000107,02-01-2024,retiro,2000,Ingreso extra
1000119,09-09-2024,deposito,2000,Ingreso navideño
1000120,2024/02/07,retiro,-100,Ingreso mensual
1000112,2024/08/11,deposito,,
1000101,2024/09/02,depósito,3000,Ingreso navideño
1000107,2024-02-07,deposito,,Ingreso navideño
1000101,2024-09-30,deposito,-500,
1000106,15/09/2024,deposito,2000,
1000110,26/05/2024,retiro,3000,
1000105,23/09/2024,compra,1000,
1000118,20/05/2024,retiro,,Ingreso mensual
1000109,2024-04-03,compra,1500,Ingreso extra
1000107,2024-08-29,depósito,-100,Retiro parcial
1000111,29-10-2024,retiro,2500,
1000117,11/03/2024,deposito,2500,Retiro parcial
1000112,21-06-2024,retiro,1500,
1000105,2024/02/21,compra,1000,Ingreso extra
1000107,03-12-2024,compra,-500,
1000108,2024-12-20,retiro,2000,Retiro parcial
1000105,22-04-2024,retiro,-500,
1000107,18/02/2024,pago,2000,Compra en tienda
1000101,01-09-2024,compra,,
1000118,2024/10/27,depósito,2500,Compra en tienda
1000102,2024/05/30,retiro,3000,
1000103,20/04/2024,depósito,2000,Retiro parcial
1000119,25-06-2024,compra,2500,Ingreso extra
1000111,2024/08/08,compra,3000,
1000108,2024-01-27,retiro,2000,Ingreso extra
1000107,11-05-2024,retiro,3000,Compra en tienda
1000101,2024-11-24,deposito,-100,
1000104,2024-06-20,compra,-500,Ingreso extra
1000109,2024-08-19,retiro,-500,Compra en tienda
1000101,27-05-2024,deposito,,Ingreso navideño
1000108,20-12-2024,depósito,2500,Ingreso mensual
1000104,18-01-2024,retiro,5000,Ingreso extra
1000113,2024-05-02,compra,-100,Retiro parcial
1000114,15-02-2024,deposito,3000,Ingreso mensual
1000104,19-09-2024,deposito,2500,Compra en tienda
1000105,07-08-2024,deposito,2500,
1000108,19/11/2024,retiro,2000,Ingreso navideño
1000102,29/11/2024,compra,,Compra en tienda
1000108,22-01-2024,depósito,-500,
1000114,2024/02/21,depósito,1000,Compra en tienda
1000109,2024/02/07,compra,2000,Compra en tienda
1000111,2024-04-29,deposito,5000,Ingreso mensual
1000117,25-11-2024,retiro,3000,Ingreso navideño
1000112,2024/08/30,depósito,-500,Retiro parcial
1000112,2024/11/06,deposito,2000,Retiro parcial
1000101,22/04/2024,compra,2500,Ingreso mensual
1000107,2024/06/16,retiro,2500,Ingreso mensual
1000114,2024-05-17,compra,-100,Ingreso extra
1000113,13/02/2024,pago,3000,Ingreso extra
1000118,23-10-2024,retiro,1500,Compra en tienda
1000106,28-10-2024,retiro,2500,Ingreso navideño
1000105,08/01/2024,compra,-100,Ingreso extra
1000116,18/12/2024,deposito,,Ingreso navideño
1000112,26-02-2024,deposito,3000,Ingreso mensual
1000110,03/04/2024,deposito,-100,
1000111,2024-02-16,retiro,1500,
1000119,30/04/2024,compra,2500,Ingreso navideño
1000117,31-07-2024,compra,1000,
1000115,17-10-2024,retiro,-100,Retiro parcial
1000120,01-05-2024,compra,3000,Retiro parcial
1000107,06/04/2024,retiro,,Ingreso mensual
1000119,2024-10-26,compra,2000,Retiro parcial
1000105,07-10-2024,compra,-100,Ingreso navideño
1000116,06-09-2024,deposito,-100,Retiro parcial
1000118,12/04/2024,deposito,-100,Ingreso extra
1000118,2024-12-28,compra,1500,
1000113,2024-11-21,retiro,1000,Compra en tienda
1000104,25/08/2024,deposito,1500,Retiro parcial
1000117,20/04/2024,deposito,1000,Retiro parcial
1000110,2024/07/08,deposito,1500,Ingreso navideño
1000113,03-09-2024,retiro,3000,
1000115,2024/01/10,deposito,-1000,Retiro parcial
1000102,11-05-2024,retiro,2000,
1000108,2024-02-20,retiro,-100,Compra en tienda
1000107,2024-12-21,compra,1500,
1000102,17-12-2024,deposito,-100,Compra en tienda
1000115,2024/04/30,compra,2500,
1000114,2024/11/17,compra,-100,Compra en tienda
1000106,2024/06/08,compra,2500,Ingreso navideño
1000117,2024-07-20,compra,-500,Compra en tienda
1000111,2024-03-11,depósito,-500,Ingreso extra
1000116,14/05/2024,compra,3000,
1000113,2024/05/09,compra,2500,Ingreso mensual
1000120,12-08-2024,retiro,-500,
1000116,2024-07-28,compra,-1000,Ingreso navideño
1000104,2024/11/17,retiro,2000,Ingreso navideño
1000108,2024-09-22,deposito,1000,Compra en tienda
1000117,2024/02/01,deposito,1500,Ingreso mensual
1000115,09-02-2024,compra,0,
1000111,27-04-2024,deposito,-100,Compra en tienda
1000104,2024-08-10,deposito,-500,Ingreso navideño
1000117,19-04-2024,retiro,,Retiro parcial
1000107,2024-01-15,deposito,-100,Ingreso navideño
1000114,19-02-2024,deposito,-500,
1000110,2024/09/10,deposito,2500,
1000116,2024-10-07,retiro,2000,Compra en tienda
1000112,09/11/2024,deposito,1000,Compra en tienda
1000101,2024/01/25,deposito,1000,Ingreso extra
1000119,04/06/2024,compra,3000,
1000105,11/01/2024,pago,2500,Retiro parcial
1000119,2024-05-26,compra,1000,Compra en tienda
1000119,27/10/2024,deposito,2500,
1000102,16/07/2024,deposito,-500,Ingreso navideño
1000112,12/02/2024,retiro,2000,Ingreso navideño
1000115,05/01/2024,compra,1500,
1000113,2024-11-13,pago,2000,Ingreso extra
1000111,27/12/2024,compra,-500,Ingreso mensual
1000120,02-11-2024,depósito,3000,Ingreso extra
1000114,13-11-2024,compra,2500,Ingreso extra
1000115,2024/12/01,pago,-100,Ingreso mensual
1000107,13/05/2024,compra,1000,Ingreso navideño
1000108,25/09/2024,deposito,1500,Ingreso extra
1000114,2024/08/31,deposito,3000,Ingreso mensual
1000102,2024-02-09,compra,-100,
1000114,02/04/2024,retiro,2000,Ingreso mensual
1000118,2024/08/17,deposito,3000,Ingreso mensual
1000116,16/07/2024,retiro,3000,
1000111,07-03-2024,deposito,,Ingreso mensual
1000112,2024-10-01,deposito,1000,Retiro parcial
1000107,2024-04-21,deposito,1000,Retiro parcial
1000114,2024/05/30,compra,2000,
1000118,04-12-2024,retiro,1000,Ingreso extra
1000120,05/06/2024,compra,1000,Retiro parcial
1000113,11/01/2024,compra,-100,
1000109,2024-03-22,depósito,1500,Compra en tienda
1000113,2024-11-07,compra,-500,Ingreso navideño
1000105,2024/01/04,retiro,1000,Ingreso navideño
1000118,2024/04/03,deposito,3000,Compra en tienda
1000108,2024/06/13,compra,1000,Retiro parcial
1000105,11/02/2024,pago,1500,Retiro parcial
1000109,2024-11-09,compra,3000,Ingreso mensual
1000118,2024-11-11,compra,3000,Ingreso navideño
1000111,20/06/2024,compra,-100,Ingreso navideño
1000112,13/11/2024,deposito,-500,
1000111,2024-12-11,pago,1500,Ingreso mensual
1000109,27/01/2024,deposito,1000,Compra en tienda
1000115,2024/02/14,deposito,1000,Compra en tienda
1000110,13/11/2024,compra,2500,Retiro parcial
1000103,20/06/2024,retiro,3000,Ingreso mensual
1000104,20/10/2024,compra,1500,Ingreso mensual
1000112,2024-12-27,retiro,-1000,Ingreso navideño
1000106,2024-04-23,compra,-500,Ingreso extra
1000119,2024/02/07,compra,3000,Ingreso navideño
1000119,2024/12/15,deposito,1500,
1000110,12/04/2024,depósito,3000,Compra en tienda
1000104,2024/10/23,compra,-100,
1000112,20/12/2024,retiro,-500,Retiro parcial
1000119,17-02-2024,deposito,2500,
1000104,08-01-2024,deposito,2500,Ingreso navideño
1000118,2024-04-28,deposito,-100,
1000117,2024-10-28,deposito,-100,
1000105,12-09-2024,deposito,2500,Retiro parcial
1000118,20/05/2024,pago,2000,
2000103,08-03-2024,deposito,3000,Retiro parcial
2000110,24-07-2024,retiro,1500,
2000109,2024/03/18,deposito,3000,Ingreso mensual
2000105,24/03/2024,deposito,1000,Ingreso navideño
2000120,2024/04/11,compra,,Ingreso mensual
2000120,2024-02-26,compra,1000,
2000102,18-12-2024,compra,3000,
2000105,2024/06/21,compra,3000,Ingreso extra
2000111,2024/09/16,compra,2500,Ingreso mensual
2000106,12/02/2024,deposito,-100,Ingreso navideño
2000106,21-06-2024,deposito,2000,Ingreso extra
2000106,2024/07/11,compra,1500,Ingreso navideño
2000108,2024-02-15,compra,3000,Ingreso mensual
2000110,13/11/2024,compra,-500,Ingreso mensual
2000109,04/12/2024,retiro,1000,Compra en tienda
2000102,19-04-2024,deposito,2000,
2000108,2024-07-19,retiro,2000,Retiro parcial
2000104,26-08-2024,retiro,2500,Compra en tienda
2000120,09-03-2024,retiro,3000,Compra en tienda
2000109,2024/05/02,deposito,3000,Ingreso mensual
2000116,2024/12/24,compra,2500,Compra en tienda
2000114,08/07/2024,compra,5000,Ingreso mensual
2000119,2024/08/15,retiro,1500,Ingreso extra
2000103,05-10-2024,compra,1000,Retiro parcial
2000102,2024/09/30,depósito,2000,Ingreso navideño
2000119,25/07/2024,retiro,-500,Ingreso mensual
2000103,11-08-2024,pago,1000,Compra en tienda
2000103,2024/12/19,compra,5000,Retiro parcial
2000111,2024-03-10,retiro,-500,Retiro parcial
2000111,2024-04-26,retiro,2000,Ingreso navideño
2000108,2024-12-22,deposito,1000,Ingreso extra
2000117,2024-01-11,deposito,-1000,Ingreso extra
2000113,24/01/2024,compra,5000,Compra en tienda
2000109,20-11-2024,retiro,-1000,Retiro parcial
2000113,25-01-2024,deposito,-500,Ingreso navideño
2000109,15/10/2024,retiro,-500,Ingreso extra
2000103,2024-05-09,retiro,3000,Ingreso extra
2000114,30-09-2024,deposito,1000,Ingreso mensual
2000120,13/01/2024,deposito,1000,Retiro parcial
2000113,2024-02-29,retiro,2500,Ingreso mensual
2000109,2024-11-27,deposito,2000,
2000117,30-05-2024,deposito,1000,Ingreso navideño
2000118,2024-09-01,retiro,-100,Ingreso navideño
2000112,2024/04/01,retiro,3000,Retiro parcial
2000105,2024-01-17,compra,-500,Ingreso mensual
2000116,2024/11/22,compra,2500,Compra en tienda
2000108,2024-05-14,deposito,3000,Ingreso extra
2000111,2024-07-19,compra,-100,Compra en tienda
2000107,2024-11-30,deposito,3000,Compra en tienda
2000111,2024/09/25,depósito,2000,Ingreso navideño
2000107,2024-02-29,deposito,-500,
2000102,2024/11/05,retiro,,Ingreso navideño
2000114,23-04-2024,retiro,2000,Compra en tienda
2000109,2024/03/09,deposito,3000,
2000104,2024/11/01,retiro,-500,Ingreso navideño
2000104,2024-02-02,retiro,-100,Ingreso mensual
2000113,02/05/2024,retiro,-100,Retiro parcial
2000113,11-01-2024,deposito,3000,Retiro parcial
2000105,01/12/2024,deposito,2000,Ingreso mensual
2000109,05-07-2024,retiro,-500,Compra en tienda
2000106,2024/04/06,retiro,2500,Compra en tienda
2000116,25/06/2024,retiro,2000,
2000114,2024-09-04,compra,2500,Retiro parcial
2000110,2024/02/15,deposito,0,Compra en tienda
2000109,2024/11/26,retiro,2000,
2000118,2024/05/19,retiro,2000,
2000112,2024-07-23,compra,3000,Retiro parcial
2000120,2024-08-18,deposito,1500,Compra en tienda
2000104,2024/07/31,deposito,,Compra en tienda
2000102,16-10-2024,deposito,2500,Retiro parcial
2000117,2024-01-12,retiro,,Ingreso extra
2000103,07-05-2024,compra,2000,Retiro parcial
2000115,2024-08-15,compra,2000,Compra en tienda
2000107,28/09/2024,retiro,-500,Ingreso extra
2000116,2024/02/15,deposito,3000,Ingreso extra
2000120,2024-10-27,retiro,3000,Ingreso extra
2000119,19-07-2024,compra,2000,Compra en tienda
2000118,2024/12/09,retiro,3000,
2000115,13-10-2024,compra,2000,Compra en tienda
2000101,16/02/2024,compra,-100,Retiro parcial
2000118,27/04/2024,retiro,2000,Ingreso mensual
2000110,11-02-2024,compra,-100,Ingreso extra
2000118,2024-03-05,retiro,0,Ingreso navideño
2000106,29/08/2024,pago,2000,
2000105,03/03/2024,retiro,2500,Retiro parcial
2000107,09-11-2024,retiro,1000,Compra en tienda
2000119,11/06/2024,compra,-500,
2000105,2024-04-01,depósito,1000,Retiro parcial
2000116,09-02-2024,deposito,-100,
2000114,2024/02/20,depósito,3000,Compra en tienda
2000113,27/04/2024,retiro,3000,
2000110,02/03/2024,deposito,2000,Compra en tienda
2000101,2024-02-19,compra,2000,Retiro parcial
2000102,23-11-2024,deposito,1000,
2000112,08/03/2024,retiro,2500,
2000111,2024-03-25,retiro,2500,Ingreso extra
2000117,2024-05-18,deposito,,Ingreso mensual
2000114,14/02/2024,retiro,3000,Ingreso mensual
2000112,2024/10/17,retiro,-500,Retiro parcial
2000108,05-01-2024,pago,-500,Retiro parcial
2000116,02/08/2024,compra,-500,Compra en tienda
2000107,2024/06/22,retiro,3000,Ingreso navideño
2000105,2024-06-04,pago,-500,Ingreso extra
2000106,2024-07-28,deposito,2000,Ingreso mensual
2000119,2024-03-24,compra,1500,
2000103,2024-09-24,retiro,-500,Ingreso extra
2000107,2024-10-26,retiro,3000,Ingreso mensual
2000114,2024-02-13,compra,2000,Ingreso extra
2000116,2024/08/09,compra,-500,Ingreso extra
2000114,14-04-2024,depósito,2000,
2000118,2024-08-26,compra,5000,Compra en tienda
2000101,2024-01-07,deposito,2500,Retiro parcial
2000118,2024-08-04,compra,3000,
2000106,2024-08-27,deposito,2500,
2000120,2024-05-24,retiro,-500,Compra en tienda
2000104,2024/11/07,compra,1000,Ingreso navideño
2000115,2024-06-17,compra,1000,Ingreso navideño
2000110,17-02-2024,compra,2500,Ingreso extra
2000107,2024/01/28,retiro,1500,
2000102,2024/11/24,retiro,-100,Retiro parcial
2000106,2024/10/23,compra,-500,Ingreso navideño
2000106,2024/08/31,compra,2500,
2000114,2024-10-01,compra,2000,Ingreso extra
2000119,2024/05/21,retiro,1500,
2000109,21/05/2024,retiro,3000,Ingreso extra
2000103,2024-07-12,deposito,,
2000120,17/12/2024,retiro,1500,
2000120,2024/12/28,retiro,-500,Ingreso navideño
2000106,20-11-2024,pago,-100,Ingreso extra
2000101,2024/07/16,retiro,2500,Ingreso navideño
2000109,12/11/2024,compra,-100,Ingreso navideño
2000103,2024-03-15,compra,5000,
2000118,08/12/2024,retiro,1000,Ingreso mensual
2000107,2024/12/30,retiro,-500,
2000107,17-07-2024,retiro,2000,Ingreso mensual
2000114,2024/10/16,retiro,,Ingreso mensual
2000118,2024-03-05,compra,2000,Ingreso navideño
2000116,23-11-2024,compra,2000,Ingreso navideño
2000103,19/03/2024,compra,3000,Ingreso extra
2000110,2024/06/22,pago,2000,
2000105,26-10-2024,compra,-1000,Ingreso extra
2000114,2024-04-16,deposito,2000,Compra en tienda
2000103,2024-10-29,compra,2500,
2000111,03/03/2024,compra,2000,Compra en tienda
2000104,2024-09-06,retiro,-500,
2000118,2024/08/13,deposito,-500,
2000110,27/11/2024,retiro,2000,Retiro parcial
2000114,07-05-2024,retiro,3000,Ingreso navideño
2000113,30/09/2024,deposito,-500,Ingreso extra
2000106,2024-11-26,pago,1500,Retiro parcial
2000116,2024-04-19,pago,1500,Ingreso navideño
2000117,25-06-2024,deposito,2500,
2000106,2024-04-03,retiro,2000,
2000105,21/09/2024,retiro,3000,Ingreso navideño
2000120,2024/09/16,deposito,1500,Ingreso mensual
2000103,27-01-2024,retiro,2000,Ingreso mensual
2000114,2024-07-04,compra,-100,
2000106,2024-04-26,compra,1000,Ingreso extra
2000109,2024/11/10,retiro,2500,
2000119,21/05/2024,compra,1000,Ingreso extra
2000110,19/08/2024,retiro,2500,Retiro parcial
2000106,2024/10/02,retiro,1500,Compra en tienda
2000116,17/06/2024,depósito,1500,Ingreso navideño
2000109,2024/05/20,compra,-500,Compra en tienda
2000107,2024-09-26,compra,-100,
2000110,2024/02/14,deposito,2500,Ingreso navideño
2000105,2024-09-09,compra,-500,Compra en tienda
2000104,2024/11/09,compra,3000,Ingreso mensual
2000114,2024-05-22,compra,2000,Ingreso navideño
2000116,2024/11/14,deposito,2500,Ingreso navideño
2000102,08/02/2024,deposito,3000,Compra en tienda
2000105,10/05/2024,retiro,2500,Ingreso navideño
2000107,2024/11/16,deposito,1500,Ingreso extra
2000114,30/10/2024,retiro,0,Compra en tienda
2000102,2024/08/12,deposito,2500,Retiro parcial
2000115,25-10-2024,deposito,0,Ingreso mensual
2000107,26-11-2024,depósito,-500,Compra en tienda
2000109,05/12/2024,retiro,2500,Ingreso mensual
2000119,18/02/2024,pago,1000,Ingreso extra
2000103,2024/10/29,compra,2500,Ingreso navideño
2000103,2024-07-05,retiro,3000,Ingreso mensual
2000112,2024-12-16,compra,-100,Ingreso mensual
2000117,01/02/2024,retiro,-100,
2000107,06-12-2024,depósito,2500,Retiro parcial
2000108,2024-07-17,retiro,2500,Retiro parcial
2000116,2024/09/15,compra,3000,Retiro parcial
2000115,2024/04/22,compra,1500,Ingreso extra
2000102,2024-09-24,retiro,1500,Compra en tienda
2000114,2024-10-20,compra,-100,Ingreso navideño
2000113,2024-04-05,deposito,1000,Ingreso navideño
2000117,17/11/2024,depósito,3000,Ingreso mensual
2000110,11/09/2024,deposito,1000,Retiro parcial
2000104,2024-03-01,retiro,-500,Ingreso extra
2000102,2024-12-28,retiro,-500,Compra en tienda
2000119,2024/10/28,retiro,2000,Ingreso extra
2000104,19/07/2024,retiro,1000,Compra en tienda
2000110,2024/02/23,deposito,1000,Retiro parcial
2000114,2024-02-07,retiro,3000,Ingreso extra
2000109,2024/09/11,depósito,-100,Ingreso extra
2000107,2024-07-02,depósito,2500,
2000101,2024/07/09,retiro,-1000,Ingreso mensual
2000114,2024-10-01,compra,1500,Ingreso mensual
2000114,2024-07-09,compra,-500,
2000116,15/06/2024,retiro,3000,Compra en tienda
2000117,10-02-2024,compra,2500,Ingreso mensual
2000104,11-01-2024,retiro,1000,Compra en tienda
2000117,27-03-2024,deposito,1500,Compra en tienda
2000119,25/09/2024,deposito,1000,Ingreso mensual
2000112,2024-08-25,compra,2500,Ingreso navideño
2000107,24-01-2024,deposito,3000,Compra en tienda
2000115,2024-02-22,pago,3000,
2000119,2024-07-11,deposito,2500,
2000117,2024-09-27,pago,3000,Ingreso extra
2000120,2024/09/01,deposito,1500,Compra en tienda
2000110,2024/04/26,compra,3000,Ingreso mensual
2000114,2024-03-03,compra,1500,Ingreso mensual
2000111,08-07-2024,compra,2500,Ingreso extra
2000108,16-08-2024,deposito,-100,Compra en tienda
2000106,16-12-2024,deposito,2500,
2000117,07-08-2024,compra,3000,Ingreso navideño
2000108,20-12-2024,compra,-100,Ingreso navideño
2000103,2024/05/06,compra,2000,Retiro parcial
2000106,22-02-2024,retiro,-500,Compra en tienda
2000118,2024-01-30,retiro,2500,Ingreso mensual
2000117,2024-02-15,retiro,-100,Compra en tienda
2000107,01-07-2024,deposito,-100,Retiro parcial
2000107,21-03-2024,deposito,,Compra en tienda
2000116,2024-03-23,deposito,2000,Compra en tienda
2000113,2024-12-04,deposito,-500,
2000105,03-08-2024,deposito,1500,Ingreso navideño
2000115,2024/11/17,compra,-500,Ingreso extra
2000107,2024/03/07,deposito,3000,
2000106,26/06/2024,deposito,1000,Compra en tienda
2000118,2024-04-12,compra,-500,Compra en tienda
2000120,2024/02/14,deposito,2500,
2000111,2024-06-07,compra,1500,
2000119,2024-08-03,compra,5000,Compra en tienda
2000108,18-01-2024,compra,2000,Ingreso extra
2000101,2024/10/16,deposito,-100,Retiro parcial
2000115,22/06/2024,deposito,-500,Ingreso extra
2000105,2024-04-15,retiro,3000,Ingreso navideño
2000112,2024-03-23,deposito,1000,Ingreso mensual
2000118,2024-08-25,deposito,-100,
2000107,24/10/2024,retiro,2500,Ingreso navideño
2000107,08/12/2024,compra,,Retiro parcial
2000120,30/10/2024,deposito,1000,Ingreso navideño
2000111,2024-02-15,retiro,2500,Compra en tienda
2000106,19/10/2024,deposito,,
2000108,2024-12-12,compra,2000,Ingreso extra
2000108,12-12-2024,compra,-100,Ingreso extra
2000104,10/07/2024,compra,1500,
2000102,09-02-2024,retiro,1500,Ingreso navideño
2000103,2024/09/24,deposito,1500,
2000112,12-06-2024,deposito,3000,Ingreso navideño
2000105,2024-08-11,deposito,,Compra en tienda
2000112,2024/04/01,compra,2500,
2000108,2024-12-08,retiro,1500,
2000108,30-09-2024,retiro,-500,
2000106,2024/07/20,deposito,2500,Retiro parcial
2000102,2024-04-29,retiro,2000,
2000113,20-07-2024,compra,2500,Retiro parcial
2000119,24-10-2024,compra,2000,
2000107,2024/03/18,compra,5000,
2000108,2024-02-21,depósito,1500,Retiro parcial
2000120,24/03/2024,retiro,2000,Compra en tienda
2000112,05-07-2024,depósito,1000,Compra en tienda
2000104,07/01/2024,compra,1000,Retiro parcial
2000112,2024-12-11,retiro,3000,
2000110,03/11/2024,compra,-100,Ingreso extra
2000108,2024-09-29,deposito,,Ingreso extra
2000113,28-12-2024,deposito,2000,
2000116,02-11-2024,depósito,2000,Ingreso mensual
2000106,02-02-2024,compra,1500,Compra en tienda
2000114,30/05/2024,compra,2500,
2000113,2024/12/11,depósito,1500,Compra en tienda
2000107,16-02-2024,compra,2500,Ingreso mensual
2000102,11-03-2024,deposito,-100,
2000108,13-03-2024,deposito,2000,Retiro parcial
2000101,22/03/2024,retiro,2000,Retiro parcial
2000105,2024-04-03,retiro,1000,Retiro parcial
2000105,14-08-2024,retiro,1000,Ingreso navideño
2000103,23/07/2024,compra,3000,Retiro parcial
2000109,2024/01/21,depósito,2000,Ingreso navideño
2000103,2024-02-12,compra,3000,Compra en tienda
2000120,2024/02/03,retiro,2500,
2000102,01-11-2024,compra,-100,Retiro parcial
2000111,16-02-2024,retiro,2000,Ingreso mensual
2000104,08-08-2024,compra,-100,Ingreso mensual
2000106,2024-09-27,compra,-100,Ingreso mensual
2000106,04/04/2024,compra,2500,Retiro parcial
2000117,29-08-2024,retiro,1000,Ingreso mensual
2000116,2024/05/13,retiro,1000,Ingreso mensual
2000106,2024/05/04,compra,-500,Retiro parcial
2000105,2024-12-13,compra,3000,Ingreso mensual
2000120,04/03/2024,compra,2500,
2000104,2024/10/10,retiro,2500,Ingreso navideño
2000116,2024-11-01,deposito,-100,Compra en tienda
2000101,03-06-2024,deposito,2000,Compra en tienda
2000118,19/08/2024,compra,1500,Ingreso mensual
2000106,03-09-2024,compra,3000,
2000101,25-09-2024,deposito,2500,Ingreso mensual
2000101,2024-12-26,deposito,-100,
2000118,2024-04-18,deposito,3000,Retiro parcial
2000111,28-03-2024,deposito,5000,Ingreso navideño
2000118,2024/10/11,compra,3000,Ingreso mensual
2000109,2024/11/09,retiro,2000,Compra en tienda
2000109,31/10/2024,retiro,5000,
2000108,2024/01/26,retiro,3000,Ingreso mensual
2000114,2024-10-29,retiro,2500,Ingreso mensual
2000111,2024-07-30,depósito,3000,Compra en tienda
2000110,2024/11/15,compra,-100,Retiro parcial
2000116,17-01-2024,retiro,-100,Ingreso navideño
2000101,04/02/2024,depósito,2500,Compra en tienda
2000106,25-07-2024,compra,1500,
2000107,11/08/2024,retiro,-100,Ingreso extra
2000104,30/07/2024,compra,3000,Retiro parcial
2000119,2024/02/29,compra,,Ingreso mensual
2000115,31/10/2024,compra,1500,Ingreso mensual
2000111,09-04-2024,retiro,2500,Ingreso mensual
2000114,21-02-2024,pago,-500,Ingreso extra
2000104,31-01-2024,retiro,1500,Compra en tienda
2000117,2024/08/26,depósito,3000,Ingreso mensual
2000114,2024/10/03,compra,3000,Ingreso extra
2000101,07-03-2024,retiro,-100,
2000102,2024/12/24,pago,3000,Ingreso extra
2000119,27/07/2024,retiro,-500,Compra en tienda
2000116,2024/10/31,retiro,3000,
2000108,23/10/2024,retiro,2000,Compra en tienda
2000118,19/01/2024,retiro,5000,Ingreso extra
2000112,22/11/2024,compra,2000,Ingreso navideño
2000101,2024/01/17,pago,-100,
2000117,05-09-2024,deposito,2000,Ingreso mensual
2000108,2024/06/30,compra,2500,
2000109,2024-01-22,retiro,-100,
2000104,26/05/2024,deposito,2500,Ingreso navideño
2000108,31/10/2024,deposito,-500,Retiro parcial
2000109,21-10-2024,deposito,2500,Ingreso navideño
2000115,2024/07/12,compra,1500,
2000106,2024/03/23,compra,2000,Compra en tienda
2000115,19/06/2024,compra,2000,
2000113,13/06/2024,deposito,-500,Ingreso mensual
2000109,12/02/2024,compra,-100,Retiro parcial
2000104,2024/03/19,retiro,-500,Ingreso extra
2000110,2024/11/25,compra,2000,Ingreso mensual
2000104,16-07-2024,compra,1000,
2000120,03-10-2024,deposito,2500,Compra en tienda
2000120,2024/12/21,compra,-500,Compra en tienda
2000103,29-07-2024,compra,3000,Ingreso navideño
2000107,09/04/2024,deposito,1000,Ingreso mensual
2000115,2024/12/22,retiro,-100,Ingreso mensual
2000108,22-09-2024,retiro,-500,Ingreso extra
2000111,04/12/2024,depósito,1000,Ingreso extra
2000110,2024/07/08,retiro,2000,
2000116,2024/10/07,compra,3000,Retiro parcial
2000103,02-09-2024,retiro,1500,Ingreso navideño
2000108,12-03-2024,deposito,-500,Ingreso mensual
2000113,14-09-2024,deposito,2000,Ingreso mensual
2000118,2024-09-01,compra,-100,Ingreso mensual
2000112,12-06-2024,retiro,-500,Ingreso navideño
2000119,23-12-2024,compra,-500,Ingreso navideño
2000112,17-07-2024,retiro,-100,Ingreso mensual
2000105,17/12/2024,retiro,,Retiro parcial
2000115,2024/04/04,deposito,-100,Ingreso extra
2000120,2024/07/10,compra,3000,
2000104,2024/04/02,deposito,1500,Retiro parcial
2000109,21/01/2024,deposito,2000,
2000118,15-06-2024,retiro,3000,
2000105,21/04/2024,retiro,1500,Ingreso extra
2000103,2024-03-10,compra,3000,
2000104,2024-07-17,compra,,Retiro parcial
2000104,23-05-2024,compra,1500,Ingreso extra
2000119,2024-05-22,deposito,1000,Ingreso mensual
2000111,04/05/2024,deposito,,Ingreso navideño
2000116,12-09-2024,deposito,3000,Ingreso mensual
2000116,2024/10/06,retiro,2500,Ingreso extra
2000116,22/09/2024,deposito,2000,Ingreso extra
2000107,08/08/2024,compra,-500,Retiro parcial
2000117,01-11-2024,deposito,,
2000110,13-12-2024,deposito,1000,Ingreso extra
2000102,2024/05/23,pago,-500,Ingreso mensual
2000120,2024-07-26,retiro,,Ingreso mensual
2000113,03/12/2024,retiro,2000,Ingreso navideño
2000114,2024/05/14,retiro,3000,
2000102,2024/08/30,retiro,,Ingreso navideño
2000110,2024/05/01,retiro,2500,Compra en tienda
2000111,2024-05-10,retiro,1500,Compra en tienda
2000103,2024-07-15,pago,3000,
2000102,2024/08/03,pago,1000,
2000112,25-11-2024,deposito,1500,Ingreso navideño
2000117,27-04-2024,compra,3000,Retiro parcial
2000110,2024/08/11,compra,-500,Compra en tienda
2000116,06/12/2024,retiro,2000,Ingreso mensual
2000112,2024/08/26,retiro,1500,
2000107,09/03/2024,deposito,-500,Ingreso mensual
2000107,15-06-2024,compra,,
2000117,2024/03/07,retiro,3000,Ingreso mensual
2000101,06-10-2024,deposito,1500,Ingreso mensual
2000116,2024-01-03,deposito,2500,Ingreso navideño
2000117,2024/12/08,retiro,3000,Ingreso extra
2000108,2024/11/02,deposito,2500,Ingreso extra
2000102,2024/02/14,retiro,3000,
2000119,24/10/2024,depósito,1000,Ingreso navideño
2000118,26-03-2024,compra,1500,
2000102,2024/10/12,retiro,1500,Ingreso mensual
2000110,14-01-2024,pago,1500,Retiro parcial
2000111,2024-11-04,retiro,3000,Retiro parcial
2000109,2024/02/13,pago,-500,Ingreso extra
2000114,2024-03-16,compra,,Retiro parcial
2000109,2024/10/18,compra,1000,Retiro parcial
2000105,12/01/2024,deposito,1000,Retiro parcial
2000103,08-12-2024,deposito,-500,Compra en tienda
2000115,2024-12-28,deposito,2500,
2000116,2024/04/05,compra,-500,Ingreso navideño
2000107,2024-05-31,deposito,-100,Retiro parcial
2000101,22/12/2024,deposito,2500,Ingreso navideño
2000104,2024-11-05,pago,2000,Ingreso mensual
2000110,23/11/2024,compra,1500,Ingreso mensual
2000101,2024-04-26,compra,1500,Ingreso extra
2000115,13/11/2024,compra,2000,Compra en tienda
2000101,12-06-2024,deposito,2000,Ingreso extra
2000109,14-07-2024,depósito,2000,Ingreso mensual
2000101,22-11-2024,retiro,1000,
2000106,2024-09-26,deposito,-500,Ingreso extra
2000119,2024-10-18,retiro,-100,Compra en tienda
2000102,24/08/2024,retiro,-500,Retiro parcial
2000113,2024-02-27,deposito,1000,Ingreso mensual
2000108,17/07/2024,compra,3000,Ingreso extra
2000112,2024-01-20,retiro,5000,
2000119,2024-07-01,deposito,2000,
2000117,2024/03/29,compra,2000,Compra en tienda
2000113,2024-03-09,compra,-100,Compra en tienda
2000111,2024/10/31,retiro,-500,
2000120,15-04-2024,pago,1000,Compra en tienda
2000112,2024-10-06,deposito,2000,Ingreso extra
2000102,2024/05/26,pago,2500,Ingreso mensual
2000105,24/05/2024,compra,3000,Ingreso mensual
2000107,03/03/2024,retiro,1500,
2000118,09/06/2024,retiro,,Ingreso navideño
2000105,13-05-2024,deposito,-100,Retiro parcial
2000106,2024-01-29,deposito,2500,
2000104,2024/06/24,retiro,1000,
2000109,30-08-2024,deposito,3000,
2000118,17/12/2024,deposito,2500,Ingreso extra
2000104,15/04/2024,compra,3000,Ingreso navideño
2000107,2024/05/02,deposito,2500,Retiro parcial
2000118,2024-11-14,retiro,-500,
2000102,04/10/2024,compra,-500,Retiro parcial
2000114,2024-04-23,deposito,1500,Compra en tienda
2000119,2024-11-18,retiro,3000,Ingreso navideño
2000111,25/01/2024,depósito,2500,Compra en tienda
2000117,13-09-2024,pago,1500,Ingreso extra
2000102,11/05/2024,retiro,-100,Ingreso extra
2000112,2024-05-30,pago,-100,Ingreso navideño
2000106,2024/07/20,compra,2000,Compra en tienda
2000103,2024-12-23,retiro,2500,
2000120,2024-02-07,deposito,1500,Retiro parcial
2000120,16/01/2024,compra,2000,
2000109,2024-11-14,deposito,1500,Compra en tienda
2000113,2024-09-08,deposito,-100,Ingreso navideño
2000109,10-03-2024,deposito,3000,Retiro parcial
2000106,22/02/2024,compra,1000,Ingreso navideño
2000105,10-07-2024,retiro,3000,Ingreso mensual
2000102,09/12/2024,deposito,1500,Ingreso extra
2000119,17-08-2024,compra,2500,
2000120,2024-05-15,retiro,-500,Ingreso navideño
2000110,2024/11/15,deposito,0,
2000114,29/12/2024,deposito,2000,Compra en tienda
2000102,2024-10-06,retiro,-500,
2000109,2024-06-25,deposito,2500,Retiro parcial
2000104,09-08-2024,compra,3000,
2000116,2024/03/10,retiro,,Ingreso mensual
2000115,2024-01-23,compra,1000,Ingreso extra
2000119,08/08/2024,compra,1000,
2000108,2024-11-23,retiro,1500,Compra en tienda
2000112,01/06/2024,retiro,3000,Compra en tienda
2000104,13-01-2024,compra,3000,Ingreso navideño
2000117,25/04/2024,compra,-100,Retiro parcial
2000115,2024-11-24,retiro,1500,
2000112,09-08-2024,deposito,1500,Ingreso mensual
2000114,2024/06/08,retiro,2000,
2000120,2024/04/03,compra,2000,Retiro parcial
2000113,29/10/2024,deposito,2000,
2000115,2024/03/10,deposito,3000,Ingreso extra
2000117,2024-11-07,compra,3000,Ingreso navideño
2000114,2024/04/16,compra,1500,Retiro parcial
2000104,04/01/2024,deposito,1000,Ingreso mensual
2000113,02/12/2024,deposito,2000,Compra en tienda
2000106,2024-06-28,retiro,1500,Ingreso mensual
2000101,2024/08/24,compra,0,Compra en tienda
2000104,31/05/2024,retiro,,
2000105,2024/05/29,deposito,3000,Ingreso navideño
2000115,01/03/2024,retiro,1000,
2000104,2024/07/03,deposito,2000,Compra en tienda
2000120,2024/02/12,compra,1500,Retiro parcial
2000112,2024/04/06,compra,1500,Ingreso navideño
2000120,2024-07-28,retiro,3000,Ingreso mensual
2000110,2024-06-20,retiro,-500,Ingreso navideño
2000115,25-04-2024,retiro,-100,Ingreso mensual
2000111,25-09-2024,compra,2500,Ingreso navideño
2000102,30/03/2024,compra,3000,
2000116,15/05/2024,retiro,1000,Compra en tienda
2000105,2024-01-29,compra,1000,Ingreso navideño
2000110,17/04/2024,compra,3000,Ingreso navideño
2000108,2024/11/21,deposito,-500,Ingreso navideño
2000105,2024/04/20,retiro,-500,Retiro parcial
2000110,2024/11/01,retiro,-500,Ingreso navideño
2000108,2024/04/01,retiro,2500,
2000120,2024/07/13,deposito,1500,Ingreso mensual
2000117,27/04/2024,deposito,1500,Ingreso navideño
2000120,2024/12/27,compra,-100,
2000104,2024/07/07,deposito,-100,
2000111,15/08/2024,deposito,1500,Ingreso extra
2000106,27-08-2024,depósito,2000,Compra en tienda
2000109,29-08-2024,retiro,2500,Retiro parcial
2000113,13/12/2024,compra,,Ingreso navideño
2000105,2024/07/01,compra,1500,
2000112,18-07-2024,deposito,1000,Ingreso extra
2000117,15/11/2024,deposito,0,Ingreso navideño
2000103,2024-10-11,deposito,2500,
2000102,20/10/2024,depósito,3000,Ingreso extra
2000102,2024-03-02,compra,1000,Ingreso extra
2000115,13-03-2024,compra,1500,Ingreso extra
2000108,2024/10/01,retiro,1000,Retiro parcial
2000116,28-05-2024,compra,3000,Compra en tienda
2000102,2024/12/27,retiro,,Compra en tienda
2000104,13-08-2024,retiro,-500,Ingreso mensual
2000119,19-09-2024,retiro,-500,Ingreso navideño
2000114,03/11/2024,retiro,2000,
2000116,04-04-2024,compra,,Ingreso navideño
2000108,03-02-2024,retiro,2500,Ingreso mensual
2000109,2024-06-20,deposito,3000,
2000106,25/03/2024,compra,2000,Ingreso extra
2000106,22/08/2024,compra,-500,Ingreso mensual
2000115,24/10/2024,retiro,1000,
2000102,01-10-2024,compra,-500,Compra en tienda
2000119,2024-12-13,retiro,1500,Ingreso extra
2000106,25/06/2024,deposito,1000,Retiro parcial
2000105,10/04/2024,retiro,-500,Retiro parcial
2000115,2024/02/22,deposito,1500,
2000113,2024/08/30,retiro,2000,Ingreso extra
2000115,2024/04/24,deposito,2000,Ingreso mensual
2000106,30/01/2024,retiro,-500,Compra en tienda
2000118,19-06-2024,deposito,3000,
2000113,09-06-2024,deposito,3000,Ingreso navideño
2000110,24-03-2024,compra,-100,Ingreso extra
2000107,2024-03-29,retiro,2000,Retiro parcial
2000112,2024/04/29,retiro,2500,Ingreso navideño
2000102,2024-05-18,compra,1000,
2000102,2024-06-26,retiro,-100,Ingreso navideño
2000101,07/03/2024,deposito,3000,
2000111,06-10-2024,deposito,1500,Retiro parcial
2000112,07-08-2024,retiro,3000,
2000112,2024/09/06,deposito,0,Compra en tienda
2000118,03-10-2024,deposito,3000,Ingreso mensual
2000118,2024-05-12,pago,-500,
2000116,14/11/2024,deposito,3000,
2000110,07/03/2024,retiro,-100,Retiro parcial
2000116,28-04-2024,deposito,1000,Ingreso navideño
2000116,12-10-2024,deposito,-100,Ingreso extra
2000118,07/04/2024,deposito,1000,Compra en tienda
2000118,19-01-2024,retiro,1000,
2000111,07-07-2024,deposito,2500,Retiro parcial
2000118,2024-07-14,deposito,3000,Ingreso navideño
2000117,2024-09-04,retiro,5000,
2000102,09-08-2024,compra,3000,Ingreso navideño
2000118,06-01-2024,compra,3000,Compra en tienda
2000120,18-11-2024,retiro,2000,Ingreso extra
2000108,21/06/2024,retiro,2500,
2000105,04/07/2024,deposito,1000,
2000101,2024-08-01,retiro,2000,Ingreso extra
2000110,05/08/2024,deposito,1000,
2000107,2024-04-03,retiro,-500,
2000104,2024/08/29,retiro,2500,Ingreso mensual
2000108,2024/11/17,deposito,-100,Ingreso mensual
2000103,2024/05/08,compra,1000,Ingreso mensual
2000102,13-03-2024,compra,-100,Ingreso extra
2000102,2024/10/11,retiro,1500,Ingreso mensual
2000101,2024/04/20,compra,-100,Ingreso navideño
2000114,2024/04/13,compra,-100,Ingreso extra
2000105,2024/03/11,retiro,,Ingreso navideño
2000105,14/02/2024,retiro,-100,Ingreso navideño
2000112,2024-09-27,deposito,2000,
2000119,16-02-2024,deposito,-500,Retiro parcial
2000101,2024-04-08,retiro,-100,
2000118,01/08/2024,deposito,2500,
2000108,2024-04-17,compra,2000,Retiro parcial
2000106,15/03/2024,compra,2500,Ingreso extra
2000105,12/01/2024,retiro,1500,Ingreso extra
2000102,03-04-2024,retiro,3000,Ingreso mensual
2000106,11-12-2024,deposito,-100,
2000112,2024/10/16,retiro,-100,Ingreso navideño
2000106,22-02-2024,compra,1500,Ingreso extra
2000120,06-08-2024,deposito,-500,Retiro parcial
2000105,30/11/2024,deposito,-500,Ingreso navideño
2000103,04-09-2024,deposito,-500,Ingreso navideño
2000115,26/07/2024,compra,-500,Retiro parcial
2000104,01/10/2024,pago,-500,Retiro parcial
2000109,18-03-2024,compra,-500,Ingreso extra
2000118,12/09/2024,compra,-100,Retiro parcial
2000111,05/08/2024,retiro,-100,Compra en tienda
2000103,26-10-2024,compra,2000,Ingreso mensual
2000109,17-02-2024,deposito,1000,Ingreso navideño
2000114,2024-08-10,deposito,-500,Retiro parcial
2000109,2024-09-03,retiro,,Ingreso navideño
2000115,2024/09/14,compra,-100,Ingreso mensual
2000114,2024-02-19,retiro,1000,Ingreso navideño
2000104,2024-04-02,retiro,-100,Ingreso mensual
2000106,07-12-2024,retiro,2500,Ingreso navideño
2000108,29-01-2024,retiro,3000,Ingreso navideño
2000101,17/01/2024,retiro,-100,Compra en tienda
2000116,2024/05/25,deposito,3000,Ingreso mensual
2000118,11/01/2024,retiro,,
2000110,24/12/2024,retiro,3000,Retiro parcial
2000102,2024-10-10,retiro,-100,Ingreso navideño
2000106,2024-07-12,deposito,-100,Retiro parcial
2000114,2024-03-26,deposito,2000,Ingreso navideño
2000105,2024-06-07,deposito,2000,Ingreso mensual
2000120,27-02-2024,retiro,5000,
2000119,2024/07/25,retiro,2500,Ingreso navideño
2000114,2024/09/16,compra,,Ingreso extra
2000106,31/08/2024,compra,-100,Ingreso navideño
2000103,25-06-2024,deposito,1500,
2000112,01/12/2024,compra,2000,Ingreso extra
2000106,10/04/2024,deposito,-500,
2000109,11-05-2024,retiro,3000,Compra en tienda
2000114,22/12/2024,depósito,1500,Ingreso mensual
2000105,09/12/2024,retiro,1500,Ingreso navideño
2000109,20/07/2024,deposito,1500,Ingreso navideño
2000109,11-11-2024,compra,3000,Ingreso mensual
2000105,2024/04/18,pago,3000,Retiro parcial
2000114,10-12-2024,deposito,1500,
2000105,2024-05-23,compra,-100,Ingreso extra
2000103,2024/04/03,compra,2500,Retiro parcial
2000102,23-04-2024,compra,2000,Ingreso navideño
2000101,2024-06-30,deposito,1500,Ingreso extra
2000106,2024-01-29,compra,1000,Retiro parcial
2000105,04-12-2024,compra,1000,
2000105,27-01-2024,deposito,2000,Retiro parcial
2000105,16-08-2024,deposito,2500,Ingreso extra
2000117,2024-08-02,deposito,-100,Compra en tienda
2000113,29/10/2024,compra,2000,Compra en tienda
2000104,17/02/2024,depósito,1500,Retiro parcial
2000118,2024-02-18,deposito,2500,
2000107,08-05-2024,compra,,Retiro parcial
2000117,2024/11/17,depósito,1500,Retiro parcial
2000105,28/11/2024,deposito,1500,Ingreso extra
2000103,09-05-2024,deposito,-500,Retiro parcial
2000112,2024/03/15,compra,,Ingreso extra
2000108,03-09-2024,compra,1000,Retiro parcial
2000114,2024/10/10,compra,1500,
2000118,2024/02/07,compra,3000,Ingreso extra
2000107,2024/12/12,retiro,2000,Ingreso mensual
2000103,22-04-2024,compra,-100,Compra en tienda
2000102,16/04/2024,deposito,1500,Ingreso mensual
2000101,05/09/2024,deposito,2500,Ingreso extra
2000117,2024-03-01,deposito,3000,Ingreso extra
2000107,28-08-2024,pago,-500,Retiro parcial
2000119,2024/05/13,deposito,2000,Ingreso navideño
2000104,01/10/2024,deposito,-100,
2000107,2024/06/18,compra,2000,Retiro parcial
2000112,2024/05/11,pago,1500,Ingreso navideño
2000101,29-04-2024,deposito,3000,Ingreso extra
2000107,2024-10-31,retiro,-100,
2000117,2024-05-21,deposito,1500,Ingreso extra
2000119,13/02/2024,retiro,3000,Retiro parcial
2000113,2024/09/13,retiro,,
2000102,07/03/2024,retiro,2500,Ingreso mensual
2000106,2024-12-04,retiro,2000,Ingreso extra
2000116,2024/08/20,deposito,1500,
2000115,24-10-2024,retiro,1500,
2000119,11-09-2024,compra,2000,Compra en tienda
2000112,2024/03/19,depósito,1500,Compra en tienda
2000119,2024/02/11,deposito,0,Compra en tienda
2000111,2024-06-29,deposito,2500,Ingreso mensual
2000115,03-11-2024,compra,1000,Ingreso navideño
2000101,11/11/2024,compra,1000,Ingreso navideño
2000113,29-02-2024,deposito,2000,Ingreso navideño
2000109,24-05-2024,retiro,1000,Retiro parcial
2000116,11/07/2024,compra,-500,
2000111,2024-09-26,retiro,-500,Compra en tienda
2000117,2024/01/13,retiro,1000,Compra en tienda
2000114,2024/09/23,deposito,-100,Ingreso navideño
2000113,2024-09-02,depósito,3000,Compra en tienda
2000108,2024/11/07,retiro,2500,Ingreso extra
2000113,2024-05-11,compra,2500,
2000116,2024-06-30,retiro,1000,Ingreso extra
2000110,13-07-2024,deposito,3000,Ingreso extra
2000116,27/06/2024,deposito,5000,Ingreso navideño
2000108,2024/11/14,compra,3000,
2000118,07-10-2024,compra,3000,Retiro parcial
2000104,31-05-2024,retiro,1500,Retiro parcial
2000104,30-08-2024,retiro,-100,
2000118,04/04/2024,retiro,2000,
2000116,28/08/2024,deposito,2500,
2000111,2024/01/18,compra,2500,
2000116,2024/11/18,retiro,3000,Ingreso extra
2000103,2024/06/03,compra,-100,Ingreso extra
2000114,01/09/2024,retiro,2500,
2000110,2024-11-03,compra,-500,Ingreso mensual
2000112,12-01-2024,depósito,1500,Ingreso extra
2000109,2024/06/20,retiro,1000,Retiro parcial
2000117,20-07-2024,retiro,2500,
2000119,20/08/2024,deposito,2500,Compra en tienda
2000110,21/11/2024,retiro,-100,
2000115,2024/04/08,compra,1000,Ingreso navideño
2000103,13-09-2024,compra,,
2000119,2024/04/11,pago,2000,Ingreso extra
2000101,30-01-2024,depósito,3000,Compra en tienda
2000116,2024/03/08,compra,2000,Ingreso extra
2000102,2024-08-13,compra,5000,Retiro parcial
2000118,14/03/2024,deposito,3000,Retiro parcial
2000118,2024-04-21,deposito,-500,Ingreso navideño
2000112,2024/02/08,deposito,-500,
2000116,2024/07/05,retiro,2000,
2000115,17/09/2024,compra,2500,
2000106,15/06/2024,compra,2500,Ingreso navideño
2000114,2024/10/22,retiro,1500,Retiro parcial
2000108,2024-12-17,deposito,1000,Retiro parcial
2000111,2024-10-22,depósito,3000,
2000108,2024-04-17,retiro,1500,Ingreso extra
2000111,2024-06-24,compra,1000,
2000101,2024/06/20,deposito,-100,
2000104,08-05-2024,deposito,-100,
2000118,2024/11/08,compra,-500,Ingreso navideño
2000102,14-01-2024,compra,1500,Retiro parcial
2000105,2024-03-07,deposito,1000,Ingreso extra
2000105,26/04/2024,deposito,-500,Ingreso mensual
2000111,18-04-2024,compra,-100,Ingreso mensual
2000107,2024/12/14,compra,1500,Retiro parcial
2000104,2024-08-12,deposito,1000,Ingreso mensual
2000106,22-11-2024,deposito,2500,Compra en tienda
2000105,2024-04-29,compra,-100,Ingreso mensual
2000110,02-07-2024,pago,2500,Compra en tienda
2000117,13-06-2024,retiro,1500,Ingreso extra
2000116,13/11/2024,compra,1500,Ingreso extra
2000104,28/07/2024,deposito,-500,Ingreso navideño
2000114,05/12/2024,retiro,1500,Compra en tienda
2000114,2024-11-14,deposito,-100,Ingreso mensual
2000109,15/05/2024,deposito,2500,Retiro parcial
2000111,21/07/2024,retiro,1500,Ingreso mensual
2000106,2024-10-12,compra,1500,Ingreso navideño
2000119,2024/09/20,compra,2500,Retiro parcial
2000115,13-04-2024,depósito,3000,Ingreso extra
2000113,08/11/2024,compra,1500,
2000111,26-09-2024,retiro,1000,Ingreso mensual
2000110,2024/08/03,compra,1000,
2000110,2024-09-09,retiro,-100,Compra en tienda
2000103,05/06/2024,depósito,-100,Retiro parcial
2000107,2024-03-19,compra,1000,Ingreso extra
2000101,2024-08-04,compra,2000,Compra en tienda
2000111,2024/05/01,deposito,1500,Ingreso extra
2000109,23-09-2024,retiro,-500,Ingreso mensual
2000104,23/05/2024,compra,3000,Ingreso navideño
2000110,10-03-2024,retiro,-100,
2000105,2024/05/16,deposito,-500,Ingreso extra
2000115,2024-11-29,deposito,1000,Ingreso extra
2000103,17/01/2024,compra,-100,Compra en tienda
2000103,2024-09-28,deposito,-100,Ingreso mensual
2000111,2024/02/09,retiro,3000,Ingreso extra
2000119,2024/01/29,deposito,0,
2000116,2024-02-16,compra,2000,
2000107,27-11-2024,retiro,2500,
2000102,2024-11-14,compra,1500,Retiro parcial
2000116,2024/04/06,deposito,3000,Ingreso mensual
2000116,14-02-2024,deposito,1000,Ingreso extra
2000107,2024/12/26,deposito,2000,
2000114,20/05/2024,retiro,1000,Ingreso navideño
2000117,11/07/2024,compra,2500,Ingreso extra
2000114,2024-04-10,depósito,-500,Ingreso navideño
2000102,2024-09-08,depósito,2000,Compra en tienda
2000105,2024/09/28,compra,2500,
2000120,15/09/2024,retiro,-500,Compra en tienda
2000101,09-01-2024,compra,1500,
2000108,17/11/2024,retiro,-100,
2000111,2024/06/08,retiro,3000,Ingreso extra
2000116,2024/10/15,compra,-100,Ingreso navideño
2000119,16/07/2024,deposito,2500,Ingreso navideño
2000116,01-02-2024,retiro,3000,Ingreso navideño
2000106,2024-03-12,compra,3000,Ingreso extra
2000119,23-09-2024,compra,2000,Retiro parcial
2000106,2024-11-11,deposito,-500,Ingreso extra
2000118,03-03-2024,retiro,1500,Ingreso mensual
2000106,01-07-2024,compra,3000,Ingreso mensual
2000116,29/10/2024,compra,3000,Retiro parcial
2000115,2024-06-24,deposito,-500,Ingreso navideño
2000108,2024-07-08,retiro,-100,Ingreso navideño
2000110,2024/08/08,compra,-500,Ingreso extra
2000101,2024-07-20,retiro,2000,Compra en tienda
2000110,08-02-2024,compra,,Retiro parcial
2000102,2024/07/20,compra,1500,Ingreso mensual
2000108,2024-04-16,compra,3000,Compra en tienda
2000105,01/09/2024,deposito,,Ingreso mensual
2000103,2024/09/29,compra,-100,
2000107,2024/10/10,deposito,2000,Ingreso mensual
2000107,24-01-2024,deposito,-500,Ingreso mensual
2000112,02/09/2024,compra,1500,
2000106,17/06/2024,deposito,2000,Ingreso navideño
2000101,2024-11-23,compra,1500,Compra en tienda
2000107,2024/05/05,compra,3000,Ingreso mensual
2000115,12-08-2024,retiro,2000,Ingreso extra
2000101,2024/06/28,depósito,1500,Ingreso extra
2000112,24/08/2024,deposito,3000,Retiro parcial
2000116,08-06-2024,deposito,-500,
2000107,14-02-2024,compra,1500,Retiro parcial
2000119,2024-09-29,deposito,-100,Ingreso mensual
2000110,30/05/2024,compra,2500,Ingreso mensual
2000112,20-03-2024,deposito,3000,Retiro parcial
2000114,26-07-2024,compra,2000,Ingreso navideño
2000106,2024-10-19,retiro,1500,
2000107,2024-05-05,deposito,2500,
2000105,2024/02/15,deposito,1000,Ingreso extra
2000106,18-03-2024,deposito,1500,Ingreso mensual
2000104,16-03-2024,compra,2000,Compra en tienda
2000113,16/08/2024,compra,2000,Ingreso navideño
2000112,09/01/2024,compra,5000,Ingreso extra
2000113,09/10/2024,compra,-500,Ingreso extra
2000105,2024/02/06,retiro,-100,Retiro parcial
2000107,2024/10/17,pago,2500,
2000101,03-04-2024,pago,1500,Retiro parcial
2000105,2024-02-18,retiro,3000,Retiro parcial
2000102,2024-07-28,retiro,1000,
2000116,19/03/2024,compra,-500,Ingreso navideño
2000102,06/12/2024,deposito,2500,Retiro parcial
2000101,2024/08/31,deposito,3000,
2000120,2024-03-21,deposito,2500,Ingreso navideño
2000114,2024/06/06,retiro,2000,Ingreso extra
2000110,2024/06/06,compra,-100,Compra en tienda
2000107,16-12-2024,compra,3000,Compra en tienda
2000116,2024/06/12,deposito,1500,Ingreso mensual
2000115,27/09/2024,deposito,2500,Ingreso navideño
2000104,2024/05/30,retiro,2500,Compra en tienda
2000109,15-07-2024,compra,0,Compra en tienda
2000118,2024-05-22,retiro,1000,Ingreso extra
2000119,06-08-2024,deposito,1000,Retiro parcial
2000108,2024/10/12,pago,-100,Compra en tienda
2000103,03/10/2024,compra,1500,Ingreso navideño
2000108,01-12-2024,retiro,1000,
2000106,30/05/2024,depósito,2500,Ingreso navideño
2000101,12-01-2024,compra,-500,
2000109,05-08-2024,compra,3000,Ingreso navideño
2000114,2024-05-18,deposito,,Retiro parcial
2000115,10-01-2024,compra,2500,
2000101,2024/05/25,deposito,-100,Ingreso mensual
2000114,2024/01/22,depósito,-500,Ingreso mensual
2000107,02-01-2024,retiro,2000,Ingreso extra
2000119,09-09-2024,deposito,2000,Ingreso navideño
2000120,2024/02/07,retiro,-100,Ingreso mensual
2000112,2024/08/11,deposito,,
2000101,2024/09/02,depósito,3000,Ingreso navideño
2000107,2024-02-07,deposito,,Ingreso navideño
2000101,2024-09-30,deposito,-500,
2000106,15/09/2024,deposito,2000,
2000110,26/05/2024,retiro,3000,
2000105,23/09/2024,compra,1000,
2000118,20/05/2024,retiro,,Ingreso mensual
2000109,2024-04-03,compra,1500,Ingreso extra
2000107,2024-08-29,depósito,-100,Retiro parcial
2000111,29-10-2024,retiro,2500,
2000117,11/03/2024,deposito,2500,Retiro parcial
2000112,21-06-2024,retiro,1500,
2000105,2024/02/21,compra,1000,Ingreso extra
2000107,03-12-2024,compra,-500,
2000108,2024-12-20,retiro,2000,Retiro parcial
2000105,22-04-2024,retiro,-500,
2000107,18/02/2024,pago,2000,Compra en tienda
2000101,01-09-2024,compra,,
2000118,2024/10/27,depósito,2500,Compra en tienda
2000102,2024/05/30,retiro,3000,
2000103,20/04/2024,depósito,2000,Retiro parcial
2000119,25-06-2024,compra,2500,Ingreso extra
2000111,2024/08/08,compra,3000,
2000108,2024-01-27,retiro,2000,Ingreso extra
2000107,11-05-2024,retiro,3000,Compra en tienda
2000101,2024-11-24,deposito,-100,
2000104,2024-06-20,compra,-500,Ingreso extra
2000109,2024-08-19,retiro,-500,Compra en tienda
2000101,27-05-2024,deposito,,Ingreso navideño
2000108,20-12-2024,depósito,2500,Ingreso mensual
2000104,18-01-2024,retiro,5000,Ingreso extra
2000113,2024-05-02,compra,-100,Retiro parcial
2000114,15-02-2024,deposito,3000,Ingreso mensual
2000104,19-09-2024,deposito,2500,Compra en tienda
2000105,07-08-2024,deposito,2500,
2000108,19/11/2024,retiro,2000,Ingreso navideño
2000102,29/11/2024,compra,,Compra en tienda
2000108,22-01-2024,depósito,-500,
2000114,2024/02/21,depósito,1000,Compra en tienda
2000109,2024/02/07,compra,2000,Compra en tienda
2000111,2024-04-29,deposito,5000,Ingreso mensual
2000117,25-11-2024,retiro,3000,Ingreso navideño
2000112,2024/08/30,depósito,-500,Retiro parcial
2000112,2024/11/06,deposito,2000,Retiro parcial
2000101,22/04/2024,compra,2500,Ingreso mensual
2000107,2024/06/16,retiro,2500,Ingreso mensual
2000114,2024-05-17,compra,-100,Ingreso extra
2000113,13/02/2024,pago,3000,Ingreso extra
2000118,23-10-2024,retiro,1500,Compra en tienda
2000106,28-10-2024,retiro,2500,Ingreso navideño
2000105,08/01/2024,compra,-100,Ingreso extra
2000116,18/12/2024,deposito,,Ingreso navideño
2000112,26-02-2024,deposito,3000,Ingreso mensual
2000110,03/04/2024,deposito,-100,
2000111,2024-02-16,retiro,1500,
2000119,30/04/2024,compra,2500,Ingreso navideño
2000117,31-07-2024,compra,1000,
2000115,17-10-2024,retiro,-100,Retiro parcial
2000120,01-05-2024,compra,3000,Retiro parcial
2000107,06/04/2024,retiro,,Ingreso mensual
2000119,2024-10-26,compra,2000,Retiro parcial
2000105,07-10-2024,compra,-100,Ingreso navideño
2000116,06-09-2024,deposito,-100,Retiro parcial
2000118,12/04/2024,deposito,-100,Ingreso extra
2000118,2024-12-28,compra,1500,
2000113,2024-11-21,retiro,1000,Compra en tienda
2000104,25/08/2024,deposito,1500,Retiro parcial
2000117,20/04/2024,deposito,1000,Retiro parcial
2000110,2024/07/08,deposito,1500,Ingreso navideño
2000113,03-09-2024,retiro,3000,
2000115,2024/01/10,deposito,-1000,Retiro parcial
2000102,11-05-2024,retiro,2000,
2000108,2024-02-20,retiro,-100,Compra en tienda
2000107,2024-12-21,compra,1500,
2000102,17-12-2024,deposito,-100,Compra en tienda
2000115,2024/04/30,compra,2500,
2000114,2024/11/17,compra,-100,Compra en tienda
2000106,2024/06/08,compra,2500,Ingreso navideño
2000117,2024-07-20,compra,-500,Compra en tienda
2000111,2024-03-11,depósito,-500,Ingreso extra
2000116,14/05/2024,compra,3000,
2000113,2024/05/09,compra,2500,Ingreso mensual
2000120,12-08-2024,retiro,-500,
2000116,2024-07-28,compra,-1000,Ingreso navideño
2000104,2024/11/17,retiro,2000,Ingreso navideño
2000108,2024-09-22,deposito,1000,Compra en tienda
2000117,2024/02/01,deposito,1500,Ingreso mensual
2000115,09-02-2024,compra,0,
2000111,27-04-2024,deposito,-100,Compra en tienda
2000104,2024-08-10,deposito,-500,Ingreso navideño
2000117,19-04-2024,retiro,,Retiro parcial
2000107,2024-01-15,deposito,-100,Ingreso navideño
2000114,19-02-2024,deposito,-500,
2000110,2024/09/10,deposito,2500,
2000116,2024-10-07,retiro,2000,Compra en tienda
2000112,09/11/2024,deposito,1000,Compra en tienda
2000101,2024/01/25,deposito,1000,Ingreso extra
2000119,04/06/2024,compra,3000,
2000105,11/01/2024,pago,2500,Retiro parcial
2000119,2024-05-26,compra,1000,Compra en tienda
2000119,27/10/2024,deposito,2500,
2000102,16/07/2024,deposito,-500,Ingreso navideño
2000112,12/02/2024,retiro,2000,Ingreso navideño
2000115,05/01/2024,compra,1500,
2000113,2024-11-13,pago,2000,Ingreso extra
2000111,27/12/2024,compra,-500,Ingreso mensual
2000120,02-11-2024,depósito,3000,Ingreso extra
2000114,13-11-2024,compra,2500,Ingreso extra
2000115,2024/12/01,pago,-100,Ingreso mensual
2000107,13/05/2024,compra,1000,Ingreso navideño
2000108,25/09/2024,deposito,1500,Ingreso extra
2000114,2024/08/31,deposito,3000,Ingreso mensual
2000102,2024-02-09,compra,-100,
2000114,02/04/2024,retiro,2000,Ingreso mensual
2000118,2024/08/17,deposito,3000,Ingreso mensual
2000116,16/07/2024,retiro,3000,
2000111,07-03-2024,deposito,,Ingreso mensual
2000112,2024-10-01,deposito,1000,Retiro parcial
2000107,2024-04-21,deposito,1000,Retiro parcial
2000114,2024/05/30,compra,2000,
2000118,04-12-2024,retiro,1000,Ingreso extra
2000120,05/06/2024,compra,1000,Retiro parcial
2000113,11/01/2024,compra,-100,
2000109,2024-03-22,depósito,1500,Compra en tienda
2000113,2024-11-07,compra,-500,Ingreso navideño
2000105,2024/01/04,retiro,1000,Ingreso navideño
2000118,2024/04/03,deposito,3000,Compra en tienda
2000108,2024/06/13,compra,1000,Retiro parcial
2000105,11/02/2024,pago,1500,Retiro parcial
2000109,2024-11-09,compra,3000,Ingreso mensual
2000118,2024-11-11,compra,3000,Ingreso navideño
2000111,20/06/2024,compra,-100,Ingreso navideño
2000112,13/11/2024,deposito,-500,
2000111,2024-12-11,pago,1500,Ingreso mensual
2000109,27/01/2024,deposito,1000,Compra en tienda
2000115,2024/02/14,deposito,1000,Compra en tienda
2000110,13/11/2024,compra,2500,Retiro parcial
2000103,20/06/2024,retiro,3000,Ingreso mensual
2000104,20/10/2024,compra,1500,Ingreso mensual
2000112,2024-12-27,retiro,-1000,Ingreso navideño
2000106,2024-04-23,compra,-500,Ingreso extra
2000119,2024/02/07,compra,3000,Ingreso navideño
2000119,2024/12/15,deposito,1500,
2000110,12/04/2024,depósito,3000,Compra en tienda
2000104,2024/10/23,compra,-100,
2000112,20/12/2024,retiro,-500,Retiro parcial
2000119,17-02-2024,deposito,2500,
2000104,08-01-2024,deposito,2500,Ingreso navideño
2000118,2024-04-28,deposito,-100,
2000117,2024-10-28,deposito,-100,
2000105,12-09-2024,deposito,2500,Retiro parcial
2000118,20/05/2024,pago,2000,
3000103,08-03-2024,deposito,3000,Retiro parcial
3000110,24-07-2024,retiro,1500,
3000109,2024/03/18,deposito,3000,Ingreso mensual
3000105,24/03/2024,deposito,1000,Ingreso navideño
3000120,2024/04/11,compra,,Ingreso mensual
3000120,2024-02-26,compra,1000,
3000102,18-12-2024,compra,3000,
3000105,2024/06/21,compra,3000,Ingreso extra
3000111,2024/09/16,compra,2500,Ingreso mensual
3000106,12/02/2024,deposito,-100,Ingreso navideño
3000106,21-06-2024,deposito,2000,Ingreso extra
3000106,2024/07/11,compra,1500,Ingreso navideño
3000108,2024-02-15,compra,3000,Ingreso mensual
3000110,13/11/2024,compra,-500,Ingreso mensual
3000109,04/12/2024,retiro,1000,Compra en tienda
3000102,19-04-2024,deposito,2000,
3000108,2024-07-19,retiro,2000,Retiro parcial
3000104,26-08-2024,retiro,2500,Compra en tienda
3000120,09-03-2024,retiro,3000,Compra en tienda
3000109,2024/05/02,deposito,3000,Ingreso mensual
3000116,2024/12/24,compra,2500,Compra en tienda
3000114,08/07/2024,compra,5000,Ingreso mensual
3000119,2024/08/15,retiro,1500,Ingreso extra
3000103,05-10-2024,compra,1000,Retiro parcial
3000102,2024/09/30,depósito,2000,Ingreso navideño
3000119,25/07/2024,retiro,-500,Ingreso mensual
3000103,11-08-2024,pago,1000,Compra en tienda
3000103,2024/12/19,compra,5000,Retiro parcial
3000111,2024-03-10,retiro,-500,Retiro parcial
3000111,2024-04-26,retiro,2000,Ingreso navideño
3000108,2024-12-22,deposito,1000,Ingreso extra
3000117,2024-01-11,deposito,-1000,Ingreso extra
3000113,24/01/2024,compra,5000,Compra en tienda
3000109,20-11-2024,retiro,-1000,Retiro parcial
3000113,25-01-2024,deposito,-500,Ingreso navideño
3000109,15/10/2024,retiro,-500,Ingreso extra
3000103,2024-05-09,retiro,3000,Ingreso extra
3000114,30-09-2024,deposito,1000,Ingreso mensual
3000120,13/01/2024,deposito,1000,Retiro parcial
3000113,2024-02-29,retiro,2500,Ingreso mensual
3000109,2024-11-27,deposito,2000,
3000117,30-05-2024,deposito,1000,Ingreso navideño
3000118,2024-09-01,retiro,-100,Ingreso navideño
3000112,2024/04/01,retiro,3000,Retiro parcial
3000105,2024-01-17,compra,-500,Ingreso mensual
3000116,2024/11/22,compra,2500,Compra en tienda
3000108,2024-05-14,deposito,3000,Ingreso extra
3000111,2024-07-19,compra,-100,Compra en tienda
3000107,2024-11-30,deposito,3000,Compra en tienda
3000111,2024/09/25,depósito,2000,Ingreso navideño
3000107,2024-02-29,deposito,-500,
3000102,2024/11/05,retiro,,Ingreso navideño
3000114,23-04-2024,retiro,2000,Compra en tienda
3000109,2024/03/09,deposito,3000,
3000104,2024/11/01,retiro,-500,Ingreso navideño
3000104,2024-02-02,retiro,-100,Ingreso mensual
3000113,02/05/2024,retiro,-100,Retiro parcial
3000113,11-01-2024,deposito,3000,Retiro parcial
3000105,01/12/2024,deposito,2000,Ingreso mensual
3000109,05-07-2024,retiro,-500,Compra en tienda
3000106,2024/04/06,retiro,2500,Compra en tienda
3000116,25/06/2024,retiro,2000,
3000114,2024-09-04,compra,2500,Retiro parcial
3000110,2024/02/15,deposito,0,Compra en tienda
3000109,2024/11/26,retiro,2000,
3000118,2024/05/19,retiro,2000,
3000112,2024-07-23,compra,3000,Retiro parcial
3000120,2024-08-18,deposito,1500,Compra en tienda
3000104,2024/07/31,deposito,,Compra en tienda
3000102,16-10-2024,deposito,2500,Retiro parcial
3000117,2024-01-12,retiro,,Ingreso extra
3000103,07-05-2024,compra,2000,Retiro parcial
3000115,2024-08-15,compra,2000,Compra en tienda
3000107,28/09/2024,retiro,-500,Ingreso extra
3000116,2024/02/15,deposito,3000,Ingreso extra
3000120,2024-10-27,retiro,3000,Ingreso extra
3000119,19-07-2024,compra,2000,Compra en tienda
3000118,2024/12/09,retiro,3000,
3000115,13-10-2024,compra,2000,Compra en tienda
3000101,16/02/2024,compra,-100,Retiro parcial
3000118,27/04/2024,retiro,2000,Ingreso mensual
3000110,11-02-2024,compra,-100,Ingreso extra
3000118,2024-03-05,retiro,0,Ingreso navideño
3000106,29/08/2024,pago,2000,
3000105,03/03/2024,retiro,2500,Retiro parcial
3000107,09-11-2024,retiro,1000,Compra en tienda
3000119,11/06/2024,compra,-500,
3000105,2024-04-01,depósito,1000,Retiro parcial
3000116,09-02-2024,deposito,-100,
3000114,2024/02/20,depósito,3000,Compra en tienda
3000113,27/04/2024,retiro,3000,
3000110,02/03/2024,deposito,2000,Compra en tienda
3000101,2024-02-19,compra,2000,Retiro parcial
3000102,23-11-2024,deposito,1000,
3000112,08/03/2024,retiro,2500,
3000111,2024-03-25,retiro,2500,Ingreso extra
3000117,2024-05-18,deposito,,Ingreso mensual
3000114,14/02/2024,retiro,3000,Ingreso mensual
3000112,2024/10/17,retiro,-500,Retiro parcial
3000108,05-01-2024,pago,-500,Retiro parcial
3000116,02/08/2024,compra,-500,Compra en tienda
3000107,2024/06/22,retiro,3000,Ingreso navideño
3000105,2024-06-04,pago,-500,Ingreso extra
3000106,2024-07-28,deposito,2000,Ingreso mensual
3000119,2024-03-24,compra,1500,
3000103,2024-09-24,retiro,-500,Ingreso extra
3000107,2024-10-26,retiro,3000,Ingreso mensual
3000114,2024-02-13,compra,2000,Ingreso extra
3000116,2024/08/09,compra,-500,Ingreso extra
3000114,14-04-2024,depósito,2000,
3000118,2024-08-26,compra,5000,Compra en tienda
3000101,2024-01-07,deposito,2500,Retiro parcial
3000118,2024-08-04,compra,3000,
3000106,2024-08-27,deposito,2500,
3000120,2024-05-24,retiro,-500,Compra en tienda
3000104,2024/11/07,compra,1000,Ingreso navideño
3000115,2024-06-17,compra,1000,Ingreso navideño
3000110,17-02-2024,compra,2500,Ingreso extra
3000107,2024/01/28,retiro,1500,
3000102,2024/11/24,retiro,-100,Retiro parcial
3000106,2024/10/23,compra,-500,Ingreso navideño
3000106,2024/08/31,compra,2500,
3000114,2024-10-01,compra,2000,Ingreso extra
3000119,2024/05/21,retiro,1500,
3000109,21/05/2024,retiro,3000,Ingreso extra
3000103,2024-07-12,deposito,,
3000120,17/12/2024,retiro,1500,
3000120,2024/12/28,retiro,-500,Ingreso navideño
3000106,20-11-2024,pago,-100,Ingreso extra
3000101,2024/07/16,retiro,2500,Ingreso navideño
3000109,12/11/2024,compra,-100,Ingreso navideño
3000103,2024-03-15,compra,5000,
3000118,08/12/2024,retiro,1000,Ingreso mensual
3000107,2024/12/30,retiro,-500,
3000107,17-07-2024,retiro,2000,Ingreso mensual
3000114,2024/10/16,retiro,,Ingreso mensual
3000118,2024-03-05,compra,2000,Ingreso navideño
3000116,23-11-2024,compra,2000,Ingreso navideño
3000103,19/03/2024,compra,3000,Ingreso extra
3000110,2024/06/22,pago,2000,
3000105,26-10-2024,compra,-1000,Ingreso extra
3000114,2024-04-16,deposito,2000,Compra en tienda
3000103,2024-10-29,compra,2500,
3000111,03/03/2024,compra,2000,Compra en tienda
3000104,2024-09-06,retiro,-500,
3000118,2024/08/13,deposito,-500,
3000110,27/11/2024,retiro,2000,Retiro parcial
3000114,07-05-2024,retiro,3000,Ingreso navideño
3000113,30/09/2024,deposito,-500,Ingreso extra
3000106,2024-11-26,pago,1500,Retiro parcial
3000116,2024-04-19,pago,1500,Ingreso navideño
3000117,25-06-2024,deposito,2500,
3000106,2024-04-03,retiro,2000,
3000105,21/09/2024,retiro,3000,Ingreso navideño
3000120,2024/09/16,deposito,1500,Ingreso mensual
3000103,27-01-2024,retiro,2000,Ingreso mensual
3000114,2024-07-04,compra,-100,
3000106,2024-04-26,compra,1000,Ingreso extra
3000109,2024/11/10,retiro,2500,
3000119,21/05/2024,compra,1000,Ingreso extra
3000110,19/08/2024,retiro,2500,Retiro parcial
3000106,2024/10/02,retiro,1500,Compra en tienda
3000116,17/06/2024,depósito,1500,Ingreso navideño
3000109,2024/05/20,compra,-500,Compra en tienda
3000107,2024-09-26,compra,-100,
3000110,2024/02/14,deposito,2500,Ingreso navideño
3000105,2024-09-09,compra,-500,Compra en tienda
3000104,2024/11/09,compra,3000,Ingreso mensual
3000114,2024-05-22,compra,2000,Ingreso navideño
3000116,2024/11/14,deposito,2500,Ingreso navideño
3000102,08/02/2024,deposito,3000,Compra en tienda
3000105,10/05/2024,retiro,2500,Ingreso navideño
3000107,2024/11/16,deposito,1500,Ingreso extra
3000114,30/10/2024,retiro,0,Compra en tienda
3000102,2024/08/12,deposito,2500,Retiro parcial
3000115,25-10-2024,deposito,0,Ingreso mensual
3000107,26-11-2024,depósito,-500,Compra en tienda
3000109,05/12/2024,retiro,2500,Ingreso mensual
3000119,18/02/2024,pago,1000,Ingreso extra
3000103,2024/10/29,compra,2500,Ingreso navideño
3000103,2024-07-05,retiro,3000,Ingreso mensual
3000112,2024-12-16,compra,-100,Ingreso mensual
3000117,01/02/2024,retiro,-100,
3000107,06-12-2024,depósito,2500,Retiro parcial
3000108,2024-07-17,retiro,2500,Retiro parcial
3000116,2024/09/15,compra,3000,Retiro parcial
3000115,2024/04/22,compra,1500,Ingreso extra
3000102,2024-09-24,retiro,1500,Compra en tienda
3000114,2024-10-20,compra,-100,Ingreso navideño
3000113,2024-04-05,deposito,1000,Ingreso navideño
3000117,17/11/2024,depósito,3000,Ingreso mensual
3000110,11/09/2024,deposito,1000,Retiro parcial
3000104,2024-03-01,retiro,-500,Ingreso extra
3000102,2024-12-28,retiro,-500,Compra en tienda
3000119,2024/10/28,retiro,2000,Ingreso extra
3000104,19/07/2024,retiro,1000,Compra en tienda
3000110,2024/02/23,deposito,1000,Retiro parcial
3000114,2024-02-07,retiro,3000,Ingreso extra
3000109,2024/09/11,depósito,-100,Ingreso extra
3000107,2024-07-02,depósito,2500,
3000101,2024/07/09,retiro,-1000,Ingreso mensual
3000114,2024-10-01,compra,1500,Ingreso mensual
3000114,2024-07-09,compra,-500,
3000116,15/06/2024,retiro,3000,Compra en tienda
3000117,10-02-2024,compra,2500,Ingreso mensual
3000104,11-01-2024,retiro,1000,Compra en tienda
3000117,27-03-2024,deposito,1500,Compra en tienda
3000119,25/09/2024,deposito,1000,Ingreso mensual
3000112,2024-08-25,compra,2500,Ingreso navideño
3000107,24-01-2024,deposito,3000,Compra en tienda
3000115,2024-02-22,pago,3000,
3000119,2024-07-11,deposito,2500,
3000117,2024-09-27,pago,3000,Ingreso extra
3000120,2024/09/01,deposito,1500,Compra en tienda
3000110,2024/04/26,compra,3000,Ingreso mensual
3000114,2024-03-03,compra,1500,Ingreso mensual
3000111,08-07-2024,compra,2500,Ingreso extra
3000108,16-08-2024,deposito,-100,Compra en tienda
3000106,16-12-2024,deposito,2500,
3000117,07-08-2024,compra,3000,Ingreso navideño
3000108,20-12-2024,compra,-100,Ingreso navideño
3000103,2024/05/06,compra,2000,Retiro parcial
3000106,22-02-2024,retiro,-500,Compra en tienda
3000118,2024-01-30,retiro,2500,Ingreso mensual
3000117,2024-02-15,retiro,-100,Compra en tienda
3000107,01-07-2024,deposito,-100,Retiro parcial
3000107,21-03-2024,deposito,,Compra en tienda
3000116,2024-03-23,deposito,2000,Compra en tienda
3000113,2024-12-04,deposito,-500,
3000105,03-08-2024,deposito,1500,Ingreso navideño
3000115,2024/11/17,compra,-500,Ingreso extra
3000107,2024/03/07,deposito,3000,
3000106,26/06/2024,deposito,1000,Compra en tienda
3000118,2024-04-12,compra,-500,Compra en tienda
3000120,2024/02/14,deposito,2500,
3000111,2024-06-07,compra,1500,
3000119,2024-08-03,compra,5000,Compra en tienda
3000108,18-01-2024,compra,2000,Ingreso extra
3000101,2024/10/16,deposito,-100,Retiro parcial
3000115,22/06/2024,deposito,-500,Ingreso extra
3000105,2024-04-15,retiro,3000,Ingreso navideño
3000112,2024-03-23,deposito,1000,Ingreso mensual
3000118,2024-08-25,deposito,-100,
3000107,24/10/2024,retiro,2500,Ingreso navideño
3000107,08/12/2024,compra,,Retiro parcial
3000120,30/10/2024,deposito,1000,Ingreso navideño
3000111,2024-02-15,retiro,2500,Compra en tienda
3000106,19/10/2024,deposito,,
3000108,2024-12-12,compra,2000,Ingreso extra
3000108,12-12-2024,compra,-100,Ingreso extra
3000104,10/07/2024,compra,1500,
3000102,09-02-2024,retiro,1500,Ingreso navideño
3000103,2024/09/24,deposito,1500,
3000112,12-06-2024,deposito,3000,Ingreso navideño
3000105,2024-08-11,deposito,,Compra en tienda
3000112,2024/04/01,compra,2500,
3000108,2024-12-08,retiro,1500,
3000108,30-09-2024,retiro,-500,
3000106,2024/07/20,deposito,2500,Retiro parcial
3000102,2024-04-29,retiro,2000,
3000113,20-07-2024,compra,2500,Retiro parcial
3000119,24-10-2024,compra,2000,
3000107,2024/03/18,compra,5000,
3000108,2024-02-21,depósito,1500,Retiro parcial
3000120,24/03/2024,retiro,2000,Compra en tienda
3000112,05-07-2024,depósito,1000,Compra en tienda
3000104,07/01/2024,compra,1000,Retiro parcial
3000112,2024-12-11,retiro,3000,
3000110,03/11/2024,compra,-100,Ingreso extra
3000108,2024-09-29,deposito,,Ingreso extra
3000113,28-12-2024,deposito,2000,
3000116,02-11-2024,depósito,2000,Ingreso mensual
3000106,02-02-2024,compra,1500,Compra en tienda
3000114,30/05/2024,compra,2500,
3000113,2024/12/11,depósito,1500,Compra en tienda
3000107,16-02-2024,compra,2500,Ingreso mensual
3000102,11-03-2024,deposito,-100,
3000108,13-03-2024,deposito,2000,Retiro parcial
3000101,22/03/2024,retiro,2000,Retiro parcial
3000105,2024-04-03,retiro,1000,Retiro parcial
3000105,14-08-2024,retiro,1000,Ingreso navideño
3000103,23/07/2024,compra,3000,Retiro parcial
3000109,2024/01/21,depósito,2000,Ingreso navideño
3000103,2024-02-12,compra,3000,Compra en tienda
3000120,2024/02/03,retiro,2500,
3000102,01-11-2024,compra,-100,Retiro parcial
3000111,16-02-2024,retiro,2000,Ingreso mensual
3000104,08-08-2024,compra,-100,Ingreso mensual
3000106,2024-09-27,compra,-100,Ingreso mensual
3000106,04/04/2024,compra,2500,Retiro parcial
3000117,29-08-2024,retiro,1000,Ingreso mensual
3000116,2024/05/13,retiro,1000,Ingreso mensual
3000106,2024/05/04,compra,-500,Retiro parcial
3000105,2024-12-13,compra,3000,Ingreso mensual
3000120,04/03/2024,compra,2500,
3000104,2024/10/10,retiro,2500,Ingreso navideño
3000116,2024-11-01,deposito,-100,Compra en tienda
3000101,03-06-2024,deposito,2000,Compra en tienda
3000118,19/08/2024,compra,1500,Ingreso mensual
3000106,03-09-2024,compra,3000,
3000101,25-09-2024,deposito,2500,Ingreso mensual
3000101,2024-12-26,deposito,-100,
3000118,2024-04-18,deposito,3000,Retiro parcial
3000111,28-03-2024,deposito,5000,Ingreso navideño
3000118,2024/10/11,compra,3000,Ingreso mensual
3000109,2024/11/09,retiro,2000,Compra en tienda
3000109,31/10/2024,retiro,5000,
3000108,2024/01/26,retiro,3000,Ingreso mensual
3000114,2024-10-29,retiro,2500,Ingreso mensual
3000111,2024-07-30,depósito,3000,Compra en tienda
3000110,2024/11/15,compra,-100,Retiro parcial
3000116,17-01-2024,retiro,-100,Ingreso navideño
3000101,04/02/2024,depósito,2500,Compra en tienda
3000106,25-07-2024,compra,1500,
3000107,11/08/2024,retiro,-100,Ingreso extra
3000104,30/07/2024,compra,3000,Retiro parcial
3000119,2024/02/29,compra,,Ingreso mensual
3000115,31/10/2024,compra,1500,Ingreso mensual
3000111,09-04-2024,retiro,2500,Ingreso mensual
3000114,21-02-2024,pago,-500,Ingreso extra
3000104,31-01-2024,retiro,1500,Compra en tienda
3000117,2024/08/26,depósito,3000,Ingreso mensual
3000114,2024/10/03,compra,3000,Ingreso extra
3000101,07-03-2024,retiro,-100,
3000102,2024/12/24,pago,3000,Ingreso extra
3000119,27/07/2024,retiro,-500,Compra en tienda
3000116,2024/10/31,retiro,3000,
3000108,23/10/2024,retiro,2000,Compra en tienda
3000118,19/01/2024,retiro,5000,Ingreso extra
3000112,22/11/2024,compra,2000,Ingreso navideño
3000101,2024/01/17,pago,-100,
3000117,05-09-2024,deposito,2000,Ingreso mensual
3000108,2024/06/30,compra,2500,
3000109,2024-01-22,retiro,-100,
3000104,26/05/2024,deposito,2500,Ingreso navideño
3000108,31/10/2024,deposito,-500,Retiro parcial
3000109,21-10-2024,deposito,2500,Ingreso navideño
3000115,2024/07/12,compra,1500,
3000106,2024/03/23,compra,2000,Compra en tienda
3000115,19/06/2024,compra,2000,
3000113,13/06/2024,deposito,-500,Ingreso mensual
3000109,12/02/2024,compra,-100,Retiro parcial
3000104,2024/03/19,retiro,-500,Ingreso extra
3000110,2024/11/25,compra,2000,Ingreso mensual
3000104,16-07-2024,compra,1000,
3000120,03-10-2024,deposito,2500,Compra en tienda
3000120,2024/12/21,compra,-500,Compra en tienda
3000103,29-07-2024,compra,3000,Ingreso navideño
3000107,09/04/2024,deposito,1000,Ingreso mensual
3000115,2024/12/22,retiro,-100,Ingreso mensual
3000108,22-09-2024,retiro,-500,Ingreso extra
3000111,04/12/2024,depósito,1000,Ingreso extra
3000110,2024/07/08,retiro,2000,
3000116,2024/10/07,compra,3000,Retiro parcial
3000103,02-09-2024,retiro,1500,Ingreso navideño
3000108,12-03-2024,deposito,-500,Ingreso mensual
3000113,14-09-2024,deposito,2000,Ingreso mensual
3000118,2024-09-01,compra,-100,Ingreso mensual
3000112,12-06-2024,retiro,-500,Ingreso navideño
3000119,23-12-2024,compra,-500,Ingreso navideño
3000112,17-07-2024,retiro,-100,Ingreso mensual
3000105,17/12/2024,retiro,,Retiro parcial
3000115,2024/04/04,deposito,-100,Ingreso extra
3000120,2024/07/10,compra,3000,
3000104,2024/04/02,deposito,1500,Retiro parcial
3000109,21/01/2024,deposito,2000,
3000118,15-06-2024,retiro,3000,
3000105,21/04/2024,retiro,1500,Ingreso extra
3000103,2024-03-10,compra,3000,
3000104,2024-07-17,compra,,Retiro parcial
3000104,23-05-2024,compra,1500,Ingreso extra
3000119,2024-05-22,deposito,1000,Ingreso mensual
3000111,04/05/2024,deposito,,Ingreso navideño
3000116,12-09-2024,deposito,3000,Ingreso mensual
3000116,2024/10/06,retiro,2500,Ingreso extra
3000116,22/09/2024,deposito,2000,Ingreso extra
3000107,08/08/2024,compra,-500,Retiro parcial
3000117,01-11-2024,deposito,,
3000110,13-12-2024,deposito,1000,Ingreso extra
3000102,2024/05/23,pago,-500,Ingreso mensual
3000120,2024-07-26,retiro,,Ingreso mensual
3000113,03/12/2024,retiro,2000,Ingreso navideño
3000114,2024/05/14,retiro,3000,
3000102,2024/08/30,retiro,,Ingreso navideño
3000110,2024/05/01,retiro,2500,Compra en tienda
3000111,2024-05-10,retiro,1500,Compra en tienda
3000103,2024-07-15,pago,3000,
3000102,2024/08/03,pago,1000,
3000112,25-11-2024,deposito,1500,Ingreso navideño
3000117,27-04-2024,compra,3000,Retiro parcial
3000110,2024/08/11,compra,-500,Compra en tienda
3000116,06/12/2024,retiro,2000,Ingreso mensual
3000112,2024/08/26,retiro,1500,
3000107,09/03/2024,deposito,-500,Ingreso mensual
3000107,15-06-2024,compra,,
3000117,2024/03/07,retiro,3000,Ingreso mensual
3000101,06-10-2024,deposito,1500,Ingreso mensual
3000116,2024-01-03,deposito,2500,Ingreso navideño
3000117,2024/12/08,retiro,3000,Ingreso extra
3000108,2024/11/02,deposito,2500,Ingreso extra
3000102,2024/02/14,retiro,3000,
3000119,24/10/2024,depósito,1000,Ingreso navideño
3000118,26-03-2024,compra,1500,
3000102,2024/10/12,retiro,1500,Ingreso mensual
3000110,14-01-2024,pago,1500,Retiro parcial
3000111,2024-11-04,retiro,3000,Retiro parcial
3000109,2024/02/13,pago,-500,Ingreso extra
3000114,2024-03-16,compra,,Retiro parcial
3000109,2024/10/18,compra,1000,Retiro parcial
3000105,12/01/2024,deposito,1000,Retiro parcial
3000103,08-12-2024,deposito,-500,Compra en tienda
3000115,2024-12-28,deposito,2500,
3000116,2024/04/05,compra,-500,Ingreso navideño
3000107,2024-05-31,deposito,-100,Retiro parcial
3000101,22/12/2024,deposito,2500,Ingreso navideño
3000104,2024-11-05,pago,2000,Ingreso mensual
3000110,23/11/2024,compra,1500,Ingreso mensual
3000101,2024-04-26,compra,1500,Ingreso extra
3000115,13/11/2024,compra,2000,Compra en tienda
3000101,12-06-2024,deposito,2000,Ingreso extra
3000109,14-07-2024,depósito,2000,Ingreso mensual
3000101,22-11-2024,retiro,1000,
3000106,2024-09-26,deposito,-500,Ingreso extra
3000119,2024-10-18,retiro,-100,Compra en tienda
3000102,24/08/2024,retiro,-500,Retiro parcial
3000113,2024-02-27,deposito,1000,Ingreso mensual
3000108,17/07/2024,compra,3000,Ingreso extra
3000112,2024-01-20,retiro,5000,
3000119,2024-07-01,deposito,2000,
3000117,2024/03/29,compra,2000,Compra en tienda
3000113,2024-03-09,compra,-100,Compra en tienda
3000111,2024/10/31,retiro,-500,
3000120,15-04-2024,pago,1000,Compra en tienda
3000112,2024-10-06,deposito,2000,Ingreso extra
3000102,2024/05/26,pago,2500,Ingreso mensual
3000105,24/05/2024,compra,3000,Ingreso mensual
3000107,03/03/2024,retiro,1500,
3000118,09/06/2024,retiro,,Ingreso navideño
3000105,13-05-2024,deposito,-100,Retiro parcial
3000106,2024-01-29,deposito,2500,
3000104,2024/06/24,retiro,1000,
3000109,30-08-2024,deposito,3000,
3000118,17/12/2024,deposito,2500,Ingreso extra
3000104,15/04/2024,compra,3000,Ingreso navideño
3000107,2024/05/02,deposito,2500,Retiro parcial
3000118,2024-11-14,retiro,-500,
3000102,04/10/2024,compra,-500,Retiro parcial
3000114,2024-04-23,deposito,1500,Compra en tienda
3000119,2024-11-18,retiro,3000,Ingreso navideño
3000111,25/01/2024,depósito,2500,Compra en tienda
3000117,13-09-2024,pago,1500,Ingreso extra
3000102,11/05/2024,retiro,-100,Ingreso extra
3000112,2024-05-30,pago,-100,Ingreso navideño
3000106,2024/07/20,compra,2000,Compra en tienda
3000103,2024-12-23,retiro,2500,
3000120,2024-02-07,deposito,1500,Retiro parcial
3000120,16/01/2024,compra,2000,
3000109,2024-11-14,deposito,1500,Compra en tienda
3000113,2024-09-08,deposito,-100,Ingreso navideño
3000109,10-03-2024,deposito,3000,Retiro parcial
3000106,22/02/2024,compra,1000,Ingreso navideño
3000105,10-07-2024,retiro,3000,Ingreso mensual
3000102,09/12/2024,deposito,1500,Ingreso extra
3000119,17-08-2024,compra,2500,
3000120,2024-05-15,retiro,-500,Ingreso navideño
3000110,2024/11/15,deposito,0,
3000114,29/12/2024,deposito,2000,Compra en tienda
3000102,2024-10-06,retiro,-500,
3000109,2024-06-25,deposito,2500,Retiro parcial
3000104,09-08-2024,compra,3000,
3000116,2024/03/10,retiro,,Ingreso mensual
3000115,2024-01-23,compra,1000,Ingreso extra
3000119,08/08/2024,compra,1000,
3000108,2024-11-23,retiro,1500,Compra en tienda
3000112,01/06/2024,retiro,3000,Compra en tienda
3000104,13-01-2024,compra,3000,Ingreso navideño
3000117,25/04/2024,compra,-100,Retiro parcial
3000115,2024-11-24,retiro,1500,
3000112,09-08-2024,deposito,1500,Ingreso mensual
3000114,2024/06/08,retiro,2000,
3000120,2024/04/03,compra,2000,Retiro parcial
3000113,29/10/2024,deposito,2000,
3000115,2024/03/10,deposito,3000,Ingreso extra
3000117,2024-11-07,compra,3000,Ingreso navideño
3000114,2024/04/16,compra,1500,Retiro parcial
3000104,04/01/2024,deposito,1000,Ingreso mensual
3000113,02/12/2024,deposito,2000,Compra en tienda
3000106,2024-06-28,retiro,1500,Ingreso mensual
3000101,2024/08/24,compra,0,Compra en tienda
3000104,31/05/2024,retiro,,
3000105,2024/05/29,deposito,3000,Ingreso navideño
3000115,01/03/2024,retiro,1000,
3000104,2024/07/03,deposito,2000,Compra en tienda
3000120,2024/02/12,compra,1500,Retiro parcial
3000112,2024/04/06,compra,1500,Ingreso navideño
3000120,2024-07-28,retiro,3000,Ingreso mensual
3000110,2024-06-20,retiro,-500,Ingreso navideño
3000115,25-04-2024,retiro,-100,Ingreso mensual
3000111,25-09-2024,compra,2500,Ingreso navideño
3000102,30/03/2024,compra,3000,
3000116,15/05/2024,retiro,1000,Compra en tienda
3000105,2024-01-29,compra,1000,Ingreso navideño
3000110,17/04/2024,compra,3000,Ingreso navideño
3000108,2024/11/21,deposito,-500,Ingreso navideño
3000105,2024/04/20,retiro,-500,Retiro parcial
3000110,2024/11/01,retiro,-500,Ingreso navideño
3000108,2024/04/01,retiro,2500,
3000120,2024/07/13,deposito,1500,Ingreso mensual
3000117,27/04/2024,deposito,1500,Ingreso navideño
3000120,2024/12/27,compra,-100,
3000104,2024/07/07,deposito,-100,
3000111,15/08/2024,deposito,1500,Ingreso extra
3000106,27-08-2024,depósito,2000,Compra en tienda
3000109,29-08-2024,retiro,2500,Retiro parcial
3000113,13/12/2024,compra,,Ingreso navideño
3000105,2024/07/01,compra,1500,
3000112,18-07-2024,deposito,1000,Ingreso extra
3000117,15/11/2024,deposito,0,Ingreso navideño
3000103,2024-10-11,deposito,2500,
3000102,20/10/2024,depósito,3000,Ingreso extra
3000102,2024-03-02,compra,1000,Ingreso extra
3000115,13-03-2024,compra,1500,Ingreso extra
3000108,2024/10/01,retiro,1000,Retiro parcial
3000116,28-05-2024,compra,3000,Compra en tienda
3000102,2024/12/27,retiro,,Compra en tienda
3000104,13-08-2024,retiro,-500,Ingreso mensual
3000119,19-09-2024,retiro,-500,Ingreso navideño
3000114,03/11/2024,retiro,2000,
3000116,04-04-2024,compra,,Ingreso navideño
3000108,03-02-2024,retiro,2500,Ingreso mensual
3000109,2024-06-20,deposito,3000,
3000106,25/03/2024,compra,2000,Ingreso extra
3000106,22/08/2024,compra,-500,Ingreso mensual
3000115,24/10/2024,retiro,1000,
3000102,01-10-2024,compra,-500,Compra en tienda
3000119,2024-12-13,retiro,1500,Ingreso extra
3000106,25/06/2024,deposito,1000,Retiro parcial
3000105,10/04/2024,retiro,-500,Retiro parcial
3000115,2024/02/22,deposito,1500,
3000113,2024/08/30,retiro,2000,Ingreso extra
3000115,2024/04/24,deposito,2000,Ingreso mensual
3000106,30/01/2024,retiro,-500,Compra en tienda
3000118,19-06-2024,deposito,3000,
3000113,09-06-2024,deposito,3000,Ingreso navideño
3000110,24-03-2024,compra,-100,Ingreso extra
3000107,2024-03-29,retiro,2000,Retiro parcial
3000112,2024/04/29,retiro,2500,Ingreso navideño
3000102,2024-05-18,compra,1000,
3000102,2024-06-26,retiro,-100,Ingreso navideño
3000101,07/03/2024,deposito,3000,
3000111,06-10-2024,deposito,1500,Retiro parcial
3000112,07-08-2024,retiro,3000,
3000112,2024/09/06,deposito,0,Compra en tienda
3000118,03-10-2024,deposito,3000,Ingreso mensual
3000118,2024-05-12,pago,-500,
3000116,14/11/2024,deposito,3000,
3000110,07/03/2024,retiro,-100,Retiro parcial
3000116,28-04-2024,deposito,1000,Ingreso navideño
3000116,12-10-2024,deposito,-100,Ingreso extra
3000118,07/04/2024,deposito,1000,Compra en tienda
3000118,19-01-2024,retiro,1000,
3000111,07-07-2024,deposito,2500,Retiro parcial
3000118,2024-07-14,deposito,3000,Ingreso navideño
3000117,2024-09-04,retiro,5000,
3000102,09-08-2024,compra,3000,Ingreso navideño
3000118,06-01-2024,compra,3000,Compra en tienda
3000120,18-11-2024,retiro,2000,Ingreso extra
3000108,21/06/2024,retiro,2500,
3000105,04/07/2024,deposito,1000,
3000101,2024-08-01,retiro,2000,Ingreso extra
3000110,05/08/2024,deposito,1000,
3000107,2024-04-03,retiro,-500,
3000104,2024/08/29,retiro,2500,Ingreso mensual
3000108,2024/11/17,deposito,-100,Ingreso mensual
3000103,2024/05/08,compra,1000,Ingreso mensual
3000102,13-03-2024,compra,-100,Ingreso extra
3000102,2024/10/11,retiro,1500,Ingreso mensual
3000101,2024/04/20,compra,-100,Ingreso navideño
3000114,2024/04/13,compra,-100,Ingreso extra
3000105,2024/03/11,retiro,,Ingreso navideño
3000105,14/02/2024,retiro,-100,Ingreso navideño
3000112,2024-09-27,deposito,2000,
3000119,16-02-2024,deposito,-500,Retiro parcial
3000101,2024-04-08,retiro,-100,
3000118,01/08/2024,deposito,2500,
3000108,2024-04-17,compra,2000,Retiro parcial
3000106,15/03/2024,compra,2500,Ingreso extra
3000105,12/01/2024,retiro,1500,Ingreso extra
3000102,03-04-2024,retiro,3000,Ingreso mensual
3000106,11-12-2024,deposito,-100,
3000112,2024/10/16,retiro,-100,Ingreso navideño
3000106,22-02-2024,compra,1500,Ingreso extra
3000120,06-08-2024,deposito,-500,Retiro parcial
3000105,30/11/2024,deposito,-500,Ingreso navideño
3000103,04-09-2024,deposito,-500,Ingreso navideño
3000115,26/07/2024,compra,-500,Retiro parcial
3000104,01/10/2024,pago,-500,Retiro parcial
3000109,18-03-2024,compra,-500,Ingreso extra
3000118,12/09/2024,compra,-100,Retiro parcial
3000111,05/08/2024,retiro,-100,Compra en tienda
3000103,26-10-2024,compra,2000,Ingreso mensual
3000109,17-02-2024,deposito,1000,Ingreso navideño
3000114,2024-08-10,deposito,-500,Retiro parcial
3000109,2024-09-03,retiro,,Ingreso navideño
3000115,2024/09/14,compra,-100,Ingreso mensual
3000114,2024-02-19,retiro,1000,Ingreso navideño
3000104,2024-04-02,retiro,-100,Ingreso mensual
3000106,07-12-2024,retiro,2500,Ingreso navideño
3000108,29-01-2024,retiro,3000,Ingreso navideño
3000101,17/01/2024,retiro,-100,Compra en tienda
3000116,2024/05/25,deposito,3000,Ingreso mensual
3000118,11/01/2024,retiro,,
3000110,24/12/2024,retiro,3000,Retiro parcial
3000102,2024-10-10,retiro,-100,Ingreso navideño
3000106,2024-07-12,deposito,-100,Retiro parcial
3000114,2024-03-26,deposito,2000,Ingreso navideño
3000105,2024-06-07,deposito,2000,Ingreso mensual
3000120,27-02-2024,retiro,5000,
3000119,2024/07/25,retiro,2500,Ingreso navideño
3000114,2024/09/16,compra,,Ingreso extra
3000106,31/08/2024,compra,-100,Ingreso navideño
3000103,25-06-2024,deposito,1500,
3000112,01/12/2024,compra,2000,Ingreso extra
3000106,10/04/2024,deposito,-500,
3000109,11-05-2024,retiro,3000,Compra en tienda
3000114,22/12/2024,depósito,1500,Ingreso mensual
3000105,09/12/2024,retiro,1500,Ingreso navideño
3000109,20/07/2024,deposito,1500,Ingreso navideño
3000109,11-11-2024,compra,3000,Ingreso mensual
3000105,2024/04/18,pago,3000,Retiro parcial
3000114,10-12-2024,deposito,1500,
3000105,2024-05-23,compra,-100,Ingreso extra
3000103,2024/04/03,compra,2500,Retiro parcial
3000102,23-04-2024,compra,2000,Ingreso navideño
3000101,2024-06-30,deposito,1500,Ingreso extra
3000106,2024-01-29,compra,1000,Retiro parcial
3000105,04-12-2024,compra,1000,
3000105,27-01-2024,deposito,2000,Retiro parcial
3000105,16-08-2024,deposito,2500,Ingreso extra
3000117,2024-08-02,deposito,-100,Compra en tienda
3000113,29/10/2024,compra,2000,Compra en tienda
3000104,17/02/2024,depósito,1500,Retiro parcial
3000118,2024-02-18,deposito,2500,
3000107,08-05-2024,compra,,Retiro parcial
3000117,2024/11/17,depósito,1500,Retiro parcial
3000105,28/11/2024,deposito,1500,Ingreso extra
3000103,09-05-2024,deposito,-500,Retiro parcial
3000112,2024/03/15,compra,,Ingreso extra
3000108,03-09-2024,compra,1000,Retiro parcial
3000114,2024/10/10,compra,1500,
3000118,2024/02/07,compra,3000,Ingreso extra
3000107,2024/12/12,retiro,2000,Ingreso mensual
3000103,22-04-2024,compra,-100,Compra en tienda
3000102,16/04/2024,deposito,1500,Ingreso mensual
3000101,05/09/2024,deposito,2500,Ingreso extra
3000117,2024-03-01,deposito,3000,Ingreso extra
3000107,28-08-2024,pago,-500,Retiro parcial
3000119,2024/05/13,deposito,2000,Ingreso navideño
3000104,01/10/2024,deposito,-100,
3000107,2024/06/18,compra,2000,Retiro parcial
3000112,2024/05/11,pago,1500,Ingreso navideño
3000101,29-04-2024,deposito,3000,Ingreso extra
3000107,2024-10-31,retiro,-100,
3000117,2024-05-21,deposito,1500,Ingreso extra
3000119,13/02/2024,retiro,3000,Retiro parcial
3000113,2024/09/13,retiro,,
3000102,07/03/2024,retiro,2500,Ingreso mensual
3000106,2024-12-04,retiro,2000,Ingreso extra
3000116,2024/08/20,deposito,1500,
3000115,24-10-2024,retiro,1500,
3000119,11-09-2024,compra,2000,Compra en tienda
3000112,2024/03/19,depósito,1500,Compra en tienda
3000119,2024/02/11,deposito,0,Compra en tienda
3000111,2024-06-29,deposito,2500,Ingreso mensual
3000115,03-11-2024,compra,1000,Ingreso navideño
3000101,11/11/2024,compra,1000,Ingreso navideño
3000113,29-02-2024,deposito,2000,Ingreso navideño
3000109,24-05-2024,retiro,1000,Retiro parcial
3000116,11/07/2024,compra,-500,
3000111,2024-09-26,retiro,-500,Compra en tienda
3000117,2024/01/13,retiro,1000,Compra en tienda
3000114,2024/09/23,deposito,-100,Ingreso navideño
3000113,2024-09-02,depósito,3000,Compra en tienda
3000108,2024/11/07,retiro,2500,Ingreso extra
3000113,2024-05-11,compra,2500,
3000116,2024-06-30,retiro,1000,Ingreso extra
3000110,13-07-2024,deposito,3000,Ingreso extra
3000116,27/06/2024,deposito,5000,Ingreso navideño
3000108,2024/11/14,compra,3000,
3000118,07-10-2024,compra,3000,Retiro parcial
3000104,31-05-2024,retiro,1500,Retiro parcial
3000104,30-08-2024,retiro,-100,
3000118,04/04/2024,retiro,2000,
3000116,28/08/2024,deposito,2500,
3000111,2024/01/18,compra,2500,
3000116,2024/11/18,retiro,3000,Ingreso extra
3000103,2024/06/03,compra,-100,Ingreso extra
3000114,01/09/2024,retiro,2500,
3000110,2024-11-03,compra,-500,Ingreso mensual
3000112,12-01-2024,depósito,1500,Ingreso extra
3000109,2024/06/20,retiro,1000,Retiro parcial
3000117,20-07-2024,retiro,2500,
3000119,20/08/2024,deposito,2500,Compra en tienda
3000110,21/11/2024,retiro,-100,
3000115,2024/04/08,compra,1000,Ingreso navideño
3000103,13-09-2024,compra,,
3000119,2024/04/11,pago,2000,Ingreso extra
3000101,30-01-2024,depósito,3000,Compra en tienda
3000116,2024/03/08,compra,2000,Ingreso extra
3000102,2024-08-13,compra,5000,Retiro parcial
3000118,14/03/2024,deposito,3000,Retiro parcial
3000118,2024-04-21,deposito,-500,Ingreso navideño
3000112,2024/02/08,deposito,-500,
3000116,2024/07/05,retiro,2000,
3000115,17/09/2024,compra,2500,
3000106,15/06/2024,compra,2500,Ingreso navideño
3000114,2024/10/22,retiro,1500,Retiro parcial
3000108,2024-12-17,deposito,1000,Retiro parcial
3000111,2024-10-22,depósito,3000,
3000108,2024-04-17,retiro,1500,Ingreso extra
3000111,2024-06-24,compra,1000,
3000101,2024/06/20,deposito,-100,
3000104,08-05-2024,deposito,-100,
3000118,2024/11/08,compra,-500,Ingreso navideño
3000102,14-01-2024,compra,1500,Retiro parcial
3000105,2024-03-07,deposito,1000,Ingreso extra
3000105,26/04/2024,deposito,-500,Ingreso mensual
3000111,18-04-2024,compra,-100,Ingreso mensual
3000107,2024/12/14,compra,1500,Retiro parcial
3000104,2024-08-12,deposito,1000,Ingreso mensual
3000106,22-11-2024,deposito,2500,Compra en tienda
3000105,2024-04-29,compra,-100,Ingreso mensual
3000110,02-07-2024,pago,2500,Compra en tienda
3000117,13-06-2024,retiro,1500,Ingreso extra
3000116,13/11/2024,compra,1500,Ingreso extra
3000104,28/07/2024,deposito,-500,Ingreso navideño
3000114,05/12/2024,retiro,1500,Compra en tienda
3000114,2024-11-14,deposito,-100,Ingreso mensual
3000109,15/05/2024,deposito,2500,Retiro parcial
3000111,21/07/2024,retiro,1500,Ingreso mensual
3000106,2024-10-12,compra,1500,Ingreso navideño
3000119,2024/09/20,compra,2500,Retiro parcial
3000115,13-04-2024,depósito,3000,Ingreso extra
3000113,08/11/2024,compra,1500,
3000111,26-09-2024,retiro,1000,Ingreso mensual
3000110,2024/08/03,compra,1000,
3000110,2024-09-09,retiro,-100,Compra en tienda
3000103,05/06/2024,depósito,-100,Retiro parcial
3000107,2024-03-19,compra,1000,Ingreso extra
3000101,2024-08-04,compra,2000,Compra en tienda
3000111,2024/05/01,deposito,1500,Ingreso extra
3000109,23-09-2024,retiro,-500,Ingreso mensual
3000104,23/05/2024,compra,3000,Ingreso navideño
3000110,10-03-2024,retiro,-100,
3000105,2024/05/16,deposito,-500,Ingreso extra
3000115,2024-11-29,deposito,1000,Ingreso extra
3000103,17/01/2024,compra,-100,Compra en tienda
3000103,2024-09-28,deposito,-100,Ingreso mensual
3000111,2024/02/09,retiro,3000,Ingreso extra
3000119,2024/01/29,deposito,0,
3000116,2024-02-16,compra,2000,
3000107,27-11-2024,retiro,2500,
3000102,2024-11-14,compra,1500,Retiro parcial
3000116,2024/04/06,deposito,3000,Ingreso mensual
3000116,14-02-2024,deposito,1000,Ingreso extra
3000107,2024/12/26,deposito,2000,
3000114,20/05/2024,retiro,1000,Ingreso navideño
3000117,11/07/2024,compra,2500,Ingreso extra
3000114,2024-04-10,depósito,-500,Ingreso navideño
3000102,2024-09-08,depósito,2000,Compra en tienda
3000105,2024/09/28,compra,2500,
3000120,15/09/2024,retiro,-500,Compra en tienda
3000101,09-01-2024,compra,1500,
3000108,17/11/2024,retiro,-100,
3000111,2024/06/08,retiro,3000,Ingreso extra
3000116,2024/10/15,compra,-100,Ingreso navideño
3000119,16/07/2024,deposito,2500,Ingreso navideño
3000116,01-02-2024,retiro,3000,Ingreso navideño
3000106,2024-03-12,compra,3000,Ingreso extra
3000119,23-09-2024,compra,2000,Retiro parcial
3000106,2024-11-11,deposito,-500,Ingreso extra
3000118,03-03-2024,retiro,1500,Ingreso mensual
3000106,01-07-2024,compra,3000,Ingreso mensual
3000116,29/10/2024,compra,3000,Retiro parcial
3000115,2024-06-24,deposito,-500,Ingreso navideño
3000108,2024-07-08,retiro,-100,Ingreso navideño
3000110,2024/08/08,compra,-500,Ingreso extra
3000101,2024-07-20,retiro,2000,Compra en tienda
3000110,08-02-2024,compra,,Retiro parcial
3000102,2024/07/20,compra,1500,Ingreso mensual
3000108,2024-04-16,compra,3000,Compra en tienda
3000105,01/09/2024,deposito,,Ingreso mensual
3000103,2024/09/29,compra,-100,
3000107,2024/10/10,deposito,2000,Ingreso mensual
3000107,24-01-2024,deposito,-500,Ingreso mensual
3000112,02/09/2024,compra,1500,
3000106,17/06/2024,deposito,2000,Ingreso navideño
3000101,2024-11-23,compra,1500,Compra en tienda
3000107,2024/05/05,compra,3000,Ingreso mensual
3000115,12-08-2024,retiro,2000,Ingreso extra
3000101,2024/06/28,depósito,1500,Ingreso extra
3000112,24/08/2024,deposito,3000,Retiro parcial
3000116,08-06-2024,deposito,-500,
3000107,14-02-2024,compra,1500,Retiro parcial
3000119,2024-09-29,deposito,-100,Ingreso mensual
3000110,30/05/2024,compra,2500,Ingreso mensual
3000112,20-03-2024,deposito,3000,Retiro parcial
3000114,26-07-2024,compra,2000,Ingreso navideño
3000106,2024-10-19,retiro,1500,
3000107,2024-05-05,deposito,2500,
3000105,2024/02/15,deposito,1000,Ingreso extra
3000106,18-03-2024,deposito,1500,Ingreso mensual
3000104,16-03-2024,compra,2000,Compra en tienda
3000113,16/08/2024,compra,2000,Ingreso navideño
3000112,09/01/2024,compra,5000,Ingreso extra
3000113,09/10/2024,compra,-500,Ingreso extra
3000105,2024/02/06,retiro,-100,Retiro parcial
3000107,2024/10/17,pago,2500,
3000101,03-04-2024,pago,1500,Retiro parcial
3000105,2024-02-18,retiro,3000,Retiro parcial
3000102,2024-07-28,retiro,1000,
3000116,19/03/2024,compra,-500,Ingreso navideño
3000102,06/12/2024,deposito,2500,Retiro parcial
3000101,2024/08/31,deposito,3000,
3000120,2024-03-21,deposito,2500,Ingreso navideño
3000114,2024/06/06,retiro,2000,Ingreso extra
3000110,2024/06/06,compra,-100,Compra en tienda
3000107,16-12-2024,compra,3000,Compra en tienda
3000116,2024/06/12,deposito,1500,Ingreso mensual
3000115,27/09/2024,deposito,2500,Ingreso navideño
3000104,2024/05/30,retiro,2500,Compra en tienda
3000109,15-07-2024,compra,0,Compra en tienda
3000118,2024-05-22,retiro,1000,Ingreso extra
3000119,06-08-2024,deposito,1000,Retiro parcial
3000108,2024/10/12,pago,-100,Compra en tienda
3000103,03/10/2024,compra,1500,Ingreso navideño
3000108,01-12-2024,retiro,1000,
3000106,30/05/2024,depósito,2500,Ingreso navideño
3000101,12-01-2024,compra,-500,
3000109,05-08-2024,compra,3000,Ingreso navideño
3000114,2024-05-18,deposito,,Retiro parcial
3000115,10-01-2024,compra,2500,
3000101,2024/05/25,deposito,-100,Ingreso mensual
3000114,2024/01/22,depósito,-500,Ingreso mensual
3000107,02-01-2024,retiro,2000,Ingreso extra
3000119,09-09-2024,deposito,2000,Ingreso navideño
3000120,2024/02/07,retiro,-100,Ingreso mensual
3000112,2024/08/11,deposito,,
3000101,2024/09/02,depósito,3000,Ingreso navideño
3000107,2024-02-07,deposito,,Ingreso navideño
3000101,2024-09-30,deposito,-500,
3000106,15/09/2024,deposito,2000,
3000110,26/05/2024,retiro,3000,
3000105,23/09/2024,compra,1000,
3000118,20/05/2024,retiro,,Ingreso mensual
3000109,2024-04-03,compra,1500,Ingreso extra
3000107,2024-08-29,depósito,-100,Retiro parcial
3000111,29-10-2024,retiro,2500,
3000117,11/03/2024,deposito,2500,Retiro parcial
3000112,21-06-2024,retiro,1500,
3000105,2024/02/21,compra,1000,Ingreso extra
3000107,03-12-2024,compra,-500,
3000108,2024-12-20,retiro,2000,Retiro parcial
3000105,22-04-2024,retiro,-500,
3000107,18/02/2024,pago,2000,Compra en tienda
3000101,01-09-2024,compra,,
3000118,2024/10/27,depósito,2500,Compra en tienda
3000102,2024/05/30,retiro,3000,
3000103,20/04/2024,depósito,2000,Retiro parcial
3000119,25-06-2024,compra,2500,Ingreso extra
3000111,2024/08/08,compra,3000,
3000108,2024-01-27,retiro,2000,Ingreso extra
3000107,11-05-2024,retiro,3000,Compra en tienda
3000101,2024-11-24,deposito,-100,
3000104,2024-06-20,compra,-500,Ingreso extra
3000109,2024-08-19,retiro,-500,Compra en tienda
3000101,27-05-2024,deposito,,Ingreso navideño
3000108,20-12-2024,depósito,2500,Ingreso mensual
3000104,18-01-2024,retiro,5000,Ingreso extra
3000113,2024-05-02,compra,-100,Retiro parcial
3000114,15-02-2024,deposito,3000,Ingreso mensual
3000104,19-09-2024,deposito,2500,Compra en tienda
3000105,07-08-2024,deposito,2500,
3000108,19/11/2024,retiro,2000,Ingreso navideño
3000102,29/11/2024,compra,,Compra en tienda
3000108,22-01-2024,depósito,-500,
3000114,2024/02/21,depósito,1000,Compra en tienda
3000109,2024/02/07,compra,2000,Compra en tienda
3000111,2024-04-29,deposito,5000,Ingreso mensual
3000117,25-11-2024,retiro,3000,Ingreso navideño
3000112,2024/08/30,depósito,-500,Retiro parcial
3000112,2024/11/06,deposito,2000,Retiro parcial
3000101,22/04/2024,compra,2500,Ingreso mensual
3000107,2024/06/16,retiro,2500,Ingreso mensual
3000114,2024-05-17,compra,-100,Ingreso extra
3000113,13/02/2024,pago,3000,Ingreso extra
3000118,23-10-2024,retiro,1500,Compra en tienda
3000106,28-10-2024,retiro,2500,Ingreso navideño
3000105,08/01/2024,compra,-100,Ingreso extra
3000116,18/12/2024,deposito,,Ingreso navideño
3000112,26-02-2024,deposito,3000,Ingreso mensual
3000110,03/04/2024,deposito,-100,
3000111,2024-02-16,retiro,1500,
3000119,30/04/2024,compra,2500,Ingreso navideño
3000117,31-07-2024,compra,1000,
3000115,17-10-2024,retiro,-100,Retiro parcial
3000120,01-05-2024,compra,3000,Retiro parcial
3000107,06/04/2024,retiro,,Ingreso mensual
3000119,2024-10-26,compra,2000,Retiro parcial
3000105,07-10-2024,compra,-100,Ingreso navideño
3000116,06-09-2024,deposito,-100,Retiro parcial
3000118,12/04/2024,deposito,-100,Ingreso extra
3000118,2024-12-28,compra,1500,
3000113,2024-11-21,retiro,1000,Compra en tienda
3000104,25/08/2024,deposito,1500,Retiro parcial
3000117,20/04/2024,deposito,1000,Retiro parcial
3000110,2024/07/08,deposito,1500,Ingreso navideño
3000113,03-09-2024,retiro,3000,
3000115,2024/01/10,deposito,-1000,Retiro parcial
3000102,11-05-2024,retiro,2000,
3000108,2024-02-20,retiro,-100,Compra en tienda
3000107,2024-12-21,compra,1500,
3000102,17-12-2024,deposito,-100,Compra en tienda
3000115,2024/04/30,compra,2500,
3000114,2024/11/17,compra,-100,Compra en tienda
3000106,2024/06/08,compra,2500,Ingreso navideño
3000117,2024-07-20,compra,-500,Compra en tienda
3000111,2024-03-11,depósito,-500,Ingreso extra
3000116,14/05/2024,compra,3000,
3000113,2024/05/09,compra,2500,Ingreso mensual
3000120,12-08-2024,retiro,-500,
3000116,2024-07-28,compra,-1000,Ingreso navideño
3000104,2024/11/17,retiro,2000,Ingreso navideño
3000108,2024-09-22,deposito,1000,Compra en tienda
3000117,2024/02/01,deposito,1500,Ingreso mensual
3000115,09-02-2024,compra,0,
3000111,27-04-2024,deposito,-100,Compra en tienda
3000104,2024-08-10,deposito,-500,Ingreso navideño
3000117,19-04-2024,retiro,,Retiro parcial
3000107,2024-01-15,deposito,-100,Ingreso navideño
3000114,19-02-2024,deposito,-500,
3000110,2024/09/10,deposito,2500,
3000116,2024-10-07,retiro,2000,Compra en tienda
3000112,09/11/2024,deposito,1000,Compra en tienda
3000101,2024/01/25,deposito,1000,Ingreso extra
3000119,04/06/2024,compra,3000,
3000105,11/01/2024,pago,2500,Retiro parcial
3000119,2024-05-26,compra,1000,Compra en tienda
3000119,27/10/2024,deposito,2500,
3000102,16/07/2024,deposito,-500,Ingreso navideño
3000112,12/02/2024,retiro,2000,Ingreso navideño
3000115,05/01/2024,compra,1500,
3000113,2024-11-13,pago,2000,Ingreso extra
3000111,27/12/2024,compra,-500,Ingreso mensual
3000120,02-11-2024,depósito,3000,Ingreso extra
3000114,13-11-2024,compra,2500,Ingreso extra
3000115,2024/12/01,pago,-100,Ingreso mensual
3000107,13/05/2024,compra,1000,Ingreso navideño
3000108,25/09/2024,deposito,1500,Ingreso extra
3000114,2024/08/31,deposito,3000,Ingreso mensual
3000102,2024-02-09,compra,-100,
3000114,02/04/2024,retiro,2000,Ingreso mensual
3000118,2024/08/17,deposito,3000,Ingreso mensual
3000116,16/07/2024,retiro,3000,
3000111,07-03-2024,deposito,,Ingreso mensual
3000112,2024-10-01,deposito,1000,Retiro parcial
3000107,2024-04-21,deposito,1000,Retiro parcial
3000114,2024/05/30,compra,2000,
3000118,04-12-2024,retiro,1000,Ingreso extra
3000120,05/06/2024,compra,1000,Retiro parcial
3000113,11/01/2024,compra,-100,
3000109,2024-03-22,depósito,1500,Compra en tienda
3000113,2024-11-07,compra,-500,Ingreso navideño
3000105,2024/01/04,retiro,1000,Ingreso navideño
3000118,2024/04/03,deposito,3000,Compra en tienda
3000108,2024/06/13,compra,1000,Retiro parcial
3000105,11/02/2024,pago,1500,Retiro parcial
3000109,2024-11-09,compra,3000,Ingreso mensual
3000118,2024-11-11,compra,3000,Ingreso navideño
3000111,20/06/2024,compra,-100,Ingreso navideño
3000112,13/11/2024,deposito,-500,
3000111,2024-12-11,pago,1500,Ingreso mensual
3000109,27/01/2024,deposito,1000,Compra en tienda
3000115,2024/02/14,deposito,1000,Compra en tienda
3000110,13/11/2024,compra,2500,Retiro parcial
3000103,20/06/2024,retiro,3000,Ingreso mensual
3000104,20/10/2024,compra,1500,Ingreso mensual
3000112,2024-12-27,retiro,-1000,Ingreso navideño
3000106,2024-04-23,compra,-500,Ingreso extra
3000119,2024/02/07,compra,3000,Ingreso navideño
3000119,2024/12/15,deposito,1500,
3000110,12/04/2024,depósito,3000,Compra en tienda
3000104,2024/10/23,compra,-100,
3000112,20/12/2024,retiro,-500,Retiro parcial
3000119,17-02-2024,deposito,2500,
3000104,08-01-2024,deposito,2500,Ingreso navideño
3000118,2024-04-28,deposito,-100,
3000117,2024-10-28,deposito,-100,
3000105,12-09-2024,deposito,2500,Retiro parcial
3000118,20/05/2024,pago,2000,
4000103,08-03-2024,deposito,3000,Retiro parcial
4000110,24-07-2024,retiro,1500,
4000109,2024/03/18,deposito,3000,Ingreso mensual
4000105,24/03/2024,deposito,1000,Ingreso navideño
4000120,2024/04/11,compra,,Ingreso mensual
4000120,2024-02-26,compra,1000,
4000102,18-12-2024,compra,3000,
4000105,2024/06/21,compra,3000,Ingreso extra
4000111,2024/09/16,compra,2500,Ingreso mensual
4000106,12/02/2024,deposito,-100,Ingreso navideño
4000106,21-06-2024,deposito,2000,Ingreso extra
4000106,2024/07/11,compra,1500,Ingreso navideño
4000108,2024-02-15,compra,3000,Ingreso mensual
4000110,13/11/2024,compra,-500,Ingreso mensual
4000109,04/12/2024,retiro,1000,Compra en tienda
4000102,19-04-2024,deposito,2000,
4000108,2024-07-19,retiro,2000,Retiro parcial
4000104,26-08-2024,retiro,2500,Compra en tienda
4000120,09-03-2024,retiro,3000,Compra en tienda
4000109,2024/05/02,deposito,3000,Ingreso mensual
4000116,2024/12/24,compra,2500,Compra en tienda
4000114,08/07/2024,compra,5000,Ingreso mensual
4000119,2024/08/15,retiro,1500,Ingreso extra
4000103,05-10-2024,compra,1000,Retiro parcial
4000102,2024/09/30,depósito,2000,Ingreso navideño
4000119,25/07/2024,retiro,-500,Ingreso mensual
4000103,11-08-2024,pago,1000,Compra en tienda
4000103,2024/12/19,compra,5000,Retiro parcial
4000111,2024-03-10,retiro,-500,Retiro parcial
4000111,2024-04-26,retiro,2000,Ingreso navideño
4000108,2024-12-22,deposito,1000,Ingreso extra
4000117,2024-01-11,deposito,-1000,Ingreso extra
4000113,24/01/2024,compra,5000,Compra en tienda
4000109,20-11-2024,retiro,-1000,Retiro parcial
4000113,25-01-2024,deposito,-500,Ingreso navideño
4000109,15/10/2024,retiro,-500,Ingreso extra
4000103,2024-05-09,retiro,3000,Ingreso extra
4000114,30-09-2024,deposito,1000,Ingreso mensual
4000120,13/01/2024,deposito,1000,Retiro parcial
4000113,2024-02-29,retiro,2500,Ingreso mensual
4000109,2024-11-27,deposito,2000,
4000117,30-05-2024,deposito,1000,Ingreso navideño
4000118,2024-09-01,retiro,-100,Ingreso navideño
4000112,2024/04/01,retiro,3000,Retiro parcial
4000105,2024-01-17,compra,-500,Ingreso mensual
4000116,2024/11/22,compra,2500,Compra en tienda
4000108,2024-05-14,deposito,3000,Ingreso extra
4000111,2024-07-19,compra,-100,Compra en tienda
4000107,2024-11-30,deposito,3000,Compra en tienda
4000111,2024/09/25,depósito,2000,Ingreso navideño
4000107,2024-02-29,deposito,-500,
4000102,2024/11/05,retiro,,Ingreso navideño
4000114,23-04-2024,retiro,2000,Compra en tienda
4000109,2024/03/09,deposito,3000,
4000104,2024/11/01,retiro,-500,Ingreso navideño
4000104,2024-02-02,retiro,-100,Ingreso mensual
4000113,02/05/2024,retiro,-100,Retiro parcial
4000113,11-01-2024,deposito,3000,Retiro parcial
4000105,01/12/2024,deposito,2000,Ingreso mensual
4000109,05-07-2024,retiro,-500,Compra en tienda
4000106,2024/04/06,retiro,2500,Compra en tienda
4000116,25/06/2024,retiro,2000,
4000114,2024-09-04,compra,2500,Retiro parcial
4000110,2024/02/15,deposito,0,Compra en tienda
4000109,2024/11/26,retiro,2000,
4000118,2024/05/19,retiro,2000,
4000112,2024-07-23,compra,3000,Retiro parcial
4000120,2024-08-18,deposito,1500,Compra en tienda
4000104,2024/07/31,deposito,,Compra en tienda
4000102,16-10-2024,deposito,2500,Retiro parcial
4000117,2024-01-12,retiro,,Ingreso extra
4000103,07-05-2024,compra,2000,Retiro parcial
4000115,2024-08-15,compra,2000,Compra en tienda
4000107,28/09/2024,retiro,-500,Ingreso extra
4000116,2024/02/15,deposito,3000,Ingreso extra
4000120,2024-10-27,retiro,3000,Ingreso extra
4000119,19-07-2024,compra,2000,Compra en tienda
4000118,2024/12/09,retiro,3000,
4000115,13-10-2024,compra,2000,Compra en tienda
4000101,16/02/2024,compra,-100,Retiro parcial
4000118,27/04/2024,retiro,2000,Ingreso mensual
4000110,11-02-2024,compra,-100,Ingreso extra
4000118,2024-03-05,retiro,0,Ingreso navideño
4000106,29/08/2024,pago,2000,
4000105,03/03/2024,retiro,2500,Retiro parcial
4000107,09-11-2024,retiro,1000,Compra en tienda
4000119,11/06/2024,compra,-500,
4000105,2024-04-01,depósito,1000,Retiro parcial
4000116,09-02-2024,deposito,-100,
4000114,2024/02/20,depósito,3000,Compra en tienda
4000113,27/04/2024,retiro,3000,
4000110,02/03/2024,deposito,2000,Compra en tienda
4000101,2024-02-19,compra,2000,Retiro parcial
4000102,23-11-2024,deposito,1000,
4000112,08/03/2024,retiro,2500,
4000111,2024-03-25,retiro,2500,Ingreso extra
4000117,2024-05-18,deposito,,Ingreso mensual
4000114,14/02/2024,retiro,3000,Ingreso mensual
4000112,2024/10/17,retiro,-500,Retiro parcial
4000108,05-01-2024,pago,-500,Retiro parcial
4000116,02/08/2024,compra,-500,Compra en tienda
4000107,2024/06/22,retiro,3000,Ingreso navideño
4000105,2024-06-04,pago,-500,Ingreso extra
4000106,2024-07-28,deposito,2000,Ingreso mensual
4000119,2024-03-24,compra,1500,
4000103,2024-09-24,retiro,-500,Ingreso extra
4000107,2024-10-26,retiro,3000,Ingreso mensual
4000114,2024-02-13,compra,2000,Ingreso extra
4000116,2024/08/09,compra,-500,Ingreso extra
4000114,14-04-2024,depósito,2000,
4000118,2024-08-26,compra,5000,Compra en tienda
4000101,2024-01-07,deposito,2500,Retiro parcial
4000118,2024-08-04,compra,3000,
4000106,2024-08-27,deposito,2500,
4000120,2024-05-24,retiro,-500,Compra en tienda
4000104,2024/11/07,compra,1000,Ingreso navideño
4000115,2024-06-17,compra,1000,Ingreso navideño
4000110,17-02-2024,compra,2500,Ingreso extra
4000107,2024/01/28,retiro,1500,
4000102,2024/11/24,retiro,-100,Retiro parcial
4000106,2024/10/23,compra,-500,Ingreso navideño
4000106,2024/08/31,compra,2500,
4000114,2024-10-01,compra,2000,Ingreso extra
4000119,2024/05/21,retiro,1500,
4000109,21/05/2024,retiro,3000,Ingreso extra
4000103,2024-07-12,deposito,,
4000120,17/12/2024,retiro,1500,
4000120,2024/12/28,retiro,-500,Ingreso navideño
4000106,20-11-2024,pago,-100,Ingreso extra
4000101,2024/07/16,retiro,2500,Ingreso navideño
4000109,12/11/2024,compra,-100,Ingreso navideño
4000103,2024-03-15,compra,5000,
4000118,08/12/2024,retiro,1000,Ingreso mensual
4000107,2024/12/30,retiro,-500,
4000107,17-07-2024,retiro,2000,Ingreso mensual
4000114,2024/10/16,retiro,,Ingreso mensual
4000118,2024-03-05,compra,2000,Ingreso navideño
4000116,23-11-2024,compra,2000,Ingreso navideño
4000103,19/03/2024,compra,3000,Ingreso extra
4000110,2024/06/22,pago,2000,
4000105,26-10-2024,compra,-1000,Ingreso extra
4000114,2024-04-16,deposito,2000,Compra en tienda
4000103,2024-10-29,compra,2500,
4000111,03/03/2024,compra,2000,Compra en tienda
4000104,2024-09-06,retiro,-500,
4000118,2024/08/13,deposito,-500,
4000110,27/11/2024,retiro,2000,Retiro parcial
4000114,07-05-2024,retiro,3000,Ingreso navideño
4000113,30/09/2024,deposito,-500,Ingreso extra
4000106,2024-11-26,pago,1500,Retiro parcial
4000116,2024-04-19,pago,1500,Ingreso navideño
4000117,25-06-2024,deposito,2500,
4000106,2024-04-03,retiro,2000,
4000105,21/09/2024,retiro,3000,Ingreso navideño
4000120,2024/09/16,deposito,1500,Ingreso mensual
4000103,27-01-2024,retiro,2000,Ingreso mensual
4000114,2024-07-04,compra,-100,
4000106,2024-04-26,compra,1000,Ingreso extra
4000109,2024/11/10,retiro,2500,
4000119,21/05/2024,compra,1000,Ingreso extra
4000110,19/08/2024,retiro,2500,Retiro parcial
4000106,2024/10/02,retiro,1500,Compra en tienda
4000116,17/06/2024,depósito,1500,Ingreso navideño
4000109,2024/05/20,compra,-500,Compra en tienda
4000107,2024-09-26,compra,-100,
4000110,2024/02/14,deposito,2500,Ingreso navideño
4000105,2024-09-09,compra,-500,Compra en tienda
4000104,2024/11/09,compra,3000,Ingreso mensual
4000114,2024-05-22,compra,2000,Ingreso navideño
4000116,2024/11/14,deposito,2500,Ingreso navideño
4000102,08/02/2024,deposito,3000,Compra en tienda
4000105,10/05/2024,retiro,2500,Ingreso navideño
4000107,2024/11/16,deposito,1500,Ingreso extra
4000114,30/10/2024,retiro,0,Compra en tienda
4000102,2024/08/12,deposito,2500,Retiro parcial
4000115,25-10-2024,deposito,0,Ingreso mensual
4000107,26-11-2024,depósito,-500,Compra en tienda
4000109,05/12/2024,retiro,2500,Ingreso mensual
4000119,18/02/2024,pago,1000,Ingreso extra
4000103,2024/10/29,compra,2500,Ingreso navideño
4000103,2024-07-05,retiro,3000,Ingreso mensual
4000112,2024-12-16,compra,-100,Ingreso mensual
4000117,01/02/2024,retiro,-100,
4000107,06-12-2024,depósito,2500,Retiro parcial
4000108,2024-07-17,retiro,2500,Retiro parcial
4000116,2024/09/15,compra,3000,Retiro parcial
4000115,2024/04/22,compra,1500,Ingreso extra
4000102,2024-09-24,retiro,1500,Compra en tienda
4000114,2024-10-20,compra,-100,Ingreso navideño
4000113,2024-04-05,deposito,1000,Ingreso navideño
4000117,17/11/2024,depósito,3000,Ingreso mensual
4000110,11/09/2024,deposito,1000,Retiro parcial
4000104,2024-03-01,retiro,-500,Ingreso extra
4000102,2024-12-28,retiro,-500,Compra en tienda
4000119,2024/10/28,retiro,2000,Ingreso extra
4000104,19/07/2024,retiro,1000,Compra en tienda
4000110,2024/02/23,deposito,1000,Retiro parcial
4000114,2024-02-07,retiro,3000,Ingreso extra
4000109,2024/09/11,depósito,-100,Ingreso extra
4000107,2024-07-02,depósito,2500,
4000101,2024/07/09,retiro,-1000,Ingreso mensual
4000114,2024-10-01,compra,1500,Ingreso mensual
4000114,2024-07-09,compra,-500,
4000116,15/06/2024,retiro,3000,Compra en tienda
4000117,10-02-2024,compra,2500,Ingreso mensual
4000104,11-01-2024,retiro,1000,Compra en tienda
4000117,27-03-2024,deposito,1500,Compra en tienda
4000119,25/09/2024,deposito,1000,Ingreso mensual
4000112,2024-08-25,compra,2500,Ingreso navideño
4000107,24-01-2024,deposito,3000,Compra en tienda
4000115,2024-02-22,pago,3000,
4000119,2024-07-11,deposito,2500,
4000117,2024-09-27,pago,3000,Ingreso extra
4000120,2024/09/01,deposito,1500,Compra en tienda
4000110,2024/04/26,compra,3000,Ingreso mensual
4000114,2024-03-03,compra,1500,Ingreso mensual
4000111,08-07-2024,compra,2500,Ingreso extra
4000108,16-08-2024,deposito,-100,Compra en tienda
4000106,16-12-2024,deposito,2500,
4000117,07-08-2024,compra,3000,Ingreso navideño
4000108,20-12-2024,compra,-100,Ingreso navideño
4000103,2024/05/06,compra,2000,Retiro parcial
4000106,22-02-2024,retiro,-500,Compra en tienda
4000118,2024-01-30,retiro,2500,Ingreso mensual
4000117,2024-02-15,retiro,-100,Compra en tienda
4000107,01-07-2024,deposito,-100,Retiro parcial
4000107,21-03-2024,deposito,,Compra en tienda
4000116,2024-03-23,deposito,2000,Compra en tienda
4000113,2024-12-04,deposito,-500,
4000105,03-08-2024,deposito,1500,Ingreso navideño
4000115,2024/11/17,compra,-500,Ingreso extra
4000107,2024/03/07,deposito,3000,
4000106,26/06/2024,deposito,1000,Compra en tienda
4000118,2024-04-12,compra,-500,Compra en tienda
4000120,2024/02/14,deposito,2500,
4000111,2024-06-07,compra,1500,
4000119,2024-08-03,compra,5000,Compra en tienda
4000108,18-01-2024,compra,2000,Ingreso extra
4000101,2024/10/16,deposito,-100,Retiro parcial
4000115,22/06/2024,deposito,-500,Ingreso extra
4000105,2024-04-15,retiro,3000,Ingreso navideño
4000112,2024-03-23,deposito,1000,Ingreso mensual
4000118,2024-08-25,deposito,-100,
4000107,24/10/2024,retiro,2500,Ingreso navideño
4000107,08/12/2024,compra,,Retiro parcial
4000120,30/10/2024,deposito,1000,Ingreso navideño
4000111,2024-02-15,retiro,2500,Compra en tienda
4000106,19/10/2024,deposito,,
4000108,2024-12-12,compra,2000,Ingreso extra
4000108,12-12-2024,compra,-100,Ingreso extra
4000104,10/07/2024,compra,1500,
4000102,09-02-2024,retiro,1500,Ingreso navideño
4000103,2024/09/24,deposito,1500,
4000112,12-06-2024,deposito,3000,Ingreso navideño
4000105,2024-08-11,deposito,,Compra en tienda
4000112,2024/04/01,compra,2500,
4000108,2024-12-08,retiro,1500,
4000108,30-09-2024,retiro,-500,
4000106,2024/07/20,deposito,2500,Retiro parcial
4000102,2024-04-29,retiro,2000,
4000113,20-07-2024,compra,2500,Retiro parcial
4000119,24-10-2024,compra,2000,
4000107,2024/03/18,compra,5000,
4000108,2024-02-21,depósito,1500,Retiro parcial
4000120,24/03/2024,retiro,2000,Compra en tienda
4000112,05-07-2024,depósito,1000,Compra en tienda
4000104,07/01/2024,compra,1000,Retiro parcial
4000112,2024-12-11,retiro,3000,
4000110,03/11/2024,compra,-100,Ingreso extra
4000108,2024-09-29,deposito,,Ingreso extra
4000113,28-12-2024,deposito,2000,
4000116,02-11-2024,depósito,2000,Ingreso mensual
4000106,02-02-2024,compra,1500,Compra en tienda
4000114,30/05/2024,compra,2500,
4000113,2024/12/11,depósito,1500,Compra en tienda
4000107,16-02-2024,compra,2500,Ingreso mensual
4000102,11-03-2024,deposito,-100,
4000108,13-03-2024,deposito,2000,Retiro parcial
4000101,22/03/2024,retiro,2000,Retiro parcial
4000105,2024-04-03,retiro,1000,Retiro parcial
4000105,14-08-2024,retiro,1000,Ingreso navideño
4000103,23/07/2024,compra,3000,Retiro parcial
4000109,2024/01/21,depósito,2000,Ingreso navideño
4000103,2024-02-12,compra,3000,Compra en tienda
4000120,2024/02/03,retiro,2500,
4000102,01-11-2024,compra,-100,Retiro parcial
4000111,16-02-2024,retiro,2000,Ingreso mensual
4000104,08-08-2024,compra,-100,Ingreso mensual
4000106,2024-09-27,compra,-100,Ingreso mensual
4000106,04/04/2024,compra,2500,Retiro parcial
4000117,29-08-2024,retiro,1000,Ingreso mensual
4000116,2024/05/13,retiro,1000,Ingreso mensual
4000106,2024/05/04,compra,-500,Retiro parcial
4000105,2024-12-13,compra,3000,Ingreso mensual
4000120,04/03/2024,compra,2500,
4000104,2024/10/10,retiro,2500,Ingreso navideño
4000116,2024-11-01,deposito,-100,Compra en tienda
4000101,03-06-2024,deposito,2000,Compra en tienda
4000118,19/08/2024,compra,1500,Ingreso mensual
4000106,03-09-2024,compra,3000,
4000101,25-09-2024,deposito,2500,Ingreso mensual
4000101,2024-12-26,deposito,-100,
4000118,2024-04-18,deposito,3000,Retiro parcial
4000111,28-03-2024,deposito,5000,Ingreso navideño
4000118,2024/10/11,compra,3000,Ingreso mensual
4000109,2024/11/09,retiro,2000,Compra en tienda
4000109,31/10/2024,retiro,5000,
4000108,2024/01/26,retiro,3000,Ingreso mensual
4000114,2024-10-29,retiro,2500,Ingreso mensual
4000111,2024-07-30,depósito,3000,Compra en tienda
4000110,2024/11/15,compra,-100,Retiro parcial
4000116,17-01-2024,retiro,-100,Ingreso navideño
4000101,04/02/2024,depósito,2500,Compra en tienda
4000106,25-07-2024,compra,1500,
4000107,11/08/2024,retiro,-100,Ingreso extra
4000104,30/07/2024,compra,3000,Retiro parcial
4000119,2024/02/29,compra,,Ingreso mensual
4000115,31/10/2024,compra,1500,Ingreso mensual
4000111,09-04-2024,retiro,2500,Ingreso mensual
4000114,21-02-2024,pago,-500,Ingreso extra
4000104,31-01-2024,retiro,1500,Compra en tienda
4000117,2024/08/26,depósito,3000,Ingreso mensual
4000114,2024/10/03,compra,3000,Ingreso extra
4000101,07-03-2024,retiro,-100,
4000102,2024/12/24,pago,3000,Ingreso extra
4000119,27/07/2024,retiro,-500,Compra en tienda
4000116,2024/10/31,retiro,3000,
4000108,23/10/2024,retiro,2000,Compra en tienda
4000118,19/01/2024,retiro,5000,Ingreso extra
4000112,22/11/2024,compra,2000,Ingreso navideño
4000101,2024/01/17,pago,-100,
4000117,05-09-2024,deposito,2000,Ingreso mensual
4000108,2024/06/30,compra,2500,
4000109,2024-01-22,retiro,-100,
4000104,26/05/2024,deposito,2500,Ingreso navideño
4000108,31/10/2024,deposito,-500,Retiro parcial
4000109,21-10-2024,deposito,2500,Ingreso navideño
4000115,2024/07/12,compra,1500,
4000106,2024/03/23,compra,2000,Compra en tienda
4000115,19/06/2024,compra,2000,
4000113,13/06/2024,deposito,-500,Ingreso mensual
4000109,12/02/2024,compra,-100,Retiro parcial
4000104,2024/03/19,retiro,-500,Ingreso extra
4000110,2024/11/25,compra,2000,Ingreso mensual
4000104,16-07-2024,compra,1000,
4000120,03-10-2024,deposito,2500,Compra en tienda
4000120,2024/12/21,compra,-500,Compra en tienda
4000103,29-07-2024,compra,3000,Ingreso navideño
4000107,09/04/2024,deposito,1000,Ingreso mensual
4000115,2024/12/22,retiro,-100,Ingreso mensual
4000108,22-09-2024,retiro,-500,Ingreso extra
4000111,04/12/2024,depósito,1000,Ingreso extra
4000110,2024/07/08,retiro,2000,
4000116,2024/10/07,compra,3000,Retiro parcial
4000103,02-09-2024,retiro,1500,Ingreso navideño
4000108,12-03-2024,deposito,-500,Ingreso mensual
4000113,14-09-2024,deposito,2000,Ingreso mensual
4000118,2024-09-01,compra,-100,Ingreso mensual
4000112,12-06-2024,retiro,-500,Ingreso navideño
4000119,23-12-2024,compra,-500,Ingreso navideño
4000112,17-07-2024,retiro,-100,Ingreso mensual
4000105,17/12/2024,retiro,,Retiro parcial
4000115,2024/04/04,deposito,-100,Ingreso extra
4000120,2024/07/10,compra,3000,
4000104,2024/04/02,deposito,1500,Retiro parcial
4000109,21/01/2024,deposito,2000,
4000118,15-06-2024,retiro,3000,
4000105,21/04/2024,retiro,1500,Ingreso extra
4000103,2024-03-10,compra,3000,
4000104,2024-07-17,compra,,Retiro parcial
4000104,23-05-2024,compra,1500,Ingreso extra
4000119,2024-05-22,deposito,1000,Ingreso mensual
4000111,04/05/2024,deposito,,Ingreso navideño
4000116,12-09-2024,deposito,3000,Ingreso mensual
4000116,2024/10/06,retiro,2500,Ingreso extra
4000116,22/09/2024,deposito,2000,Ingreso extra
4000107,08/08/2024,compra,-500,Retiro parcial
4000117,01-11-2024,deposito,,
4000110,13-12-2024,deposito,1000,Ingreso extra
4000102,2024/05/23,pago,-500,Ingreso mensual
4000120,2024-07-26,retiro,,Ingreso mensual
4000113,03/12/2024,retiro,2000,Ingreso navideño
4000114,2024/05/14,retiro,3000,
4000102,2024/08/30,retiro,,Ingreso navideño
4000110,2024/05/01,retiro,2500,Compra en tienda
4000111,2024-05-10,retiro,1500,Compra en tienda
4000103,2024-07-15,pago,3000,
4000102,2024/08/03,pago,1000,
4000112,25-11-2024,deposito,1500,Ingreso navideño
4000117,27-04-2024,compra,3000,Retiro parcial
4000110,2024/08/11,compra,-500,Compra en tienda
4000116,06/12/2024,retiro,2000,Ingreso mensual
4000112,2024/08/26,retiro,1500,
4000107,09/03/2024,deposito,-500,Ingreso mensual
4000107,15-06-2024,compra,,
4000117,2024/03/07,retiro,3000,Ingreso mensual
4000101,06-10-2024,deposito,1500,Ingreso mensual
4000116,2024-01-03,deposito,2500,Ingreso navideño
4000117,2024/12/08,retiro,3000,Ingreso extra
4000108,2024/11/02,deposito,2500,Ingreso extra
4000102,2024/02/14,retiro,3000,
4000119,24/10/2024,depósito,1000,Ingreso navideño
4000118,26-03-2024,compra,1500,
4000102,2024/10/12,retiro,1500,Ingreso mensual
4000110,14-01-2024,pago,1500,Retiro parcial
4000111,2024-11-04,retiro,3000,Retiro parcial
4000109,2024/02/13,pago,-500,Ingreso extra
4000114,2024-03-16,compra,,Retiro parcial
4000109,2024/10/18,compra,1000,Retiro parcial
4000105,12/01/2024,deposito,1000,Retiro parcial
4000103,08-12-2024,deposito,-500,Compra en tienda
4000115,2024-12-28,deposito,2500,
4000116,2024/04/05,compra,-500,Ingreso navideño
4000107,2024-05-31,deposito,-100,Retiro parcial
4000101,22/12/2024,deposito,2500,Ingreso navideño
4000104,2024-11-05,pago,2000,Ingreso mensual
4000110,23/11/2024,compra,1500,Ingreso mensual
4000101,2024-04-26,compra,1500,Ingreso extra
4000115,13/11/2024,compra,2000,Compra en tienda
4000101,12-06-2024,deposito,2000,Ingreso extra
4000109,14-07-2024,depósito,2000,Ingreso mensual
4000101,22-11-2024,retiro,1000,
4000106,2024-09-26,deposito,-500,Ingreso extra
4000119,2024-10-18,retiro,-100,Compra en tienda
4000102,24/08/2024,retiro,-500,Retiro parcial
4000113,2024-02-27,deposito,1000,Ingreso mensual
4000108,17/07/2024,compra,3000,Ingreso extra
4000112,2024-01-20,retiro,5000,
4000119,2024-07-01,deposito,2000,
4000117,2024/03/29,compra,2000,Compra en tienda
4000113,2024-03-09,compra,-100,Compra en tienda
4000111,2024/10/31,retiro,-500,
4000120,15-04-2024,pago,1000,Compra en tienda
4000112,2024-10-06,deposito,2000,Ingreso extra
4000102,2024/05/26,pago,2500,Ingreso mensual
4000105,24/05/2024,compra,3000,Ingreso mensual
4000107,03/03/2024,retiro,1500,
4000118,09/06/2024,retiro,,Ingreso navideño
4000105,13-05-2024,deposito,-100,Retiro parcial
4000106,2024-01-29,deposito,2500,
4000104,2024/06/24,retiro,1000,
4000109,30-08-2024,deposito,3000,
4000118,17/12/2024,deposito,2500,Ingreso extra
4000104,15/04/2024,compra,3000,Ingreso navideño
4000107,2024/05/02,deposito,2500,Retiro parcial
4000118,2024-11-14,retiro,-500,
4000102,04/10/2024,compra,-500,Retiro parcial
4000114,2024-04-23,deposito,1500,Compra en tienda
4000119,2024-11-18,retiro,3000,Ingreso navideño
4000111,25/01/2024,depósito,2500,Compra en tienda
4000117,13-09-2024,pago,1500,Ingreso extra
4000102,11/05/2024,retiro,-100,Ingreso extra
4000112,2024-05-30,pago,-100,Ingreso navideño
4000106,2024/07/20,compra,2000,Compra en tienda
4000103,2024-12-23,retiro,2500,
4000120,2024-02-07,deposito,1500,Retiro parcial
4000120,16/01/2024,compra,2000,
4000109,2024-11-14,deposito,1500,Compra en tienda
4000113,2024-09-08,deposito,-100,Ingreso navideño
4000109,10-03-2024,deposito,3000,Retiro parcial
4000106,22/02/2024,compra,1000,Ingreso navideño
4000105,10-07-2024,retiro,3000,Ingreso mensual
4000102,09/12/2024,deposito,1500,Ingreso extra
4000119,17-08-2024,compra,2500,
4000120,2024-05-15,retiro,-500,Ingreso navideño
4000110,2024/11/15,deposito,0,
4000114,29/12/2024,deposito,2000,Compra en tienda
4000102,2024-10-06,retiro,-500,
4000109,2024-06-25,deposito,2500,Retiro parcial
4000104,09-08-2024,compra,3000,
4000116,2024/03/10,retiro,,Ingreso mensual
4000115,2024-01-23,compra,1000,Ingreso extra
4000119,08/08/2024,compra,1000,
4000108,2024-11-23,retiro,1500,Compra en tienda
4000112,01/06/2024,retiro,3000,Compra en tienda
4000104,13-01-2024,compra,3000,Ingreso navideño
4000117,25/04/2024,compra,-100,Retiro parcial
4000115,2024-11-24,retiro,1500,
4000112,09-08-2024,deposito,1500,Ingreso mensual
4000114,2024/06/08,retiro,2000,
4000120,2024/04/03,compra,2000,Retiro parcial
4000113,29/10/2024,deposito,2000,
4000115,2024/03/10,deposito,3000,Ingreso extra
4000117,2024-11-07,compra,3000,Ingreso navideño
4000114,2024/04/16,compra,1500,Retiro parcial
4000104,04/01/2024,deposito,1000,Ingreso mensual
4000113,02/12/2024,deposito,2000,Compra en tienda
4000106,2024-06-28,retiro,1500,Ingreso mensual
4000101,2024/08/24,compra,0,Compra en tienda
4000104,31/05/2024,retiro,,
4000105,2024/05/29,deposito,3000,Ingreso navideño
4000115,01/03/2024,retiro,1000,
4000104,2024/07/03,deposito,2000,Compra en tienda
4000120,2024/02/12,compra,1500,Retiro parcial
4000112,2024/04/06,compra,1500,Ingreso navideño
4000120,2024-07-28,retiro,3000,Ingreso mensual
4000110,2024-06-20,retiro,-500,Ingreso navideño
4000115,25-04-2024,retiro,-100,Ingreso mensual
4000111,25-09-2024,compra,2500,Ingreso navideño
4000102,30/03/2024,compra,3000,
4000116,15/05/2024,retiro,1000,Compra en tienda
4000105,2024-01-29,compra,1000,Ingreso navideño
4000110,17/04/2024,compra,3000,Ingreso navideño
4000108,2024/11/21,deposito,-500,Ingreso navideño
4000105,2024/04/20,retiro,-500,Retiro parcial
4000110,2024/11/01,retiro,-500,Ingreso navideño
4000108,2024/04/01,retiro,2500,
4000120,2024/07/13,deposito,1500,Ingreso mensual
4000117,27/04/2024,deposito,1500,Ingreso navideño
4000120,2024/12/27,compra,-100,
4000104,2024/07/07,deposito,-100,
4000111,15/08/2024,deposito,1500,Ingreso extra
4000106,27-08-2024,depósito,2000,Compra en tienda
4000109,29-08-2024,retiro,2500,Retiro parcial
4000113,13/12/2024,compra,,Ingreso navideño
4000105,2024/07/01,compra,1500,
4000112,18-07-2024,deposito,1000,Ingreso extra
4000117,15/11/2024,deposito,0,Ingreso navideño
4000103,2024-10-11,deposito,2500,
4000102,20/10/2024,depósito,3000,Ingreso extra
4000102,2024-03-02,compra,1000,Ingreso extra
4000115,13-03-2024,compra,1500,Ingreso extra
4000108,2024/10/01,retiro,1000,Retiro parcial
4000116,28-05-2024,compra,3000,Compra en tienda
4000102,2024/12/27,retiro,,Compra en tienda
4000104,13-08-2024,retiro,-500,Ingreso mensual
4000119,19-09-2024,retiro,-500,Ingreso navideño
4000114,03/11/2024,retiro,2000,
4000116,04-04-2024,compra,,Ingreso navideño
4000108,03-02-2024,retiro,2500,Ingreso mensual
4000109,2024-06-20,deposito,3000,
4000106,25/03/2024,compra,2000,Ingreso extra
4000106,22/08/2024,compra,-500,Ingreso mensual
4000115,24/10/2024,retiro,1000,
4000102,01-10-2024,compra,-500,Compra en tienda
4000119,2024-12-13,retiro,1500,Ingreso extra
4000106,25/06/2024,deposito,1000,Retiro parcial
4000105,10/04/2024,retiro,-500,Retiro parcial
4000115,2024/02/22,deposito,1500,
4000113,2024/08/30,retiro,2000,Ingreso extra
4000115,2024/04/24,deposito,2000,Ingreso mensual
4000106,30/01/2024,retiro,-500,Compra en tienda
4000118,19-06-2024,deposito,3000,
4000113,09-06-2024,deposito,3000,Ingreso navideño
4000110,24-03-2024,compra,-100,Ingreso extra
4000107,2024-03-29,retiro,2000,Retiro parcial
4000112,2024/04/29,retiro,2500,Ingreso navideño
4000102,2024-05-18,compra,1000,
4000102,2024-06-26,retiro,-100,Ingreso navideño
4000101,07/03/2024,deposito,3000,
4000111,06-10-2024,deposito,1500,Retiro parcial
4000112,07-08-2024,retiro,3000,
4000112,2024/09/06,deposito,0,Compra en tienda
4000118,03-10-2024,deposito,3000,Ingreso mensual
4000118,2024-05-12,pago,-500,
4000116,14/11/2024,deposito,3000,
4000110,07/03/2024,retiro,-100,Retiro parcial
4000116,28-04-2024,deposito,1000,Ingreso navideño
4000116,12-10-2024,deposito,-100,Ingreso extra
4000118,07/04/2024,deposito,1000,Compra en tienda
4000118,19-01-2024,retiro,1000,
4000111,07-07-2024,deposito,2500,Retiro parcial
4000118,2024-07-14,deposito,3000,Ingreso navideño
4000117,2024-09-04,retiro,5000,
4000102,09-08-2024,compra,3000,Ingreso navideño
4000118,06-01-2024,compra,3000,Compra en tienda
4000120,18-11-2024,retiro,2000,Ingreso extra
4000108,21/06/2024,retiro,2500,
4000105,04/07/2024,deposito,1000,
4000101,2024-08-01,retiro,2000,Ingreso extra
4000110,05/08/2024,deposito,1000,
4000107,2024-04-03,retiro,-500,
4000104,2024/08/29,retiro,2500,Ingreso mensual
4000108,2024/11/17,deposito,-100,Ingreso mensual
4000103,2024/05/08,compra,1000,Ingreso mensual
4000102,13-03-2024,compra,-100,Ingreso extra
4000102,2024/10/11,retiro,1500,Ingreso mensual
4000101,2024/04/20,compra,-100,Ingreso navideño
4000114,2024/04/13,compra,-100,Ingreso extra
4000105,2024/03/11,retiro,,Ingreso navideño
4000105,14/02/2024,retiro,-100,Ingreso navideño
4000112,2024-09-27,deposito,2000,
4000119,16-02-2024,deposito,-500,Retiro parcial
4000101,2024-04-08,retiro,-100,
4000118,01/08/2024,deposito,2500,
4000108,2024-04-17,compra,2000,Retiro parcial
4000106,15/03/2024,compra,2500,Ingreso extra
4000105,12/01/2024,retiro,1500,Ingreso extra
4000102,03-04-2024,retiro,3000,Ingreso mensual
4000106,11-12-2024,deposito,-100,
4000112,2024/10/16,retiro,-100,Ingreso navideño
4000106,22-02-2024,compra,1500,Ingreso extra
4000120,06-08-2024,deposito,-500,Retiro parcial
4000105,30/11/2024,deposito,-500,Ingreso navideño
4000103,04-09-2024,deposito,-500,Ingreso navideño
4000115,26/07/2024,compra,-500,Retiro parcial
4000104,01/10/2024,pago,-500,Retiro parcial
4000109,18-03-2024,compra,-500,Ingreso extra
4000118,12/09/2024,compra,-100,Retiro parcial
4000111,05/08/2024,retiro,-100,Compra en tienda
4000103,26-10-2024,compra,2000,Ingreso mensual
4000109,17-02-2024,deposito,1000,Ingreso navideño
4000114,2024-08-10,deposito,-500,Retiro parcial
4000109,2024-09-03,retiro,,Ingreso navideño
4000115,2024/09/14,compra,-100,Ingreso mensual
4000114,2024-02-19,retiro,1000,Ingreso navideño
4000104,2024-04-02,retiro,-100,Ingreso mensual
4000106,07-12-2024,retiro,2500,Ingreso navideño
4000108,29-01-2024,retiro,3000,Ingreso navideño
4000101,17/01/2024,retiro,-100,Compra en tienda
4000116,2024/05/25,deposito,3000,Ingreso mensual
4000118,11/01/2024,retiro,,
4000110,24/12/2024,retiro,3000,Retiro parcial
4000102,2024-10-10,retiro,-100,Ingreso navideño
4000106,2024-07-12,deposito,-100,Retiro parcial
4000114,2024-03-26,deposito,2000,Ingreso navideño
4000105,2024-06-07,deposito,2000,Ingreso mensual
4000120,27-02-2024,retiro,5000,
4000119,2024/07/25,retiro,2500,Ingreso navideño
4000114,2024/09/16,compra,,Ingreso extra
4000106,31/08/2024,compra,-100,Ingreso navideño
4000103,25-06-2024,deposito,1500,
4000112,01/12/2024,compra,2000,Ingreso extra
4000106,10/04/2024,deposito,-500,
4000109,11-05-2024,retiro,3000,Compra en tienda
4000114,22/12/2024,depósito,1500,Ingreso mensual
4000105,09/12/2024,retiro,1500,Ingreso navideño
4000109,20/07/2024,deposito,1500,Ingreso navideño
4000109,11-11-2024,compra,3000,Ingreso mensual
4000105,2024/04/18,pago,3000,Retiro parcial
4000114,10-12-2024,deposito,1500,
4000105,2024-05-23,compra,-100,Ingreso extra
4000103,2024/04/03,compra,2500,Retiro parcial
4000102,23-04-2024,compra,2000,Ingreso navideño
4000101,2024-06-30,deposito,1500,Ingreso extra
4000106,2024-01-29,compra,1000,Retiro parcial
4000105,04-12-2024,compra,1000,
4000105,27-01-2024,deposito,2000,Retiro parcial
4000105,16-08-2024,deposito,2500,Ingreso extra
4000117,2024-08-02,deposito,-100,Compra en tienda
4000113,29/10/2024,compra,2000,Compra en tienda
4000104,17/02/2024,depósito,1500,Retiro parcial
4000118,2024-02-18,deposito,2500,
4000107,08-05-2024,compra,,Retiro parcial
4000117,2024/11/17,depósito,1500,Retiro parcial
4000105,28/11/2024,deposito,1500,Ingreso extra
4000103,09-05-2024,deposito,-500,Retiro parcial
4000112,2024/03/15,compra,,Ingreso extra
4000108,03-09-2024,compra,1000,Retiro parcial
4000114,2024/10/10,compra,1500,
4000118,2024/02/07,compra,3000,Ingreso extra
4000107,2024/12/12,retiro,2000,Ingreso mensual
4000103,22-04-2024,compra,-100,Compra en tienda
4000102,16/04/2024,deposito,1500,Ingreso mensual
4000101,05/09/2024,deposito,2500,Ingreso extra
4000117,2024-03-01,deposito,3000,Ingreso extra
4000107,28-08-2024,pago,-500,Retiro parcial
4000119,2024/05/13,deposito,2000,Ingreso navideño
4000104,01/10/2024,deposito,-100,
4000107,2024/06/18,compra,2000,Retiro parcial
4000112,2024/05/11,pago,1500,Ingreso navideño
4000101,29-04-2024,deposito,3000,Ingreso extra
4000107,2024-10-31,retiro,-100,
4000117,2024-05-21,deposito,1500,Ingreso extra
4000119,13/02/2024,retiro,3000,Retiro parcial
4000113,2024/09/13,retiro,,
4000102,07/03/2024,retiro,2500,Ingreso mensual
4000106,2024-12-04,retiro,2000,Ingreso extra
4000116,2024/08/20,deposito,1500,
4000115,24-10-2024,retiro,1500,
4000119,11-09-2024,compra,2000,Compra en tienda
4000112,2024/03/19,depósito,1500,Compra en tienda
4000119,2024/02/11,deposito,0,Compra en tienda
4000111,2024-06-29,deposito,2500,Ingreso mensual
4000115,03-11-2024,compra,1000,Ingreso navideño
4000101,11/11/2024,compra,1000,Ingreso navideño
4000113,29-02-2024,deposito,2000,Ingreso navideño
4000109,24-05-2024,retiro,1000,Retiro parcial
4000116,11/07/2024,compra,-500,
4000111,2024-09-26,retiro,-500,Compra en tienda
4000117,2024/01/13,retiro,1000,Compra en tienda
4000114,2024/09/23,deposito,-100,Ingreso navideño
4000113,2024-09-02,depósito,3000,Compra en tienda
4000108,2024/11/07,retiro,2500,Ingreso extra
4000113,2024-05-11,compra,2500,
4000116,2024-06-30,retiro,1000,Ingreso extra
4000110,13-07-2024,deposito,3000,Ingreso extra
4000116,27/06/2024,deposito,5000,Ingreso navideño
4000108,2024/11/14,compra,3000,
4000118,07-10-2024,compra,3000,Retiro parcial
4000104,31-05-2024,retiro,1500,Retiro parcial
4000104,30-08-2024,retiro,-100,
4000118,04/04/2024,retiro,2000,
4000116,28/08/2024,deposito,2500,
4000111,2024/01/18,compra,2500,
4000116,2024/11/18,retiro,3000,Ingreso extra
4000103,2024/06/03,compra,-100,Ingreso extra
4000114,01/09/2024,retiro,2500,
4000110,2024-11-03,compra,-500,Ingreso mensual
4000112,12-01-2024,depósito,1500,Ingreso extra
4000109,2024/06/20,retiro,1000,Retiro parcial
4000117,20-07-2024,retiro,2500,
4000119,20/08/2024,deposito,2500,Compra en tienda
4000110,21/11/2024,retiro,-100,
4000115,2024/04/08,compra,1000,Ingreso navideño
4000103,13-09-2024,compra,,
4000119,2024/04/11,pago,2000,Ingreso extra
4000101,30-01-2024,depósito,3000,Compra en tienda
4000116,2024/03/08,compra,2000,Ingreso extra
4000102,2024-08-13,compra,5000,Retiro parcial
4000118,14/03/2024,deposito,3000,Retiro parcial
4000118,2024-04-21,deposito,-500,Ingreso navideño
4000112,2024/02/08,deposito,-500,
4000116,2024/07/05,retiro,2000,
4000115,17/09/2024,compra,2500,
4000106,15/06/2024,compra,2500,Ingreso navideño
4000114,2024/10/22,retiro,1500,Retiro parcial
4000108,2024-12-17,deposito,1000,Retiro parcial
4000111,2024-10-22,depósito,3000,
4000108,2024-04-17,retiro,1500,Ingreso extra
4000111,2024-06-24,compra,1000,
4000101,2024/06/20,deposito,-100,
4000104,08-05-2024,deposito,-100,
4000118,2024/11/08,compra,-500,Ingreso navideño
4000102,14-01-2024,compra,1500,Retiro parcial
4000105,2024-03-07,deposito,1000,Ingreso extra
4000105,26/04/2024,deposito,-500,Ingreso mensual
4000111,18-04-2024,compra,-100,Ingreso mensual
4000107,2024/12/14,compra,1500,Retiro parcial
4000104,2024-08-12,deposito,1000,Ingreso mensual
4000106,22-11-2024,deposito,2500,Compra en tienda
4000105,2024-04-29,compra,-100,Ingreso mensual
4000110,02-07-2024,pago,2500,Compra en tienda
4000117,13-06-2024,retiro,1500,Ingreso extra
4000116,13/11/2024,compra,1500,Ingreso extra
4000104,28/07/2024,deposito,-500,Ingreso navideño
4000114,05/12/2024,retiro,1500,Compra en tienda
4000114,2024-11-14,deposito,-100,Ingreso mensual
4000109,15/05/2024,deposito,2500,Retiro parcial
4000111,21/07/2024,retiro,1500,Ingreso mensual
4000106,2024-10-12,compra,1500,Ingreso navideño
4000119,2024/09/20,compra,2500,Retiro parcial
4000115,13-04-2024,depósito,3000,Ingreso extra
4000113,08/11/2024,compra,1500,
4000111,26-09-2024,retiro,1000,Ingreso mensual
4000110,2024/08/03,compra,1000,
4000110,2024-09-09,retiro,-100,Compra en tienda
4000103,05/06/2024,depósito,-100,Retiro parcial
4000107,2024-03-19,compra,1000,Ingreso extra
4000101,2024-08-04,compra,2000,Compra en tienda
4000111,2024/05/01,deposito,1500,Ingreso extra
4000109,23-09-2024,retiro,-500,Ingreso mensual
4000104,23/05/2024,compra,3000,Ingreso navideño
4000110,10-03-2024,retiro,-100,
4000105,2024/05/16,deposito,-500,Ingreso extra
4000115,2024-11-29,deposito,1000,Ingreso extra
4000103,17/01/2024,compra,-100,Compra en tienda
4000103,2024-09-28,deposito,-100,Ingreso mensual
4000111,2024/02/09,retiro,3000,Ingreso extra
4000119,2024/01/29,deposito,0,
4000116,2024-02-16,compra,2000,
4000107,27-11-2024,retiro,2500,
4000102,2024-11-14,compra,1500,Retiro parcial
4000116,2024/04/06,deposito,3000,Ingreso mensual
4000116,14-02-2024,deposito,1000,Ingreso extra
4000107,2024/12/26,deposito,2000,
4000114,20/05/2024,retiro,1000,Ingreso navideño
4000117,11/07/2024,compra,2500,Ingreso extra
4000114,2024-04-10,depósito,-500,Ingreso navideño
4000102,2024-09-08,depósito,2000,Compra en tienda
4000105,2024/09/28,compra,2500,
4000120,15/09/2024,retiro,-500,Compra en tienda
4000101,09-01-2024,compra,1500,
4000108,17/11/2024,retiro,-100,
4000111,2024/06/08,retiro,3000,Ingreso extra
4000116,2024/10/15,compra,-100,Ingreso navideño
4000119,16/07/2024,deposito,2500,Ingreso navideño
4000116,01-02-2024,retiro,3000,Ingreso navideño
4000106,2024-03-12,compra,3000,Ingreso extra
4000119,23-09-2024,compra,2000,Retiro parcial
4000106,2024-11-11,deposito,-500,Ingreso extra
4000118,03-03-2024,retiro,1500,Ingreso mensual
4000106,01-07-2024,compra,3000,Ingreso mensual
4000116,29/10/2024,compra,3000,Retiro parcial
4000115,2024-06-24,deposito,-500,Ingreso navideño
4000108,2024-07-08,retiro,-100,Ingreso navideño
4000110,2024/08/08,compra,-500,Ingreso extra
4000101,2024-07-20,retiro,2000,Compra en tienda
4000110,08-02-2024,compra,,Retiro parcial
4000102,2024/07/20,compra,1500,Ingreso mensual
4000108,2024-04-16,compra,3000,Compra en tienda
4000105,01/09/2024,deposito,,Ingreso mensual
4000103,2024/09/29,compra,-100,
4000107,2024/10/10,deposito,2000,Ingreso mensual
4000107,24-01-2024,deposito,-500,Ingreso mensual
4000112,02/09/2024,compra,1500,
4000106,17/06/2024,deposito,2000,Ingreso navideño
4000101,2024-11-23,compra,1500,Compra en tienda
4000107,2024/05/05,compra,3000,Ingreso mensual
4000115,12-08-2024,retiro,2000,Ingreso extra
4000101,2024/06/28,depósito,1500,Ingreso extra
4000112,24/08/2024,deposito,3000,Retiro parcial
4000116,08-06-2024,deposito,-500,
4000107,14-02-2024,compra,1500,Retiro parcial
4000119,2024-09-29,deposito,-100,Ingreso mensual
4000110,30/05/2024,compra,2500,Ingreso mensual
4000112,20-03-2024,deposito,3000,Retiro parcial
4000114,26-07-2024,compra,2000,Ingreso navideño
4000106,2024-10-19,retiro,1500,
4000107,2024-05-05,deposito,2500,
4000105,2024/02/15,deposito,1000,Ingreso extra
4000106,18-03-2024,deposito,1500,Ingreso mensual
4000104,16-03-2024,compra,2000,Compra en tienda
4000113,16/08/2024,compra,2000,Ingreso navideño
4000112,09/01/2024,compra,5000,Ingreso extra
4000113,09/10/2024,compra,-500,Ingreso extra
4000105,2024/02/06,retiro,-100,Retiro parcial
4000107,2024/10/17,pago,2500,
4000101,03-04-2024,pago,1500,Retiro parcial
4000105,2024-02-18,retiro,3000,Retiro parcial
4000102,2024-07-28,retiro,1000,
4000116,19/03/2024,compra,-500,Ingreso navideño
4000102,06/12/2024,deposito,2500,Retiro parcial
4000101,2024/08/31,deposito,3000,
4000120,2024-03-21,deposito,2500,Ingreso navideño
4000114,2024/06/06,retiro,2000,Ingreso extra
4000110,2024/06/06,compra,-100,Compra en tienda
4000107,16-12-2024,compra,3000,Compra en tienda
4000116,2024/06/12,deposito,1500,Ingreso mensual
4000115,27/09/2024,deposito,2500,Ingreso navideño
4000104,2024/05/30,retiro,2500,Compra en tienda
4000109,15-07-2024,compra,0,Compra en tienda
4000118,2024-05-22,retiro,1000,Ingreso extra
4000119,06-08-2024,deposito,1000,Retiro parcial
4000108,2024/10/12,pago,-100,Compra en tienda
4000103,03/10/2024,compra,1500,Ingreso navideño
4000108,01-12-2024,retiro,1000,
4000106,30/05/2024,depósito,2500,Ingreso navideño
4000101,12-01-2024,compra,-500,
4000109,05-08-2024,compra,3000,Ingreso navideño
4000114,2024-05-18,deposito,,Retiro parcial
4000115,10-01-2024,compra,2500,
4000101,2024/05/25,deposito,-100,Ingreso mensual
4000114,2024/01/22,depósito,-500,Ingreso mensual
4000107,02-01-2024,retiro,2000,Ingreso extra
4000119,09-09-2024,deposito,2000,Ingreso navideño
4000120,2024/02/07,retiro,-100,Ingreso mensual
4000112,2024/08/11,deposito,,
4000101,2024/09/02,depósito,3000,Ingreso navideño
4000107,2024-02-07,deposito,,Ingreso navideño
4000101,2024-09-30,deposito,-500,
4000106,15/09/2024,deposito,2000,
4000110,26/05/2024,retiro,3000,
4000105,23/09/2024,compra,1000,
4000118,20/05/2024,retiro,,Ingreso mensual
4000109,2024-04-03,compra,1500,Ingreso extra
4000107,2024-08-29,depósito,-100,Retiro parcial
4000111,29-10-2024,retiro,2500,
4000117,11/03/2024,deposito,2500,Retiro parcial
4000112,21-06-2024,retiro,1500,
4000105,2024/02/21,compra,1000,Ingreso extra
4000107,03-12-2024,compra,-500,
4000108,2024-12-20,retiro,2000,Retiro parcial
4000105,22-04-2024,retiro,-500,
4000107,18/02/2024,pago,2000,Compra en tienda
4000101,01-09-2024,compra,,
4000118,2024/10/27,depósito,2500,Compra en tienda
4000102,2024/05/30,retiro,3000,
4000103,20/04/2024,depósito,2000,Retiro parcial
4000119,25-06-2024,compra,2500,Ingreso extra
4000111,2024/08/08,compra,3000,
4000108,2024-01-27,retiro,2000,Ingreso extra
4000107,11-05-2024,retiro,3000,Compra en tienda
4000101,2024-11-24,deposito,-100,
4000104,2024-06-20,compra,-500,Ingreso extra
4000109,2024-08-19,retiro,-500,Compra en tienda
4000101,27-05-2024,deposito,,Ingreso navideño
4000108,20-12-2024,depósito,2500,Ingreso mensual
4000104,18-01-2024,retiro,5000,Ingreso extra
4000113,2024-05-02,compra,-100,Retiro parcial
4000114,15-02-2024,deposito,3000,Ingreso mensual
4000104,19-09-2024,deposito,2500,Compra en tienda
4000105,07-08-2024,deposito,2500,
4000108,19/11/2024,retiro,2000,Ingreso navideño
4000102,29/11/2024,compra,,Compra en tienda
4000108,22-01-2024,depósito,-500,
4000114,2024/02/21,depósito,1000,Compra en tienda
4000109,2024/02/07,compra,2000,Compra en tienda
4000111,2024-04-29,deposito,5000,Ingreso mensual
4000117,25-11-2024,retiro,3000,Ingreso navideño
4000112,2024/08/30,depósito,-500,Retiro parcial
4000112,2024/11/06,deposito,2000,Retiro parcial
4000101,22/04/2024,compra,2500,Ingreso mensual
4000107,2024/06/16,retiro,2500,Ingreso mensual
4000114,2024-05-17,compra,-100,Ingreso extra
4000113,13/02/2024,pago,3000,Ingreso extra
4000118,23-10-2024,retiro,1500,Compra en tienda
4000106,28-10-2024,retiro,2500,Ingreso navideño
4000105,08/01/2024,compra,-100,Ingreso extra
4000116,18/12/2024,deposito,,Ingreso navideño
4000112,26-02-2024,deposito,3000,Ingreso mensual
4000110,03/04/2024,deposito,-100,
4000111,2024-02-16,retiro,1500,
4000119,30/04/2024,compra,2500,Ingreso navideño
4000117,31-07-2024,compra,1000,
4000115,17-10-2024,retiro,-100,Retiro parcial
4000120,01-05-2024,compra,3000,Retiro parcial
4000107,06/04/2024,retiro,,Ingreso mensual
4000119,2024-10-26,compra,2000,Retiro parcial
4000105,07-10-2024,compra,-100,Ingreso navideño
4000116,06-09-2024,deposito,-100,Retiro parcial
4000118,12/04/2024,deposito,-100,Ingreso extra
4000118,2024-12-28,compra,1500,
4000113,2024-11-21,retiro,1000,Compra en tienda
4000104,25/08/2024,deposito,1500,Retiro parcial
4000117,20/04/2024,deposito,1000,Retiro parcial
4000110,2024/07/08,deposito,1500,Ingreso navideño
4000113,03-09-2024,retiro,3000,
4000115,2024/01/10,deposito,-1000,Retiro parcial
4000102,11-05-2024,retiro,2000,
4000108,2024-02-20,retiro,-100,Compra en tienda
4000107,2024-12-21,compra,1500,
4000102,17-12-2024,deposito,-100,Compra en tienda
4000115,2024/04/30,compra,2500,
4000114,2024/11/17,compra,-100,Compra en tienda
4000106,2024/06/08,compra,2500,Ingreso navideño
4000117,2024-07-20,compra,-500,Compra en tienda
4000111,2024-03-11,depósito,-500,Ingreso extra
4000116,14/05/2024,compra,3000,
4000113,2024/05/09,compra,2500,Ingreso mensual
4000120,12-08-2024,retiro,-500,
4000116,2024-07-28,compra,-1000,Ingreso navideño
4000104,2024/11/17,retiro,2000,Ingreso navideño
4000108,2024-09-22,deposito,1000,Compra en tienda
4000117,2024/02/01,deposito,1500,Ingreso mensual
4000115,09-02-2024,compra,0,
4000111,27-04-2024,deposito,-100,Compra en tienda
4000104,2024-08-10,deposito,-500,Ingreso navideño
4000117,19-04-2024,retiro,,Retiro parcial
4000107,2024-01-15,deposito,-100,Ingreso navideño
4000114,19-02-2024,deposito,-500,
4000110,2024/09/10,deposito,2500,
4000116,2024-10-07,retiro,2000,Compra en tienda
4000112,09/11/2024,deposito,1000,Compra en tienda
4000101,2024/01/25,deposito,1000,Ingreso extra
4000119,04/06/2024,compra,3000,
4000105,11/01/2024,pago,2500,Retiro parcial
4000119,2024-05-26,compra,1000,Compra en tienda
4000119,27/10/2024,deposito,2500,
4000102,16/07/2024,deposito,-500,Ingreso navideño
4000112,12/02/2024,retiro,2000,Ingreso navideño
4000115,05/01/2024,compra,1500,
4000113,2024-11-13,pago,2000,Ingreso extra
4000111,27/12/2024,compra,-500,Ingreso mensual
4000120,02-11-2024,depósito,3000,Ingreso extra
4000114,13-11-2024,compra,2500,Ingreso extra
4000115,2024/12/01,pago,-100,Ingreso mensual
4000107,13/05/2024,compra,1000,Ingreso navideño
4000108,25/09/2024,deposito,1500,Ingreso extra
4000114,2024/08/31,deposito,3000,Ingreso mensual
4000102,2024-02-09,compra,-100,
4000114,02/04/2024,retiro,2000,Ingreso mensual
4000118,2024/08/17,deposito,3000,Ingreso mensual
4000116,16/07/2024,retiro,3000,
4000111,07-03-2024,deposito,,Ingreso mensual
4000112,2024-10-01,deposito,1000,Retiro parcial
4000107,2024-04-21,deposito,1000,Retiro parcial
4000114,2024/05/30,compra,2000,
4000118,04-12-2024,retiro,1000,Ingreso extra
4000120,05/06/2024,compra,1000,Retiro parcial
4000113,11/01/2024,compra,-100,
4000109,2024-03-22,depósito,1500,Compra en tienda
4000113,2024-11-07,compra,-500,Ingreso navideño
4000105,2024/01/04,retiro,1000,Ingreso navideño
4000118,2024/04/03,deposito,3000,Compra en tienda
4000108,2024/06/13,compra,1000,Retiro parcial
4000105,11/02/2024,pago,1500,Retiro parcial
4000109,2024-11-09,compra,3000,Ingreso mensual
4000118,2024-11-11,compra,3000,Ingreso navideño
4000111,20/06/2024,compra,-100,Ingreso navideño
4000112,13/11/2024,deposito,-500,
4000111,2024-12-11,pago,1500,Ingreso mensual
4000109,27/01/2024,deposito,1000,Compra en tienda
4000115,2024/02/14,deposito,1000,Compra en tienda
4000110,13/11/2024,compra,2500,Retiro parcial
4000103,20/06/2024,retiro,3000,Ingreso mensual
4000104,20/10/2024,compra,1500,Ingreso mensual
4000112,2024-12-27,retiro,-1000,Ingreso navideño
4000106,2024-04-23,compra,-500,Ingreso extra
4000119,2024/02/07,compra,3000,Ingreso navideño
4000119,2024/12/15,deposito,1500,
4000110,12/04/2024,depósito,3000,Compra en tienda
4000104,2024/10/23,compra,-100,
4000112,20/12/2024,retiro,-500,Retiro parcial
4000119,17-02-2024,deposito,2500,
4000104,08-01-2024,deposito,2500,Ingreso navideño
4000118,2024-04-28,deposito,-100,
4000117,2024-10-28,deposito,-100,
4000105,12-09-2024,deposito,2500,Retiro parcial
4000118,20/05/2024,pago,2000,
5000103,08-03-2024,deposito,3000,Retiro parcial
5000110,24-07-2024,retiro,1500,
5000109,2024/03/18,deposito,3000,Ingreso mensual
5000105,24/03/2024,deposito,1000,Ingreso navideño
5000120,2024/04/11,compra,,Ingreso mensual
5000120,2024-02-26,compra,1000,
5000102,18-12-2024,compra,3000,
5000105,2024/06/21,compra,3000,Ingreso extra
5000111,2024/09/16,compra,2500,Ingreso mensual
5000106,12/02/2024,deposito,-100,Ingreso navideño
5000106,21-06-2024,deposito,2000,Ingreso extra
5000106,2024/07/11,compra,1500,Ingreso navideño
5000108,2024-02-15,compra,3000,Ingreso mensual
5000110,13/11/2024,compra,-500,Ingreso mensual
5000109,04/12/2024,retiro,1000,Compra en tienda
5000102,19-04-2024,deposito,2000,
5000108,2024-07-19,retiro,2000,Retiro parcial
5000104,26-08-2024,retiro,2500,Compra en tienda
5000120,09-03-2024,retiro,3000,Compra en tienda
5000109,2024/05/02,deposito,3000,Ingreso mensual
5000116,2024/12/24,compra,2500,Compra en tienda
5000114,08/07/2024,compra,5000,Ingreso mensual
5000119,2024/08/15,retiro,1500,Ingreso extra
5000103,05-10-2024,compra,1000,Retiro parcial
5000102,2024/09/30,depósito,2000,Ingreso navideño
5000119,25/07/2024,retiro,-500,Ingreso mensual
5000103,11-08-2024,pago,1000,Compra en tienda
5000103,2024/12/19,compra,5000,Retiro parcial
5000111,2024-03-10,retiro,-500,Retiro parcial
5000111,2024-04-26,retiro,2000,Ingreso navideño
5000108,2024-12-22,deposito,1000,Ingreso extra
5000117,2024-01-11,deposito,-1000,Ingreso extra
5000113,24/01/2024,compra,5000,Compra en tienda
5000109,20-11-2024,retiro,-1000,Retiro parcial
5000113,25-01-2024,deposito,-500,Ingreso navideño
5000109,15/10/2024,retiro,-500,Ingreso extra
5000103,2024-05-09,retiro,3000,Ingreso extra
5000114,30-09-2024,deposito,1000,Ingreso mensual
5000120,13/01/2024,deposito,1000,Retiro parcial
5000113,2024-02-29,retiro,2500,Ingreso mensual
5000109,2024-11-27,deposito,2000,
5000117,30-05-2024,deposito,1000,Ingreso navideño
5000118,2024-09-01,retiro,-100,Ingreso navideño
5000112,2024/04/01,retiro,3000,Retiro parcial
5000105,2024-01-17,compra,-500,Ingreso mensual
5000116,2024/11/22,compra,2500,Compra en tienda
5000108,2024-05-14,deposito,3000,Ingreso extra
5000111,2024-07-19,compra,-100,Compra en tienda
5000107,2024-11-30,deposito,3000,Compra en tienda
5000111,2024/09/25,depósito,2000,Ingreso navideño
5000107,2024-02-29,deposito,-500,
5000102,2024/11/05,retiro,,Ingreso navideño
5000114,23-04-2024,retiro,2000,Compra en tienda
5000109,2024/03/09,deposito,3000,
5000104,2024/11/01,retiro,-500,Ingreso navideño
5000104,2024-02-02,retiro,-100,Ingreso mensual
5000113,02/05/2024,retiro,-100,Retiro parcial
5000113,11-01-2024,deposito,3000,Retiro parcial
5000105,01/12/2024,deposito,2000,Ingreso mensual
5000109,05-07-2024,retiro,-500,Compra en tienda
5000106,2024/04/06,retiro,2500,Compra en tienda
5000116,25/06/2024,retiro,2000,
5000114,2024-09-04,compra,2500,Retiro parcial
5000110,2024/02/15,deposito,0,Compra en tienda
5000109,2024/11/26,retiro,2000,
5000118,2024/05/19,retiro,2000,
5000112,2024-07-23,compra,3000,Retiro parcial
5000120,2024-08-18,deposito,1500,Compra en tienda
5000104,2024/07/31,deposito,,Compra en tienda
5000102,16-10-2024,deposito,2500,Retiro parcial
5000117,2024-01-12,retiro,,Ingreso extra
5000103,07-05-2024,compra,2000,Retiro parcial
5000115,2024-08-15,compra,2000,Compra en tienda
5000107,28/09/2024,retiro,-500,Ingreso extra
5000116,2024/02/15,deposito,3000,Ingreso extra
5000120,2024-10-27,retiro,3000,Ingreso extra
5000119,19-07-2024,compra,2000,Compra en tienda
5000118,2024/12/09,retiro,3000,
5000115,13-10-2024,compra,2000,Compra en tienda
5000101,16/02/2024,compra,-100,Retiro parcial
5000118,27/04/2024,retiro,2000,Ingreso mensual
5000110,11-02-2024,compra,-100,Ingreso extra
5000118,2024-03-05,retiro,0,Ingreso navideño
5000106,29/08/2024,pago,2000,
5000105,03/03/2024,retiro,2500,Retiro parcial
5000107,09-11-2024,retiro,1000,Compra en tienda
5000119,11/06/2024,compra,-500,
5000105,2024-04-01,depósito,1000,Retiro parcial
5000116,09-02-2024,deposito,-100,
5000114,2024/02/20,depósito,3000,Compra en tienda
5000113,27/04/2024,retiro,3000,
5000110,02/03/2024,deposito,2000,Compra en tienda
5000101,2024-02-19,compra,2000,Retiro parcial
5000102,23-11-2024,deposito,1000,
5000112,08/03/2024,retiro,2500,
5000111,2024-03-25,retiro,2500,Ingreso extra
5000117,2024-05-18,deposito,,Ingreso mensual
5000114,14/02/2024,retiro,3000,Ingreso mensual
5000112,2024/10/17,retiro,-500,Retiro parcial
5000108,05-01-2024,pago,-500,Retiro parcial
5000116,02/08/2024,compra,-500,Compra en tienda
5000107,2024/06/22,retiro,3000,Ingreso navideño
5000105,2024-06-04,pago,-500,Ingreso extra
5000106,2024-07-28,deposito,2000,Ingreso mensual
5000119,2024-03-24,compra,1500,
5000103,2024-09-24,retiro,-500,Ingreso extra
5000107,2024-10-26,retiro,3000,Ingreso mensual
5000114,2024-02-13,compra,2000,Ingreso extra
5000116,2024/08/09,compra,-500,Ingreso extra
5000114,14-04-2024,depósito,2000,
5000118,2024-08-26,compra,5000,Compra en tienda
5000101,2024-01-07,deposito,2500,Retiro parcial
5000118,2024-08-04,compra,3000,
5000106,2024-08-27,deposito,2500,
5000120,2024-05-24,retiro,-500,Compra en tienda
5000104,2024/11/07,compra,1000,Ingreso navideño
5000115,2024-06-17,compra,1000,Ingreso navideño
5000110,17-02-2024,compra,2500,Ingreso extra
5000107,2024/01/28,retiro,1500,
5000102,2024/11/24,retiro,-100,Retiro parcial
5000106,2024/10/23,compra,-500,Ingreso navideño
5000106,2024/08/31,compra,2500,
5000114,2024-10-01,compra,2000,Ingreso extra
5000119,2024/05/21,retiro,1500,
5000109,21/05/2024,retiro,3000,Ingreso extra
5000103,2024-07-12,deposito,,
5000120,17/12/2024,retiro,1500,
5000120,2024/12/28,retiro,-500,Ingreso navideño
5000106,20-11-2024,pago,-100,Ingreso extra
5000101,2024/07/16,retiro,2500,Ingreso navideño
5000109,12/11/2024,compra,-100,Ingreso navideño
5000103,2024-03-15,compra,5000,
5000118,08/12/2024,retiro,1000,Ingreso mensual
5000107,2024/12/30,retiro,-500,
5000107,17-07-2024,retiro,2000,Ingreso mensual
5000114,2024/10/16,retiro,,Ingreso mensual
5000118,2024-03-05,compra,2000,Ingreso navideño
5000116,23-11-2024,compra,2000,Ingreso navideño
5000103,19/03/2024,compra,3000,Ingreso extra
5000110,2024/06/22,pago,2000,
5000105,26-10-2024,compra,-1000,Ingreso extra
5000114,2024-04-16,deposito,2000,Compra en tienda
5000103,2024-10-29,compra,2500,
5000111,03/03/2024,compra,2000,Compra en tienda
5000104,2024-09-06,retiro,-500,
5000118,2024/08/13,deposito,-500,
5000110,27/11/2024,retiro,2000,Retiro parcial
5000114,07-05-2024,retiro,3000,Ingreso navideño
5000113,30/09/2024,deposito,-500,Ingreso extra
5000106,2024-11-26,pago,1500,Retiro parcial
5000116,2024-04-19,pago,1500,Ingreso navideño
5000117,25-06-2024,deposito,2500,
5000106,2024-04-03,retiro,2000,
5000105,21/09/2024,retiro,3000,Ingreso navideño
5000120,2024/09/16,deposito,1500,Ingreso mensual
5000103,27-01-2024,retiro,2000,Ingreso mensual
5000114,2024-07-04,compra,-100,
5000106,2024-04-26,compra,1000,Ingreso extra
5000109,2024/11/10,retiro,2500,
5000119,21/05/2024,compra,1000,Ingreso extra
5000110,19/08/2024,retiro,2500,Retiro parcial
5000106,2024/10/02,retiro,1500,Compra en tienda
5000116,17/06/2024,depósito,1500,Ingreso navideño
5000109,2024/05/20,compra,-500,Compra en tienda
5000107,2024-09-26,compra,-100,
5000110,2024/02/14,deposito,2500,Ingreso navideño
5000105,2024-09-09,compra,-500,Compra en tienda
5000104,2024/11/09,compra,3000,Ingreso mensual
5000114,2024-05-22,compra,2000,Ingreso navideño
5000116,2024/11/14,deposito,2500,Ingreso navideño
5000102,08/02/2024,deposito,3000,Compra en tienda
5000105,10/05/2024,retiro,2500,Ingreso navideño
5000107,2024/11/16,deposito,1500,Ingreso extra
5000114,30/10/2024,retiro,0,Compra en tienda
5000102,2024/08/12,deposito,2500,Retiro parcial
5000115,25-10-2024,deposito,0,Ingreso mensual
5000107,26-11-2024,depósito,-500,Compra en tienda
5000109,05/12/2024,retiro,2500,Ingreso mensual
5000119,18/02/2024,pago,1000,Ingreso extra
5000103,2024/10/29,compra,2500,Ingreso navideño
5000103,2024-07-05,retiro,3000,Ingreso mensual
5000112,2024-12-16,compra,-100,Ingreso mensual
5000117,01/02/2024,retiro,-100,
5000107,06-12-2024,depósito,2500,Retiro parcial
5000108,2024-07-17,retiro,2500,Retiro parcial
5000116,2024/09/15,compra,3000,Retiro parcial
5000115,2024/04/22,compra,1500,Ingreso extra
5000102,2024-09-24,retiro,1500,Compra en tienda
5000114,2024-10-20,compra,-100,Ingreso navideño
5000113,2024-04-05,deposito,1000,Ingreso navideño
5000117,17/11/2024,depósito,3000,Ingreso mensual
5000110,11/09/2024,deposito,1000,Retiro parcial
5000104,2024-03-01,retiro,-500,Ingreso extra
5000102,2024-12-28,retiro,-500,Compra en tienda
5000119,2024/10/28,retiro,2000,Ingreso extra
5000104,19/07/2024,retiro,1000,Compra en tienda
5000110,2024/02/23,deposito,1000,Retiro parcial
5000114,2024-02-07,retiro,3000,Ingreso extra
5000109,2024/09/11,depósito,-100,Ingreso extra
5000107,2024-07-02,depósito,2500,
5000101,2024/07/09,retiro,-1000,Ingreso mensual
5000114,2024-10-01,compra,1500,Ingreso mensual
5000114,2024-07-09,compra,-500,
5000116,15/06/2024,retiro,3000,Compra en tienda
5000117,10-02-2024,compra,2500,Ingreso mensual
5000104,11-01-2024,retiro,1000,Compra en tienda
5000117,27-03-2024,deposito,1500,Compra en tienda
5000119,25/09/2024,deposito,1000,Ingreso mensual
5000112,2024-08-25,compra,2500,Ingreso navideño
5000107,24-01-2024,deposito,3000,Compra en tienda
5000115,2024-02-22,pago,3000,
5000119,2024-07-11,deposito,2500,
5000117,2024-09-27,pago,3000,Ingreso extra
5000120,2024/09/01,deposito,1500,Compra en tienda
5000110,2024/04/26,compra,3000,Ingreso mensual
5000114,2024-03-03,compra,1500,Ingreso mensual
5000111,08-07-2024,compra,2500,Ingreso extra
5000108,16-08-2024,deposito,-100,Compra en tienda
5000106,16-12-2024,deposito,2500,
5000117,07-08-2024,compra,3000,Ingreso navideño
5000108,20-12-2024,compra,-100,Ingreso navideño
5000103,2024/05/06,compra,2000,Retiro parcial
5000106,22-02-2024,retiro,-500,Compra en tienda
5000118,2024-01-30,retiro,2500,Ingreso mensual
5000117,2024-02-15,retiro,-100,Compra en tienda
5000107,01-07-2024,deposito,-100,Retiro parcial
5000107,21-03-2024,deposito,,Compra en tienda
5000116,2024-03-23,deposito,2000,Compra en tienda
5000113,2024-12-04,deposito,-500,
5000105,03-08-2024,deposito,1500,Ingreso navideño
5000115,2024/11/17,compra,-500,Ingreso extra
5000107,2024/03/07,deposito,3000,
5000106,26/06/2024,deposito,1000,Compra en tienda
5000118,2024-04-12,compra,-500,Compra en tienda
5000120,2024/02/14,deposito,2500,
5000111,2024-06-07,compra,1500,
5000119,2024-08-03,compra,5000,Compra en tienda
5000108,18-01-2024,compra,2000,Ingreso extra
5000101,2024/10/16,deposito,-100,Retiro parcial
5000115,22/06/2024,deposito,-500,Ingreso extra
5000105,2024-04-15,retiro,3000,Ingreso navideño
5000112,2024-03-23,deposito,1000,Ingreso mensual
5000118,2024-08-25,deposito,-100,
5000107,24/10/2024,retiro,2500,Ingreso navideño
5000107,08/12/2024,compra,,Retiro parcial
5000120,30/10/2024,deposito,1000,Ingreso navideño
5000111,2024-02-15,retiro,2500,Compra en tienda
5000106,19/10/2024,deposito,,
5000108,2024-12-12,compra,2000,Ingreso extra
5000108,12-12-2024,compra,-100,Ingreso extra
5000104,10/07/2024,compra,1500,
5000102,09-02-2024,retiro,1500,Ingreso navideño
5000103,2024/09/24,deposito,1500,
5000112,12-06-2024,deposito,3000,Ingreso navideño
5000105,2024-08-11,deposito,,Compra en tienda
5000112,2024/04/01,compra,2500,
5000108,2024-12-08,retiro,1500,
5000108,30-09-2024,retiro,-500,
5000106,2024/07/20,deposito,2500,Retiro parcial
5000102,2024-04-29,retiro,2000,
5000113,20-07-2024,compra,2500,Retiro parcial
5000119,24-10-2024,compra,2000,
5000107,2024/03/18,compra,5000,
5000108,2024-02-21,depósito,1500,Retiro parcial
5000120,24/03/2024,retiro,2000,Compra en tienda
5000112,05-07-2024,depósito,1000,Compra en tienda
5000104,07/01/2024,compra,1000,Retiro parcial
5000112,2024-12-11,retiro,3000,
5000110,03/11/2024,compra,-100,Ingreso extra
5000108,2024-09-29,deposito,,Ingreso extra
5000113,28-12-2024,deposito,2000,
5000116,02-11-2024,depósito,2000,Ingreso mensual
5000106,02-02-2024,compra,1500,Compra en tienda
5000114,30/05/2024,compra,2500,
5000113,2024/12/11,depósito,1500,Compra en tienda
5000107,16-02-2024,compra,2500,Ingreso mensual
5000102,11-03-2024,deposito,-100,
5000108,13-03-2024,deposito,2000,Retiro parcial
5000101,22/03/2024,retiro,2000,Retiro parcial
5000105,2024-04-03,retiro,1000,Retiro parcial
5000105,14-08-2024,retiro,1000,Ingreso navideño
5000103,23/07/2024,compra,3000,Retiro parcial
5000109,2024/01/21,depósito,2000,Ingreso navideño
5000103,2024-02-12,compra,3000,Compra en tienda
5000120,2024/02/03,retiro,2500,
5000102,01-11-2024,compra,-100,Retiro parcial
5000111,16-02-2024,retiro,2000,Ingreso mensual
5000104,08-08-2024,compra,-100,Ingreso mensual
5000106,2024-09-27,compra,-100,Ingreso mensual
5000106,04/04/2024,compra,2500,Retiro parcial
5000117,29-08-2024,retiro,1000,Ingreso mensual
5000116,2024/05/13,retiro,1000,Ingreso mensual
5000106,2024/05/04,compra,-500,Retiro parcial
5000105,2024-12-13,compra,3000,Ingreso mensual
5000120,04/03/2024,compra,2500,
5000104,2024/10/10,retiro,2500,Ingreso navideño
5000116,2024-11-01,deposito,-100,Compra en tienda
5000101,03-06-2024,deposito,2000,Compra en tienda
5000118,19/08/2024,compra,1500,Ingreso mensual
5000106,03-09-2024,compra,3000,
5000101,25-09-2024,deposito,2500,Ingreso mensual
5000101,2024-12-26,deposito,-100,
5000118,2024-04-18,deposito,3000,Retiro parcial
5000111,28-03-2024,deposito,5000,Ingreso navideño
5000118,2024/10/11,compra,3000,Ingreso mensual
5000109,2024/11/09,retiro,2000,Compra en tienda
5000109,31/10/2024,retiro,5000,
5000108,2024/01/26,retiro,3000,Ingreso mensual
5000114,2024-10-29,retiro,2500,Ingreso mensual
5000111,2024-07-30,depósito,3000,Compra en tienda
5000110,2024/11/15,compra,-100,Retiro parcial
5000116,17-01-2024,retiro,-100,Ingreso navideño
5000101,04/02/2024,depósito,2500,Compra en tienda
5000106,25-07-2024,compra,1500,
5000107,11/08/2024,retiro,-100,Ingreso extra
5000104,30/07/2024,compra,3000,Retiro parcial
5000119,2024/02/29,compra,,Ingreso mensual
5000115,31/10/2024,compra,1500,Ingreso mensual
5000111,09-04-2024,retiro,2500,Ingreso mensual
5000114,21-02-2024,pago,-500,Ingreso extra
5000104,31-01-2024,retiro,1500,Compra en tienda
5000117,2024/08/26,depósito,3000,Ingreso mensual
5000114,2024/10/03,compra,3000,Ingreso extra
5000101,07-03-2024,retiro,-100,
5000102,2024/12/24,pago,3000,Ingreso extra
5000119,27/07/2024,retiro,-500,Compra en tienda
5000116,2024/10/31,retiro,3000,
5000108,23/10/2024,retiro,2000,Compra en tienda
5000118,19/01/2024,retiro,5000,Ingreso extra
5000112,22/11/2024,compra,2000,Ingreso navideño
5000101,2024/01/17,pago,-100,
5000117,05-09-2024,deposito,2000,Ingreso mensual
5000108,2024/06/30,compra,2500,
5000109,2024-01-22,retiro,-100,
5000104,26/05/2024,deposito,2500,Ingreso navideño
5000108,31/10/2024,deposito,-500,Retiro parcial
5000109,21-10-2024,deposito,2500,Ingreso navideño
5000115,2024/07/12,compra,1500,
5000106,2024/03/23,compra,2000,Compra en tienda
5000115,19/06/2024,compra,2000,
5000113,13/06/2024,deposito,-500,Ingreso mensual
5000109,12/02/2024,compra,-100,Retiro parcial
5000104,2024/03/19,retiro,-500,Ingreso extra
5000110,2024/11/25,compra,2000,Ingreso mensual
5000104,16-07-2024,compra,1000,
5000120,03-10-2024,deposito,2500,Compra en tienda
5000120,2024/12/21,compra,-500,Compra en tienda
5000103,29-07-2024,compra,3000,Ingreso navideño
5000107,09/04/2024,deposito,1000,Ingreso mensual
5000115,2024/12/22,retiro,-100,Ingreso mensual
5000108,22-09-2024,retiro,-500,Ingreso extra
5000111,04/12/2024,depósito,1000,Ingreso extra
5000110,2024/07/08,retiro,2000,
5000116,2024/10/07,compra,3000,Retiro parcial
5000103,02-09-2024,retiro,1500,Ingreso navideño
5000108,12-03-2024,deposito,-500,Ingreso mensual
5000113,14-09-2024,deposito,2000,Ingreso mensual
5000118,2024-09-01,compra,-100,Ingreso mensual
5000112,12-06-2024,retiro,-500,Ingreso navideño
5000119,23-12-2024,compra,-500,Ingreso navideño
5000112,17-07-2024,retiro,-100,Ingreso mensual
5000105,17/12/2024,retiro,,Retiro parcial
5000115,2024/04/04,deposito,-100,Ingreso extra
5000120,2024/07/10,compra,3000,
5000104,2024/04/02,deposito,1500,Retiro parcial
5000109,21/01/2024,deposito,2000,
5000118,15-06-2024,retiro,3000,
5000105,21/04/2024,retiro,1500,Ingreso extra
5000103,2024-03-10,compra,3000,
5000104,2024-07-17,compra,,Retiro parcial
5000104,23-05-2024,compra,1500,Ingreso extra
5000119,2024-05-22,deposito,1000,Ingreso mensual
5000111,04/05/2024,deposito,,Ingreso navideño
5000116,12-09-2024,deposito,3000,Ingreso mensual
5000116,2024/10/06,retiro,2500,Ingreso extra
5000116,22/09/2024,deposito,2000,Ingreso extra
5000107,08/08/2024,compra,-500,Retiro parcial
5000117,01-11-2024,deposito,,
5000110,13-12-2024,deposito,1000,Ingreso extra
5000102,2024/05/23,pago,-500,Ingreso mensual
5000120,2024-07-26,retiro,,Ingreso mensual
5000113,03/12/2024,retiro,2000,Ingreso navideño
5000114,2024/05/14,retiro,3000,
5000102,2024/08/30,retiro,,Ingreso navideño
5000110,2024/05/01,retiro,2500,Compra en tienda
5000111,2024-05-10,retiro,1500,Compra en tienda
5000103,2024-07-15,pago,3000,
5000102,2024/08/03,pago,1000,
5000112,25-11-2024,deposito,1500,Ingreso navideño
5000117,27-04-2024,compra,3000,Retiro parcial
5000110,2024/08/11,compra,-500,Compra en tienda
5000116,06/12/2024,retiro,2000,Ingreso mensual
5000112,2024/08/26,retiro,1500,
5000107,09/03/2024,deposito,-500,Ingreso mensual
5000107,15-06-2024,compra,,
5000117,2024/03/07,retiro,3000,Ingreso mensual
5000101,06-10-2024,deposito,1500,Ingreso mensual
5000116,2024-01-03,deposito,2500,Ingreso navideño
5000117,2024/12/08,retiro,3000,Ingreso extra
5000108,2024/11/02,deposito,2500,Ingreso extra
5000102,2024/02/14,retiro,3000,
5000119,24/10/2024,depósito,1000,Ingreso navideño
5000118,26-03-2024,compra,1500,
5000102,2024/10/12,retiro,1500,Ingreso mensual
5000110,14-01-2024,pago,1500,Retiro parcial
5000111,2024-11-04,retiro,3000,Retiro parcial
5000109,2024/02/13,pago,-500,Ingreso extra
5000114,2024-03-16,compra,,Retiro parcial
5000109,2024/10/18,compra,1000,Retiro parcial
5000105,12/01/2024,deposito,1000,Retiro parcial
5000103,08-12-2024,deposito,-500,Compra en tienda
5000115,2024-12-28,deposito,2500,
5000116,2024/04/05,compra,-500,Ingreso navideño
5000107,2024-05-31,deposito,-100,Retiro parcial
5000101,22/12/2024,deposito,2500,Ingreso navideño
5000104,2024-11-05,pago,2000,Ingreso mensual
5000110,23/11/2024,compra,1500,Ingreso mensual
5000101,2024-04-26,compra,1500,Ingreso extra
5000115,13/11/2024,compra,2000,Compra en tienda
5000101,12-06-2024,deposito,2000,Ingreso extra
5000109,14-07-2024,depósito,2000,Ingreso mensual
5000101,22-11-2024,retiro,1000,
5000106,2024-09-26,deposito,-500,Ingreso extra
5000119,2024-10-18,retiro,-100,Compra en tienda
5000102,24/08/2024,retiro,-500,Retiro parcial
5000113,2024-02-27,deposito,1000,Ingreso mensual
5000108,17/07/2024,compra,3000,Ingreso extra
5000112,2024-01-20,retiro,5000,
5000119,2024-07-01,deposito,2000,
5000117,2024/03/29,compra,2000,Compra en tienda
5000113,2024-03-09,compra,-100,Compra en tienda
5000111,2024/10/31,retiro,-500,
5000120,15-04-2024,pago,1000,Compra en tienda
5000112,2024-10-06,deposito,2000,Ingreso extra
5000102,2024/05/26,pago,2500,Ingreso mensual
5000105,24/05/2024,compra,3000,Ingreso mensual
5000107,03/03/2024,retiro,1500,
5000118,09/06/2024,retiro,,Ingreso navideño
5000105,13-05-2024,deposito,-100,Retiro parcial
5000106,2024-01-29,deposito,2500,
5000104,2024/06/24,retiro,1000,
5000109,30-08-2024,deposito,3000,
5000118,17/12/2024,deposito,2500,Ingreso extra
5000104,15/04/2024,compra,3000,Ingreso navideño
5000107,2024/05/02,deposito,2500,Retiro parcial
5000118,2024-11-14,retiro,-500,
5000102,04/10/2024,compra,-500,Retiro parcial
5000114,2024-04-23,deposito,1500,Compra en tienda
5000119,2024-11-18,retiro,3000,Ingreso navideño
5000111,25/01/2024,depósito,2500,Compra en tienda
5000117,13-09-2024,pago,1500,Ingreso extra
5000102,11/05/2024,retiro,-100,Ingreso extra
5000112,2024-05-30,pago,-100,Ingreso navideño
5000106,2024/07/20,compra,2000,Compra en tienda
5000103,2024-12-23,retiro,2500,
5000120,2024-02-07,deposito,1500,Retiro parcial
5000120,16/01/2024,compra,2000,
5000109,2024-11-14,deposito,1500,Compra en tienda
5000113,2024-09-08,deposito,-100,Ingreso navideño
5000109,10-03-2024,deposito,3000,Retiro parcial
5000106,22/02/2024,compra,1000,Ingreso navideño
5000105,10-07-2024,retiro,3000,Ingreso mensual
5000102,09/12/2024,deposito,1500,Ingreso extra
5000119,17-08-2024,compra,2500,
5000120,2024-05-15,retiro,-500,Ingreso navideño
5000110,2024/11/15,deposito,0,
5000114,29/12/2024,deposito,2000,Compra en tienda
5000102,2024-10-06,retiro,-500,
5000109,2024-06-25,deposito,2500,Retiro parcial
5000104,09-08-2024,compra,3000,
5000116,2024/03/10,retiro,,Ingreso mensual
5000115,2024-01-23,compra,1000,Ingreso extra
5000119,08/08/2024,compra,1000,
5000108,2024-11-23,retiro,1500,Compra en tienda
5000112,01/06/2024,retiro,3000,Compra en tienda
5000104,13-01-2024,compra,3000,Ingreso navideño
5000117,25/04/2024,compra,-100,Retiro parcial
5000115,2024-11-24,retiro,1500,
5000112,09-08-2024,deposito,1500,Ingreso mensual
5000114,2024/06/08,retiro,2000,
5000120,2024/04/03,compra,2000,Retiro parcial
5000113,29/10/2024,deposito,2000,
5000115,2024/03/10,deposito,3000,Ingreso extra
5000117,2024-11-07,compra,3000,Ingreso navideño
5000114,2024/04/16,compra,1500,Retiro parcial
5000104,04/01/2024,deposito,1000,Ingreso mensual
5000113,02/12/2024,deposito,2000,Compra en tienda
5000106,2024-06-28,retiro,1500,Ingreso mensual
5000101,2024/08/24,compra,0,Compra en tienda
5000104,31/05/2024,retiro,,
5000105,2024/05/29,deposito,3000,Ingreso navideño
5000115,01/03/2024,retiro,1000,
5000104,2024/07/03,deposito,2000,Compra en tienda
5000120,2024/02/12,compra,1500,Retiro parcial
5000112,2024/04/06,compra,1500,Ingreso navideño
5000120,2024-07-28,retiro,3000,Ingreso mensual
5000110,2024-06-20,retiro,-500,Ingreso navideño
5000115,25-04-2024,retiro,-100,Ingreso mensual
5000111,25-09-2024,compra,2500,Ingreso navideño
5000102,30/03/2024,compra,3000,
5000116,15/05/2024,retiro,1000,Compra en tienda
5000105,2024-01-29,compra,1000,Ingreso navideño
5000110,17/04/2024,compra,3000,Ingreso navideño
5000108,2024/11/21,deposito,-500,Ingreso navideño
5000105,2024/04/20,retiro,-500,Retiro parcial
5000110,2024/11/01,retiro,-500,Ingreso navideño
5000108,2024/04/01,retiro,2500,
5000120,2024/07/13,deposito,1500,Ingreso mensual
5000117,27/04/2024,deposito,1500,Ingreso navideño
5000120,2024/12/27,compra,-100,
5000104,2024/07/07,deposito,-100,
5000111,15/08/2024,deposito,1500,Ingreso extra
5000106,27-08-2024,depósito,2000,Compra en tienda
5000109,29-08-2024,retiro,2500,Retiro parcial
5000113,13/12/2024,compra,,Ingreso navideño
5000105,2024/07/01,compra,1500,
5000112,18-07-2024,deposito,1000,Ingreso extra
5000117,15/11/2024,deposito,0,Ingreso navideño
5000103,2024-10-11,deposito,2500,
5000102,20/10/2024,depósito,3000,Ingreso extra
5000102,2024-03-02,compra,1000,Ingreso extra
5000115,13-03-2024,compra,1500,Ingreso extra
5000108,2024/10/01,retiro,1000,Retiro parcial
5000116,28-05-2024,compra,3000,Compra en tienda
5000102,2024/12/27,retiro,,Compra en tienda
5000104,13-08-2024,retiro,-500,Ingreso mensual
5000119,19-09-2024,retiro,-500,Ingreso navideño
5000114,03/11/2024,retiro,2000,
5000116,04-04-2024,compra,,Ingreso navideño
5000108,03-02-2024,retiro,2500,Ingreso mensual
5000109,2024-06-20,deposito,3000,
5000106,25/03/2024,compra,2000,Ingreso extra
5000106,22/08/2024,compra,-500,Ingreso mensual
5000115,24/10/2024,retiro,1000,
5000102,01-10-2024,compra,-500,Compra en tienda
5000119,2024-12-13,retiro,1500,Ingreso extra
5000106,25/06/2024,deposito,1000,Retiro parcial
5000105,10/04/2024,retiro,-500,Retiro parcial
5000115,2024/02/22,deposito,1500,
5000113,2024/08/30,retiro,2000,Ingreso extra
5000115,2024/04/24,deposito,2000,Ingreso mensual
5000106,30/01/2024,retiro,-500,Compra en tienda
5000118,19-06-2024,deposito,3000,
5000113,09-06-2024,deposito,3000,Ingreso navideño
5000110,24-03-2024,compra,-100,Ingreso extra
5000107,2024-03-29,retiro,2000,Retiro parcial
5000112,2024/04/29,retiro,2500,Ingreso navideño
5000102,2024-05-18,compra,1000,
5000102,2024-06-26,retiro,-100,Ingreso navideño
5000101,07/03/2024,deposito,3000,
5000111,06-10-2024,deposito,1500,Retiro parcial
5000112,07-08-2024,retiro,3000,
5000112,2024/09/06,deposito,0,Compra en tienda
5000118,03-10-2024,deposito,3000,Ingreso mensual
5000118,2024-05-12,pago,-500,
5000116,14/11/2024,deposito,3000,
5000110,07/03/2024,retiro,-100,Retiro parcial
5000116,28-04-2024,deposito,1000,Ingreso navideño
5000116,12-10-2024,deposito,-100,Ingreso extra
5000118,07/04/2024,deposito,1000,Compra en tienda
5000118,19-01-2024,retiro,1000,
5000111,07-07-2024,deposito,2500,Retiro parcial
5000118,2024-07-14,deposito,3000,Ingreso navideño
5000117,2024-09-04,retiro,5000,
5000102,09-08-2024,compra,3000,Ingreso navideño
5000118,06-01-2024,compra,3000,Compra en tienda
5000120,18-11-2024,retiro,2000,Ingreso extra
5000108,21/06/2024,retiro,2500,
5000105,04/07/2024,deposito,1000,
5000101,2024-08-01,retiro,2000,Ingreso extra
5000110,05/08/2024,deposito,1000,
5000107,2024-04-03,retiro,-500,
5000104,2024/08/29,retiro,2500,Ingreso mensual
5000108,2024/11/17,deposito,-100,Ingreso mensual
5000103,2024/05/08,compra,1000,Ingreso mensual
5000102,13-03-2024,compra,-100,Ingreso extra
5000102,2024/10/11,retiro,1500,Ingreso mensual
5000101,2024/04/20,compra,-100,Ingreso navideño
5000114,2024/04/13,compra,-100,Ingreso extra
5000105,2024/03/11,retiro,,Ingreso navideño
5000105,14/02/2024,retiro,-100,Ingreso navideño
5000112,2024-09-27,deposito,2000,
5000119,16-02-2024,deposito,-500,Retiro parcial
5000101,2024-04-08,retiro,-100,
5000118,01/08/2024,deposito,2500,
5000108,2024-04-17,compra,2000,Retiro parcial
5000106,15/03/2024,compra,2500,Ingreso extra
5000105,12/01/2024,retiro,1500,Ingreso extra
5000102,03-04-2024,retiro,3000,Ingreso mensual
5000106,11-12-2024,deposito,-100,
5000112,2024/10/16,retiro,-100,Ingreso navideño
5000106,22-02-2024,compra,1500,Ingreso extra
5000120,06-08-2024,deposito,-500,Retiro parcial
5000105,30/11/2024,deposito,-500,Ingreso navideño
5000103,04-09-2024,deposito,-500,Ingreso navideño
5000115,26/07/2024,compra,-500,Retiro parcial
5000104,01/10/2024,pago,-500,Retiro parcial
5000109,18-03-2024,compra,-500,Ingreso extra
5000118,12/09/2024,compra,-100,Retiro parcial
5000111,05/08/2024,retiro,-100,Compra en tienda
5000103,26-10-2024,compra,2000,Ingreso mensual
5000109,17-02-2024,deposito,1000,Ingreso navideño
5000114,2024-08-10,deposito,-500,Retiro parcial
5000109,2024-09-03,retiro,,Ingreso navideño
5000115,2024/09/14,compra,-100,Ingreso mensual
5000114,2024-02-19,retiro,1000,Ingreso navideño
5000104,2024-04-02,retiro,-100,Ingreso mensual
5000106,07-12-2024,retiro,2500,Ingreso navideño
5000108,29-01-2024,retiro,3000,Ingreso navideño
5000101,17/01/2024,retiro,-100,Compra en tienda
5000116,2024/05/25,deposito,3000,Ingreso mensual
5000118,11/01/2024,retiro,,
5000110,24/12/2024,retiro,3000,Retiro parcial
5000102,2024-10-10,retiro,-100,Ingreso navideño
5000106,2024-07-12,deposito,-100,Retiro parcial
5000114,2024-03-26,deposito,2000,Ingreso navideño
5000105,2024-06-07,deposito,2000,Ingreso mensual
5000120,27-02-2024,retiro,5000,
5000119,2024/07/25,retiro,2500,Ingreso navideño
5000114,2024/09/16,compra,,Ingreso extra
5000106,31/08/2024,compra,-100,Ingreso navideño
5000103,25-06-2024,deposito,1500,
5000112,01/12/2024,compra,2000,Ingreso extra
5000106,10/04/2024,deposito,-500,
5000109,11-05-2024,retiro,3000,Compra en tienda
5000114,22/12/2024,depósito,1500,Ingreso mensual
5000105,09/12/2024,retiro,1500,Ingreso navideño
5000109,20/07/2024,deposito,1500,Ingreso navideño
5000109,11-11-2024,compra,3000,Ingreso mensual
5000105,2024/04/18,pago,3000,Retiro parcial
5000114,10-12-2024,deposito,1500,
5000105,2024-05-23,compra,-100,Ingreso extra
5000103,2024/04/03,compra,2500,Retiro parcial
5000102,23-04-2024,compra,2000,Ingreso navideño
5000101,2024-06-30,deposito,1500,Ingreso extra
5000106,2024-01-29,compra,1000,Retiro parcial
5000105,04-12-2024,compra,1000,
5000105,27-01-2024,deposito,2000,Retiro parcial
5000105,16-08-2024,deposito,2500,Ingreso extra
5000117,2024-08-02,deposito,-100,Compra en tienda
5000113,29/10/2024,compra,2000,Compra en tienda
5000104,17/02/2024,depósito,1500,Retiro parcial
5000118,2024-02-18,deposito,2500,
5000107,08-05-2024,compra,,Retiro parcial
5000117,2024/11/17,depósito,1500,Retiro parcial
5000105,28/11/2024,deposito,1500,Ingreso extra
5000103,09-05-2024,deposito,-500,Retiro parcial
5000112,2024/03/15,compra,,Ingreso extra
5000108,03-09-2024,compra,1000,Retiro parcial
5000114,2024/10/10,compra,1500,
5000118,2024/02/07,compra,3000,Ingreso extra
5000107,2024/12/12,retiro,2000,Ingreso mensual
5000103,22-04-2024,compra,-100,Compra en tienda
5000102,16/04/2024,deposito,1500,Ingreso mensual
5000101,05/09/2024,deposito,2500,Ingreso extra
5000117,2024-03-01,deposito,3000,Ingreso extra
5000107,28-08-2024,pago,-500,Retiro parcial
5000119,2024/05/13,deposito,2000,Ingreso navideño
5000104,01/10/2024,deposito,-100,
5000107,2024/06/18,compra,2000,Retiro parcial
5000112,2024/05/11,pago,1500,Ingreso navideño
5000101,29-04-2024,deposito,3000,Ingreso extra
5000107,2024-10-31,retiro,-100,
5000117,2024-05-21,deposito,1500,Ingreso extra
5000119,13/02/2024,retiro,3000,Retiro parcial
5000113,2024/09/13,retiro,,
5000102,07/03/2024,retiro,2500,Ingreso mensual
5000106,2024-12-04,retiro,2000,Ingreso extra
5000116,2024/08/20,deposito,1500,
5000115,24-10-2024,retiro,1500,
5000119,11-09-2024,compra,2000,Compra en tienda
5000112,2024/03/19,depósito,1500,Compra en tienda
5000119,2024/02/11,deposito,0,Compra en tienda
5000111,2024-06-29,deposito,2500,Ingreso mensual
5000115,03-11-2024,compra,1000,Ingreso navideño
5000101,11/11/2024,compra,1000,Ingreso navideño
5000113,29-02-2024,deposito,2000,Ingreso navideño
5000109,24-05-2024,retiro,1000,Retiro parcial
5000116,11/07/2024,compra,-500,
5000111,2024-09-26,retiro,-500,Compra en tienda
5000117,2024/01/13,retiro,1000,Compra en tienda
5000114,2024/09/23,deposito,-100,Ingreso navideño
5000113,2024-09-02,depósito,3000,Compra en tienda
5000108,2024/11/07,retiro,2500,Ingreso extra
5000113,2024-05-11,compra,2500,
5000116,2024-06-30,retiro,1000,Ingreso extra
5000110,13-07-2024,deposito,3000,Ingreso extra
5000116,27/06/2024,deposito,5000,Ingreso navideño
5000108,2024/11/14,compra,3000,
5000118,07-10-2024,compra,3000,Retiro parcial
5000104,31-05-2024,retiro,1500,Retiro parcial
5000104,30-08-2024,retiro,-100,
5000118,04/04/2024,retiro,2000,
5000116,28/08/2024,deposito,2500,
5000111,2024/01/18,compra,2500,
5000116,2024/11/18,retiro,3000,Ingreso extra
5000103,2024/06/03,compra,-100,Ingreso extra
5000114,01/09/2024,retiro,2500,
5000110,2024-11-03,compra,-500,Ingreso mensual
5000112,12-01-2024,depósito,1500,Ingreso extra
5000109,2024/06/20,retiro,1000,Retiro parcial
5000117,20-07-2024,retiro,2500,
5000119,20/08/2024,deposito,2500,Compra en tienda
5000110,21/11/2024,retiro,-100,
5000115,2024/04/08,compra,1000,Ingreso navideño
5000103,13-09-2024,compra,,
5000119,2024/04/11,pago,2000,Ingreso extra
5000101,30-01-2024,depósito,3000,Compra en tienda
5000116,2024/03/08,compra,2000,Ingreso extra
5000102,2024-08-13,compra,5000,Retiro parcial
5000118,14/03/2024,deposito,3000,Retiro parcial
5000118,2024-04-21,deposito,-500,Ingreso navideño
5000112,2024/02/08,deposito,-500,
5000116,2024/07/05,retiro,2000,
5000115,17/09/2024,compra,2500,
5000106,15/06/2024,compra,2500,Ingreso navideño
5000114,2024/10/22,retiro,1500,Retiro parcial
5000108,2024-12-17,deposito,1000,Retiro parcial
5000111,2024-10-22,depósito,3000,
5000108,2024-04-17,retiro,1500,Ingreso extra
5000111,2024-06-24,compra,1000,
5000101,2024/06/20,deposito,-100,
5000104,08-05-2024,deposito,-100,
5000118,2024/11/08,compra,-500,Ingreso navideño
5000102,14-01-2024,compra,1500,Retiro parcial
5000105,2024-03-07,deposito,1000,Ingreso extra
5000105,26/04/2024,deposito,-500,Ingreso mensual
5000111,18-04-2024,compra,-100,Ingreso mensual
5000107,2024/12/14,compra,1500,Retiro parcial
5000104,2024-08-12,deposito,1000,Ingreso mensual
5000106,22-11-2024,deposito,2500,Compra en tienda
5000105,2024-04-29,compra,-100,Ingreso mensual
5000110,02-07-2024,pago,2500,Compra en tienda
5000117,13-06-2024,retiro,1500,Ingreso extra
5000116,13/11/2024,compra,1500,Ingreso extra
5000104,28/07/2024,deposito,-500,Ingreso navideño
5000114,05/12/2024,retiro,1500,Compra en tienda
5000114,2024-11-14,deposito,-100,Ingreso mensual
5000109,15/05/2024,deposito,2500,Retiro parcial
5000111,21/07/2024,retiro,1500,Ingreso mensual
5000106,2024-10-12,compra,1500,Ingreso navideño
5000119,2024/09/20,compra,2500,Retiro parcial
5000115,13-04-2024,depósito,3000,Ingreso extra
5000113,08/11/2024,compra,1500,
5000111,26-09-2024,retiro,1000,Ingreso mensual
5000110,2024/08/03,compra,1000,
5000110,2024-09-09,retiro,-100,Compra en tienda
5000103,05/06/2024,depósito,-100,Retiro parcial
5000107,2024-03-19,compra,1000,Ingreso extra
5000101,2024-08-04,compra,2000,Compra en tienda
5000111,2024/05/01,deposito,1500,Ingreso extra
5000109,23-09-2024,retiro,-500,Ingreso mensual
5000104,23/05/2024,compra,3000,Ingreso navideño
5000110,10-03-2024,retiro,-100,
5000105,2024/05/16,deposito,-500,Ingreso extra
5000115,2024-11-29,deposito,1000,Ingreso extra
5000103,17/01/2024,compra,-100,Compra en tienda
5000103,2024-09-28,deposito,-100,Ingreso mensual
5000111,2024/02/09,retiro,3000,Ingreso extra
5000119,2024/01/29,deposito,0,
5000116,2024-02-16,compra,2000,
5000107,27-11-2024,retiro,2500,
5000102,2024-11-14,compra,1500,Retiro parcial
5000116,2024/04/06,deposito,3000,Ingreso mensual
5000116,14-02-2024,deposito,1000,Ingreso extra
5000107,2024/12/26,deposito,2000,
5000114,20/05/2024,retiro,1000,Ingreso navideño
5000117,11/07/2024,compra,2500,Ingreso extra
5000114,2024-04-10,depósito,-500,Ingreso navideño
5000102,2024-09-08,depósito,2000,Compra en tienda
5000105,2024/09/28,compra,2500,
5000120,15/09/2024,retiro,-500,Compra en tienda
5000101,09-01-2024,compra,1500,
5000108,17/11/2024,retiro,-100,
5000111,2024/06/08,retiro,3000,Ingreso extra
5000116,2024/10/15,compra,-100,Ingreso navideño
5000119,16/07/2024,deposito,2500,Ingreso navideño
5000116,01-02-2024,retiro,3000,Ingreso navideño
5000106,2024-03-12,compra,3000,Ingreso extra
5000119,23-09-2024,compra,2000,Retiro parcial
5000106,2024-11-11,deposito,-500,Ingreso extra
5000118,03-03-2024,retiro,1500,Ingreso mensual
5000106,01-07-2024,compra,3000,Ingreso mensual
5000116,29/10/2024,compra,3000,Retiro parcial
5000115,2024-06-24,deposito,-500,Ingreso navideño
5000108,2024-07-08,retiro,-100,Ingreso navideño
5000110,2024/08/08,compra,-500,Ingreso extra
5000101,2024-07-20,retiro,2000,Compra en tienda
5000110,08-02-2024,compra,,Retiro parcial
5000102,2024/07/20,compra,1500,Ingreso mensual
5000108,2024-04-16,compra,3000,Compra en tienda
5000105,01/09/2024,deposito,,Ingreso mensual
5000103,2024/09/29,compra,-100,
5000107,2024/10/10,deposito,2000,Ingreso mensual
5000107,24-01-2024,deposito,-500,Ingreso mensual
5000112,02/09/2024,compra,1500,
5000106,17/06/2024,deposito,2000,Ingreso navideño
5000101,2024-11-23,compra,1500,Compra en tienda
5000107,2024/05/05,compra,3000,Ingreso mensual
5000115,12-08-2024,retiro,2000,Ingreso extra
5000101,2024/06/28,depósito,1500,Ingreso extra
5000112,24/08/2024,deposito,3000,Retiro parcial
5000116,08-06-2024,deposito,-500,
5000107,14-02-2024,compra,1500,Retiro parcial
5000119,2024-09-29,deposito,-100,Ingreso mensual
5000110,30/05/2024,compra,2500,Ingreso mensual
5000112,20-03-2024,deposito,3000,Retiro parcial
5000114,26-07-2024,compra,2000,Ingreso navideño
5000106,2024-10-19,retiro,1500,
5000107,2024-05-05,deposito,2500,
5000105,2024/02/15,deposito,1000,Ingreso extra
5000106,18-03-2024,deposito,1500,Ingreso mensual
5000104,16-03-2024,compra,2000,Compra en tienda
5000113,16/08/2024,compra,2000,Ingreso navideño
5000112,09/01/2024,compra,5000,Ingreso extra
5000113,09/10/2024,compra,-500,Ingreso extra
5000105,2024/02/06,retiro,-100,Retiro parcial
5000107,2024/10/17,pago,2500,
5000101,03-04-2024,pago,1500,Retiro parcial
5000105,2024-02-18,retiro,3000,Retiro parcial
5000102,2024-07-28,retiro,1000,
5000116,19/03/2024,compra,-500,Ingreso navideño
5000102,06/12/2024,deposito,2500,Retiro parcial
5000101,2024/08/31,deposito,3000,
5000120,2024-03-21,deposito,2500,Ingreso navideño
5000114,2024/06/06,retiro,2000,Ingreso extra
5000110,2024/06/06,compra,-100,Compra en tienda
5000107,16-12-2024,compra,3000,Compra en tienda
5000116,2024/06/12,deposito,1500,Ingreso mensual
5000115,27/09/2024,deposito,2500,Ingreso navideño
5000104,2024/05/30,retiro,2500,Compra en tienda
5000109,15-07-2024,compra,0,Compra en tienda
5000118,2024-05-22,retiro,1000,Ingreso extra
5000119,06-08-2024,deposito,1000,Retiro parcial
5000108,2024/10/12,pago,-100,Compra en tienda
5000103,03/10/2024,compra,1500,Ingreso navideño
5000108,01-12-2024,retiro,1000,
5000106,30/05/2024,depósito,2500,Ingreso navideño
5000101,12-01-2024,compra,-500,
5000109,05-08-2024,compra,3000,Ingreso navideño
5000114,2024-05-18,deposito,,Retiro parcial
5000115,10-01-2024,compra,2500,
5000101,2024/05/25,deposito,-100,Ingreso mensual
5000114,2024/01/22,depósito,-500,Ingreso mensual
5000107,02-01-2024,retiro,2000,Ingreso extra
5000119,09-09-2024,deposito,2000,Ingreso navideño
5000120,2024/02/07,retiro,-100,Ingreso mensual
5000112,2024/08/11,deposito,,
5000101,2024/09/02,depósito,3000,Ingreso navideño
5000107,2024-02-07,deposito,,Ingreso navideño
5000101,2024-09-30,deposito,-500,
5000106,15/09/2024,deposito,2000,
5000110,26/05/2024,retiro,3000,
5000105,23/09/2024,compra,1000,
5000118,20/05/2024,retiro,,Ingreso mensual
5000109,2024-04-03,compra,1500,Ingreso extra
5000107,2024-08-29,depósito,-100,Retiro parcial
5000111,29-10-2024,retiro,2500,
5000117,11/03/2024,deposito,2500,Retiro parcial
5000112,21-06-2024,retiro,1500,
5000105,2024/02/21,compra,1000,Ingreso extra
5000107,03-12-2024,compra,-500,
5000108,2024-12-20,retiro,2000,Retiro parcial
5000105,22-04-2024,retiro,-500,
5000107,18/02/2024,pago,2000,Compra en tienda
5000101,01-09-2024,compra,,
5000118,2024/10/27,depósito,2500,Compra en tienda
5000102,2024/05/30,retiro,3000,
5000103,20/04/2024,depósito,2000,Retiro parcial
5000119,25-06-2024,compra,2500,Ingreso extra
5000111,2024/08/08,compra,3000,
5000108,2024-01-27,retiro,2000,Ingreso extra
5000107,11-05-2024,retiro,3000,Compra en tienda
5000101,2024-11-24,deposito,-100,
5000104,2024-06-20,compra,-500,Ingreso extra
5000109,2024-08-19,retiro,-500,Compra en tienda
5000101,27-05-2024,deposito,,Ingreso navideño
5000108,20-12-2024,depósito,2500,Ingreso mensual
5000104,18-01-2024,retiro,5000,Ingreso extra
5000113,2024-05-02,compra,-100,Retiro parcial
5000114,15-02-2024,deposito,3000,Ingreso mensual
5000104,19-09-2024,deposito,2500,Compra en tienda
5000105,07-08-2024,deposito,2500,
5000108,19/11/2024,retiro,2000,Ingreso navideño
5000102,29/11/2024,compra,,Compra en tienda
5000108,22-01-2024,depósito,-500,
5000114,2024/02/21,depósito,1000,Compra en tienda
5000109,2024/02/07,compra,2000,Compra en tienda
5000111,2024-04-29,deposito,5000,Ingreso mensual
5000117,25-11-2024,retiro,3000,Ingreso navideño
5000112,2024/08/30,depósito,-500,Retiro parcial
5000112,2024/11/06,deposito,2000,Retiro parcial
5000101,22/04/2024,compra,2500,Ingreso mensual
5000107,2024/06/16,retiro,2500,Ingreso mensual
5000114,2024-05-17,compra,-100,Ingreso extra
5000113,13/02/2024,pago,3000,Ingreso extra
5000118,23-10-2024,retiro,1500,Compra en tienda
5000106,28-10-2024,retiro,2500,Ingreso navideño
5000105,08/01/2024,compra,-100,Ingreso extra
5000116,18/12/2024,deposito,,Ingreso navideño
5000112,26-02-2024,deposito,3000,Ingreso mensual
5000110,03/04/2024,deposito,-100,
5000111,2024-02-16,retiro,1500,
5000119,30/04/2024,compra,2500,Ingreso navideño
5000117,31-07-2024,compra,1000,
5000115,17-10-2024,retiro,-100,Retiro parcial
5000120,01-05-2024,compra,3000,Retiro parcial
5000107,06/04/2024,retiro,,Ingreso mensual
5000119,2024-10-26,compra,2000,Retiro parcial
5000105,07-10-2024,compra,-100,Ingreso navideño
5000116,06-09-2024,deposito,-100,Retiro parcial
5000118,12/04/2024,deposito,-100,Ingreso extra
5000118,2024-12-28,compra,1500,
5000113,2024-11-21,retiro,1000,Compra en tienda
5000104,25/08/2024,deposito,1500,Retiro parcial
5000117,20/04/2024,deposito,1000,Retiro parcial
5000110,2024/07/08,deposito,1500,Ingreso navideño
5000113,03-09-2024,retiro,3000,
5000115,2024/01/10,deposito,-1000,Retiro parcial
5000102,11-05-2024,retiro,2000,
5000108,2024-02-20,retiro,-100,Compra en tienda
5000107,2024-12-21,compra,1500,
5000102,17-12-2024,deposito,-100,Compra en tienda
5000115,2024/04/30,compra,2500,
5000114,2024/11/17,compra,-100,Compra en tienda
5000106,2024/06/08,compra,2500,Ingreso navideño
5000117,2024-07-20,compra,-500,Compra en tienda
5000111,2024-03-11,depósito,-500,Ingreso extra
5000116,14/05/2024,compra,3000,
5000113,2024/05/09,compra,2500,Ingreso mensual
5000120,12-08-2024,retiro,-500,
5000116,2024-07-28,compra,-1000,Ingreso navideño
5000104,2024/11/17,retiro,2000,Ingreso navideño
5000108,2024-09-22,deposito,1000,Compra en tienda
5000117,2024/02/01,deposito,1500,Ingreso mensual
5000115,09-02-2024,compra,0,
5000111,27-04-2024,deposito,-100,Compra en tienda
5000104,2024-08-10,deposito,-500,Ingreso navideño
5000117,19-04-2024,retiro,,Retiro parcial
5000107,2024-01-15,deposito,-100,Ingreso navideño
5000114,19-02-2024,deposito,-500,
5000110,2024/09/10,deposito,2500,
5000116,2024-10-07,retiro,2000,Compra en tienda
5000112,09/11/2024,deposito,1000,Compra en tienda
5000101,2024/01/25,deposito,1000,Ingreso extra
5000119,04/06/2024,compra,3000,
5000105,11/01/2024,pago,2500,Retiro parcial
5000119,2024-05-26,compra,1000,Compra en tienda
5000119,27/10/2024,deposito,2500,
5000102,16/07/2024,deposito,-500,Ingreso navideño
5000112,12/02/2024,retiro,2000,Ingreso navideño
5000115,05/01/2024,compra,1500,
5000113,2024-11-13,pago,2000,Ingreso extra
5000111,27/12/2024,compra,-500,Ingreso mensual
5000120,02-11-2024,depósito,3000,Ingreso extra
5000114,13-11-2024,compra,2500,Ingreso extra
5000115,2024/12/01,pago,-100,Ingreso mensual
5000107,13/05/2024,compra,1000,Ingreso navideño
5000108,25/09/2024,deposito,1500,Ingreso extra
5000114,2024/08/31,deposito,3000,Ingreso mensual
5000102,2024-02-09,compra,-100,
5000114,02/04/2024,retiro,2000,Ingreso mensual
5000118,2024/08/17,deposito,3000,Ingreso mensual
5000116,16/07/2024,retiro,3000,
5000111,07-03-2024,deposito,,Ingreso mensual
5000112,2024-10-01,deposito,1000,Retiro parcial
5000107,2024-04-21,deposito,1000,Retiro parcial
5000114,2024/05/30,compra,2000,
5000118,04-12-2024,retiro,1000,Ingreso extra
5000120,05/06/2024,compra,1000,Retiro parcial
5000113,11/01/2024,compra,-100,
5000109,2024-03-22,depósito,1500,Compra en tienda
5000113,2024-11-07,compra,-500,Ingreso navideño
5000105,2024/01/04,retiro,1000,Ingreso navideño
5000118,2024/04/03,deposito,3000,Compra en tienda
5000108,2024/06/13,compra,1000,Retiro parcial
5000105,11/02/2024,pago,1500,Retiro parcial
5000109,2024-11-09,compra,3000,Ingreso mensual
5000118,2024-11-11,compra,3000,Ingreso navideño
5000111,20/06/2024,compra,-100,Ingreso navideño
5000112,13/11/2024,deposito,-500,
5000111,2024-12-11,pago,1500,Ingreso mensual
5000109,27/01/2024,deposito,1000,Compra en tienda
5000115,2024/02/14,deposito,1000,Compra en tienda
5000110,13/11/2024,compra,2500,Retiro parcial
5000103,20/06/2024,retiro,3000,Ingreso mensual
5000104,20/10/2024,compra,1500,Ingreso mensual
5000112,2024-12-27,retiro,-1000,Ingreso navideño
5000106,2024-04-23,compra,-500,Ingreso extra
5000119,2024/02/07,compra,3000,Ingreso navideño
5000119,2024/12/15,deposito,1500,
5000110,12/04/2024,depósito,3000,Compra en tienda
5000104,2024/10/23,compra,-100,
5000112,20/12/2024,retiro,-500,Retiro parcial
5000119,17-02-2024,deposito,2500,
5000104,08-01-2024,deposito,2500,Ingreso navideño
5000118,2024-04-28,deposito,-100,
5000117,2024-10-28,deposito,-100,
5000105,12-09-2024,deposito,2500,Retiro parcial
5000118,20/05/2024,pago,2000,
6000103,08-03-2024,deposito,3000,Retiro parcial
6000110,24-07-2024,retiro,1500,
6000109,2024/03/18,deposito,3000,Ingreso mensual
6000105,24/03/2024,deposito,1000,Ingreso navideño
6000120,2024/04/11,compra,,Ingreso mensual
6000120,2024-02-26,compra,1000,
6000102,18-12-2024,compra,3000,
6000105,2024/06/21,compra,3000,Ingreso extra
6000111,2024/09/16,compra,2500,Ingreso mensual
6000106,12/02/2024,deposito,-100,Ingreso navideño
6000106,21-06-2024,deposito,2000,Ingreso extra
6000106,2024/07/11,compra,1500,Ingreso navideño
6000108,2024-02-15,compra,3000,Ingreso mensual
6000110,13/11/2024,compra,-500,Ingreso mensual
6000109,04/12/2024,retiro,1000,Compra en tienda
6000102,19-04-2024,deposito,2000,
6000108,2024-07-19,retiro,2000,Retiro parcial
6000104,26-08-2024,retiro,2500,Compra en tienda
6000120,09-03-2024,retiro,3000,Compra en tienda
6000109,2024/05/02,deposito,3000,Ingreso mensual
6000116,2024/12/24,compra,2500,Compra en tienda
6000114,08/07/2024,compra,5000,Ingreso mensual
6000119,2024/08/15,retiro,1500,Ingreso extra
6000103,05-10-2024,compra,1000,Retiro parcial
6000102,2024/09/30,depósito,2000,Ingreso navideño
6000119,25/07/2024,retiro,-500,Ingreso mensual
6000103,11-08-2024,pago,1000,Compra en tienda
6000103,2024/12/19,compra,5000,Retiro parcial
6000111,2024-03-10,retiro,-500,Retiro parcial
6000111,2024-04-26,retiro,2000,Ingreso navideño
6000108,2024-12-22,deposito,1000,Ingreso extra
6000117,2024-01-11,deposito,-1000,Ingreso extra
6000113,24/01/2024,compra,5000,Compra en tienda
6000109,20-11-2024,retiro,-1000,Retiro parcial
6000113,25-01-2024,deposito,-500,Ingreso navideño
6000109,15/10/2024,retiro,-500,Ingreso extra
6000103,2024-05-09,retiro,3000,Ingreso extra
6000114,30-09-2024,deposito,1000,Ingreso mensual
6000120,13/01/2024,deposito,1000,Retiro parcial
6000113,2024-02-29,retiro,2500,Ingreso mensual
6000109,2024-11-27,deposito,2000,
6000117,30-05-2024,deposito,1000,Ingreso navideño
6000118,2024-09-01,retiro,-100,Ingreso navideño
6000112,2024/04/01,retiro,3000,Retiro parcial
6000105,2024-01-17,compra,-500,Ingreso mensual
6000116,2024/11/22,compra,2500,Compra en tienda
6000108,2024-05-14,deposito,3000,Ingreso extra
6000111,2024-07-19,compra,-100,Compra en tienda
6000107,2024-11-30,deposito,3000,Compra en tienda
6000111,2024/09/25,depósito,2000,Ingreso navideño
6000107,2024-02-29,deposito,-500,
6000102,2024/11/05,retiro,,Ingreso navideño
6000114,23-04-2024,retiro,2000,Compra en tienda
6000109,2024/03/09,deposito,3000,
6000104,2024/11/01,retiro,-500,Ingreso navideño
6000104,2024-02-02,retiro,-100,Ingreso mensual
6000113,02/05/2024,retiro,-100,Retiro parcial
6000113,11-01-2024,deposito,3000,Retiro parcial
6000105,01/12/2024,deposito,2000,Ingreso mensual
6000109,05-07-2024,retiro,-500,Compra en tienda
6000106,2024/04/06,retiro,2500,Compra en tienda
6000116,25/06/2024,retiro,2000,
6000114,2024-09-04,compra,2500,Retiro parcial
6000110,2024/02/15,deposito,0,Compra en tienda
6000109,2024/11/26,retiro,2000,
6000118,2024/05/19,retiro,2000,
6000112,2024-07-23,compra,3000,Retiro parcial
6000120,2024-08-18,deposito,1500,Compra en tienda
6000104,2024/07/31,deposito,,Compra en tienda
6000102,16-10-2024,deposito,2500,Retiro parcial
6000117,2024-01-12,retiro,,Ingreso extra
6000103,07-05-2024,compra,2000,Retiro parcial
6000115,2024-08-15,compra,2000,Compra en tienda
6000107,28/09/2024,retiro,-500,Ingreso extra
6000116,2024/02/15,deposito,3000,Ingreso extra
6000120,2024-10-27,retiro,3000,Ingreso extra
6000119,19-07-2024,compra,2000,Compra en tienda
6000118,2024/12/09,retiro,3000,
6000115,13-10-2024,compra,2000,Compra en tienda
6000101,16/02/2024,compra,-100,Retiro parcial
6000118,27/04/2024,retiro,2000,Ingreso mensual
6000110,11-02-2024,compra,-100,Ingreso extra
6000118,2024-03-05,retiro,0,Ingreso navideño
6000106,29/08/2024,pago,2000,
6000105,03/03/2024,retiro,2500,Retiro parcial
6000107,09-11-2024,retiro,1000,Compra en tienda
6000119,11/06/2024,compra,-500,
6000105,2024-04-01,depósito,1000,Retiro parcial
6000116,09-02-2024,deposito,-100,
6000114,2024/02/20,depósito,3000,Compra en tienda
6000113,27/04/2024,retiro,3000,
6000110,02/03/2024,deposito,2000,Compra en tienda
6000101,2024-02-19,compra,2000,Retiro parcial
6000102,23-11-2024,deposito,1000,
6000112,08/03/2024,retiro,2500,
6000111,2024-03-25,retiro,2500,Ingreso extra
6000117,2024-05-18,deposito,,Ingreso mensual
6000114,14/02/2024,retiro,3000,Ingreso mensual
6000112,2024/10/17,retiro,-500,Retiro parcial
6000108,05-01-2024,pago,-500,Retiro parcial
6000116,02/08/2024,compra,-500,Compra en tienda
6000107,2024/06/22,retiro,3000,Ingreso navideño
6000105,2024-06-04,pago,-500,Ingreso extra
6000106,2024-07-28,deposito,2000,Ingreso mensual
6000119,2024-03-24,compra,1500,
6000103,2024-09-24,retiro,-500,Ingreso extra
6000107,2024-10-26,retiro,3000,Ingreso mensual
6000114,2024-02-13,compra,2000,Ingreso extra
6000116,2024/08/09,compra,-500,Ingreso extra
6000114,14-04-2024,depósito,2000,
6000118,2024-08-26,compra,5000,Compra en tienda
6000101,2024-01-07,deposito,2500,Retiro parcial
6000118,2024-08-04,compra,3000,
6000106,2024-08-27,deposito,2500,
6000120,2024-05-24,retiro,-500,Compra en tienda
6000104,2024/11/07,compra,1000,Ingreso navideño
6000115,2024-06-17,compra,1000,Ingreso navideño
6000110,17-02-2024,compra,2500,Ingreso extra
6000107,2024/01/28,retiro,1500,
6000102,2024/11/24,retiro,-100,Retiro parcial
6000106,2024/10/23,compra,-500,Ingreso navideño
6000106,2024/08/31,compra,2500,
6000114,2024-10-01,compra,2000,Ingreso extra
6000119,2024/05/21,retiro,1500,
6000109,21/05/2024,retiro,3000,Ingreso extra
6000103,2024-07-12,deposito,,
6000120,17/12/2024,retiro,1500,
6000120,2024/12/28,retiro,-500,Ingreso navideño
6000106,20-11-2024,pago,-100,Ingreso extra
6000101,2024/07/16,retiro,2500,Ingreso navideño
6000109,12/11/2024,compra,-100,Ingreso navideño
6000103,2024-03-15,compra,5000,
6000118,08/12/2024,retiro,1000,Ingreso mensual
6000107,2024/12/30,retiro,-500,
6000107,17-07-2024,retiro,2000,Ingreso mensual
6000114,2024/10/16,retiro,,Ingreso mensual
6000118,2024-03-05,compra,2000,Ingreso navideño
6000116,23-11-2024,compra,2000,Ingreso navideño
6000103,19/03/2024,compra,3000,Ingreso extra
6000110,2024/06/22,pago,2000,
6000105,26-10-2024,compra,-1000,Ingreso extra
6000114,2024-04-16,deposito,2000,Compra en tienda
6000103,2024-10-29,compra,2500,
6000111,03/03/2024,compra,2000,Compra en tienda
6000104,2024-09-06,retiro,-500,
6000118,2024/08/13,deposito,-500,
6000110,27/11/2024,retiro,2000,Retiro parcial
6000114,07-05-2024,retiro,3000,Ingreso navideño
6000113,30/09/2024,deposito,-500,Ingreso extra
6000106,2024-11-26,pago,1500,Retiro parcial
6000116,2024-04-19,pago,1500,Ingreso navideño
6000117,25-06-2024,deposito,2500,
6000106,2024-04-03,retiro,2000,
6000105,21/09/2024,retiro,3000,Ingreso navideño
6000120,2024/09/16,deposito,1500,Ingreso mensual
6000103,27-01-2024,retiro,2000,Ingreso mensual
6000114,2024-07-04,compra,-100,
6000106,2024-04-26,compra,1000,Ingreso extra
6000109,2024/11/10,retiro,2500,
6000119,21/05/2024,compra,1000,Ingreso extra
6000110,19/08/2024,retiro,2500,Retiro parcial
6000106,2024/10/02,retiro,1500,Compra en tienda
6000116,17/06/2024,depósito,1500,Ingreso navideño
6000109,2024/05/20,compra,-500,Compra en tienda
6000107,2024-09-26,compra,-100,
6000110,2024/02/14,deposito,2500,Ingreso navideño
6000105,2024-09-09,compra,-500,Compra en tienda
6000104,2024/11/09,compra,3000,Ingreso mensual
6000114,2024-05-22,compra,2000,Ingreso navideño
6000116,2024/11/14,deposito,2500,Ingreso navideño
6000102,08/02/2024,deposito,3000,Compra en tienda
6000105,10/05/2024,retiro,2500,Ingreso navideño
6000107,2024/11/16,deposito,1500,Ingreso extra
6000114,30/10/2024,retiro,0,Compra en tienda
6000102,2024/08/12,deposito,2500,Retiro parcial
6000115,25-10-2024,deposito,0,Ingreso mensual
6000107,26-11-2024,depósito,-500,Compra en tienda
6000109,05/12/2024,retiro,2500,Ingreso mensual
6000119,18/02/2024,pago,1000,Ingreso extra
6000103,2024/10/29,compra,2500,Ingreso navideño
6000103,2024-07-05,retiro,3000,Ingreso mensual
6000112,2024-12-16,compra,-100,Ingreso mensual
6000117,01/02/2024,retiro,-100,
6000107,06-12-2024,depósito,2500,Retiro parcial
6000108,2024-07-17,retiro,2500,Retiro parcial
6000116,2024/09/15,compra,3000,Retiro parcial
6000115,2024/04/22,compra,1500,Ingreso extra
6000102,2024-09-24,retiro,1500,Compra en tienda
6000114,2024-10-20,compra,-100,Ingreso navideño
6000113,2024-04-05,deposito,1000,Ingreso navideño
6000117,17/11/2024,depósito,3000,Ingreso mensual
6000110,11/09/2024,deposito,1000,Retiro parcial
6000104,2024-03-01,retiro,-500,Ingreso extra
6000102,2024-12-28,retiro,-500,Compra en tienda
6000119,2024/10/28,retiro,2000,Ingreso extra
6000104,19/07/2024,retiro,1000,Compra en tienda
6000110,2024/02/23,deposito,1000,Retiro parcial
6000114,2024-02-07,retiro,3000,Ingreso extra
6000109,2024/09/11,depósito,-100,Ingreso extra
6000107,2024-07-02,depósito,2500,
6000101,2024/07/09,retiro,-1000,Ingreso mensual
6000114,2024-10-01,compra,1500,Ingreso mensual
6000114,2024-07-09,compra,-500,
6000116,15/06/2024,retiro,3000,Compra en tienda
6000117,10-02-2024,compra,2500,Ingreso mensual
6000104,11-01-2024,retiro,1000,Compra en tienda
6000117,27-03-2024,deposito,1500,Compra en tienda
6000119,25/09/2024,deposito,1000,Ingreso mensual
6000112,2024-08-25,compra,2500,Ingreso navideño
6000107,24-01-2024,deposito,3000,Compra en tienda
6000115,2024-02-22,pago,3000,
6000119,2024-07-11,deposito,2500,
6000117,2024-09-27,pago,3000,Ingreso extra
6000120,2024/09/01,deposito,1500,Compra en tienda
6000110,2024/04/26,compra,3000,Ingreso mensual
6000114,2024-03-03,compra,1500,Ingreso mensual
6000111,08-07-2024,compra,2500,Ingreso extra
6000108,16-08-2024,deposito,-100,Compra en tienda
6000106,16-12-2024,deposito,2500,
6000117,07-08-2024,compra,3000,Ingreso navideño
6000108,20-12-2024,compra,-100,Ingreso navideño
6000103,2024/05/06,compra,2000,Retiro parcial
6000106,22-02-2024,retiro,-500,Compra en tienda
6000118,2024-01-30,retiro,2500,Ingreso mensual
6000117,2024-02-15,retiro,-100,Compra en tienda
6000107,01-07-2024,deposito,-100,Retiro parcial
6000107,21-03-2024,deposito,,Compra en tienda
6000116,2024-03-23,deposito,2000,Compra en tienda
6000113,2024-12-04,deposito,-500,
6000105,03-08-2024,deposito,1500,Ingreso navideño
6000115,2024/11/17,compra,-500,Ingreso extra
6000107,2024/03/07,deposito,3000,
6000106,26/06/2024,deposito,1000,Compra en tienda
6000118,2024-04-12,compra,-500,Compra en tienda
6000120,2024/02/14,deposito,2500,
6000111,2024-06-07,compra,1500,
6000119,2024-08-03,compra,5000,Compra en tienda
6000108,18-01-2024,compra,2000,Ingreso extra
6000101,2024/10/16,deposito,-100,Retiro parcial
6000115,22/06/2024,deposito,-500,Ingreso extra
6000105,2024-04-15,retiro,3000,Ingreso navideño
6000112,2024-03-23,deposito,1000,Ingreso mensual
6000118,2024-08-25,deposito,-100,
6000107,24/10/2024,retiro,2500,Ingreso navideño
6000107,08/12/2024,compra,,Retiro parcial
6000120,30/10/2024,deposito,1000,Ingreso navideño
6000111,2024-02-15,retiro,2500,Compra en tienda
6000106,19/10/2024,deposito,,
6000108,2024-12-12,compra,2000,Ingreso extra
6000108,12-12-2024,compra,-100,Ingreso extra
6000104,10/07/2024,compra,1500,
6000102,09-02-2024,retiro,1500,Ingreso navideño
6000103,2024/09/24,deposito,1500,
6000112,12-06-2024,deposito,3000,Ingreso navideño
6000105,2024-08-11,deposito,,Compra en tienda
6000112,2024/04/01,compra,2500,
6000108,2024-12-08,retiro,1500,
6000108,30-09-2024,retiro,-500,
6000106,2024/07/20,deposito,2500,Retiro parcial
6000102,2024-04-29,retiro,2000,
6000113,20-07-2024,compra,2500,Retiro parcial
6000119,24-10-2024,compra,2000,
6000107,2024/03/18,compra,5000,
6000108,2024-02-21,depósito,1500,Retiro parcial
6000120,24/03/2024,retiro,2000,Compra en tienda
6000112,05-07-2024,depósito,1000,Compra en tienda
6000104,07/01/2024,compra,1000,Retiro parcial
6000112,2024-12-11,retiro,3000,
6000110,03/11/2024,compra,-100,Ingreso extra
6000108,2024-09-29,deposito,,Ingreso extra
6000113,28-12-2024,deposito,2000,
6000116,02-11-2024,depósito,2000,Ingreso mensual
6000106,02-02-2024,compra,1500,Compra en tienda
6000114,30/05/2024,compra,2500,
6000113,2024/12/11,depósito,1500,Compra en tienda
6000107,16-02-2024,compra,2500,Ingreso mensual
6000102,11-03-2024,deposito,-100,
6000108,13-03-2024,deposito,2000,Retiro parcial
6000101,22/03/2024,retiro,2000,Retiro parcial
6000105,2024-04-03,retiro,1000,Retiro parcial
6000105,14-08-2024,retiro,1000,Ingreso navideño
6000103,23/07/2024,compra,3000,Retiro parcial
6000109,2024/01/21,depósito,2000,Ingreso navideño
6000103,2024-02-12,compra,3000,Compra en tienda
6000120,2024/02/03,retiro,2500,
6000102,01-11-2024,compra,-100,Retiro parcial
6000111,16-02-2024,retiro,2000,Ingreso mensual
6000104,08-08-2024,compra,-100,Ingreso mensual
6000106,2024-09-27,compra,-100,Ingreso mensual
6000106,04/04/2024,compra,2500,Retiro parcial
6000117,29-08-2024,retiro,1000,Ingreso mensual
6000116,2024/05/13,retiro,1000,Ingreso mensual
6000106,2024/05/04,compra,-500,Retiro parcial
6000105,2024-12-13,compra,3000,Ingreso mensual
6000120,04/03/2024,compra,2500,
6000104,2024/10/10,retiro,2500,Ingreso navideño
6000116,2024-11-01,deposito,-100,Compra en tienda
6000101,03-06-2024,deposito,2000,Compra en tienda
6000118,19/08/2024,compra,1500,Ingreso mensual
6000106,03-09-2024,compra,3000,
6000101,25-09-2024,deposito,2500,Ingreso mensual
6000101,2024-12-26,deposito,-100,
6000118,2024-04-18,deposito,3000,Retiro parcial
6000111,28-03-2024,deposito,5000,Ingreso navideño
6000118,2024/10/11,compra,3000,Ingreso mensual
6000109,2024/11/09,retiro,2000,Compra en tienda
6000109,31/10/2024,retiro,5000,
6000108,2024/01/26,retiro,3000,Ingreso mensual
6000114,2024-10-29,retiro,2500,Ingreso mensual
6000111,2024-07-30,depósito,3000,Compra en tienda
6000110,2024/11/15,compra,-100,Retiro parcial
6000116,17-01-2024,retiro,-100,Ingreso navideño
6000101,04/02/2024,depósito,2500,Compra en tienda
6000106,25-07-2024,compra,1500,
6000107,11/08/2024,retiro,-100,Ingreso extra
6000104,30/07/2024,compra,3000,Retiro parcial
6000119,2024/02/29,compra,,Ingreso mensual
6000115,31/10/2024,compra,1500,Ingreso mensual
6000111,09-04-2024,retiro,2500,Ingreso mensual
6000114,21-02-2024,pago,-500,Ingreso extra
6000104,31-01-2024,retiro,1500,Compra en tienda
6000117,2024/08/26,depósito,3000,Ingreso mensual
6000114,2024/10/03,compra,3000,Ingreso extra
6000101,07-03-2024,retiro,-100,
6000102,2024/12/24,pago,3000,Ingreso extra
6000119,27/07/2024,retiro,-500,Compra en tienda
6000116,2024/10/31,retiro,3000,
6000108,23/10/2024,retiro,2000,Compra en tienda
6000118,19/01/2024,retiro,5000,Ingreso extra
6000112,22/11/2024,compra,2000,Ingreso navideño
6000101,2024/01/17,pago,-100,
6000117,05-09-2024,deposito,2000,Ingreso mensual
6000108,2024/06/30,compra,2500,
6000109,2024-01-22,retiro,-100,
6000104,26/05/2024,deposito,2500,Ingreso navideño
6000108,31/10/2024,deposito,-500,Retiro parcial
6000109,21-10-2024,deposito,2500,Ingreso navideño
6000115,2024/07/12,compra,1500,
6000106,2024/03/23,compra,2000,Compra en tienda
6000115,19/06/2024,compra,2000,
6000113,13/06/2024,deposito,-500,Ingreso mensual
6000109,12/02/2024,compra,-100,Retiro parcial
6000104,2024/03/19,retiro,-500,Ingreso extra
6000110,2024/11/25,compra,2000,Ingreso mensual
6000104,16-07-2024,compra,1000,
6000120,03-10-2024,deposito,2500,Compra en tienda
6000120,2024/12/21,compra,-500,Compra en tienda
6000103,29-07-2024,compra,3000,Ingreso navideño
6000107,09/04/2024,deposito,1000,Ingreso mensual
6000115,2024/12/22,retiro,-100,Ingreso mensual
6000108,22-09-2024,retiro,-500,Ingreso extra
6000111,04/12/2024,depósito,1000,Ingreso extra
6000110,2024/07/08,retiro,2000,
6000116,2024/10/07,compra,3000,Retiro parcial
6000103,02-09-2024,retiro,1500,Ingreso navideño
6000108,12-03-2024,deposito,-500,Ingreso mensual
6000113,14-09-2024,deposito,2000,Ingreso mensual
6000118,2024-09-01,compra,-100,Ingreso mensual
6000112,12-06-2024,retiro,-500,Ingreso navideño
6000119,23-12-2024,compra,-500,Ingreso navideño
6000112,17-07-2024,retiro,-100,Ingreso mensual
6000105,17/12/2024,retiro,,Retiro parcial
6000115,2024/04/04,deposito,-100,Ingreso extra
6000120,2024/07/10,compra,3000,
6000104,2024/04/02,deposito,1500,Retiro parcial
6000109,21/01/2024,deposito,2000,
6000118,15-06-2024,retiro,3000,
6000105,21/04/2024,retiro,1500,Ingreso extra
6000103,2024-03-10,compra,3000,
6000104,2024-07-17,compra,,Retiro parcial
6000104,23-05-2024,compra,1500,Ingreso extra
6000119,2024-05-22,deposito,1000,Ingreso mensual
6000111,04/05/2024,deposito,,Ingreso navideño
6000116,12-09-2024,deposito,3000,Ingreso mensual
6000116,2024/10/06,retiro,2500,Ingreso extra
6000116,22/09/2024,deposito,2000,Ingreso extra
6000107,08/08/2024,compra,-500,Retiro parcial
6000117,01-11-2024,deposito,,
6000110,13-12-2024,deposito,1000,Ingreso extra
6000102,2024/05/23,pago,-500,Ingreso mensual
6000120,2024-07-26,retiro,,Ingreso mensual
6000113,03/12/2024,retiro,2000,Ingreso navideño
6000114,2024/05/14,retiro,3000,
6000102,2024/08/30,retiro,,Ingreso navideño
6000110,2024/05/01,retiro,2500,Compra en tienda
6000111,2024-05-10,retiro,1500,Compra en tienda
6000103,2024-07-15,pago,3000,
6000102,2024/08/03,pago,1000,
6000112,25-11-2024,deposito,1500,Ingreso navideño
6000117,27-04-2024,compra,3000,Retiro parcial
6000110,2024/08/11,compra,-500,Compra en tienda
6000116,06/12/2024,retiro,2000,Ingreso mensual
6000112,2024/08/26,retiro,1500,
6000107,09/03/2024,deposito,-500,Ingreso mensual
6000107,15-06-2024,compra,,
6000117,2024/03/07,retiro,3000,Ingreso mensual
6000101,06-10-2024,deposito,1500,Ingreso mensual
6000116,2024-01-03,deposito,2500,Ingreso navideño
6000117,2024/12/08,retiro,3000,Ingreso extra
6000108,2024/11/02,deposito,2500,Ingreso extra
6000102,2024/02/14,retiro,3000,
6000119,24/10/2024,depósito,1000,Ingreso navideño
6000118,26-03-2024,compra,1500,
6000102,2024/10/12,retiro,1500,Ingreso mensual
6000110,14-01-2024,pago,1500,Retiro parcial
6000111,2024-11-04,retiro,3000,Retiro parcial
6000109,2024/02/13,pago,-500,Ingreso extra
6000114,2024-03-16,compra,,Retiro parcial
6000109,2024/10/18,compra,1000,Retiro parcial
6000105,12/01/2024,deposito,1000,Retiro parcial
6000103,08-12-2024,deposito,-500,Compra en tienda
6000115,2024-12-28,deposito,2500,
6000116,2024/04/05,compra,-500,Ingreso navideño
6000107,2024-05-31,deposito,-100,Retiro parcial
6000101,22/12/2024,deposito,2500,Ingreso navideño
6000104,2024-11-05,pago,2000,Ingreso mensual
6000110,23/11/2024,compra,1500,Ingreso mensual
6000101,2024-04-26,compra,1500,Ingreso extra
6000115,13/11/2024,compra,2000,Compra en tienda
6000101,12-06-2024,deposito,2000,Ingreso extra
6000109,14-07-2024,depósito,2000,Ingreso mensual
6000101,22-11-2024,retiro,1000,
6000106,2024-09-26,deposito,-500,Ingreso extra
6000119,2024-10-18,retiro,-100,Compra en tienda
6000102,24/08/2024,retiro,-500,Retiro parcial
6000113,2024-02-27,deposito,1000,Ingreso mensual
6000108,17/07/2024,compra,3000,Ingreso extra
6000112,2024-01-20,retiro,5000,
6000119,2024-07-01,deposito,2000,
6000117,2024/03/29,compra,2000,Compra en tienda
6000113,2024-03-09,compra,-100,Compra en tienda
6000111,2024/10/31,retiro,-500,
6000120,15-04-2024,pago,1000,Compra en tienda
6000112,2024-10-06,deposito,2000,Ingreso extra
6000102,2024/05/26,pago,2500,Ingreso mensual
6000105,24/05/2024,compra,3000,Ingreso mensual
6000107,03/03/2024,retiro,1500,
6000118,09/06/2024,retiro,,Ingreso navideño
6000105,13-05-2024,deposito,-100,Retiro parcial
6000106,2024-01-29,deposito,2500,
6000104,2024/06/24,retiro,1000,
6000109,30-08-2024,deposito,3000,
6000118,17/12/2024,deposito,2500,Ingreso extra
6000104,15/04/2024,compra,3000,Ingreso navideño
6000107,2024/05/02,deposito,2500,Retiro parcial
6000118,2024-11-14,retiro,-500,
6000102,04/10/2024,compra,-500,Retiro parcial
6000114,2024-04-23,deposito,1500,Compra en tienda
6000119,2024-11-18,retiro,3000,Ingreso navideño
6000111,25/01/2024,depósito,2500,Compra en tienda
6000117,13-09-2024,pago,1500,Ingreso extra
6000102,11/05/2024,retiro,-100,Ingreso extra
6000112,2024-05-30,pago,-100,Ingreso navideño
6000106,2024/07/20,compra,2000,Compra en tienda
6000103,2024-12-23,retiro,2500,
6000120,2024-02-07,deposito,1500,Retiro parcial
6000120,16/01/2024,compra,2000,
6000109,2024-11-14,deposito,1500,Compra en tienda
6000113,2024-09-08,deposito,-100,Ingreso navideño
6000109,10-03-2024,deposito,3000,Retiro parcial
6000106,22/02/2024,compra,1000,Ingreso navideño
6000105,10-07-2024,retiro,3000,Ingreso mensual
6000102,09/12/2024,deposito,1500,Ingreso extra
6000119,17-08-2024,compra,2500,
6000120,2024-05-15,retiro,-500,Ingreso navideño
6000110,2024/11/15,deposito,0,
6000114,29/12/2024,deposito,2000,Compra en tienda
6000102,2024-10-06,retiro,-500,
6000109,2024-06-25,deposito,2500,Retiro parcial
6000104,09-08-2024,compra,3000,
6000116,2024/03/10,retiro,,Ingreso mensual
6000115,2024-01-23,compra,1000,Ingreso extra
6000119,08/08/2024,compra,1000,
6000108,2024-11-23,retiro,1500,Compra en tienda
6000112,01/06/2024,retiro,3000,Compra en tienda
6000104,13-01-2024,compra,3000,Ingreso navideño
6000117,25/04/2024,compra,-100,Retiro parcial
6000115,2024-11-24,retiro,1500,
6000112,09-08-2024,deposito,1500,Ingreso mensual
6000114,2024/06/08,retiro,2000,
6000120,2024/04/03,compra,2000,Retiro parcial
6000113,29/10/2024,deposito,2000,
6000115,2024/03/10,deposito,3000,Ingreso extra
6000117,2024-11-07,compra,3000,Ingreso navideño
6000114,2024/04/16,compra,1500,Retiro parcial
6000104,04/01/2024,deposito,1000,Ingreso mensual
6000113,02/12/2024,deposito,2000,Compra en tienda
6000106,2024-06-28,retiro,1500,Ingreso mensual
6000101,2024/08/24,compra,0,Compra en tienda
6000104,31/05/2024,retiro,,
6000105,2024/05/29,deposito,3000,Ingreso navideño
6000115,01/03/2024,retiro,1000,
6000104,2024/07/03,deposito,2000,Compra en tienda
6000120,2024/02/12,compra,1500,Retiro parcial
6000112,2024/04/06,compra,1500,Ingreso navideño
6000120,2024-07-28,retiro,3000,Ingreso mensual
6000110,2024-06-20,retiro,-500,Ingreso navideño
6000115,25-04-2024,retiro,-100,Ingreso mensual
6000111,25-09-2024,compra,2500,Ingreso navideño
6000102,30/03/2024,compra,3000,
6000116,15/05/2024,retiro,1000,Compra en tienda
6000105,2024-01-29,compra,1000,Ingreso navideño
6000110,17/04/2024,compra,3000,Ingreso navideño
6000108,2024/11/21,deposito,-500,Ingreso navideño
6000105,2024/04/20,retiro,-500,Retiro parcial
6000110,2024/11/01,retiro,-500,Ingreso navideño
6000108,2024/04/01,retiro,2500,
6000120,2024/07/13,deposito,1500,Ingreso mensual
6000117,27/04/2024,deposito,1500,Ingreso navideño
6000120,2024/12/27,compra,-100,
6000104,2024/07/07,deposito,-100,
6000111,15/08/2024,deposito,1500,Ingreso extra
6000106,27-08-2024,depósito,2000,Compra en tienda
6000109,29-08-2024,retiro,2500,Retiro parcial
6000113,13/12/2024,compra,,Ingreso navideño
6000105,2024/07/01,compra,1500,
6000112,18-07-2024,deposito,1000,Ingreso extra
6000117,15/11/2024,deposito,0,Ingreso navideño
6000103,2024-10-11,deposito,2500,
6000102,20/10/2024,depósito,3000,Ingreso extra
6000102,2024-03-02,compra,1000,Ingreso extra
6000115,13-03-2024,compra,1500,Ingreso extra
6000108,2024/10/01,retiro,1000,Retiro parcial
6000116,28-05-2024,compra,3000,Compra en tienda
6000102,2024/12/27,retiro,,Compra en tienda
6000104,13-08-2024,retiro,-500,Ingreso mensual
6000119,19-09-2024,retiro,-500,Ingreso navideño
6000114,03/11/2024,retiro,2000,
6000116,04-04-2024,compra,,Ingreso navideño
6000108,03-02-2024,retiro,2500,Ingreso mensual
6000109,2024-06-20,deposito,3000,
6000106,25/03/2024,compra,2000,Ingreso extra
6000106,22/08/2024,compra,-500,Ingreso mensual
6000115,24/10/2024,retiro,1000,
6000102,01-10-2024,compra,-500,Compra en tienda
6000119,2024-12-13,retiro,1500,Ingreso extra
6000106,25/06/2024,deposito,1000,Retiro parcial
6000105,10/04/2024,retiro,-500,Retiro parcial
6000115,2024/02/22,deposito,1500,
6000113,2024/08/30,retiro,2000,Ingreso extra
6000115,2024/04/24,deposito,2000,Ingreso mensual
6000106,30/01/2024,retiro,-500,Compra en tienda
6000118,19-06-2024,deposito,3000,
6000113,09-06-2024,deposito,3000,Ingreso navideño
6000110,24-03-2024,compra,-100,Ingreso extra
6000107,2024-03-29,retiro,2000,Retiro parcial
6000112,2024/04/29,retiro,2500,Ingreso navideño
6000102,2024-05-18,compra,1000,
6000102,2024-06-26,retiro,-100,Ingreso navideño
6000101,07/03/2024,deposito,3000,
6000111,06-10-2024,deposito,1500,Retiro parcial
6000112,07-08-2024,retiro,3000,
6000112,2024/09/06,deposito,0,Compra en tienda
6000118,03-10-2024,deposito,3000,Ingreso mensual
6000118,2024-05-12,pago,-500,
6000116,14/11/2024,deposito,3000,
6000110,07/03/2024,retiro,-100,Retiro parcial
6000116,28-04-2024,deposito,1000,Ingreso navideño
6000116,12-10-2024,deposito,-100,Ingreso extra
6000118,07/04/2024,deposito,1000,Compra en tienda
6000118,19-01-2024,retiro,1000,
6000111,07-07-2024,deposito,2500,Retiro parcial
6000118,2024-07-14,deposito,3000,Ingreso navideño
6000117,2024-09-04,retiro,5000,
6000102,09-08-2024,compra,3000,Ingreso navideño
6000118,06-01-2024,compra,3000,Compra en tienda
6000120,18-11-2024,retiro,2000,Ingreso extra
6000108,21/06/2024,retiro,2500,
6000105,04/07/2024,deposito,1000,
6000101,2024-08-01,retiro,2000,Ingreso extra
6000110,05/08/2024,deposito,1000,
6000107,2024-04-03,retiro,-500,
6000104,2024/08/29,retiro,2500,Ingreso mensual
6000108,2024/11/17,deposito,-100,Ingreso mensual
6000103,2024/05/08,compra,1000,Ingreso mensual
6000102,13-03-2024,compra,-100,Ingreso extra
6000102,2024/10/11,retiro,1500,Ingreso mensual
6000101,2024/04/20,compra,-100,Ingreso navideño
6000114,2024/04/13,compra,-100,Ingreso extra
6000105,2024/03/11,retiro,,Ingreso navideño
6000105,14/02/2024,retiro,-100,Ingreso navideño
6000112,2024-09-27,deposito,2000,
6000119,16-02-2024,deposito,-500,Retiro parcial
6000101,2024-04-08,retiro,-100,
6000118,01/08/2024,deposito,2500,
6000108,2024-04-17,compra,2000,Retiro parcial
6000106,15/03/2024,compra,2500,Ingreso extra
6000105,12/01/2024,retiro,1500,Ingreso extra
6000102,03-04-2024,retiro,3000,Ingreso mensual
6000106,11-12-2024,deposito,-100,
6000112,2024/10/16,retiro,-100,Ingreso navideño
6000106,22-02-2024,compra,1500,Ingreso extra
6000120,06-08-2024,deposito,-500,Retiro parcial
6000105,30/11/2024,deposito,-500,Ingreso navideño
6000103,04-09-2024,deposito,-500,Ingreso navideño
6000115,26/07/2024,compra,-500,Retiro parcial
6000104,01/10/2024,pago,-500,Retiro parcial
6000109,18-03-2024,compra,-500,Ingreso extra
6000118,12/09/2024,compra,-100,Retiro parcial
6000111,05/08/2024,retiro,-100,Compra en tienda
6000103,26-10-2024,compra,2000,Ingreso mensual
6000109,17-02-2024,deposito,1000,Ingreso navideño
6000114,2024-08-10,deposito,-500,Retiro parcial
6000109,2024-09-03,retiro,,Ingreso navideño
6000115,2024/09/14,compra,-100,Ingreso mensual
6000114,2024-02-19,retiro,1000,Ingreso navideño
6000104,2024-04-02,retiro,-100,Ingreso mensual
6000106,07-12-2024,retiro,2500,Ingreso navideño
6000108,29-01-2024,retiro,3000,Ingreso navideño
6000101,17/01/2024,retiro,-100,Compra en tienda
6000116,2024/05/25,deposito,3000,Ingreso mensual
6000118,11/01/2024,retiro,,
6000110,24/12/2024,retiro,3000,Retiro parcial
6000102,2024-10-10,retiro,-100,Ingreso navideño
6000106,2024-07-12,deposito,-100,Retiro parcial
6000114,2024-03-26,deposito,2000,Ingreso navideño
6000105,2024-06-07,deposito,2000,Ingreso mensual
6000120,27-02-2024,retiro,5000,
6000119,2024/07/25,retiro,2500,Ingreso navideño
6000114,2024/09/16,compra,,Ingreso extra
6000106,31/08/2024,compra,-100,Ingreso navideño
6000103,25-06-2024,deposito,1500,
6000112,01/12/2024,compra,2000,Ingreso extra
6000106,10/04/2024,deposito,-500,
6000109,11-05-2024,retiro,3000,Compra en tienda
6000114,22/12/2024,depósito,1500,Ingreso mensual
6000105,09/12/2024,retiro,1500,Ingreso navideño
6000109,20/07/2024,deposito,1500,Ingreso navideño
6000109,11-11-2024,compra,3000,Ingreso mensual
6000105,2024/04/18,pago,3000,Retiro parcial
6000114,10-12-2024,deposito,1500,
6000105,2024-05-23,compra,-100,Ingreso extra
6000103,2024/04/03,compra,2500,Retiro parcial
6000102,23-04-2024,compra,2000,Ingreso navideño
6000101,2024-06-30,deposito,1500,Ingreso extra
6000106,2024-01-29,compra,1000,Retiro parcial
6000105,04-12-2024,compra,1000,
6000105,27-01-2024,deposito,2000,Retiro parcial
6000105,16-08-2024,deposito,2500,Ingreso extra
6000117,2024-08-02,deposito,-100,Compra en tienda
6000113,29/10/2024,compra,2000,Compra en tienda
6000104,17/02/2024,depósito,1500,Retiro parcial
6000118,2024-02-18,deposito,2500,
6000107,08-05-2024,compra,,Retiro parcial
6000117,2024/11/17,depósito,1500,Retiro parcial
6000105,28/11/2024,deposito,1500,Ingreso extra
6000103,09-05-2024,deposito,-500,Retiro parcial
6000112,2024/03/15,compra,,Ingreso extra
6000108,03-09-2024,compra,1000,Retiro parcial
6000114,2024/10/10,compra,1500,
6000118,2024/02/07,compra,3000,Ingreso extra
6000107,2024/12/12,retiro,2000,Ingreso mensual
6000103,22-04-2024,compra,-100,Compra en tienda
6000102,16/04/2024,deposito,1500,Ingreso mensual
6000101,05/09/2024,deposito,2500,Ingreso extra
6000117,2024-03-01,deposito,3000,Ingreso extra
6000107,28-08-2024,pago,-500,Retiro parcial
6000119,2024/05/13,deposito,2000,Ingreso navideño
6000104,01/10/2024,deposito,-100,
6000107,2024/06/18,compra,2000,Retiro parcial
6000112,2024/05/11,pago,1500,Ingreso navideño
6000101,29-04-2024,deposito,3000,Ingreso extra
6000107,2024-10-31,retiro,-100,
6000117,2024-05-21,deposito,1500,Ingreso extra
6000119,13/02/2024,retiro,3000,Retiro parcial
6000113,2024/09/13,retiro,,
6000102,07/03/2024,retiro,2500,Ingreso mensual
6000106,2024-12-04,retiro,2000,Ingreso extra
6000116,2024/08/20,deposito,1500,
6000115,24-10-2024,retiro,1500,
6000119,11-09-2024,compra,2000,Compra en tienda
6000112,2024/03/19,depósito,1500,Compra en tienda
6000119,2024/02/11,deposito,0,Compra en tienda
6000111,2024-06-29,deposito,2500,Ingreso mensual
6000115,03-11-2024,compra,1000,Ingreso navideño
6000101,11/11/2024,compra,1000,Ingreso navideño
6000113,29-02-2024,deposito,2000,Ingreso navideño
6000109,24-05-2024,retiro,1000,Retiro parcial
6000116,11/07/2024,compra,-500,
6000111,2024-09-26,retiro,-500,Compra en tienda
6000117,2024/01/13,retiro,1000,Compra en tienda
6000114,2024/09/23,deposito,-100,Ingreso navideño
6000113,2024-09-02,depósito,3000,Compra en tienda
6000108,2024/11/07,retiro,2500,Ingreso extra
6000113,2024-05-11,compra,2500,
6000116,2024-06-30,retiro,1000,Ingreso extra
6000110,13-07-2024,deposito,3000,Ingreso extra
6000116,27/06/2024,deposito,5000,Ingreso navideño
6000108,2024/11/14,compra,3000,
6000118,07-10-2024,compra,3000,Retiro parcial
6000104,31-05-2024,retiro,1500,Retiro parcial
6000104,30-08-2024,retiro,-100,
6000118,04/04/2024,retiro,2000,
6000116,28/08/2024,deposito,2500,
6000111,2024/01/18,compra,2500,
6000116,2024/11/18,retiro,3000,Ingreso extra
6000103,2024/06/03,compra,-100,Ingreso extra
6000114,01/09/2024,retiro,2500,
6000110,2024-11-03,compra,-500,Ingreso mensual
6000112,12-01-2024,depósito,1500,Ingreso extra
6000109,2024/06/20,retiro,1000,Retiro parcial
6000117,20-07-2024,retiro,2500,
6000119,20/08/2024,deposito,2500,Compra en tienda
6000110,21/11/2024,retiro,-100,
6000115,2024/04/08,compra,1000,Ingreso navideño
6000103,13-09-2024,compra,,
6000119,2024/04/11,pago,2000,Ingreso extra
6000101,30-01-2024,depósito,3000,Compra en tienda
6000116,2024/03/08,compra,2000,Ingreso extra
6000102,2024-08-13,compra,5000,Retiro parcial
6000118,14/03/2024,deposito,3000,Retiro parcial
6000118,2024-04-21,deposito,-500,Ingreso navideño
6000112,2024/02/08,deposito,-500,
6000116,2024/07/05,retiro,2000,
6000115,17/09/2024,compra,2500,
6000106,15/06/2024,compra,2500,Ingreso navideño
6000114,2024/10/22,retiro,1500,Retiro parcial
6000108,2024-12-17,deposito,1000,Retiro parcial
6000111,2024-10-22,depósito,3000,
6000108,2024-04-17,retiro,1500,Ingreso extra
6000111,2024-06-24,compra,1000,
6000101,2024/06/20,deposito,-100,
6000104,08-05-2024,deposito,-100,
6000118,2024/11/08,compra,-500,Ingreso navideño
6000102,14-01-2024,compra,1500,Retiro parcial
6000105,2024-03-07,deposito,1000,Ingreso extra
6000105,26/04/2024,deposito,-500,Ingreso mensual
6000111,18-04-2024,compra,-100,Ingreso mensual
6000107,2024/12/14,compra,1500,Retiro parcial
6000104,2024-08-12,deposito,1000,Ingreso mensual
6000106,22-11-2024,deposito,2500,Compra en tienda
6000105,2024-04-29,compra,-100,Ingreso mensual
6000110,02-07-2024,pago,2500,Compra en tienda
6000117,13-06-2024,retiro,1500,Ingreso extra
6000116,13/11/2024,compra,1500,Ingreso extra
6000104,28/07/2024,deposito,-500,Ingreso navideño
6000114,05/12/2024,retiro,1500,Compra en tienda
6000114,2024-11-14,deposito,-100,Ingreso mensual
6000109,15/05/2024,deposito,2500,Retiro parcial
6000111,21/07/2024,retiro,1500,Ingreso mensual
6000106,2024-10-12,compra,1500,Ingreso navideño
6000119,2024/09/20,compra,2500,Retiro parcial
6000115,13-04-2024,depósito,3000,Ingreso extra
6000113,08/11/2024,compra,1500,
6000111,26-09-2024,retiro,1000,Ingreso mensual
6000110,2024/08/03,compra,1000,
6000110,2024-09-09,retiro,-100,Compra en tienda
6000103,05/06/2024,depósito,-100,Retiro parcial
6000107,2024-03-19,compra,1000,Ingreso extra
6000101,2024-08-04,compra,2000,Compra en tienda
6000111,2024/05/01,deposito,1500,Ingreso extra
6000109,23-09-2024,retiro,-500,Ingreso mensual
6000104,23/05/2024,compra,3000,Ingreso navideño
6000110,10-03-2024,retiro,-100,
6000105,2024/05/16,deposito,-500,Ingreso extra
6000115,2024-11-29,deposito,1000,Ingreso extra
6000103,17/01/2024,compra,-100,Compra en tienda
6000103,2024-09-28,deposito,-100,Ingreso mensual
6000111,2024/02/09,retiro,3000,Ingreso extra
6000119,2024/01/29,deposito,0,
6000116,2024-02-16,compra,2000,
6000107,27-11-2024,retiro,2500,
6000102,2024-11-14,compra,1500,Retiro parcial
6000116,2024/04/06,deposito,3000,Ingreso mensual
6000116,14-02-2024,deposito,1000,Ingreso extra
6000107,2024/12/26,deposito,2000,
6000114,20/05/2024,retiro,1000,Ingreso navideño
6000117,11/07/2024,compra,2500,Ingreso extra
6000114,2024-04-10,depósito,-500,Ingreso navideño
6000102,2024-09-08,depósito,2000,Compra en tienda
6000105,2024/09/28,compra,2500,
6000120,15/09/2024,retiro,-500,Compra en tienda
6000101,09-01-2024,compra,1500,
6000108,17/11/2024,retiro,-100,
6000111,2024/06/08,retiro,3000,Ingreso extra
6000116,2024/10/15,compra,-100,Ingreso navideño
6000119,16/07/2024,deposito,2500,Ingreso navideño
6000116,01-02-2024,retiro,3000,Ingreso navideño
6000106,2024-03-12,compra,3000,Ingreso extra
6000119,23-09-2024,compra,2000,Retiro parcial
6000106,2024-11-11,deposito,-500,Ingreso extra
6000118,03-03-2024,retiro,1500,Ingreso mensual
6000106,01-07-2024,compra,3000,Ingreso mensual
6000116,29/10/2024,compra,3000,Retiro parcial
6000115,2024-06-24,deposito,-500,Ingreso navideño
6000108,2024-07-08,retiro,-100,Ingreso navideño
6000110,2024/08/08,compra,-500,Ingreso extra
6000101,2024-07-20,retiro,2000,Compra en tienda
6000110,08-02-2024,compra,,Retiro parcial
6000102,2024/07/20,compra,1500,Ingreso mensual
6000108,2024-04-16,compra,3000,Compra en tienda
6000105,01/09/2024,deposito,,Ingreso mensual
6000103,2024/09/29,compra,-100,
6000107,2024/10/10,deposito,2000,Ingreso mensual
6000107,24-01-2024,deposito,-500,Ingreso mensual
6000112,02/09/2024,compra,1500,
6000106,17/06/2024,deposito,2000,Ingreso navideño
6000101,2024-11-23,compra,1500,Compra en tienda
6000107,2024/05/05,compra,3000,Ingreso mensual
6000115,12-08-2024,retiro,2000,Ingreso extra
6000101,2024/06/28,depósito,1500,Ingreso extra
6000112,24/08/2024,deposito,3000,Retiro parcial
6000116,08-06-2024,deposito,-500,
6000107,14-02-2024,compra,1500,Retiro parcial
6000119,2024-09-29,deposito,-100,Ingreso mensual
6000110,30/05/2024,compra,2500,Ingreso mensual
6000112,20-03-2024,deposito,3000,Retiro parcial
6000114,26-07-2024,compra,2000,Ingreso navideño
6000106,2024-10-19,retiro,1500,
6000107,2024-05-05,deposito,2500,
6000105,2024/02/15,deposito,1000,Ingreso extra
6000106,18-03-2024,deposito,1500,Ingreso mensual
6000104,16-03-2024,compra,2000,Compra en tienda
6000113,16/08/2024,compra,2000,Ingreso navideño
6000112,09/01/2024,compra,5000,Ingreso extra
6000113,09/10/2024,compra,-500,Ingreso extra
6000105,2024/02/06,retiro,-100,Retiro parcial
6000107,2024/10/17,pago,2500,
6000101,03-04-2024,pago,1500,Retiro parcial
6000105,2024-02-18,retiro,3000,Retiro parcial
6000102,2024-07-28,retiro,1000,
6000116,19/03/2024,compra,-500,Ingreso navideño
6000102,06/12/2024,deposito,2500,Retiro parcial
6000101,2024/08/31,deposito,3000,
6000120,2024-03-21,deposito,2500,Ingreso navideño
6000114,2024/06/06,retiro,2000,Ingreso extra
6000110,2024/06/06,compra,-100,Compra en tienda
6000107,16-12-2024,compra,3000,Compra en tienda
6000116,2024/06/12,deposito,1500,Ingreso mensual
6000115,27/09/2024,deposito,2500,Ingreso navideño
6000104,2024/05/30,retiro,2500,Compra en tienda
6000109,15-07-2024,compra,0,Compra en tienda
6000118,2024-05-22,retiro,1000,Ingreso extra
6000119,06-08-2024,deposito,1000,Retiro parcial
6000108,2024/10/12,pago,-100,Compra en tienda
6000103,03/10/2024,compra,1500,Ingreso navideño
6000108,01-12-2024,retiro,1000,
6000106,30/05/2024,depósito,2500,Ingreso navideño
6000101,12-01-2024,compra,-500,
6000109,05-08-2024,compra,3000,Ingreso navideño
6000114,2024-05-18,deposito,,Retiro parcial
6000115,10-01-2024,compra,2500,
6000101,2024/05/25,deposito,-100,Ingreso mensual
6000114,2024/01/22,depósito,-500,Ingreso mensual
6000107,02-01-2024,retiro,2000,Ingreso extra
6000119,09-09-2024,deposito,2000,Ingreso navideño
6000120,2024/02/07,retiro,-100,Ingreso mensual
6000112,2024/08/11,deposito,,
6000101,2024/09/02,depósito,3000,Ingreso navideño
6000107,2024-02-07,deposito,,Ingreso navideño
6000101,2024-09-30,deposito,-500,
6000106,15/09/2024,deposito,2000,
6000110,26/05/2024,retiro,3000,
6000105,23/09/2024,compra,1000,
6000118,20/05/2024,retiro,,Ingreso mensual
6000109,2024-04-03,compra,1500,Ingreso extra
6000107,2024-08-29,depósito,-100,Retiro parcial
6000111,29-10-2024,retiro,2500,
6000117,11/03/2024,deposito,2500,Retiro parcial
6000112,21-06-2024,retiro,1500,
6000105,2024/02/21,compra,1000,Ingreso extra
6000107,03-12-2024,compra,-500,
6000108,2024-12-20,retiro,2000,Retiro parcial
6000105,22-04-2024,retiro,-500,
6000107,18/02/2024,pago,2000,Compra en tienda
6000101,01-09-2024,compra,,
6000118,2024/10/27,depósito,2500,Compra en tienda
6000102,2024/05/30,retiro,3000,
6000103,20/04/2024,depósito,2000,Retiro parcial
6000119,25-06-2024,compra,2500,Ingreso extra
6000111,2024/08/08,compra,3000,
6000108,2024-01-27,retiro,2000,Ingreso extra
6000107,11-05-2024,retiro,3000,Compra en tienda
6000101,2024-11-24,deposito,-100,
6000104,2024-06-20,compra,-500,Ingreso extra
6000109,2024-08-19,retiro,-500,Compra en tienda
6000101,27-05-2024,deposito,,Ingreso navideño
6000108,20-12-2024,depósito,2500,Ingreso mensual
6000104,18-01-2024,retiro,5000,Ingreso extra
6000113,2024-05-02,compra,-100,Retiro parcial
6000114,15-02-2024,deposito,3000,Ingreso mensual
6000104,19-09-2024,deposito,2500,Compra en tienda
6000105,07-08-2024,deposito,2500,
6000108,19/11/2024,retiro,2000,Ingreso navideño
6000102,29/11/2024,compra,,Compra en tienda
6000108,22-01-2024,depósito,-500,
6000114,2024/02/21,depósito,1000,Compra en tienda
6000109,2024/02/07,compra,2000,Compra en tienda
6000111,2024-04-29,deposito,5000,Ingreso mensual
6000117,25-11-2024,retiro,3000,Ingreso navideño
6000112,2024/08/30,depósito,-500,Retiro parcial
6000112,2024/11/06,deposito,2000,Retiro parcial
6000101,22/04/2024,compra,2500,Ingreso mensual
6000107,2024/06/16,retiro,2500,Ingreso mensual
6000114,2024-05-17,compra,-100,Ingreso extra
6000113,13/02/2024,pago,3000,Ingreso extra
6000118,23-10-2024,retiro,1500,Compra en tienda
6000106,28-10-2024,retiro,2500,Ingreso navideño
6000105,08/01/2024,compra,-100,Ingreso extra
6000116,18/12/2024,deposito,,Ingreso navideño
6000112,26-02-2024,deposito,3000,Ingreso mensual
6000110,03/04/2024,deposito,-100,
6000111,2024-02-16,retiro,1500,
6000119,30/04/2024,compra,2500,Ingreso navideño
6000117,31-07-2024,compra,1000,
6000115,17-10-2024,retiro,-100,Retiro parcial
6000120,01-05-2024,compra,3000,Retiro parcial
6000107,06/04/2024,retiro,,Ingreso mensual
6000119,2024-10-26,compra,2000,Retiro parcial
6000105,07-10-2024,compra,-100,Ingreso navideño
6000116,06-09-2024,deposito,-100,Retiro parcial
6000118,12/04/2024,deposito,-100,Ingreso extra
6000118,2024-12-28,compra,1500,
6000113,2024-11-21,retiro,1000,Compra en tienda
6000104,25/08/2024,deposito,1500,Retiro parcial
6000117,20/04/2024,deposito,1000,Retiro parcial
6000110,2024/07/08,deposito,1500,Ingreso navideño
6000113,03-09-2024,retiro,3000,
6000115,2024/01/10,deposito,-1000,Retiro parcial
6000102,11-05-2024,retiro,2000,
6000108,2024-02-20,retiro,-100,Compra en tienda
6000107,2024-12-21,compra,1500,
6000102,17-12-2024,deposito,-100,Compra en tienda
6000115,2024/04/30,compra,2500,
6000114,2024/11/17,compra,-100,Compra en tienda
6000106,2024/06/08,compra,2500,Ingreso navideño
6000117,2024-07-20,compra,-500,Compra en tienda
6000111,2024-03-11,depósito,-500,Ingreso extra
6000116,14/05/2024,compra,3000,
6000113,2024/05/09,compra,2500,Ingreso mensual
6000120,12-08-2024,retiro,-500,
6000116,2024-07-28,compra,-1000,Ingreso navideño
6000104,2024/11/17,retiro,2000,Ingreso navideño
6000108,2024-09-22,deposito,1000,Compra en tienda
6000117,2024/02/01,deposito,1500,Ingreso mensual
6000115,09-02-2024,compra,0,
6000111,27-04-2024,deposito,-100,Compra en tienda
6000104,2024-08-10,deposito,-500,Ingreso navideño
6000117,19-04-2024,retiro,,Retiro parcial
6000107,2024-01-15,deposito,-100,Ingreso navideño
6000114,19-02-2024,deposito,-500,
6000110,2024/09/10,deposito,2500,
6000116,2024-10-07,retiro,2000,Compra en tienda
6000112,09/11/2024,deposito,1000,Compra en tienda
6000101,2024/01/25,deposito,1000,Ingreso extra
6000119,04/06/2024,compra,3000,
6000105,11/01/2024,pago,2500,Retiro parcial
6000119,2024-05-26,compra,1000,Compra en tienda
6000119,27/10/2024,deposito,2500,
6000102,16/07/2024,deposito,-500,Ingreso navideño
6000112,12/02/2024,retiro,2000,Ingreso navideño
6000115,05/01/2024,compra,1500,
6000113,2024-11-13,pago,2000,Ingreso extra
6000111,27/12/2024,compra,-500,Ingreso mensual
6000120,02-11-2024,depósito,3000,Ingreso extra
6000114,13-11-2024,compra,2500,Ingreso extra
6000115,2024/12/01,pago,-100,Ingreso mensual
6000107,13/05/2024,compra,1000,Ingreso navideño
6000108,25/09/2024,deposito,1500,Ingreso extra
6000114,2024/08/31,deposito,3000,Ingreso mensual
6000102,2024-02-09,compra,-100,
6000114,02/04/2024,retiro,2000,Ingreso mensual
6000118,2024/08/17,deposito,3000,Ingreso mensual
6000116,16/07/2024,retiro,3000,
6000111,07-03-2024,deposito,,Ingreso mensual
6000112,2024-10-01,deposito,1000,Retiro parcial
6000107,2024-04-21,deposito,1000,Retiro parcial
6000114,2024/05/30,compra,2000,
6000118,04-12-2024,retiro,1000,Ingreso extra
6000120,05/06/2024,compra,1000,Retiro parcial
6000113,11/01/2024,compra,-100,
6000109,2024-03-22,depósito,1500,Compra en tienda
6000113,2024-11-07,compra,-500,Ingreso navideño
6000105,2024/01/04,retiro,1000,Ingreso navideño
6000118,2024/04/03,deposito,3000,Compra en tienda
6000108,2024/06/13,compra,1000,Retiro parcial
6000105,11/02/2024,pago,1500,Retiro parcial
6000109,2024-11-09,compra,3000,Ingreso mensual
6000118,2024-11-11,compra,3000,Ingreso navideño
6000111,20/06/2024,compra,-100,Ingreso navideño
6000112,13/11/2024,deposito,-500,
6000111,2024-12-11,pago,1500,Ingreso mensual
6000109,27/01/2024,deposito,1000,Compra en tienda
6000115,2024/02/14,deposito,1000,Compra en tienda
6000110,13/11/2024,compra,2500,Retiro parcial
6000103,20/06/2024,retiro,3000,Ingreso mensual
6000104,20/10/2024,compra,1500,Ingreso mensual
6000112,2024-12-27,retiro,-1000,Ingreso navideño
6000106,2024-04-23,compra,-500,Ingreso extra
6000119,2024/02/07,compra,3000,Ingreso navideño
6000119,2024/12/15,deposito,1500,
6000110,12/04/2024,depósito,3000,Compra en tienda
6000104,2024/10/23,compra,-100,
6000112,20/12/2024,retiro,-500,Retiro parcial
6000119,17-02-2024,deposito,2500,
6000104,08-01-2024,deposito,2500,Ingreso navideño
6000118,2024-04-28,deposito,-100,
6000117,2024-10-28,deposito,-100,
6000105,12-09-2024,deposito,2500,Retiro parcial
6000118,20/05/2024,pago,2000,
7000103,08-03-2024,deposito,3000,Retiro parcial
7000110,24-07-2024,retiro,1500,
7000109,2024/03/18,deposito,3000,Ingreso mensual
7000105,24/03/2024,deposito,1000,Ingreso navideño
7000120,2024/04/11,compra,,Ingreso mensual
7000120,2024-02-26,compra,1000,
7000102,18-12-2024,compra,3000,
7000105,2024/06/21,compra,3000,Ingreso extra
7000111,2024/09/16,compra,2500,Ingreso mensual
7000106,12/02/2024,deposito,-100,Ingreso navideño
7000106,21-06-2024,deposito,2000,Ingreso extra
7000106,2024/07/11,compra,1500,Ingreso navideño
7000108,2024-02-15,compra,3000,Ingreso mensual
7000110,13/11/2024,compra,-500,Ingreso mensual
7000109,04/12/2024,retiro,1000,Compra en tienda
7000102,19-04-2024,deposito,2000,
7000108,2024-07-19,retiro,2000,Retiro parcial
7000104,26-08-2024,retiro,2500,Compra en tienda
7000120,09-03-2024,retiro,3000,Compra en tienda
7000109,2024/05/02,deposito,3000,Ingreso mensual
7000116,2024/12/24,compra,2500,Compra en tienda
7000114,08/07/2024,compra,5000,Ingreso mensual
7000119,2024/08/15,retiro,1500,Ingreso extra
7000103,05-10-2024,compra,1000,Retiro parcial
7000102,2024/09/30,depósito,2000,Ingreso navideño
7000119,25/07/2024,retiro,-500,Ingreso mensual
7000103,11-08-2024,pago,1000,Compra en tienda
7000103,2024/12/19,compra,5000,Retiro parcial
7000111,2024-03-10,retiro,-500,Retiro parcial
7000111,2024-04-26,retiro,2000,Ingreso navideño
7000108,2024-12-22,deposito,1000,Ingreso extra
7000117,2024-01-11,deposito,-1000,Ingreso extra
7000113,24/01/2024,compra,5000,Compra en tienda
7000109,20-11-2024,retiro,-1000,Retiro parcial
7000113,25-01-2024,deposito,-500,Ingreso navideño
7000109,15/10/2024,retiro,-500,Ingreso extra
7000103,2024-05-09,retiro,3000,Ingreso extra
7000114,30-09-2024,deposito,1000,Ingreso mensual
7000120,13/01/2024,deposito,1000,Retiro parcial
7000113,2024-02-29,retiro,2500,Ingreso mensual
7000109,2024-11-27,deposito,2000,
7000117,30-05-2024,deposito,1000,Ingreso navideño
7000118,2024-09-01,retiro,-100,Ingreso navideño
7000112,2024/04/01,retiro,3000,Retiro parcial
7000105,2024-01-17,compra,-500,Ingreso mensual
7000116,2024/11/22,compra,2500,Compra en tienda
7000108,2024-05-14,deposito,3000,Ingreso extra
7000111,2024-07-19,compra,-100,Compra en tienda
7000107,2024-11-30,deposito,3000,Compra en tienda
7000111,2024/09/25,depósito,2000,Ingreso navideño
7000107,2024-02-29,deposito,-500,
7000102,2024/11/05,retiro,,Ingreso navideño
7000114,23-04-2024,retiro,2000,Compra en tienda
7000109,2024/03/09,deposito,3000,
7000104,2024/11/01,retiro,-500,Ingreso navideño
7000104,2024-02-02,retiro,-100,Ingreso mensual
7000113,02/05/2024,retiro,-100,Retiro parcial
7000113,11-01-2024,deposito,3000,Retiro parcial
7000105,01/12/2024,deposito,2000,Ingreso mensual
7000109,05-07-2024,retiro,-500,Compra en tienda
7000106,2024/04/06,retiro,2500,Compra en tienda
7000116,25/06/2024,retiro,2000,
7000114,2024-09-04,compra,2500,Retiro parcial
7000110,2024/02/15,deposito,0,Compra en tienda
7000109,2024/11/26,retiro,2000,
7000118,2024/05/19,retiro,2000,
7000112,2024-07-23,compra,3000,Retiro parcial
7000120,2024-08-18,deposito,1500,Compra en tienda
7000104,2024/07/31,deposito,,Compra en tienda
7000102,16-10-2024,deposito,2500,Retiro parcial
7000117,2024-01-12,retiro,,Ingreso extra
7000103,07-05-2024,compra,2000,Retiro parcial
7000115,2024-08-15,compra,2000,Compra en tienda
7000107,28/09/2024,retiro,-500,Ingreso extra
7000116,2024/02/15,deposito,3000,Ingreso extra
7000120,2024-10-27,retiro,3000,Ingreso extra
7000119,19-07-2024,compra,2000,Compra en tienda
7000118,2024/12/09,retiro,3000,
7000115,13-10-2024,compra,2000,Compra en tienda
7000101,16/02/2024,compra,-100,Retiro parcial
7000118,27/04/2024,retiro,2000,Ingreso mensual
7000110,11-02-2024,compra,-100,Ingreso extra
7000118,2024-03-05,retiro,0,Ingreso navideño
7000106,29/08/2024,pago,2000,
7000105,03/03/2024,retiro,2500,Retiro parcial
7000107,09-11-2024,retiro,1000,Compra en tienda
7000119,11/06/2024,compra,-500,
7000105,2024-04-01,depósito,1000,Retiro parcial
7000116,09-02-2024,deposito,-100,
7000114,2024/02/20,depósito,3000,Compra en tienda
7000113,27/04/2024,retiro,3000,
7000110,02/03/2024,deposito,2000,Compra en tienda
7000101,2024-02-19,compra,2000,Retiro parcial
7000102,23-11-2024,deposito,1000,
7000112,08/03/2024,retiro,2500,
7000111,2024-03-25,retiro,2500,Ingreso extra
7000117,2024-05-18,deposito,,Ingreso mensual
7000114,14/02/2024,retiro,3000,Ingreso mensual
7000112,2024/10/17,retiro,-500,Retiro parcial
7000108,05-01-2024,pago,-500,Retiro parcial
7000116,02/08/2024,compra,-500,Compra en tienda
7000107,2024/06/22,retiro,3000,Ingreso navideño
7000105,2024-06-04,pago,-500,Ingreso extra
7000106,2024-07-28,deposito,2000,Ingreso mensual
7000119,2024-03-24,compra,1500,
7000103,2024-09-24,retiro,-500,Ingreso extra
7000107,2024-10-26,retiro,3000,Ingreso mensual
7000114,2024-02-13,compra,2000,Ingreso extra
7000116,2024/08/09,compra,-500,Ingreso extra
7000114,14-04-2024,depósito,2000,
7000118,2024-08-26,compra,5000,Compra en tienda
7000101,2024-01-07,deposito,2500,Retiro parcial
7000118,2024-08-04,compra,3000,
7000106,2024-08-27,deposito,2500,
7000120,2024-05-24,retiro,-500,Compra en tienda
7000104,2024/11/07,compra,1000,Ingreso navideño
7000115,2024-06-17,compra,1000,Ingreso navideño
7000110,17-02-2024,compra,2500,Ingreso extra
7000107,2024/01/28,retiro,1500,
7000102,2024/11/24,retiro,-100,Retiro parcial
7000106,2024/10/23,compra,-500,Ingreso navideño
7000106,2024/08/31,compra,2500,
7000114,2024-10-01,compra,2000,Ingreso extra
7000119,2024/05/21,retiro,1500,
7000109,21/05/2024,retiro,3000,Ingreso extra
7000103,2024-07-12,deposito,,
7000120,17/12/2024,retiro,1500,
7000120,2024/12/28,retiro,-500,Ingreso navideño
7000106,20-11-2024,pago,-100,Ingreso extra
7000101,2024/07/16,retiro,2500,Ingreso navideño
7000109,12/11/2024,compra,-100,Ingreso navideño
7000103,2024-03-15,compra,5000,
7000118,08/12/2024,retiro,1000,Ingreso mensual
7000107,2024/12/30,retiro,-500,
7000107,17-07-2024,retiro,2000,Ingreso mensual
7000114,2024/10/16,retiro,,Ingreso mensual
7000118,2024-03-05,compra,2000,Ingreso navideño
7000116,23-11-2024,compra,2000,Ingreso navideño
7000103,19/03/2024,compra,3000,Ingreso extra
7000110,2024/06/22,pago,2000,
7000105,26-10-2024,compra,-1000,Ingreso extra
7000114,2024-04-16,deposito,2000,Compra en tienda
7000103,2024-10-29,compra,2500,
7000111,03/03/2024,compra,2000,Compra en tienda
7000104,2024-09-06,retiro,-500,
7000118,2024/08/13,deposito,-500,
7000110,27/11/2024,retiro,2000,Retiro parcial
7000114,07-05-2024,retiro,3000,Ingreso navideño
7000113,30/09/2024,deposito,-500,Ingreso extra
7000106,2024-11-26,pago,1500,Retiro parcial
7000116,2024-04-19,pago,1500,Ingreso navideño
7000117,25-06-2024,deposito,2500,
7000106,2024-04-03,retiro,2000,
7000105,21/09/2024,retiro,3000,Ingreso navideño
7000120,2024/09/16,deposito,1500,Ingreso mensual
7000103,27-01-2024,retiro,2000,Ingreso mensual
7000114,2024-07-04,compra,-100,
7000106,2024-04-26,compra,1000,Ingreso extra
7000109,2024/11/10,retiro,2500,
7000119,21/05/2024,compra,1000,Ingreso extra
7000110,19/08/2024,retiro,2500,Retiro parcial
7000106,2024/10/02,retiro,1500,Compra en tienda
7000116,17/06/2024,depósito,1500,Ingreso navideño
7000109,2024/05/20,compra,-500,Compra en tienda
7000107,2024-09-26,compra,-100,
7000110,2024/02/14,deposito,2500,Ingreso navideño
7000105,2024-09-09,compra,-500,Compra en tienda
7000104,2024/11/09,compra,3000,Ingreso mensual
7000114,2024-05-22,compra,2000,Ingreso navideño
7000116,2024/11/14,deposito,2500,Ingreso navideño
7000102,08/02/2024,deposito,3000,Compra en tienda
7000105,10/05/2024,retiro,2500,Ingreso navideño
7000107,2024/11/16,deposito,1500,Ingreso extra
7000114,30/10/2024,retiro,0,Compra en tienda
7000102,2024/08/12,deposito,2500,Retiro parcial
7000115,25-10-2024,deposito,0,Ingreso mensual
7000107,26-11-2024,depósito,-500,Compra en tienda
7000109,05/12/2024,retiro,2500,Ingreso mensual
7000119,18/02/2024,pago,1000,Ingreso extra
7000103,2024/10/29,compra,2500,Ingreso navideño
7000103,2024-07-05,retiro,3000,Ingreso mensual
7000112,2024-12-16,compra,-100,Ingreso mensual
7000117,01/02/2024,retiro,-100,
7000107,06-12-2024,depósito,2500,Retiro parcial
7000108,2024-07-17,retiro,2500,Retiro parcial
7000116,2024/09/15,compra,3000,Retiro parcial
7000115,2024/04/22,compra,1500,Ingreso extra
7000102,2024-09-24,retiro,1500,Compra en tienda
7000114,2024-10-20,compra,-100,Ingreso navideño
7000113,2024-04-05,deposito,1000,Ingreso navideño
7000117,17/11/2024,depósito,3000,Ingreso mensual
7000110,11/09/2024,deposito,1000,Retiro parcial
7000104,2024-03-01,retiro,-500,Ingreso extra
7000102,2024-12-28,retiro,-500,Compra en tienda
7000119,2024/10/28,retiro,2000,Ingreso extra
7000104,19/07/2024,retiro,1000,Compra en tienda
7000110,2024/02/23,deposito,1000,Retiro parcial
7000114,2024-02-07,retiro,3000,Ingreso extra
7000109,2024/09/11,depósito,-100,Ingreso extra
7000107,2024-07-02,depósito,2500,
7000101,2024/07/09,retiro,-1000,Ingreso mensual
7000114,2024-10-01,compra,1500,Ingreso mensual
7000114,2024-07-09,compra,-500,
7000116,15/06/2024,retiro,3000,Compra en tienda
7000117,10-02-2024,compra,2500,Ingreso mensual
7000104,11-01-2024,retiro,1000,Compra en tienda
7000117,27-03-2024,deposito,1500,Compra en tienda
7000119,25/09/2024,deposito,1000,Ingreso mensual
7000112,2024-08-25,compra,2500,Ingreso navideño
7000107,24-01-2024,deposito,3000,Compra en tienda
7000115,2024-02-22,pago,3000,
7000119,2024-07-11,deposito,2500,
7000117,2024-09-27,pago,3000,Ingreso extra
7000120,2024/09/01,deposito,1500,Compra en tienda
7000110,2024/04/26,compra,3000,Ingreso mensual
7000114,2024-03-03,compra,1500,Ingreso mensual
7000111,08-07-2024,compra,2500,Ingreso extra
7000108,16-08-2024,deposito,-100,Compra en tienda
7000106,16-12-2024,deposito,2500,
7000117,07-08-2024,compra,3000,Ingreso navideño
7000108,20-12-2024,compra,-100,Ingreso navideño
7000103,2024/05/06,compra,2000,Retiro parcial
7000106,22-02-2024,retiro,-500,Compra en tienda
7000118,2024-01-30,retiro,2500,Ingreso mensual
7000117,2024-02-15,retiro,-100,Compra en tienda
7000107,01-07-2024,deposito,-100,Retiro parcial
7000107,21-03-2024,deposito,,Compra en tienda
7000116,2024-03-23,deposito,2000,Compra en tienda
7000113,2024-12-04,deposito,-500,
7000105,03-08-2024,deposito,1500,Ingreso navideño
7000115,2024/11/17,compra,-500,Ingreso extra
7000107,2024/03/07,deposito,3000,
7000106,26/06/2024,deposito,1000,Compra en tienda
7000118,2024-04-12,compra,-500,Compra en tienda
7000120,2024/02/14,deposito,2500,
7000111,2024-06-07,compra,1500,
7000119,2024-08-03,compra,5000,Compra en tienda
7000108,18-01-2024,compra,2000,Ingreso extra
7000101,2024/10/16,deposito,-100,Retiro parcial
7000115,22/06/2024,deposito,-500,Ingreso extra
7000105,2024-04-15,retiro,3000,Ingreso navideño
7000112,2024-03-23,deposito,1000,Ingreso mensual
7000118,2024-08-25,deposito,-100,
7000107,24/10/2024,retiro,2500,Ingreso navideño
7000107,08/12/2024,compra,,Retiro parcial
7000120,30/10/2024,deposito,1000,Ingreso navideño
7000111,2024-02-15,retiro,2500,Compra en tienda
7000106,19/10/2024,deposito,,
7000108,2024-12-12,compra,2000,Ingreso extra
7000108,12-12-2024,compra,-100,Ingreso extra
7000104,10/07/2024,compra,1500,
7000102,09-02-2024,retiro,1500,Ingreso navideño
7000103,2024/09/24,deposito,1500,
7000112,12-06-2024,deposito,3000,Ingreso navideño
7000105,2024-08-11,deposito,,Compra en tienda
7000112,2024/04/01,compra,2500,
7000108,2024-12-08,retiro,1500,
7000108,30-09-2024,retiro,-500,
7000106,2024/07/20,deposito,2500,Retiro parcial
7000102,2024-04-29,retiro,2000,
7000113,20-07-2024,compra,2500,Retiro parcial
7000119,24-10-2024,compra,2000,
7000107,2024/03/18,compra,5000,
7000108,2024-02-21,depósito,1500,Retiro parcial
7000120,24/03/2024,retiro,2000,Compra en tienda
7000112,05-07-2024,depósito,1000,Compra en tienda
7000104,07/01/2024,compra,1000,Retiro parcial
7000112,2024-12-11,retiro,3000,
7000110,03/11/2024,compra,-100,Ingreso extra
7000108,2024-09-29,deposito,,Ingreso extra
7000113,28-12-2024,deposito,2000,
7000116,02-11-2024,depósito,2000,Ingreso mensual
7000106,02-02-2024,compra,1500,Compra en tienda
7000114,30/05/2024,compra,2500,
7000113,2024/12/11,depósito,1500,Compra en tienda
7000107,16-02-2024,compra,2500,Ingreso mensual
7000102,11-03-2024,deposito,-100,
7000108,13-03-2024,deposito,2000,Retiro parcial
7000101,22/03/2024,retiro,2000,Retiro parcial
7000105,2024-04-03,retiro,1000,Retiro parcial
7000105,14-08-2024,retiro,1000,Ingreso navideño
7000103,23/07/2024,compra,3000,Retiro parcial
7000109,2024/01/21,depósito,2000,Ingreso navideño
7000103,2024-02-12,compra,3000,Compra en tienda
7000120,2024/02/03,retiro,2500,
7000102,01-11-2024,compra,-100,Retiro parcial
7000111,16-02-2024,retiro,2000,Ingreso mensual
7000104,08-08-2024,compra,-100,Ingreso mensual
7000106,2024-09-27,compra,-100,Ingreso mensual
7000106,04/04/2024,compra,2500,Retiro parcial
7000117,29-08-2024,retiro,1000,Ingreso mensual
7000116,2024/05/13,retiro,1000,Ingreso mensual
7000106,2024/05/04,compra,-500,Retiro parcial
7000105,2024-12-13,compra,3000,Ingreso mensual
7000120,04/03/2024,compra,2500,
7000104,2024/10/10,retiro,2500,Ingreso navideño
7000116,2024-11-01,deposito,-100,Compra en tienda
7000101,03-06-2024,deposito,2000,Compra en tienda
7000118,19/08/2024,compra,1500,Ingreso mensual
7000106,03-09-2024,compra,3000,
7000101,25-09-2024,deposito,2500,Ingreso mensual
7000101,2024-12-26,deposito,-100,
7000118,2024-04-18,deposito,3000,Retiro parcial
7000111,28-03-2024,deposito,5000,Ingreso navideño
7000118,2024/10/11,compra,3000,Ingreso mensual
7000109,2024/11/09,retiro,2000,Compra en tienda
7000109,31/10/2024,retiro,5000,
7000108,2024/01/26,retiro,3000,Ingreso mensual
7000114,2024-10-29,retiro,2500,Ingreso mensual
7000111,2024-07-30,depósito,3000,Compra en tienda
7000110,2024/11/15,compra,-100,Retiro parcial
7000116,17-01-2024,retiro,-100,Ingreso navideño
7000101,04/02/2024,depósito,2500,Compra en tienda
7000106,25-07-2024,compra,1500,
7000107,11/08/2024,retiro,-100,Ingreso extra
7000104,30/07/2024,compra,3000,Retiro parcial
7000119,2024/02/29,compra,,Ingreso mensual
7000115,31/10/2024,compra,1500,Ingreso mensual
7000111,09-04-2024,retiro,2500,Ingreso mensual
7000114,21-02-2024,pago,-500,Ingreso extra
7000104,31-01-2024,retiro,1500,Compra en tienda
7000117,2024/08/26,depósito,3000,Ingreso mensual
7000114,2024/10/03,compra,3000,Ingreso extra
7000101,07-03-2024,retiro,-100,
7000102,2024/12/24,pago,3000,Ingreso extra
7000119,27/07/2024,retiro,-500,Compra en tienda
7000116,2024/10/31,retiro,3000,
7000108,23/10/2024,retiro,2000,Compra en tienda
7000118,19/01/2024,retiro,5000,Ingreso extra
7000112,22/11/2024,compra,2000,Ingreso navideño
7000101,2024/01/17,pago,-100,
7000117,05-09-2024,deposito,2000,Ingreso mensual
7000108,2024/06/30,compra,2500,
7000109,2024-01-22,retiro,-100,
7000104,26/05/2024,deposito,2500,Ingreso navideño
7000108,31/10/2024,deposito,-500,Retiro parcial
7000109,21-10-2024,deposito,2500,Ingreso navideño
7000115,2024/07/12,compra,1500,
7000106,2024/03/23,compra,2000,Compra en tienda
7000115,19/06/2024,compra,2000,
7000113,13/06/2024,deposito,-500,Ingreso mensual
7000109,12/02/2024,compra,-100,Retiro parcial
7000104,2024/03/19,retiro,-500,Ingreso extra
7000110,2024/11/25,compra,2000,Ingreso mensual
7000104,16-07-2024,compra,1000,
7000120,03-10-2024,deposito,2500,Compra en tienda
7000120,2024/12/21,compra,-500,Compra en tienda
7000103,29-07-2024,compra,3000,Ingreso navideño
7000107,09/04/2024,deposito,1000,Ingreso mensual
7000115,2024/12/22,retiro,-100,Ingreso mensual
7000108,22-09-2024,retiro,-500,Ingreso extra
7000111,04/12/2024,depósito,1000,Ingreso extra
7000110,2024/07/08,retiro,2000,
7000116,2024/10/07,compra,3000,Retiro parcial
7000103,02-09-2024,retiro,1500,Ingreso navideño
7000108,12-03-2024,deposito,-500,Ingreso mensual
7000113,14-09-2024,deposito,2000,Ingreso mensual
7000118,2024-09-01,compra,-100,Ingreso mensual
7000112,12-06-2024,retiro,-500,Ingreso navideño
7000119,23-12-2024,compra,-500,Ingreso navideño
7000112,17-07-2024,retiro,-100,Ingreso mensual
7000105,17/12/2024,retiro,,Retiro parcial
7000115,2024/04/04,deposito,-100,Ingreso extra
7000120,2024/07/10,compra,3000,
7000104,2024/04/02,deposito,1500,Retiro parcial
7000109,21/01/2024,deposito,2000,
7000118,15-06-2024,retiro,3000,
7000105,21/04/2024,retiro,1500,Ingreso extra
7000103,2024-03-10,compra,3000,
7000104,2024-07-17,compra,,Retiro parcial
7000104,23-05-2024,compra,1500,Ingreso extra
7000119,2024-05-22,deposito,1000,Ingreso mensual
7000111,04/05/2024,deposito,,Ingreso navideño
7000116,12-09-2024,deposito,3000,Ingreso mensual
7000116,2024/10/06,retiro,2500,Ingreso extra
7000116,22/09/2024,deposito,2000,Ingreso extra
7000107,08/08/2024,compra,-500,Retiro parcial
7000117,01-11-2024,deposito,,
7000110,13-12-2024,deposito,1000,Ingreso extra
7000102,2024/05/23,pago,-500,Ingreso mensual
7000120,2024-07-26,retiro,,Ingreso mensual
7000113,03/12/2024,retiro,2000,Ingreso navideño
7000114,2024/05/14,retiro,3000,
7000102,2024/08/30,retiro,,Ingreso navideño
7000110,2024/05/01,retiro,2500,Compra en tienda
7000111,2024-05-10,retiro,1500,Compra en tienda
7000103,2024-07-15,pago,3000,
7000102,2024/08/03,pago,1000,
7000112,25-11-2024,deposito,1500,Ingreso navideño
7000117,27-04-2024,compra,3000,Retiro parcial
7000110,2024/08/11,compra,-500,Compra en tienda
7000116,06/12/2024,retiro,2000,Ingreso mensual
7000112,2024/08/26,retiro,1500,
7000107,09/03/2024,deposito,-500,Ingreso mensual
7000107,15-06-2024,compra,,
7000117,2024/03/07,retiro,3000,Ingreso mensual
7000101,06-10-2024,deposito,1500,Ingreso mensual
7000116,2024-01-03,deposito,2500,Ingreso navideño
7000117,2024/12/08,retiro,3000,Ingreso extra
7000108,2024/11/02,deposito,2500,Ingreso extra
7000102,2024/02/14,retiro,3000,
7000119,24/10/2024,depósito,1000,Ingreso navideño
7000118,26-03-2024,compra,1500,
7000102,2024/10/12,retiro,1500,Ingreso mensual
7000110,14-01-2024,pago,1500,Retiro parcial
7000111,2024-11-04,retiro,3000,Retiro parcial
7000109,2024/02/13,pago,-500,Ingreso extra
7000114,2024-03-16,compra,,Retiro parcial
7000109,2024/10/18,compra,1000,Retiro parcial
7000105,12/01/2024,deposito,1000,Retiro parcial
7000103,08-12-2024,deposito,-500,Compra en tienda
7000115,2024-12-28,deposito,2500,
7000116,2024/04/05,compra,-500,Ingreso navideño
7000107,2024-05-31,deposito,-100,Retiro parcial
7000101,22/12/2024,deposito,2500,Ingreso navideño
7000104,2024-11-05,pago,2000,Ingreso mensual
7000110,23/11/2024,compra,1500,Ingreso mensual
7000101,2024-04-26,compra,1500,Ingreso extra
7000115,13/11/2024,compra,2000,Compra en tienda
7000101,12-06-2024,deposito,2000,Ingreso extra
7000109,14-07-2024,depósito,2000,Ingreso mensual
7000101,22-11-2024,retiro,1000,
7000106,2024-09-26,deposito,-500,Ingreso extra
7000119,2024-10-18,retiro,-100,Compra en tienda
7000102,24/08/2024,retiro,-500,Retiro parcial
7000113,2024-02-27,deposito,1000,Ingreso mensual
7000108,17/07/2024,compra,3000,Ingreso extra
7000112,2024-01-20,retiro,5000,
7000119,2024-07-01,deposito,2000,
7000117,2024/03/29,compra,2000,Compra en tienda
7000113,2024-03-09,compra,-100,Compra en tienda
7000111,2024/10/31,retiro,-500,
7000120,15-04-2024,pago,1000,Compra en tienda
7000112,2024-10-06,deposito,2000,Ingreso extra
7000102,2024/05/26,pago,2500,Ingreso mensual
7000105,24/05/2024,compra,3000,Ingreso mensual
7000107,03/03/2024,retiro,1500,
7000118,09/06/2024,retiro,,Ingreso navideño
7000105,13-05-2024,deposito,-100,Retiro parcial
7000106,2024-01-29,deposito,2500,
7000104,2024/06/24,retiro,1000,
7000109,30-08-2024,deposito,3000,
7000118,17/12/2024,deposito,2500,Ingreso extra
7000104,15/04/2024,compra,3000,Ingreso navideño
7000107,2024/05/02,deposito,2500,Retiro parcial
7000118,2024-11-14,retiro,-500,
7000102,04/10/2024,compra,-500,Retiro parcial
7000114,2024-04-23,deposito,1500,Compra en tienda
7000119,2024-11-18,retiro,3000,Ingreso navideño
7000111,25/01/2024,depósito,2500,Compra en tienda
7000117,13-09-2024,pago,1500,Ingreso extra
7000102,11/05/2024,retiro,-100,Ingreso extra
7000112,2024-05-30,pago,-100,Ingreso navideño
7000106,2024/07/20,compra,2000,Compra en tienda
7000103,2024-12-23,retiro,2500,
7000120,2024-02-07,deposito,1500,Retiro parcial
7000120,16/01/2024,compra,2000,
7000109,2024-11-14,deposito,1500,Compra en tienda
7000113,2024-09-08,deposito,-100,Ingreso navideño
7000109,10-03-2024,deposito,3000,Retiro parcial
7000106,22/02/2024,compra,1000,Ingreso navideño
7000105,10-07-2024,retiro,3000,Ingreso mensual
7000102,09/12/2024,deposito,1500,Ingreso extra
7000119,17-08-2024,compra,2500,
7000120,2024-05-15,retiro,-500,Ingreso navideño
7000110,2024/11/15,deposito,0,
7000114,29/12/2024,deposito,2000,Compra en tienda
7000102,2024-10-06,retiro,-500,
7000109,2024-06-25,deposito,2500,Retiro parcial
7000104,09-08-2024,compra,3000,
7000116,2024/03/10,retiro,,Ingreso mensual
7000115,2024-01-23,compra,1000,Ingreso extra
7000119,08/08/2024,compra,1000,
7000108,2024-11-23,retiro,1500,Compra en tienda
7000112,01/06/2024,retiro,3000,Compra en tienda
7000104,13-01-2024,compra,3000,Ingreso navideño
7000117,25/04/2024,compra,-100,Retiro parcial
7000115,2024-11-24,retiro,1500,
7000112,09-08-2024,deposito,1500,Ingreso mensual
7000114,2024/06/08,retiro,2000,
7000120,2024/04/03,compra,2000,Retiro parcial
7000113,29/10/2024,deposito,2000,
7000115,2024/03/10,deposito,3000,Ingreso extra
7000117,2024-11-07,compra,3000,Ingreso navideño
7000114,2024/04/16,compra,1500,Retiro parcial
7000104,04/01/2024,deposito,1000,Ingreso mensual
7000113,02/12/2024,deposito,2000,Compra en tienda
7000106,2024-06-28,retiro,1500,Ingreso mensual
7000101,2024/08/24,compra,0,Compra en tienda
7000104,31/05/2024,retiro,,
7000105,2024/05/29,deposito,3000,Ingreso navideño
7000115,01/03/2024,retiro,1000,
7000104,2024/07/03,deposito,2000,Compra en tienda
7000120,2024/02/12,compra,1500,Retiro parcial
7000112,2024/04/06,compra,1500,Ingreso navideño
7000120,2024-07-28,retiro,3000,Ingreso mensual
7000110,2024-06-20,retiro,-500,Ingreso navideño
7000115,25-04-2024,retiro,-100,Ingreso mensual
7000111,25-09-2024,compra,2500,Ingreso navideño
7000102,30/03/2024,compra,3000,
7000116,15/05/2024,retiro,1000,Compra en tienda
7000105,2024-01-29,compra,1000,Ingreso navideño
7000110,17/04/2024,compra,3000,Ingreso navideño
7000108,2024/11/21,deposito,-500,Ingreso navideño
7000105,2024/04/20,retiro,-500,Retiro parcial
7000110,2024/11/01,retiro,-500,Ingreso navideño
7000108,2024/04/01,retiro,2500,
7000120,2024/07/13,deposito,1500,Ingreso mensual
7000117,27/04/2024,deposito,1500,Ingreso navideño
7000120,2024/12/27,compra,-100,
7000104,2024/07/07,deposito,-100,
7000111,15/08/2024,deposito,1500,Ingreso extra
7000106,27-08-2024,depósito,2000,Compra en tienda
7000109,29-08-2024,retiro,2500,Retiro parcial
7000113,13/12/2024,compra,,Ingreso navideño
7000105,2024/07/01,compra,1500,
7000112,18-07-2024,deposito,1000,Ingreso extra
7000117,15/11/2024,deposito,0,Ingreso navideño
7000103,2024-10-11,deposito,2500,
7000102,20/10/2024,depósito,3000,Ingreso extra
7000102,2024-03-02,compra,1000,Ingreso extra
7000115,13-03-2024,compra,1500,Ingreso extra
7000108,2024/10/01,retiro,1000,Retiro parcial
7000116,28-05-2024,compra,3000,Compra en tienda
7000102,2024/12/27,retiro,,Compra en tienda
7000104,13-08-2024,retiro,-500,Ingreso mensual
7000119,19-09-2024,retiro,-500,Ingreso navideño
7000114,03/11/2024,retiro,2000,
7000116,04-04-2024,compra,,Ingreso navideño
7000108,03-02-2024,retiro,2500,Ingreso mensual
7000109,2024-06-20,deposito,3000,
7000106,25/03/2024,compra,2000,Ingreso extra
7000106,22/08/2024,compra,-500,Ingreso mensual
7000115,24/10/2024,retiro,1000,
7000102,01-10-2024,compra,-500,Compra en tienda
7000119,2024-12-13,retiro,1500,Ingreso extra
7000106,25/06/2024,deposito,1000,Retiro parcial
7000105,10/04/2024,retiro,-500,Retiro parcial
7000115,2024/02/22,deposito,1500,
7000113,2024/08/30,retiro,2000,Ingreso extra
7000115,2024/04/24,deposito,2000,Ingreso mensual
7000106,30/01/2024,retiro,-500,Compra en tienda
7000118,19-06-2024,deposito,3000,
7000113,09-06-2024,deposito,3000,Ingreso navideño
7000110,24-03-2024,compra,-100,Ingreso extra
7000107,2024-03-29,retiro,2000,Retiro parcial
7000112,2024/04/29,retiro,2500,Ingreso navideño
7000102,2024-05-18,compra,1000,
7000102,2024-06-26,retiro,-100,Ingreso navideño
7000101,07/03/2024,deposito,3000,
7000111,06-10-2024,deposito,1500,Retiro parcial
7000112,07-08-2024,retiro,3000,
7000112,2024/09/06,deposito,0,Compra en tienda
7000118,03-10-2024,deposito,3000,Ingreso mensual
7000118,2024-05-12,pago,-500,
7000116,14/11/2024,deposito,3000,
7000110,07/03/2024,retiro,-100,Retiro parcial
7000116,28-04-2024,deposito,1000,Ingreso navideño
7000116,12-10-2024,deposito,-100,Ingreso extra
7000118,07/04/2024,deposito,1000,Compra en tienda
7000118,19-01-2024,retiro,1000,
7000111,07-07-2024,deposito,2500,Retiro parcial
7000118,2024-07-14,deposito,3000,Ingreso navideño
7000117,2024-09-04,retiro,5000,
7000102,09-08-2024,compra,3000,Ingreso navideño
7000118,06-01-2024,compra,3000,Compra en tienda
7000120,18-11-2024,retiro,2000,Ingreso extra
7000108,21/06/2024,retiro,2500,
7000105,04/07/2024,deposito,1000,
7000101,2024-08-01,retiro,2000,Ingreso extra
7000110,05/08/2024,deposito,1000,
7000107,2024-04-03,retiro,-500,
7000104,2024/08/29,retiro,2500,Ingreso mensual
7000108,2024/11/17,deposito,-100,Ingreso mensual
7000103,2024/05/08,compra,1000,Ingreso mensual
7000102,13-03-2024,compra,-100,Ingreso extra
7000102,2024/10/11,retiro,1500,Ingreso mensual
7000101,2024/04/20,compra,-100,Ingreso navideño
7000114,2024/04/13,compra,-100,Ingreso extra
7000105,2024/03/11,retiro,,Ingreso navideño
7000105,14/02/2024,retiro,-100,Ingreso navideño
7000112,2024-09-27,deposito,2000,
7000119,16-02-2024,deposito,-500,Retiro parcial
7000101,2024-04-08,retiro,-100,
7000118,01/08/2024,deposito,2500,
7000108,2024-04-17,compra,2000,Retiro parcial
7000106,15/03/2024,compra,2500,Ingreso extra
7000105,12/01/2024,retiro,1500,Ingreso extra
7000102,03-04-2024,retiro,3000,Ingreso mensual
7000106,11-12-2024,deposito,-100,
7000112,2024/10/16,retiro,-100,Ingreso navideño
7000106,22-02-2024,compra,1500,Ingreso extra
7000120,06-08-2024,deposito,-500,Retiro parcial
7000105,30/11/2024,deposito,-500,Ingreso navideño
7000103,04-09-2024,deposito,-500,Ingreso navideño
7000115,26/07/2024,compra,-500,Retiro parcial
7000104,01/10/2024,pago,-500,Retiro parcial
7000109,18-03-2024,compra,-500,Ingreso extra
7000118,12/09/2024,compra,-100,Retiro parcial
7000111,05/08/2024,retiro,-100,Compra en tienda
7000103,26-10-2024,compra,2000,Ingreso mensual
7000109,17-02-2024,deposito,1000,Ingreso navideño
7000114,2024-08-10,deposito,-500,Retiro parcial
7000109,2024-09-03,retiro,,Ingreso navideño
7000115,2024/09/14,compra,-100,Ingreso mensual
7000114,2024-02-19,retiro,1000,Ingreso navideño
7000104,2024-04-02,retiro,-100,Ingreso mensual
7000106,07-12-2024,retiro,2500,Ingreso navideño
7000108,29-01-2024,retiro,3000,Ingreso navideño
7000101,17/01/2024,retiro,-100,Compra en tienda
7000116,2024/05/25,deposito,3000,Ingreso mensual
7000118,11/01/2024,retiro,,
7000110,24/12/2024,retiro,3000,Retiro parcial
7000102,2024-10-10,retiro,-100,Ingreso navideño
7000106,2024-07-12,deposito,-100,Retiro parcial
7000114,2024-03-26,deposito,2000,Ingreso navideño
7000105,2024-06-07,deposito,2000,Ingreso mensual
7000120,27-02-2024,retiro,5000,
7000119,2024/07/25,retiro,2500,Ingreso navideño
7000114,2024/09/16,compra,,Ingreso extra
7000106,31/08/2024,compra,-100,Ingreso navideño
7000103,25-06-2024,deposito,1500,
7000112,01/12/2024,compra,2000,Ingreso extra
7000106,10/04/2024,deposito,-500,
7000109,11-05-2024,retiro,3000,Compra en tienda
7000114,22/12/2024,depósito,1500,Ingreso mensual
7000105,09/12/2024,retiro,1500,Ingreso navideño
7000109,20/07/2024,deposito,1500,Ingreso navideño
7000109,11-11-2024,compra,3000,Ingreso mensual
7000105,2024/04/18,pago,3000,Retiro parcial
7000114,10-12-2024,deposito,1500,
7000105,2024-05-23,compra,-100,Ingreso extra
7000103,2024/04/03,compra,2500,Retiro parcial
7000102,23-04-2024,compra,2000,Ingreso navideño
7000101,2024-06-30,deposito,1500,Ingreso extra
7000106,2024-01-29,compra,1000,Retiro parcial
7000105,04-12-2024,compra,1000,
7000105,27-01-2024,deposito,2000,Retiro parcial
7000105,16-08-2024,deposito,2500,Ingreso extra
7000117,2024-08-02,deposito,-100,Compra en tienda
7000113,29/10/2024,compra,2000,Compra en tienda
7000104,17/02/2024,depósito,1500,Retiro parcial
7000118,2024-02-18,deposito,2500,
7000107,08-05-2024,compra,,Retiro parcial
7000117,2024/11/17,depósito,1500,Retiro parcial
7000105,28/11/2024,deposito,1500,Ingreso extra
7000103,09-05-2024,deposito,-500,Retiro parcial
7000112,2024/03/15,compra,,Ingreso extra
7000108,03-09-2024,compra,1000,Retiro parcial
7000114,2024/10/10,compra,1500,
7000118,2024/02/07,compra,3000,Ingreso extra
7000107,2024/12/12,retiro,2000,Ingreso mensual
7000103,22-04-2024,compra,-100,Compra en tienda
7000102,16/04/2024,deposito,1500,Ingreso mensual
7000101,05/09/2024,deposito,2500,Ingreso extra
7000117,2024-03-01,deposito,3000,Ingreso extra
7000107,28-08-2024,pago,-500,Retiro parcial
7000119,2024/05/13,deposito,2000,Ingreso navideño
7000104,01/10/2024,deposito,-100,
7000107,2024/06/18,compra,2000,Retiro parcial
7000112,2024/05/11,pago,1500,Ingreso navideño
7000101,29-04-2024,deposito,3000,Ingreso extra
7000107,2024-10-31,retiro,-100,
7000117,2024-05-21,deposito,1500,Ingreso extra
7000119,13/02/2024,retiro,3000,Retiro parcial
7000113,2024/09/13,retiro,,
7000102,07/03/2024,retiro,2500,Ingreso mensual
7000106,2024-12-04,retiro,2000,Ingreso extra
7000116,2024/08/20,deposito,1500,
7000115,24-10-2024,retiro,1500,
7000119,11-09-2024,compra,2000,Compra en tienda
7000112,2024/03/19,depósito,1500,Compra en tienda
7000119,2024/02/11,deposito,0,Compra en tienda
7000111,2024-06-29,deposito,2500,Ingreso mensual
7000115,03-11-2024,compra,1000,Ingreso navideño
7000101,11/11/2024,compra,1000,Ingreso navideño
7000113,29-02-2024,deposito,2000,Ingreso navideño
7000109,24-05-2024,retiro,1000,Retiro parcial
7000116,11/07/2024,compra,-500,
7000111,2024-09-26,retiro,-500,Compra en tienda
7000117,2024/01/13,retiro,1000,Compra en tienda
7000114,2024/09/23,deposito,-100,Ingreso navideño
7000113,2024-09-02,depósito,3000,Compra en tienda
7000108,2024/11/07,retiro,2500,Ingreso extra
7000113,2024-05-11,compra,2500,
7000116,2024-06-30,retiro,1000,Ingreso extra
7000110,13-07-2024,deposito,3000,Ingreso extra
7000116,27/06/2024,deposito,5000,Ingreso navideño
7000108,2024/11/14,compra,3000,
7000118,07-10-2024,compra,3000,Retiro parcial
7000104,31-05-2024,retiro,1500,Retiro parcial
7000104,30-08-2024,retiro,-100,
7000118,04/04/2024,retiro,2000,
7000116,28/08/2024,deposito,2500,
7000111,2024/01/18,compra,2500,
7000116,2024/11/18,retiro,3000,Ingreso extra
7000103,2024/06/03,compra,-100,Ingreso extra
7000114,01/09/2024,retiro,2500,
7000110,2024-11-03,compra,-500,Ingreso mensual
7000112,12-01-2024,depósito,1500,Ingreso extra
7000109,2024/06/20,retiro,1000,Retiro parcial
7000117,20-07-2024,retiro,2500,
7000119,20/08/2024,deposito,2500,Compra en tienda
7000110,21/11/2024,retiro,-100,
7000115,2024/04/08,compra,1000,Ingreso navideño
7000103,13-09-2024,compra,,
7000119,2024/04/11,pago,2000,Ingreso extra
7000101,30-01-2024,depósito,3000,Compra en tienda
7000116,2024/03/08,compra,2000,Ingreso extra
7000102,2024-08-13,compra,5000,Retiro parcial
7000118,14/03/2024,deposito,3000,Retiro parcial
7000118,2024-04-21,deposito,-500,Ingreso navideño
7000112,2024/02/08,deposito,-500,
7000116,2024/07/05,retiro,2000,
7000115,17/09/2024,compra,2500,
7000106,15/06/2024,compra,2500,Ingreso navideño
7000114,2024/10/22,retiro,1500,Retiro parcial
7000108,2024-12-17,deposito,1000,Retiro parcial
7000111,2024-10-22,depósito,3000,
7000108,2024-04-17,retiro,1500,Ingreso extra
7000111,2024-06-24,compra,1000,
7000101,2024/06/20,deposito,-100,
7000104,08-05-2024,deposito,-100,
7000118,2024/11/08,compra,-500,Ingreso navideño
7000102,14-01-2024,compra,1500,Retiro parcial
7000105,2024-03-07,deposito,1000,Ingreso extra
7000105,26/04/2024,deposito,-500,Ingreso mensual
7000111,18-04-2024,compra,-100,Ingreso mensual
7000107,2024/12/14,compra,1500,Retiro parcial
7000104,2024-08-12,deposito,1000,Ingreso mensual
7000106,22-11-2024,deposito,2500,Compra en tienda
7000105,2024-04-29,compra,-100,Ingreso mensual
7000110,02-07-2024,pago,2500,Compra en tienda
7000117,13-06-2024,retiro,1500,Ingreso extra
7000116,13/11/2024,compra,1500,Ingreso extra
7000104,28/07/2024,deposito,-500,Ingreso navideño
7000114,05/12/2024,retiro,1500,Compra en tienda
7000114,2024-11-14,deposito,-100,Ingreso mensual
7000109,15/05/2024,deposito,2500,Retiro parcial
7000111,21/07/2024,retiro,1500,Ingreso mensual
7000106,2024-10-12,compra,1500,Ingreso navideño
7000119,2024/09/20,compra,2500,Retiro parcial
7000115,13-04-2024,depósito,3000,Ingreso extra
7000113,08/11/2024,compra,1500,
7000111,26-09-2024,retiro,1000,Ingreso mensual
7000110,2024/08/03,compra,1000,
7000110,2024-09-09,retiro,-100,Compra en tienda
7000103,05/06/2024,depósito,-100,Retiro parcial
7000107,2024-03-19,compra,1000,Ingreso extra
7000101,2024-08-04,compra,2000,Compra en tienda
7000111,2024/05/01,deposito,1500,Ingreso extra
7000109,23-09-2024,retiro,-500,Ingreso mensual
7000104,23/05/2024,compra,3000,Ingreso navideño
7000110,10-03-2024,retiro,-100,
7000105,2024/05/16,deposito,-500,Ingreso extra
7000115,2024-11-29,deposito,1000,Ingreso extra
7000103,17/01/2024,compra,-100,Compra en tienda
7000103,2024-09-28,deposito,-100,Ingreso mensual
7000111,2024/02/09,retiro,3000,Ingreso extra
7000119,2024/01/29,deposito,0,
7000116,2024-02-16,compra,2000,
7000107,27-11-2024,retiro,2500,
7000102,2024-11-14,compra,1500,Retiro parcial
7000116,2024/04/06,deposito,3000,Ingreso mensual
7000116,14-02-2024,deposito,1000,Ingreso extra
7000107,2024/12/26,deposito,2000,
7000114,20/05/2024,retiro,1000,Ingreso navideño
7000117,11/07/2024,compra,2500,Ingreso extra
7000114,2024-04-10,depósito,-500,Ingreso navideño
7000102,2024-09-08,depósito,2000,Compra en tienda
7000105,2024/09/28,compra,2500,
7000120,15/09/2024,retiro,-500,Compra en tienda
7000101,09-01-2024,compra,1500,
7000108,17/11/2024,retiro,-100,
7000111,2024/06/08,retiro,3000,Ingreso extra
7000116,2024/10/15,compra,-100,Ingreso navideño
7000119,16/07/2024,deposito,2500,Ingreso navideño
7000116,01-02-2024,retiro,3000,Ingreso navideño
7000106,2024-03-12,compra,3000,Ingreso extra
7000119,23-09-2024,compra,2000,Retiro parcial
7000106,2024-11-11,deposito,-500,Ingreso extra
7000118,03-03-2024,retiro,1500,Ingreso mensual
7000106,01-07-2024,compra,3000,Ingreso mensual
7000116,29/10/2024,compra,3000,Retiro parcial
7000115,2024-06-24,deposito,-500,Ingreso navideño
7000108,2024-07-08,retiro,-100,Ingreso navideño
7000110,2024/08/08,compra,-500,Ingreso extra
7000101,2024-07-20,retiro,2000,Compra en tienda
7000110,08-02-2024,compra,,Retiro parcial
7000102,2024/07/20,compra,1500,Ingreso mensual
7000108,2024-04-16,compra,3000,Compra en tienda
7000105,01/09/2024,deposito,,Ingreso mensual
7000103,2024/09/29,compra,-100,
7000107,2024/10/10,deposito,2000,Ingreso mensual
7000107,24-01-2024,deposito,-500,Ingreso mensual
7000112,02/09/2024,compra,1500,
7000106,17/06/2024,deposito,2000,Ingreso navideño
7000101,2024-11-23,compra,1500,Compra en tienda
7000107,2024/05/05,compra,3000,Ingreso mensual
7000115,12-08-2024,retiro,2000,Ingreso extra
7000101,2024/06/28,depósito,1500,Ingreso extra
7000112,24/08/2024,deposito,3000,Retiro parcial
7000116,08-06-2024,deposito,-500,
7000107,14-02-2024,compra,1500,Retiro parcial
7000119,2024-09-29,deposito,-100,Ingreso mensual
7000110,30/05/2024,compra,2500,Ingreso mensual
7000112,20-03-2024,deposito,3000,Retiro parcial
7000114,26-07-2024,compra,2000,Ingreso navideño
7000106,2024-10-19,retiro,1500,
7000107,2024-05-05,deposito,2500,
7000105,2024/02/15,deposito,1000,Ingreso extra
7000106,18-03-2024,deposito,1500,Ingreso mensual
7000104,16-03-2024,compra,2000,Compra en tienda
7000113,16/08/2024,compra,2000,Ingreso navideño
7000112,09/01/2024,compra,5000,Ingreso extra
7000113,09/10/2024,compra,-500,Ingreso extra
7000105,2024/02/06,retiro,-100,Retiro parcial
7000107,2024/10/17,pago,2500,
7000101,03-04-2024,pago,1500,Retiro parcial
7000105,2024-02-18,retiro,3000,Retiro parcial
7000102,2024-07-28,retiro,1000,
7000116,19/03/2024,compra,-500,Ingreso navideño
7000102,06/12/2024,deposito,2500,Retiro parcial
7000101,2024/08/31,deposito,3000,
7000120,2024-03-21,deposito,2500,Ingreso navideño
7000114,2024/06/06,retiro,2000,Ingreso extra
7000110,2024/06/06,compra,-100,Compra en tienda
7000107,16-12-2024,compra,3000,Compra en tienda
7000116,2024/06/12,deposito,1500,Ingreso mensual
7000115,27/09/2024,deposito,2500,Ingreso navideño
7000104,2024/05/30,retiro,2500,Compra en tienda
7000109,15-07-2024,compra,0,Compra en tienda
7000118,2024-05-22,retiro,1000,Ingreso extra
7000119,06-08-2024,deposito,1000,Retiro parcial
7000108,2024/10/12,pago,-100,Compra en tienda
7000103,03/10/2024,compra,1500,Ingreso navideño
7000108,01-12-2024,retiro,1000,
7000106,30/05/2024,depósito,2500,Ingreso navideño
7000101,12-01-2024,compra,-500,
7000109,05-08-2024,compra,3000,Ingreso navideño
7000114,2024-05-18,deposito,,Retiro parcial
7000115,10-01-2024,compra,2500,
7000101,2024/05/25,deposito,-100,Ingreso mensual
7000114,2024/01/22,depósito,-500,Ingreso mensual
7000107,02-01-2024,retiro,2000,Ingreso extra
7000119,09-09-2024,deposito,2000,Ingreso navideño
7000120,2024/02/07,retiro,-100,Ingreso mensual
7000112,2024/08/11,deposito,,
7000101,2024/09/02,depósito,3000,Ingreso navideño
7000107,2024-02-07,deposito,,Ingreso navideño
7000101,2024-09-30,deposito,-500,
7000106,15/09/2024,deposito,2000,
7000110,26/05/2024,retiro,3000,
7000105,23/09/2024,compra,1000,
7000118,20/05/2024,retiro,,Ingreso mensual
7000109,2024-04-03,compra,1500,Ingreso extra
7000107,2024-08-29,depósito,-100,Retiro parcial
7000111,29-10-2024,retiro,2500,
7000117,11/03/2024,deposito,2500,Retiro parcial
7000112,21-06-2024,retiro,1500,
7000105,2024/02/21,compra,1000,Ingreso extra
7000107,03-12-2024,compra,-500,
7000108,2024-12-20,retiro,2000,Retiro parcial
7000105,22-04-2024,retiro,-500,
7000107,18/02/2024,pago,2000,Compra en tienda
7000101,01-09-2024,compra,,
7000118,2024/10/27,depósito,2500,Compra en tienda
7000102,2024/05/30,retiro,3000,
7000103,20/04/2024,depósito,2000,Retiro parcial
7000119,25-06-2024,compra,2500,Ingreso extra
7000111,2024/08/08,compra,3000,
7000108,2024-01-27,retiro,2000,Ingreso extra
7000107,11-05-2024,retiro,3000,Compra en tienda
7000101,2024-11-24,deposito,-100,
7000104,2024-06-20,compra,-500,Ingreso extra
7000109,2024-08-19,retiro,-500,Compra en tienda
7000101,27-05-2024,deposito,,Ingreso navideño
7000108,20-12-2024,depósito,2500,Ingreso mensual
7000104,18-01-2024,retiro,5000,Ingreso extra
7000113,2024-05-02,compra,-100,Retiro parcial
7000114,15-02-2024,deposito,3000,Ingreso mensual
7000104,19-09-2024,deposito,2500,Compra en tienda
7000105,07-08-2024,deposito,2500,
7000108,19/11/2024,retiro,2000,Ingreso navideño
7000102,29/11/2024,compra,,Compra en tienda
7000108,22-01-2024,depósito,-500,
7000114,2024/02/21,depósito,1000,Compra en tienda
7000109,2024/02/07,compra,2000,Compra en tienda
7000111,2024-04-29,deposito,5000,Ingreso mensual
7000117,25-11-2024,retiro,3000,Ingreso navideño
7000112,2024/08/30,depósito,-500,Retiro parcial
7000112,2024/11/06,deposito,2000,Retiro parcial
7000101,22/04/2024,compra,2500,Ingreso mensual
7000107,2024/06/16,retiro,2500,Ingreso mensual
7000114,2024-05-17,compra,-100,Ingreso extra
7000113,13/02/2024,pago,3000,Ingreso extra
7000118,23-10-2024,retiro,1500,Compra en tienda
7000106,28-10-2024,retiro,2500,Ingreso navideño
7000105,08/01/2024,compra,-100,Ingreso extra
7000116,18/12/2024,deposito,,Ingreso navideño
7000112,26-02-2024,deposito,3000,Ingreso mensual
7000110,03/04/2024,deposito,-100,
7000111,2024-02-16,retiro,1500,
7000119,30/04/2024,compra,2500,Ingreso navideño
7000117,31-07-2024,compra,1000,
7000115,17-10-2024,retiro,-100,Retiro parcial
7000120,01-05-2024,compra,3000,Retiro parcial
7000107,06/04/2024,retiro,,Ingreso mensual
7000119,2024-10-26,compra,2000,Retiro parcial
7000105,07-10-2024,compra,-100,Ingreso navideño
7000116,06-09-2024,deposito,-100,Retiro parcial
7000118,12/04/2024,deposito,-100,Ingreso extra
7000118,2024-12-28,compra,1500,
7000113,2024-11-21,retiro,1000,Compra en tienda
7000104,25/08/2024,deposito,1500,Retiro parcial
7000117,20/04/2024,deposito,1000,Retiro parcial
7000110,2024/07/08,deposito,1500,Ingreso navideño
7000113,03-09-2024,retiro,3000,
7000115,2024/01/10,deposito,-1000,Retiro parcial
7000102,11-05-2024,retiro,2000,
7000108,2024-02-20,retiro,-100,Compra en tienda
7000107,2024-12-21,compra,1500,
7000102,17-12-2024,deposito,-100,Compra en tienda
7000115,2024/04/30,compra,2500,
7000114,2024/11/17,compra,-100,Compra en tienda
7000106,2024/06/08,compra,2500,Ingreso navideño
7000117,2024-07-20,compra,-500,Compra en tienda
7000111,2024-03-11,depósito,-500,Ingreso extra
7000116,14/05/2024,compra,3000,
7000113,2024/05/09,compra,2500,Ingreso mensual
7000120,12-08-2024,retiro,-500,
7000116,2024-07-28,compra,-1000,Ingreso navideño
7000104,2024/11/17,retiro,2000,Ingreso navideño
7000108,2024-09-22,deposito,1000,Compra en tienda
7000117,2024/02/01,deposito,1500,Ingreso mensual
7000115,09-02-2024,compra,0,
7000111,27-04-2024,deposito,-100,Compra en tienda
7000104,2024-08-10,deposito,-500,Ingreso navideño
7000117,19-04-2024,retiro,,Retiro parcial
7000107,2024-01-15,deposito,-100,Ingreso navideño
7000114,19-02-2024,deposito,-500,
7000110,2024/09/10,deposito,2500,
7000116,2024-10-07,retiro,2000,Compra en tienda
7000112,09/11/2024,deposito,1000,Compra en tienda
7000101,2024/01/25,deposito,1000,Ingreso extra
7000119,04/06/2024,compra,3000,
7000105,11/01/2024,pago,2500,Retiro parcial
7000119,2024-05-26,compra,1000,Compra en tienda
7000119,27/10/2024,deposito,2500,
7000102,16/07/2024,deposito,-500,Ingreso navideño
7000112,12/02/2024,retiro,2000,Ingreso navideño
7000115,05/01/2024,compra,1500,
7000113,2024-11-13,pago,2000,Ingreso extra
7000111,27/12/2024,compra,-500,Ingreso mensual
7000120,02-11-2024,depósito,3000,Ingreso extra
7000114,13-11-2024,compra,2500,Ingreso extra
7000115,2024/12/01,pago,-100,Ingreso mensual
7000107,13/05/2024,compra,1000,Ingreso navideño
7000108,25/09/2024,deposito,1500,Ingreso extra
7000114,2024/08/31,deposito,3000,Ingreso mensual
7000102,2024-02-09,compra,-100,
7000114,02/04/2024,retiro,2000,Ingreso mensual
7000118,2024/08/17,deposito,3000,Ingreso mensual
7000116,16/07/2024,retiro,3000,
7000111,07-03-2024,deposito,,Ingreso mensual
7000112,2024-10-01,deposito,1000,Retiro parcial
7000107,2024-04-21,deposito,1000,Retiro parcial
7000114,2024/05/30,compra,2000,
7000118,04-12-2024,retiro,1000,Ingreso extra
7000120,05/06/2024,compra,1000,Retiro parcial
7000113,11/01/2024,compra,-100,
7000109,2024-03-22,depósito,1500,Compra en tienda
7000113,2024-11-07,compra,-500,Ingreso navideño
7000105,2024/01/04,retiro,1000,Ingreso navideño
7000118,2024/04/03,deposito,3000,Compra en tienda
7000108,2024/06/13,compra,1000,Retiro parcial
7000105,11/02/2024,pago,1500,Retiro parcial
7000109,2024-11-09,compra,3000,Ingreso mensual
7000118,2024-11-11,compra,3000,Ingreso navideño
7000111,20/06/2024,compra,-100,Ingreso navideño
7000112,13/11/2024,deposito,-500,
7000111,2024-12-11,pago,1500,Ingreso mensual
7000109,27/01/2024,deposito,1000,Compra en tienda
7000115,2024/02/14,deposito,1000,Compra en tienda
7000110,13/11/2024,compra,2500,Retiro parcial
7000103,20/06/2024,retiro,3000,Ingreso mensual
7000104,20/10/2024,compra,1500,Ingreso mensual
7000112,2024-12-27,retiro,-1000,Ingreso navideño
7000106,2024-04-23,compra,-500,Ingreso extra
7000119,2024/02/07,compra,3000,Ingreso navideño
7000119,2024/12/15,deposito,1500,
7000110,12/04/2024,depósito,3000,Compra en tienda
7000104,2024/10/23,compra,-100,
7000112,20/12/2024,retiro,-500,Retiro parcial
7000119,17-02-2024,deposito,2500,
7000104,08-01-2024,deposito,2500,Ingreso navideño
7000118,2024-04-28,deposito,-100,
7000117,2024-10-28,deposito,-100,
7000105,12-09-2024,deposito,2500,Retiro parcial
7000118,20/05/2024,pago,2000,
8000103,08-03-2024,deposito,3000,Retiro parcial
8000110,24-07-2024,retiro,1500,
8000109,2024/03/18,deposito,3000,Ingreso mensual
8000105,24/03/2024,deposito,1000,Ingreso navideño
8000120,2024/04/11,compra,,Ingreso mensual
8000120,2024-02-26,compra,1000,
8000102,18-12-2024,compra,3000,
8000105,2024/06/21,compra,3000,Ingreso extra
8000111,2024/09/16,compra,2500,Ingreso mensual
8000106,12/02/2024,deposito,-100,Ingreso navideño
8000106,21-06-2024,deposito,2000,Ingreso extra
8000106,2024/07/11,compra,1500,Ingreso navideño
8000108,2024-02-15,compra,3000,Ingreso mensual
8000110,13/11/2024,compra,-500,Ingreso mensual
8000109,04/12/2024,retiro,1000,Compra en tienda
8000102,19-04-2024,deposito,2000,
8000108,2024-07-19,retiro,2000,Retiro parcial
8000104,26-08-2024,retiro,2500,Compra en tienda
8000120,09-03-2024,retiro,3000,Compra en tienda
8000109,2024/05/02,deposito,3000,Ingreso mensual
8000116,2024/12/24,compra,2500,Compra en tienda
8000114,08/07/2024,compra,5000,Ingreso mensual
8000119,2024/08/15,retiro,1500,Ingreso extra
8000103,05-10-2024,compra,1000,Retiro parcial
8000102,2024/09/30,depósito,2000,Ingreso navideño
8000119,25/07/2024,retiro,-500,Ingreso mensual
8000103,11-08-2024,pago,1000,Compra en tienda
8000103,2024/12/19,compra,5000,Retiro parcial
8000111,2024-03-10,retiro,-500,Retiro parcial
8000111,2024-04-26,retiro,2000,Ingreso navideño
8000108,2024-12-22,deposito,1000,Ingreso extra
8000117,2024-01-11,deposito,-1000,Ingreso extra
8000113,24/01/2024,compra,5000,Compra en tienda
8000109,20-11-2024,retiro,-1000,Retiro parcial
8000113,25-01-2024,deposito,-500,Ingreso navideño
8000109,15/10/2024,retiro,-500,Ingreso extra
8000103,2024-05-09,retiro,3000,Ingreso extra
8000114,30-09-2024,deposito,1000,Ingreso mensual
8000120,13/01/2024,deposito,1000,Retiro parcial
8000113,2024-02-29,retiro,2500,Ingreso mensual
8000109,2024-11-27,deposito,2000,
8000117,30-05-2024,deposito,1000,Ingreso navideño
8000118,2024-09-01,retiro,-100,Ingreso navideño
8000112,2024/04/01,retiro,3000,Retiro parcial
8000105,2024-01-17,compra,-500,Ingreso mensual
8000116,2024/11/22,compra,2500,Compra en tienda
8000108,2024-05-14,deposito,3000,Ingreso extra
8000111,2024-07-19,compra,-100,Compra en tienda
8000107,2024-11-30,deposito,3000,Compra en tienda
8000111,2024/09/25,depósito,2000,Ingreso navideño
8000107,2024-02-29,deposito,-500,
8000102,2024/11/05,retiro,,Ingreso navideño
8000114,23-04-2024,retiro,2000,Compra en tienda
8000109,2024/03/09,deposito,3000,
8000104,2024/11/01,retiro,-500,Ingreso navideño
8000104,2024-02-02,retiro,-100,Ingreso mensual
8000113,02/05/2024,retiro,-100,Retiro parcial
8000113,11-01-2024,deposito,3000,Retiro parcial
8000105,01/12/2024,deposito,2000,Ingreso mensual
8000109,05-07-2024,retiro,-500,Compra en tienda
8000106,2024/04/06,retiro,2500,Compra en tienda
8000116,25/06/2024,retiro,2000,
8000114,2024-09-04,compra,2500,Retiro parcial
8000110,2024/02/15,deposito,0,Compra en tienda
8000109,2024/11/26,retiro,2000,
8000118,2024/05/19,retiro,2000,
8000112,2024-07-23,compra,3000,Retiro parcial
8000120,2024-08-18,deposito,1500,Compra en tienda
8000104,2024/07/31,deposito,,Compra en tienda
8000102,16-10-2024,deposito,2500,Retiro parcial
8000117,2024-01-12,retiro,,Ingreso extra
8000103,07-05-2024,compra,2000,Retiro parcial
8000115,2024-08-15,compra,2000,Compra en tienda
8000107,28/09/2024,retiro,-500,Ingreso extra
8000116,2024/02/15,deposito,3000,Ingreso extra
8000120,2024-10-27,retiro,3000,Ingreso extra
8000119,19-07-2024,compra,2000,Compra en tienda
8000118,2024/12/09,retiro,3000,
8000115,13-10-2024,compra,2000,Compra en tienda
8000101,16/02/2024,compra,-100,Retiro parcial
8000118,27/04/2024,retiro,2000,Ingreso mensual
8000110,11-02-2024,compra,-100,Ingreso extra
8000118,2024-03-05,retiro,0,Ingreso navideño
8000106,29/08/2024,pago,2000,
8000105,03/03/2024,retiro,2500,Retiro parcial
8000107,09-11-2024,retiro,1000,Compra en tienda
8000119,11/06/2024,compra,-500,
8000105,2024-04-01,depósito,1000,Retiro parcial
8000116,09-02-2024,deposito,-100,
8000114,2024/02/20,depósito,3000,Compra en tienda
8000113,27/04/2024,retiro,3000,
8000110,02/03/2024,deposito,2000,Compra en tienda
8000101,2024-02-19,compra,2000,Retiro parcial
8000102,23-11-2024,deposito,1000,
8000112,08/03/2024,retiro,2500,
8000111,2024-03-25,retiro,2500,Ingreso extra
8000117,2024-05-18,deposito,,Ingreso mensual
8000114,14/02/2024,retiro,3000,Ingreso mensual
8000112,2024/10/17,retiro,-500,Retiro parcial
8000108,05-01-2024,pago,-500,Retiro parcial
8000116,02/08/2024,compra,-500,Compra en tienda
8000107,2024/06/22,retiro,3000,Ingreso navideño
8000105,2024-06-04,pago,-500,Ingreso extra
8000106,2024-07-28,deposito,2000,Ingreso mensual
8000119,2024-03-24,compra,1500,
8000103,2024-09-24,retiro,-500,Ingreso extra
8000107,2024-10-26,retiro,3000,Ingreso mensual
8000114,2024-02-13,compra,2000,Ingreso extra
8000116,2024/08/09,compra,-500,Ingreso extra
8000114,14-04-2024,depósito,2000,
8000118,2024-08-26,compra,5000,Compra en tienda
8000101,2024-01-07,deposito,2500,Retiro parcial
8000118,2024-08-04,compra,3000,
8000106,2024-08-27,deposito,2500,
8000120,2024-05-24,retiro,-500,Compra en tienda
8000104,2024/11/07,compra,1000,Ingreso navideño
8000115,2024-06-17,compra,1000,Ingreso navideño
8000110,17-02-2024,compra,2500,Ingreso extra
8000107,2024/01/28,retiro,1500,
8000102,2024/11/24,retiro,-100,Retiro parcial
8000106,2024/10/23,compra,-500,Ingreso navideño
8000106,2024/08/31,compra,2500,
8000114,2024-10-01,compra,2000,Ingreso extra
8000119,2024/05/21,retiro,1500,
8000109,21/05/2024,retiro,3000,Ingreso extra
8000103,2024-07-12,deposito,,
8000120,17/12/2024,retiro,1500,
8000120,2024/12/28,retiro,-500,Ingreso navideño
8000106,20-11-2024,pago,-100,Ingreso extra
8000101,2024/07/16,retiro,2500,Ingreso navideño
8000109,12/11/2024,compra,-100,Ingreso navideño
8000103,2024-03-15,compra,5000,
8000118,08/12/2024,retiro,1000,Ingreso mensual
8000107,2024/12/30,retiro,-500,
8000107,17-07-2024,retiro,2000,Ingreso mensual
8000114,2024/10/16,retiro,,Ingreso mensual
8000118,2024-03-05,compra,2000,Ingreso navideño
8000116,23-11-2024,compra,2000,Ingreso navideño
8000103,19/03/2024,compra,3000,Ingreso extra
8000110,2024/06/22,pago,2000,
8000105,26-10-2024,compra,-1000,Ingreso extra
8000114,2024-04-16,deposito,2000,Compra en tienda
8000103,2024-10-29,compra,2500,
8000111,03/03/2024,compra,2000,Compra en tienda
8000104,2024-09-06,retiro,-500,
8000118,2024/08/13,deposito,-500,
8000110,27/11/2024,retiro,2000,Retiro parcial
8000114,07-05-2024,retiro,3000,Ingreso navideño
8000113,30/09/2024,deposito,-500,Ingreso extra
8000106,2024-11-26,pago,1500,Retiro parcial
8000116,2024-04-19,pago,1500,Ingreso navideño
8000117,25-06-2024,deposito,2500,
8000106,2024-04-03,retiro,2000,
8000105,21/09/2024,retiro,3000,Ingreso navideño
8000120,2024/09/16,deposito,1500,Ingreso mensual
8000103,27-01-2024,retiro,2000,Ingreso mensual
8000114,2024-07-04,compra,-100,
8000106,2024-04-26,compra,1000,Ingreso extra
8000109,2024/11/10,retiro,2500,
8000119,21/05/2024,compra,1000,Ingreso extra
8000110,19/08/2024,retiro,2500,Retiro parcial
8000106,2024/10/02,retiro,1500,Compra en tienda
8000116,17/06/2024,depósito,1500,Ingreso navideño
8000109,2024/05/20,compra,-500,Compra en tienda
8000107,2024-09-26,compra,-100,
8000110,2024/02/14,deposito,2500,Ingreso navideño
8000105,2024-09-09,compra,-500,Compra en tienda
8000104,2024/11/09,compra,3000,Ingreso mensual
8000114,2024-05-22,compra,2000,Ingreso navideño
8000116,2024/11/14,deposito,2500,Ingreso navideño
8000102,08/02/2024,deposito,3000,Compra en tienda
8000105,10/05/2024,retiro,2500,Ingreso navideño
8000107,2024/11/16,deposito,1500,Ingreso extra
8000114,30/10/2024,retiro,0,Compra en tienda
8000102,2024/08/12,deposito,2500,Retiro parcial
8000115,25-10-2024,deposito,0,Ingreso mensual
8000107,26-11-2024,depósito,-500,Compra en tienda
8000109,05/12/2024,retiro,2500,Ingreso mensual
8000119,18/02/2024,pago,1000,Ingreso extra
8000103,2024/10/29,compra,2500,Ingreso navideño
8000103,2024-07-05,retiro,3000,Ingreso mensual
8000112,2024-12-16,compra,-100,Ingreso mensual
8000117,01/02/2024,retiro,-100,
8000107,06-12-2024,depósito,2500,Retiro parcial
8000108,2024-07-17,retiro,2500,Retiro parcial
8000116,2024/09/15,compra,3000,Retiro parcial
8000115,2024/04/22,compra,1500,Ingreso extra
8000102,2024-09-24,retiro,1500,Compra en tienda
8000114,2024-10-20,compra,-100,Ingreso navideño
8000113,2024-04-05,deposito,1000,Ingreso navideño
8000117,17/11/2024,depósito,3000,Ingreso mensual
8000110,11/09/2024,deposito,1000,Retiro parcial
8000104,2024-03-01,retiro,-500,Ingreso extra
8000102,2024-12-28,retiro,-500,Compra en tienda
8000119,2024/10/28,retiro,2000,Ingreso extra
8000104,19/07/2024,retiro,1000,Compra en tienda
8000110,2024/02/23,deposito,1000,Retiro parcial
8000114,2024-02-07,retiro,3000,Ingreso extra
8000109,2024/09/11,depósito,-100,Ingreso extra
8000107,2024-07-02,depósito,2500,
8000101,2024/07/09,retiro,-1000,Ingreso mensual
8000114,2024-10-01,compra,1500,Ingreso mensual
8000114,2024-07-09,compra,-500,
8000116,15/06/2024,retiro,3000,Compra en tienda
8000117,10-02-2024,compra,2500,Ingreso mensual
8000104,11-01-2024,retiro,1000,Compra en tienda
8000117,27-03-2024,deposito,1500,Compra en tienda
8000119,25/09/2024,deposito,1000,Ingreso mensual
8000112,2024-08-25,compra,2500,Ingreso navideño
8000107,24-01-2024,deposito,3000,Compra en tienda
8000115,2024-02-22,pago,3000,
8000119,2024-07-11,deposito,2500,
8000117,2024-09-27,pago,3000,Ingreso extra
8000120,2024/09/01,deposito,1500,Compra en tienda
8000110,2024/04/26,compra,3000,Ingreso mensual
8000114,2024-03-03,compra,1500,Ingreso mensual
8000111,08-07-2024,compra,2500,Ingreso extra
8000108,16-08-2024,deposito,-100,Compra en tienda
8000106,16-12-2024,deposito,2500,
8000117,07-08-2024,compra,3000,Ingreso navideño
8000108,20-12-2024,compra,-100,Ingreso navideño
8000103,2024/05/06,compra,2000,Retiro parcial
8000106,22-02-2024,retiro,-500,Compra en tienda
8000118,2024-01-30,retiro,2500,Ingreso mensual
8000117,2024-02-15,retiro,-100,Compra en tienda
8000107,01-07-2024,deposito,-100,Retiro parcial
8000107,21-03-2024,deposito,,Compra en tienda
8000116,2024-03-23,deposito,2000,Compra en tienda
8000113,2024-12-04,deposito,-500,
8000105,03-08-2024,deposito,1500,Ingreso navideño
8000115,2024/11/17,compra,-500,Ingreso extra
8000107,2024/03/07,deposito,3000,
8000106,26/06/2024,deposito,1000,Compra en tienda
8000118,2024-04-12,compra,-500,Compra en tienda
8000120,2024/02/14,deposito,2500,
8000111,2024-06-07,compra,1500,
8000119,2024-08-03,compra,5000,Compra en tienda
8000108,18-01-2024,compra,2000,Ingreso extra
8000101,2024/10/16,deposito,-100,Retiro parcial
8000115,22/06/2024,deposito,-500,Ingreso extra
8000105,2024-04-15,retiro,3000,Ingreso navideño
8000112,2024-03-23,deposito,1000,Ingreso mensual
8000118,2024-08-25,deposito,-100,
8000107,24/10/2024,retiro,2500,Ingreso navideño
8000107,08/12/2024,compra,,Retiro parcial
8000120,30/10/2024,deposito,1000,Ingreso navideño
8000111,2024-02-15,retiro,2500,Compra en tienda
8000106,19/10/2024,deposito,,
8000108,2024-12-12,compra,2000,Ingreso extra
8000108,12-12-2024,compra,-100,Ingreso extra
8000104,10/07/2024,compra,1500,
8000102,09-02-2024,retiro,1500,Ingreso navideño
8000103,2024/09/24,deposito,1500,
8000112,12-06-2024,deposito,3000,Ingreso navideño
8000105,2024-08-11,deposito,,Compra en tienda
8000112,2024/04/01,compra,2500,
8000108,2024-12-08,retiro,1500,
8000108,30-09-2024,retiro,-500,
8000106,2024/07/20,deposito,2500,Retiro parcial
8000102,2024-04-29,retiro,2000,
8000113,20-07-2024,compra,2500,Retiro parcial
8000119,24-10-2024,compra,2000,
8000107,2024/03/18,compra,5000,
8000108,2024-02-21,depósito,1500,Retiro parcial
8000120,24/03/2024,retiro,2000,Compra en tienda
8000112,05-07-2024,depósito,1000,Compra en tienda
8000104,07/01/2024,compra,1000,Retiro parcial
8000112,2024-12-11,retiro,3000,
8000110,03/11/2024,compra,-100,Ingreso extra
8000108,2024-09-29,deposito,,Ingreso extra
8000113,28-12-2024,deposito,2000,
8000116,02-11-2024,depósito,2000,Ingreso mensual
8000106,02-02-2024,compra,1500,Compra en tienda
8000114,30/05/2024,compra,2500,
8000113,2024/12/11,depósito,1500,Compra en tienda
8000107,16-02-2024,compra,2500,Ingreso mensual
8000102,11-03-2024,deposito,-100,
8000108,13-03-2024,deposito,2000,Retiro parcial
8000101,22/03/2024,retiro,2000,Retiro parcial
8000105,2024-04-03,retiro,1000,Retiro parcial
8000105,14-08-2024,retiro,1000,Ingreso navideño
8000103,23/07/2024,compra,3000,Retiro parcial
8000109,2024/01/21,depósito,2000,Ingreso navideño
8000103,2024-02-12,compra,3000,Compra en tienda
8000120,2024/02/03,retiro,2500,
8000102,01-11-2024,compra,-100,Retiro parcial
8000111,16-02-2024,retiro,2000,Ingreso mensual
8000104,08-08-2024,compra,-100,Ingreso mensual
8000106,2024-09-27,compra,-100,Ingreso mensual
8000106,04/04/2024,compra,2500,Retiro parcial
8000117,29-08-2024,retiro,1000,Ingreso mensual
8000116,2024/05/13,retiro,1000,Ingreso mensual
8000106,2024/05/04,compra,-500,Retiro parcial
8000105,2024-12-13,compra,3000,Ingreso mensual
8000120,04/03/2024,compra,2500,
8000104,2024/10/10,retiro,2500,Ingreso navideño
8000116,2024-11-01,deposito,-100,Compra en tienda
8000101,03-06-2024,deposito,2000,Compra en tienda
8000118,19/08/2024,compra,1500,Ingreso mensual
8000106,03-09-2024,compra,3000,
8000101,25-09-2024,deposito,2500,Ingreso mensual
8000101,2024-12-26,deposito,-100,
8000118,2024-04-18,deposito,3000,Retiro parcial
8000111,28-03-2024,deposito,5000,Ingreso navideño
8000118,2024/10/11,compra,3000,Ingreso mensual
8000109,2024/11/09,retiro,2000,Compra en tienda
8000109,31/10/2024,retiro,5000,
8000108,2024/01/26,retiro,3000,Ingreso mensual
8000114,2024-10-29,retiro,2500,Ingreso mensual
8000111,2024-07-30,depósito,3000,Compra en tienda
8000110,2024/11/15,compra,-100,Retiro parcial
8000116,17-01-2024,retiro,-100,Ingreso navideño
8000101,04/02/2024,depósito,2500,Compra en tienda
8000106,25-07-2024,compra,1500,
8000107,11/08/2024,retiro,-100,Ingreso extra
8000104,30/07/2024,compra,3000,Retiro parcial
8000119,2024/02/29,compra,,Ingreso mensual
8000115,31/10/2024,compra,1500,Ingreso mensual
8000111,09-04-2024,retiro,2500,Ingreso mensual
8000114,21-02-2024,pago,-500,Ingreso extra
8000104,31-01-2024,retiro,1500,Compra en tienda
8000117,2024/08/26,depósito,3000,Ingreso mensual
8000114,2024/10/03,compra,3000,Ingreso extra
8000101,07-03-2024,retiro,-100,
8000102,2024/12/24,pago,3000,Ingreso extra
8000119,27/07/2024,retiro,-500,Compra en tienda
8000116,2024/10/31,retiro,3000,
8000108,23/10/2024,retiro,2000,Compra en tienda
8000118,19/01/2024,retiro,5000,Ingreso extra
8000112,22/11/2024,compra,2000,Ingreso navideño
8000101,2024/01/17,pago,-100,
8000117,05-09-2024,deposito,2000,Ingreso mensual
8000108,2024/06/30,compra,2500,
8000109,2024-01-22,retiro,-100,
8000104,26/05/2024,deposito,2500,Ingreso navideño
8000108,31/10/2024,deposito,-500,Retiro parcial
8000109,21-10-2024,deposito,2500,Ingreso navideño
8000115,2024/07/12,compra,1500,
8000106,2024/03/23,compra,2000,Compra en tienda
8000115,19/06/2024,compra,2000,
8000113,13/06/2024,deposito,-500,Ingreso mensual
8000109,12/02/2024,compra,-100,Retiro parcial
8000104,2024/03/19,retiro,-500,Ingreso extra
8000110,2024/11/25,compra,2000,Ingreso mensual
8000104,16-07-2024,compra,1000,
8000120,03-10-2024,deposito,2500,Compra en tienda
8000120,2024/12/21,compra,-500,Compra en tienda
8000103,29-07-2024,compra,3000,Ingreso navideño
8000107,09/04/2024,deposito,1000,Ingreso mensual
8000115,2024/12/22,retiro,-100,Ingreso mensual
8000108,22-09-2024,retiro,-500,Ingreso extra
8000111,04/12/2024,depósito,1000,Ingreso extra
8000110,2024/07/08,retiro,2000,
8000116,2024/10/07,compra,3000,Retiro parcial
8000103,02-09-2024,retiro,1500,Ingreso navideño
8000108,12-03-2024,deposito,-500,Ingreso mensual
8000113,14-09-2024,deposito,2000,Ingreso mensual
8000118,2024-09-01,compra,-100,Ingreso mensual
8000112,12-06-2024,retiro,-500,Ingreso navideño
8000119,23-12-2024,compra,-500,Ingreso navideño
8000112,17-07-2024,retiro,-100,Ingreso mensual
8000105,17/12/2024,retiro,,Retiro parcial
8000115,2024/04/04,deposito,-100,Ingreso extra
8000120,2024/07/10,compra,3000,
8000104,2024/04/02,deposito,1500,Retiro parcial
8000109,21/01/2024,deposito,2000,
8000118,15-06-2024,retiro,3000,
8000105,21/04/2024,retiro,1500,Ingreso extra
8000103,2024-03-10,compra,3000,
8000104,2024-07-17,compra,,Retiro parcial
8000104,23-05-2024,compra,1500,Ingreso extra
8000119,2024-05-22,deposito,1000,Ingreso mensual
8000111,04/05/2024,deposito,,Ingreso navideño
8000116,12-09-2024,deposito,3000,Ingreso mensual
8000116,2024/10/06,retiro,2500,Ingreso extra
8000116,22/09/2024,deposito,2000,Ingreso extra
8000107,08/08/2024,compra,-500,Retiro parcial
8000117,01-11-2024,deposito,,
8000110,13-12-2024,deposito,1000,Ingreso extra
8000102,2024/05/23,pago,-500,Ingreso mensual
8000120,2024-07-26,retiro,,Ingreso mensual
8000113,03/12/2024,retiro,2000,Ingreso navideño
8000114,2024/05/14,retiro,3000,
8000102,2024/08/30,retiro,,Ingreso navideño
8000110,2024/05/01,retiro,2500,Compra en tienda
8000111,2024-05-10,retiro,1500,Compra en tienda
8000103,2024-07-15,pago,3000,
8000102,2024/08/03,pago,1000,
8000112,25-11-2024,deposito,1500,Ingreso navideño
8000117,27-04-2024,compra,3000,Retiro parcial
8000110,2024/08/11,compra,-500,Compra en tienda
8000116,06/12/2024,retiro,2000,Ingreso mensual
8000112,2024/08/26,retiro,1500,
8000107,09/03/2024,deposito,-500,Ingreso mensual
8000107,15-06-2024,compra,,
8000117,2024/03/07,retiro,3000,Ingreso mensual
8000101,06-10-2024,deposito,1500,Ingreso mensual
8000116,2024-01-03,deposito,2500,Ingreso navideño
8000117,2024/12/08,retiro,3000,Ingreso extra
8000108,2024/11/02,deposito,2500,Ingreso extra
8000102,2024/02/14,retiro,3000,
8000119,24/10/2024,depósito,1000,Ingreso navideño
8000118,26-03-2024,compra,1500,
8000102,2024/10/12,retiro,1500,Ingreso mensual
8000110,14-01-2024,pago,1500,Retiro parcial
8000111,2024-11-04,retiro,3000,Retiro parcial
8000109,2024/02/13,pago,-500,Ingreso extra
8000114,2024-03-16,compra,,Retiro parcial
8000109,2024/10/18,compra,1000,Retiro parcial
8000105,12/01/2024,deposito,1000,Retiro parcial
8000103,08-12-2024,deposito,-500,Compra en tienda
8000115,2024-12-28,deposito,2500,
8000116,2024/04/05,compra,-500,Ingreso navideño
8000107,2024-05-31,deposito,-100,Retiro parcial
8000101,22/12/2024,deposito,2500,Ingreso navideño
8000104,2024-11-05,pago,2000,Ingreso mensual
8000110,23/11/2024,compra,1500,Ingreso mensual
8000101,2024-04-26,compra,1500,Ingreso extra
8000115,13/11/2024,compra,2000,Compra en tienda
8000101,12-06-2024,deposito,2000,Ingreso extra
8000109,14-07-2024,depósito,2000,Ingreso mensual
8000101,22-11-2024,retiro,1000,
8000106,2024-09-26,deposito,-500,Ingreso extra
8000119,2024-10-18,retiro,-100,Compra en tienda
8000102,24/08/2024,retiro,-500,Retiro parcial
8000113,2024-02-27,deposito,1000,Ingreso mensual
8000108,17/07/2024,compra,3000,Ingreso extra
8000112,2024-01-20,retiro,5000,
8000119,2024-07-01,deposito,2000,
8000117,2024/03/29,compra,2000,Compra en tienda
8000113,2024-03-09,compra,-100,Compra en tienda
8000111,2024/10/31,retiro,-500,
8000120,15-04-2024,pago,1000,Compra en tienda
8000112,2024-10-06,deposito,2000,Ingreso extra
8000102,2024/05/26,pago,2500,Ingreso mensual
8000105,24/05/2024,compra,3000,Ingreso mensual
8000107,03/03/2024,retiro,1500,
8000118,09/06/2024,retiro,,Ingreso navideño
8000105,13-05-2024,deposito,-100,Retiro parcial
8000106,2024-01-29,deposito,2500,
8000104,2024/06/24,retiro,1000,
8000109,30-08-2024,deposito,3000,
8000118,17/12/2024,deposito,2500,Ingreso extra
8000104,15/04/2024,compra,3000,Ingreso navideño
8000107,2024/05/02,deposito,2500,Retiro parcial
8000118,2024-11-14,retiro,-500,
8000102,04/10/2024,compra,-500,Retiro parcial
8000114,2024-04-23,deposito,1500,Compra en tienda
8000119,2024-11-18,retiro,3000,Ingreso navideño
8000111,25/01/2024,depósito,2500,Compra en tienda
8000117,13-09-2024,pago,1500,Ingreso extra
8000102,11/05/2024,retiro,-100,Ingreso extra
8000112,2024-05-30,pago,-100,Ingreso navideño
8000106,2024/07/20,compra,2000,Compra en tienda
8000103,2024-12-23,retiro,2500,
8000120,2024-02-07,deposito,1500,Retiro parcial
8000120,16/01/2024,compra,2000,
8000109,2024-11-14,deposito,1500,Compra en tienda
8000113,2024-09-08,deposito,-100,Ingreso navideño
8000109,10-03-2024,deposito,3000,Retiro parcial
8000106,22/02/2024,compra,1000,Ingreso navideño
8000105,10-07-2024,retiro,3000,Ingreso mensual
8000102,09/12/2024,deposito,1500,Ingreso extra
8000119,17-08-2024,compra,2500,
8000120,2024-05-15,retiro,-500,Ingreso navideño
8000110,2024/11/15,deposito,0,
8000114,29/12/2024,deposito,2000,Compra en tienda
8000102,2024-10-06,retiro,-500,
8000109,2024-06-25,deposito,2500,Retiro parcial
8000104,09-08-2024,compra,3000,
8000116,2024/03/10,retiro,,Ingreso mensual
8000115,2024-01-23,compra,1000,Ingreso extra
8000119,08/08/2024,compra,1000,
8000108,2024-11-23,retiro,1500,Compra en tienda
8000112,01/06/2024,retiro,3000,Compra en tienda
8000104,13-01-2024,compra,3000,Ingreso navideño
8000117,25/04/2024,compra,-100,Retiro parcial
8000115,2024-11-24,retiro,1500,
8000112,09-08-2024,deposito,1500,Ingreso mensual
8000114,2024/06/08,retiro,2000,
8000120,2024/04/03,compra,2000,Retiro parcial
8000113,29/10/2024,deposito,2000,
8000115,2024/03/10,deposito,3000,Ingreso extra
8000117,2024-11-07,compra,3000,Ingreso navideño
8000114,2024/04/16,compra,1500,Retiro parcial
8000104,04/01/2024,deposito,1000,Ingreso mensual
8000113,02/12/2024,deposito,2000,Compra en tienda
8000106,2024-06-28,retiro,1500,Ingreso mensual
8000101,2024/08/24,compra,0,Compra en tienda
8000104,31/05/2024,retiro,,
8000105,2024/05/29,deposito,3000,Ingreso navideño
8000115,01/03/2024,retiro,1000,
8000104,2024/07/03,deposito,2000,Compra en tienda
8000120,2024/02/12,compra,1500,Retiro parcial
8000112,2024/04/06,compra,1500,Ingreso navideño
8000120,2024-07-28,retiro,3000,Ingreso mensual
8000110,2024-06-20,retiro,-500,Ingreso navideño
8000115,25-04-2024,retiro,-100,Ingreso mensual
8000111,25-09-2024,compra,2500,Ingreso navideño
8000102,30/03/2024,compra,3000,
8000116,15/05/2024,retiro,1000,Compra en tienda
8000105,2024-01-29,compra,1000,Ingreso navideño
8000110,17/04/2024,compra,3000,Ingreso navideño
8000108,2024/11/21,deposito,-500,Ingreso navideño
8000105,2024/04/20,retiro,-500,Retiro parcial
8000110,2024/11/01,retiro,-500,Ingreso navideño
8000108,2024/04/01,retiro,2500,
8000120,2024/07/13,deposito,1500,Ingreso mensual
8000117,27/04/2024,deposito,1500,Ingreso navideño
8000120,2024/12/27,compra,-100,
8000104,2024/07/07,deposito,-100,
8000111,15/08/2024,deposito,1500,Ingreso extra
8000106,27-08-2024,depósito,2000,Compra en tienda
8000109,29-08-2024,retiro,2500,Retiro parcial
8000113,13/12/2024,compra,,Ingreso navideño
8000105,2024/07/01,compra,1500,
8000112,18-07-2024,deposito,1000,Ingreso extra
8000117,15/11/2024,deposito,0,Ingreso navideño
8000103,2024-10-11,deposito,2500,
8000102,20/10/2024,depósito,3000,Ingreso extra
8000102,2024-03-02,compra,1000,Ingreso extra
8000115,13-03-2024,compra,1500,Ingreso extra
8000108,2024/10/01,retiro,1000,Retiro parcial
8000116,28-05-2024,compra,3000,Compra en tienda
8000102,2024/12/27,retiro,,Compra en tienda
8000104,13-08-2024,retiro,-500,Ingreso mensual
8000119,19-09-2024,retiro,-500,Ingreso navideño
8000114,03/11/2024,retiro,2000,
8000116,04-04-2024,compra,,Ingreso navideño
8000108,03-02-2024,retiro,2500,Ingreso mensual
8000109,2024-06-20,deposito,3000,
8000106,25/03/2024,compra,2000,Ingreso extra
8000106,22/08/2024,compra,-500,Ingreso mensual
8000115,24/10/2024,retiro,1000,
8000102,01-10-2024,compra,-500,Compra en tienda
8000119,2024-12-13,retiro,1500,Ingreso extra
8000106,25/06/2024,deposito,1000,Retiro parcial
8000105,10/04/2024,retiro,-500,Retiro parcial
8000115,2024/02/22,deposito,1500,
8000113,2024/08/30,retiro,2000,Ingreso extra
8000115,2024/04/24,deposito,2000,Ingreso mensual
8000106,30/01/2024,retiro,-500,Compra en tienda
8000118,19-06-2024,deposito,3000,
8000113,09-06-2024,deposito,3000,Ingreso navideño
8000110,24-03-2024,compra,-100,Ingreso extra
8000107,2024-03-29,retiro,2000,Retiro parcial
8000112,2024/04/29,retiro,2500,Ingreso navideño
8000102,2024-05-18,compra,1000,
8000102,2024-06-26,retiro,-100,Ingreso navideño
8000101,07/03/2024,deposito,3000,
8000111,06-10-2024,deposito,1500,Retiro parcial
8000112,07-08-2024,retiro,3000,
8000112,2024/09/06,deposito,0,Compra en tienda
8000118,03-10-2024,deposito,3000,Ingreso mensual
8000118,2024-05-12,pago,-500,
8000116,14/11/2024,deposito,3000,
8000110,07/03/2024,retiro,-100,Retiro parcial
8000116,28-04-2024,deposito,1000,Ingreso navideño
8000116,12-10-2024,deposito,-100,Ingreso extra
8000118,07/04/2024,deposito,1000,Compra en tienda
8000118,19-01-2024,retiro,1000,
8000111,07-07-2024,deposito,2500,Retiro parcial
8000118,2024-07-14,deposito,3000,Ingreso navideño
8000117,2024-09-04,retiro,5000,
8000102,09-08-2024,compra,3000,Ingreso navideño
8000118,06-01-2024,compra,3000,Compra en tienda
8000120,18-11-2024,retiro,2000,Ingreso extra
8000108,21/06/2024,retiro,2500,
8000105,04/07/2024,deposito,1000,
8000101,2024-08-01,retiro,2000,Ingreso extra
8000110,05/08/2024,deposito,1000,
8000107,2024-04-03,retiro,-500,
8000104,2024/08/29,retiro,2500,Ingreso mensual
8000108,2024/11/17,deposito,-100,Ingreso mensual
8000103,2024/05/08,compra,1000,Ingreso mensual
8000102,13-03-2024,compra,-100,Ingreso extra
8000102,2024/10/11,retiro,1500,Ingreso mensual
8000101,2024/04/20,compra,-100,Ingreso navideño
8000114,2024/04/13,compra,-100,Ingreso extra
8000105,2024/03/11,retiro,,Ingreso navideño
8000105,14/02/2024,retiro,-100,Ingreso navideño
8000112,2024-09-27,deposito,2000,
8000119,16-02-2024,deposito,-500,Retiro parcial
8000101,2024-04-08,retiro,-100,
8000118,01/08/2024,deposito,2500,
8000108,2024-04-17,compra,2000,Retiro parcial
8000106,15/03/2024,compra,2500,Ingreso extra
8000105,12/01/2024,retiro,1500,Ingreso extra
8000102,03-04-2024,retiro,3000,Ingreso mensual
8000106,11-12-2024,deposito,-100,
8000112,2024/10/16,retiro,-100,Ingreso navideño
8000106,22-02-2024,compra,1500,Ingreso extra
8000120,06-08-2024,deposito,-500,Retiro parcial
8000105,30/11/2024,deposito,-500,Ingreso navideño
8000103,04-09-2024,deposito,-500,Ingreso navideño
8000115,26/07/2024,compra,-500,Retiro parcial
8000104,01/10/2024,pago,-500,Retiro parcial
8000109,18-03-2024,compra,-500,Ingreso extra
8000118,12/09/2024,compra,-100,Retiro parcial
8000111,05/08/2024,retiro,-100,Compra en tienda
8000103,26-10-2024,compra,2000,Ingreso mensual
8000109,17-02-2024,deposito,1000,Ingreso navideño
8000114,2024-08-10,deposito,-500,Retiro parcial
8000109,2024-09-03,retiro,,Ingreso navideño
8000115,2024/09/14,compra,-100,Ingreso mensual
8000114,2024-02-19,retiro,1000,Ingreso navideño
8000104,2024-04-02,retiro,-100,Ingreso mensual
8000106,07-12-2024,retiro,2500,Ingreso navideño
8000108,29-01-2024,retiro,3000,Ingreso navideño
8000101,17/01/2024,retiro,-100,Compra en tienda
8000116,2024/05/25,deposito,3000,Ingreso mensual
8000118,11/01/2024,retiro,,
8000110,24/12/2024,retiro,3000,Retiro parcial
8000102,2024-10-10,retiro,-100,Ingreso navideño
8000106,2024-07-12,deposito,-100,Retiro parcial
8000114,2024-03-26,deposito,2000,Ingreso navideño
8000105,2024-06-07,deposito,2000,Ingreso mensual
8000120,27-02-2024,retiro,5000,
8000119,2024/07/25,retiro,2500,Ingreso navideño
8000114,2024/09/16,compra,,Ingreso extra
8000106,31/08/2024,compra,-100,Ingreso navideño
8000103,25-06-2024,deposito,1500,
8000112,01/12/2024,compra,2000,Ingreso extra
8000106,10/04/2024,deposito,-500,
8000109,11-05-2024,retiro,3000,Compra en tienda
8000114,22/12/2024,depósito,1500,Ingreso mensual
8000105,09/12/2024,retiro,1500,Ingreso navideño
8000109,20/07/2024,deposito,1500,Ingreso navideño
8000109,11-11-2024,compra,3000,Ingreso mensual
8000105,2024/04/18,pago,3000,Retiro parcial
8000114,10-12-2024,deposito,1500,
8000105,2024-05-23,compra,-100,Ingreso extra
8000103,2024/04/03,compra,2500,Retiro parcial
8000102,23-04-2024,compra,2000,Ingreso navideño
8000101,2024-06-30,deposito,1500,Ingreso extra
8000106,2024-01-29,compra,1000,Retiro parcial
8000105,04-12-2024,compra,1000,
8000105,27-01-2024,deposito,2000,Retiro parcial
8000105,16-08-2024,deposito,2500,Ingreso extra
8000117,2024-08-02,deposito,-100,Compra en tienda
8000113,29/10/2024,compra,2000,Compra en tienda
8000104,17/02/2024,depósito,1500,Retiro parcial
8000118,2024-02-18,deposito,2500,
8000107,08-05-2024,compra,,Retiro parcial
8000117,2024/11/17,depósito,1500,Retiro parcial
8000105,28/11/2024,deposito,1500,Ingreso extra
8000103,09-05-2024,deposito,-500,Retiro parcial
8000112,2024/03/15,compra,,Ingreso extra
8000108,03-09-2024,compra,1000,Retiro parcial
8000114,2024/10/10,compra,1500,
8000118,2024/02/07,compra,3000,Ingreso extra
8000107,2024/12/12,retiro,2000,Ingreso mensual
8000103,22-04-2024,compra,-100,Compra en tienda
8000102,16/04/2024,deposito,1500,Ingreso mensual
8000101,05/09/2024,deposito,2500,Ingreso extra
8000117,2024-03-01,deposito,3000,Ingreso extra
8000107,28-08-2024,pago,-500,Retiro parcial
8000119,2024/05/13,deposito,2000,Ingreso navideño
8000104,01/10/2024,deposito,-100,
8000107,2024/06/18,compra,2000,Retiro parcial
8000112,2024/05/11,pago,1500,Ingreso navideño
8000101,29-04-2024,deposito,3000,Ingreso extra
8000107,2024-10-31,retiro,-100,
8000117,2024-05-21,deposito,1500,Ingreso extra
8000119,13/02/2024,retiro,3000,Retiro parcial
8000113,2024/09/13,retiro,,
8000102,07/03/2024,retiro,2500,Ingreso mensual
8000106,2024-12-04,retiro,2000,Ingreso extra
8000116,2024/08/20,deposito,1500,
8000115,24-10-2024,retiro,1500,
8000119,11-09-2024,compra,2000,Compra en tienda
8000112,2024/03/19,depósito,1500,Compra en tienda
8000119,2024/02/11,deposito,0,Compra en tienda
8000111,2024-06-29,deposito,2500,Ingreso mensual
8000115,03-11-2024,compra,1000,Ingreso navideño
8000101,11/11/2024,compra,1000,Ingreso navideño
8000113,29-02-2024,deposito,2000,Ingreso navideño
8000109,24-05-2024,retiro,1000,Retiro parcial
8000116,11/07/2024,compra,-500,
8000111,2024-09-26,retiro,-500,Compra en tienda
8000117,2024/01/13,retiro,1000,Compra en tienda
8000114,2024/09/23,deposito,-100,Ingreso navideño
8000113,2024-09-02,depósito,3000,Compra en tienda
8000108,2024/11/07,retiro,2500,Ingreso extra
8000113,2024-05-11,compra,2500,
8000116,2024-06-30,retiro,1000,Ingreso extra
8000110,13-07-2024,deposito,3000,Ingreso extra
8000116,27/06/2024,deposito,5000,Ingreso navideño
8000108,2024/11/14,compra,3000,
8000118,07-10-2024,compra,3000,Retiro parcial
8000104,31-05-2024,retiro,1500,Retiro parcial
8000104,30-08-2024,retiro,-100,
8000118,04/04/2024,retiro,2000,
8000116,28/08/2024,deposito,2500,
8000111,2024/01/18,compra,2500,
8000116,2024/11/18,retiro,3000,Ingreso extra
8000103,2024/06/03,compra,-100,Ingreso extra
8000114,01/09/2024,retiro,2500,
8000110,2024-11-03,compra,-500,Ingreso mensual
8000112,12-01-2024,depósito,1500,Ingreso extra
8000109,2024/06/20,retiro,1000,Retiro parcial
8000117,20-07-2024,retiro,2500,
8000119,20/08/2024,deposito,2500,Compra en tienda
8000110,21/11/2024,retiro,-100,
8000115,2024/04/08,compra,1000,Ingreso navideño
8000103,13-09-2024,compra,,
8000119,2024/04/11,pago,2000,Ingreso extra
8000101,30-01-2024,depósito,3000,Compra en tienda
8000116,2024/03/08,compra,2000,Ingreso extra
8000102,2024-08-13,compra,5000,Retiro parcial
8000118,14/03/2024,deposito,3000,Retiro parcial
8000118,2024-04-21,deposito,-500,Ingreso navideño
8000112,2024/02/08,deposito,-500,
8000116,2024/07/05,retiro,2000,
8000115,17/09/2024,compra,2500,
8000106,15/06/2024,compra,2500,Ingreso navideño
8000114,2024/10/22,retiro,1500,Retiro parcial
8000108,2024-12-17,deposito,1000,Retiro parcial
8000111,2024-10-22,depósito,3000,
8000108,2024-04-17,retiro,1500,Ingreso extra
8000111,2024-06-24,compra,1000,
8000101,2024/06/20,deposito,-100,
8000104,08-05-2024,deposito,-100,
8000118,2024/11/08,compra,-500,Ingreso navideño
8000102,14-01-2024,compra,1500,Retiro parcial
8000105,2024-03-07,deposito,1000,Ingreso extra
8000105,26/04/2024,deposito,-500,Ingreso mensual
8000111,18-04-2024,compra,-100,Ingreso mensual
8000107,2024/12/14,compra,1500,Retiro parcial
8000104,2024-08-12,deposito,1000,Ingreso mensual
8000106,22-11-2024,deposito,2500,Compra en tienda
8000105,2024-04-29,compra,-100,Ingreso mensual
8000110,02-07-2024,pago,2500,Compra en tienda
8000117,13-06-2024,retiro,1500,Ingreso extra
8000116,13/11/2024,compra,1500,Ingreso extra
8000104,28/07/2024,deposito,-500,Ingreso navideño
8000114,05/12/2024,retiro,1500,Compra en tienda
8000114,2024-11-14,deposito,-100,Ingreso mensual
8000109,15/05/2024,deposito,2500,Retiro parcial
8000111,21/07/2024,retiro,1500,Ingreso mensual
8000106,2024-10-12,compra,1500,Ingreso navideño
8000119,2024/09/20,compra,2500,Retiro parcial
8000115,13-04-2024,depósito,3000,Ingreso extra
8000113,08/11/2024,compra,1500,
8000111,26-09-2024,retiro,1000,Ingreso mensual
8000110,2024/08/03,compra,1000,
8000110,2024-09-09,retiro,-100,Compra en tienda
8000103,05/06/2024,depósito,-100,Retiro parcial
8000107,2024-03-19,compra,1000,Ingreso extra
8000101,2024-08-04,compra,2000,Compra en tienda
8000111,2024/05/01,deposito,1500,Ingreso extra
8000109,23-09-2024,retiro,-500,Ingreso mensual
8000104,23/05/2024,compra,3000,Ingreso navideño
8000110,10-03-2024,retiro,-100,
8000105,2024/05/16,deposito,-500,Ingreso extra
8000115,2024-11-29,deposito,1000,Ingreso extra
8000103,17/01/2024,compra,-100,Compra en tienda
8000103,2024-09-28,deposito,-100,Ingreso mensual
8000111,2024/02/09,retiro,3000,Ingreso extra
8000119,2024/01/29,deposito,0,
8000116,2024-02-16,compra,2000,
8000107,27-11-2024,retiro,2500,
8000102,2024-11-14,compra,1500,Retiro parcial
8000116,2024/04/06,deposito,3000,Ingreso mensual
8000116,14-02-2024,deposito,1000,Ingreso extra
8000107,2024/12/26,deposito,2000,
8000114,20/05/2024,retiro,1000,Ingreso navideño
8000117,11/07/2024,compra,2500,Ingreso extra
8000114,2024-04-10,depósito,-500,Ingreso navideño
8000102,2024-09-08,depósito,2000,Compra en tienda
8000105,2024/09/28,compra,2500,
8000120,15/09/2024,retiro,-500,Compra en tienda
8000101,09-01-2024,compra,1500,
8000108,17/11/2024,retiro,-100,
8000111,2024/06/08,retiro,3000,Ingreso extra
8000116,2024/10/15,compra,-100,Ingreso navideño
8000119,16/07/2024,deposito,2500,Ingreso navideño
8000116,01-02-2024,retiro,3000,Ingreso navideño
8000106,2024-03-12,compra,3000,Ingreso extra
8000119,23-09-2024,compra,2000,Retiro parcial
8000106,2024-11-11,deposito,-500,Ingreso extra
8000118,03-03-2024,retiro,1500,Ingreso mensual
8000106,01-07-2024,compra,3000,Ingreso mensual
8000116,29/10/2024,compra,3000,Retiro parcial
8000115,2024-06-24,deposito,-500,Ingreso navideño
8000108,2024-07-08,retiro,-100,Ingreso navideño
8000110,2024/08/08,compra,-500,Ingreso extra
8000101,2024-07-20,retiro,2000,Compra en tienda
8000110,08-02-2024,compra,,Retiro parcial
8000102,2024/07/20,compra,1500,Ingreso mensual
8000108,2024-04-16,compra,3000,Compra en tienda
8000105,01/09/2024,deposito,,Ingreso mensual
8000103,2024/09/29,compra,-100,
8000107,2024/10/10,deposito,2000,Ingreso mensual
8000107,24-01-2024,deposito,-500,Ingreso mensual
8000112,02/09/2024,compra,1500,
8000106,17/06/2024,deposito,2000,Ingreso navideño
8000101,2024-11-23,compra,1500,Compra en tienda
8000107,2024/05/05,compra,3000,Ingreso mensual
8000115,12-08-2024,retiro,2000,Ingreso extra
8000101,2024/06/28,depósito,1500,Ingreso extra
8000112,24/08/2024,deposito,3000,Retiro parcial
8000116,08-06-2024,deposito,-500,
8000107,14-02-2024,compra,1500,Retiro parcial
8000119,2024-09-29,deposito,-100,Ingreso mensual
8000110,30/05/2024,compra,2500,Ingreso mensual
8000112,20-03-2024,deposito,3000,Retiro parcial
8000114,26-07-2024,compra,2000,Ingreso navideño
8000106,2024-10-19,retiro,1500,
8000107,2024-05-05,deposito,2500,
8000105,2024/02/15,deposito,1000,Ingreso extra
8000106,18-03-2024,deposito,1500,Ingreso mensual
8000104,16-03-2024,compra,2000,Compra en tienda
8000113,16/08/2024,compra,2000,Ingreso navideño
8000112,09/01/2024,compra,5000,Ingreso extra
8000113,09/10/2024,compra,-500,Ingreso extra
8000105,2024/02/06,retiro,-100,Retiro parcial
8000107,2024/10/17,pago,2500,
8000101,03-04-2024,pago,1500,Retiro parcial
8000105,2024-02-18,retiro,3000,Retiro parcial
8000102,2024-07-28,retiro,1000,
8000116,19/03/2024,compra,-500,Ingreso navideño
8000102,06/12/2024,deposito,2500,Retiro parcial
8000101,2024/08/31,deposito,3000,
8000120,2024-03-21,deposito,2500,Ingreso navideño
8000114,2024/06/06,retiro,2000,Ingreso extra
8000110,2024/06/06,compra,-100,Compra en tienda
8000107,16-12-2024,compra,3000,Compra en tienda
8000116,2024/06/12,deposito,1500,Ingreso mensual
8000115,27/09/2024,deposito,2500,Ingreso navideño
8000104,2024/05/30,retiro,2500,Compra en tienda
8000109,15-07-2024,compra,0,Compra en tienda
8000118,2024-05-22,retiro,1000,Ingreso extra
8000119,06-08-2024,deposito,1000,Retiro parcial
8000108,2024/10/12,pago,-100,Compra en tienda
8000103,03/10/2024,compra,1500,Ingreso navideño
8000108,01-12-2024,retiro,1000,
8000106,30/05/2024,depósito,2500,Ingreso navideño
8000101,12-01-2024,compra,-500,
8000109,05-08-2024,compra,3000,Ingreso navideño
8000114,2024-05-18,deposito,,Retiro parcial
8000115,10-01-2024,compra,2500,
8000101,2024/05/25,deposito,-100,Ingreso mensual
8000114,2024/01/22,depósito,-500,Ingreso mensual
8000107,02-01-2024,retiro,2000,Ingreso extra
8000119,09-09-2024,deposito,2000,Ingreso navideño
8000120,2024/02/07,retiro,-100,Ingreso mensual
8000112,2024/08/11,deposito,,
8000101,2024/09/02,depósito,3000,Ingreso navideño
8000107,2024-02-07,deposito,,Ingreso navideño
8000101,2024-09-30,deposito,-500,
8000106,15/09/2024,deposito,2000,
8000110,26/05/2024,retiro,3000,
8000105,23/09/2024,compra,1000,
8000118,20/05/2024,retiro,,Ingreso mensual
8000109,2024-04-03,compra,1500,Ingreso extra
8000107,2024-08-29,depósito,-100,Retiro parcial
8000111,29-10-2024,retiro,2500,
8000117,11/03/2024,deposito,2500,Retiro parcial
8000112,21-06-2024,retiro,1500,
8000105,2024/02/21,compra,1000,Ingreso extra
8000107,03-12-2024,compra,-500,
8000108,2024-12-20,retiro,2000,Retiro parcial
8000105,22-04-2024,retiro,-500,
8000107,18/02/2024,pago,2000,Compra en tienda
8000101,01-09-2024,compra,,
8000118,2024/10/27,depósito,2500,Compra en tienda
8000102,2024/05/30,retiro,3000,
8000103,20/04/2024,depósito,2000,Retiro parcial
8000119,25-06-2024,compra,2500,Ingreso extra
8000111,2024/08/08,compra,3000,
8000108,2024-01-27,retiro,2000,Ingreso extra
8000107,11-05-2024,retiro,3000,Compra en tienda
8000101,2024-11-24,deposito,-100,
8000104,2024-06-20,compra,-500,Ingreso extra
8000109,2024-08-19,retiro,-500,Compra en tienda
8000101,27-05-2024,deposito,,Ingreso navideño
8000108,20-12-2024,depósito,2500,Ingreso mensual
8000104,18-01-2024,retiro,5000,Ingreso extra
8000113,2024-05-02,compra,-100,Retiro parcial
8000114,15-02-2024,deposito,3000,Ingreso mensual
8000104,19-09-2024,deposito,2500,Compra en tienda
8000105,07-08-2024,deposito,2500,
8000108,19/11/2024,retiro,2000,Ingreso navideño
8000102,29/11/2024,compra,,Compra en tienda
8000108,22-01-2024,depósito,-500,
8000114,2024/02/21,depósito,1000,Compra en tienda
8000109,2024/02/07,compra,2000,Compra en tienda
8000111,2024-04-29,deposito,5000,Ingreso mensual
8000117,25-11-2024,retiro,3000,Ingreso navideño
8000112,2024/08/30,depósito,-500,Retiro parcial
8000112,2024/11/06,deposito,2000,Retiro parcial
8000101,22/04/2024,compra,2500,Ingreso mensual
8000107,2024/06/16,retiro,2500,Ingreso mensual
8000114,2024-05-17,compra,-100,Ingreso extra
8000113,13/02/2024,pago,3000,Ingreso extra
8000118,23-10-2024,retiro,1500,Compra en tienda
8000106,28-10-2024,retiro,2500,Ingreso navideño
8000105,08/01/2024,compra,-100,Ingreso extra
8000116,18/12/2024,deposito,,Ingreso navideño
8000112,26-02-2024,deposito,3000,Ingreso mensual
8000110,03/04/2024,deposito,-100,
8000111,2024-02-16,retiro,1500,
8000119,30/04/2024,compra,2500,Ingreso navideño
8000117,31-07-2024,compra,1000,
8000115,17-10-2024,retiro,-100,Retiro parcial
8000120,01-05-2024,compra,3000,Retiro parcial
8000107,06/04/2024,retiro,,Ingreso mensual
8000119,2024-10-26,compra,2000,Retiro parcial
8000105,07-10-2024,compra,-100,Ingreso navideño
8000116,06-09-2024,deposito,-100,Retiro parcial
8000118,12/04/2024,deposito,-100,Ingreso extra
8000118,2024-12-28,compra,1500,
8000113,2024-11-21,retiro,1000,Compra en tienda
8000104,25/08/2024,deposito,1500,Retiro parcial
8000117,20/04/2024,deposito,1000,Retiro parcial
8000110,2024/07/08,deposito,1500,Ingreso navideño
8000113,03-09-2024,retiro,3000,
8000115,2024/01/10,deposito,-1000,Retiro parcial
8000102,11-05-2024,retiro,2000,
8000108,2024-02-20,retiro,-100,Compra en tienda
8000107,2024-12-21,compra,1500,
8000102,17-12-2024,deposito,-100,Compra en tienda
8000115,2024/04/30,compra,2500,
8000114,2024/11/17,compra,-100,Compra en tienda
8000106,2024/06/08,compra,2500,Ingreso navideño
8000117,2024-07-20,compra,-500,Compra en tienda
8000111,2024-03-11,depósito,-500,Ingreso extra
8000116,14/05/2024,compra,3000,
8000113,2024/05/09,compra,2500,Ingreso mensual
8000120,12-08-2024,retiro,-500,
8000116,2024-07-28,compra,-1000,Ingreso navideño
8000104,2024/11/17,retiro,2000,Ingreso navideño
8000108,2024-09-22,deposito,1000,Compra en tienda
8000117,2024/02/01,deposito,1500,Ingreso mensual
8000115,09-02-2024,compra,0,
8000111,27-04-2024,deposito,-100,Compra en tienda
8000104,2024-08-10,deposito,-500,Ingreso navideño
8000117,19-04-2024,retiro,,Retiro parcial
8000107,2024-01-15,deposito,-100,Ingreso navideño
8000114,19-02-2024,deposito,-500,
8000110,2024/09/10,deposito,2500,
8000116,2024-10-07,retiro,2000,Compra en tienda
8000112,09/11/2024,deposito,1000,Compra en tienda
8000101,2024/01/25,deposito,1000,Ingreso extra
8000119,04/06/2024,compra,3000,
8000105,11/01/2024,pago,2500,Retiro parcial
8000119,2024-05-26,compra,1000,Compra en tienda
8000119,27/10/2024,deposito,2500,
8000102,16/07/2024,deposito,-500,Ingreso navideño
8000112,12/02/2024,retiro,2000,Ingreso navideño
8000115,05/01/2024,compra,1500,
8000113,2024-11-13,pago,2000,Ingreso extra
8000111,27/12/2024,compra,-500,Ingreso mensual
8000120,02-11-2024,depósito,3000,Ingreso extra
8000114,13-11-2024,compra,2500,Ingreso extra
8000115,2024/12/01,pago,-100,Ingreso mensual
8000107,13/05/2024,compra,1000,Ingreso navideño
8000108,25/09/2024,deposito,1500,Ingreso extra
8000114,2024/08/31,deposito,3000,Ingreso mensual
8000102,2024-02-09,compra,-100,
8000114,02/04/2024,retiro,2000,Ingreso mensual
8000118,2024/08/17,deposito,3000,Ingreso mensual
8000116,16/07/2024,retiro,3000,
8000111,07-03-2024,deposito,,Ingreso mensual
8000112,2024-10-01,deposito,1000,Retiro parcial
8000107,2024-04-21,deposito,1000,Retiro parcial
8000114,2024/05/30,compra,2000,
8000118,04-12-2024,retiro,1000,Ingreso extra
8000120,05/06/2024,compra,1000,Retiro parcial
8000113,11/01/2024,compra,-100,
8000109,2024-03-22,depósito,1500,Compra en tienda
8000113,2024-11-07,compra,-500,Ingreso navideño
8000105,2024/01/04,retiro,1000,Ingreso navideño
8000118,2024/04/03,deposito,3000,Compra en tienda
8000108,2024/06/13,compra,1000,Retiro parcial
8000105,11/02/2024,pago,1500,Retiro parcial
8000109,2024-11-09,compra,3000,Ingreso mensual
8000118,2024-11-11,compra,3000,Ingreso navideño
8000111,20/06/2024,compra,-100,Ingreso navideño
8000112,13/11/2024,deposito,-500,
8000111,2024-12-11,pago,1500,Ingreso mensual
8000109,27/01/2024,deposito,1000,Compra en tienda
8000115,2024/02/14,deposito,1000,Compra en tienda
8000110,13/11/2024,compra,2500,Retiro parcial
8000103,20/06/2024,retiro,3000,Ingreso mensual
8000104,20/10/2024,compra,1500,Ingreso mensual
8000112,2024-12-27,retiro,-1000,Ingreso navideño
8000106,2024-04-23,compra,-500,Ingreso extra
8000119,2024/02/07,compra,3000,Ingreso navideño
8000119,2024/12/15,deposito,1500,
8000110,12/04/2024,depósito,3000,Compra en tienda
8000104,2024/10/23,compra,-100,
8000112,20/12/2024,retiro,-500,Retiro parcial
8000119,17-02-2024,deposito,2500,
8000104,08-01-2024,deposito,2500,Ingreso navideño
8000118,2024-04-28,deposito,-100,
8000117,2024-10-28,deposito,-100,
8000105,12-09-2024,deposito,2500,Retiro parcial
8000118,20/05/2024,pago,2000,
9000103,08-03-2024,deposito,3000,Retiro parcial
9000110,24-07-2024,retiro,1500,
9000109,2024/03/18,deposito,3000,Ingreso mensual
9000105,24/03/2024,deposito,1000,Ingreso navideño
9000120,2024/04/11,compra,,Ingreso mensual
9000120,2024-02-26,compra,1000,
9000102,18-12-2024,compra,3000,
9000105,2024/06/21,compra,3000,Ingreso extra
9000111,2024/09/16,compra,2500,Ingreso mensual
9000106,12/02/2024,deposito,-100,Ingreso navideño
9000106,21-06-2024,deposito,2000,Ingreso extra
9000106,2024/07/11,compra,1500,Ingreso navideño
9000108,2024-02-15,compra,3000,Ingreso mensual
9000110,13/11/2024,compra,-500,Ingreso mensual
9000109,04/12/2024,retiro,1000,Compra en tienda
9000102,19-04-2024,deposito,2000,
9000108,2024-07-19,retiro,2000,Retiro parcial
9000104,26-08-2024,retiro,2500,Compra en tienda
9000120,09-03-2024,retiro,3000,Compra en tienda
9000109,2024/05/02,deposito,3000,Ingreso mensual
9000116,2024/12/24,compra,2500,Compra en tienda
9000114,08/07/2024,compra,5000,Ingreso mensual
9000119,2024/08/15,retiro,1500,Ingreso extra
9000103,05-10-2024,compra,1000,Retiro parcial
9000102,2024/09/30,depósito,2000,Ingreso navideño
9000119,25/07/2024,retiro,-500,Ingreso mensual
9000103,11-08-2024,pago,1000,Compra en tienda
9000103,2024/12/19,compra,5000,Retiro parcial
9000111,2024-03-10,retiro,-500,Retiro parcial
9000111,2024-04-26,retiro,2000,Ingreso navideño
9000108,2024-12-22,deposito,1000,Ingreso extra
9000117,2024-01-11,deposito,-1000,Ingreso extra
9000113,24/01/2024,compra,5000,Compra en tienda
9000109,20-11-2024,retiro,-1000,Retiro parcial
9000113,25-01-2024,deposito,-500,Ingreso navideño
9000109,15/10/2024,retiro,-500,Ingreso extra
9000103,2024-05-09,retiro,3000,Ingreso extra
9000114,30-09-2024,deposito,1000,Ingreso mensual
9000120,13/01/2024,deposito,1000,Retiro parcial
9000113,2024-02-29,retiro,2500,Ingreso mensual
9000109,2024-11-27,deposito,2000,
9000117,30-05-2024,deposito,1000,Ingreso navideño
9000118,2024-09-01,retiro,-100,Ingreso navideño
9000112,2024/04/01,retiro,3000,Retiro parcial
9000105,2024-01-17,compra,-500,Ingreso mensual
9000116,2024/11/22,compra,2500,Compra en tienda
9000108,2024-05-14,deposito,3000,Ingreso extra
9000111,2024-07-19,compra,-100,Compra en tienda
9000107,2024-11-30,deposito,3000,Compra en tienda
9000111,2024/09/25,depósito,2000,Ingreso navideño
9000107,2024-02-29,deposito,-500,
9000102,2024/11/05,retiro,,Ingreso navideño
9000114,23-04-2024,retiro,2000,Compra en tienda
9000109,2024/03/09,deposito,3000,
9000104,2024/11/01,retiro,-500,Ingreso navideño
9000104,2024-02-02,retiro,-100,Ingreso mensual
9000113,02/05/2024,retiro,-100,Retiro parcial
9000113,11-01-2024,deposito,3000,Retiro parcial
9000105,01/12/2024,deposito,2000,Ingreso mensual
9000109,05-07-2024,retiro,-500,Compra en tienda
9000106,2024/04/06,retiro,2500,Compra en tienda
9000116,25/06/2024,retiro,2000,
9000114,2024-09-04,compra,2500,Retiro parcial
9000110,2024/02/15,deposito,0,Compra en tienda
9000109,2024/11/26,retiro,2000,
9000118,2024/05/19,retiro,2000,
9000112,2024-07-23,compra,3000,Retiro parcial
9000120,2024-08-18,deposito,1500,Compra en tienda
9000104,2024/07/31,deposito,,Compra en tienda
9000102,16-10-2024,deposito,2500,Retiro parcial
9000117,2024-01-12,retiro,,Ingreso extra
9000103,07-05-2024,compra,2000,Retiro parcial
9000115,2024-08-15,compra,2000,Compra en tienda
9000107,28/09/2024,retiro,-500,Ingreso extra
9000116,2024/02/15,deposito,3000,Ingreso extra
9000120,2024-10-27,retiro,3000,Ingreso extra
9000119,19-07-2024,compra,2000,Compra en tienda
9000118,2024/12/09,retiro,3000,
9000115,13-10-2024,compra,2000,Compra en tienda
9000101,16/02/2024,compra,-100,Retiro parcial
9000118,27/04/2024,retiro,2000,Ingreso mensual
9000110,11-02-2024,compra,-100,Ingreso extra
9000118,2024-03-05,retiro,0,Ingreso navideño
9000106,29/08/2024,pago,2000,
9000105,03/03/2024,retiro,2500,Retiro parcial
9000107,09-11-2024,retiro,1000,Compra en tienda
9000119,11/06/2024,compra,-500,
9000105,2024-04-01,depósito,1000,Retiro parcial
9000116,09-02-2024,deposito,-100,
9000114,2024/02/20,depósito,3000,Compra en tienda
9000113,27/04/2024,retiro,3000,
9000110,02/03/2024,deposito,2000,Compra en tienda
9000101,2024-02-19,compra,2000,Retiro parcial
9000102,23-11-2024,deposito,1000,
9000112,08/03/2024,retiro,2500,
9000111,2024-03-25,retiro,2500,Ingreso extra
9000117,2024-05-18,deposito,,Ingreso mensual
9000114,14/02/2024,retiro,3000,Ingreso mensual
9000112,2024/10/17,retiro,-500,Retiro parcial
9000108,05-01-2024,pago,-500,Retiro parcial
9000116,02/08/2024,compra,-500,Compra en tienda
9000107,2024/06/22,retiro,3000,Ingreso navideño
9000105,2024-06-04,pago,-500,Ingreso extra
9000106,2024-07-28,deposito,2000,Ingreso mensual
9000119,2024-03-24,compra,1500,
9000103,2024-09-24,retiro,-500,Ingreso extra
9000107,2024-10-26,retiro,3000,Ingreso mensual
9000114,2024-02-13,compra,2000,Ingreso extra
9000116,2024/08/09,compra,-500,Ingreso extra
9000114,14-04-2024,depósito,2000,
9000118,2024-08-26,compra,5000,Compra en tienda
9000101,2024-01-07,deposito,2500,Retiro parcial
9000118,2024-08-04,compra,3000,
9000106,2024-08-27,deposito,2500,
9000120,2024-05-24,retiro,-500,Compra en tienda
9000104,2024/11/07,compra,1000,Ingreso navideño
9000115,2024-06-17,compra,1000,Ingreso navideño
9000110,17-02-2024,compra,2500,Ingreso extra
9000107,2024/01/28,retiro,1500,
9000102,2024/11/24,retiro,-100,Retiro parcial
9000106,2024/10/23,compra,-500,Ingreso navideño
9000106,2024/08/31,compra,2500,
9000114,2024-10-01,compra,2000,Ingreso extra
9000119,2024/05/21,retiro,1500,
9000109,21/05/2024,retiro,3000,Ingreso extra
9000103,2024-07-12,deposito,,
9000120,17/12/2024,retiro,1500,
9000120,2024/12/28,retiro,-500,Ingreso navideño
9000106,20-11-2024,pago,-100,Ingreso extra
9000101,2024/07/16,retiro,2500,Ingreso navideño
9000109,12/11/2024,compra,-100,Ingreso navideño
9000103,2024-03-15,compra,5000,
9000118,08/12/2024,retiro,1000,Ingreso mensual
9000107,2024/12/30,retiro,-500,
9000107,17-07-2024,retiro,2000,Ingreso mensual
9000114,2024/10/16,retiro,,Ingreso mensual
9000118,2024-03-05,compra,2000,Ingreso navideño
9000116,23-11-2024,compra,2000,Ingreso navideño
9000103,19/03/2024,compra,3000,Ingreso extra
9000110,2024/06/22,pago,2000,
9000105,26-10-2024,compra,-1000,Ingreso extra
9000114,2024-04-16,deposito,2000,Compra en tienda
9000103,2024-10-29,compra,2500,
9000111,03/03/2024,compra,2000,Compra en tienda
9000104,2024-09-06,retiro,-500,
9000118,2024/08/13,deposito,-500,
9000110,27/11/2024,retiro,2000,Retiro parcial
9000114,07-05-2024,retiro,3000,Ingreso navideño
9000113,30/09/2024,deposito,-500,Ingreso extra
9000106,2024-11-26,pago,1500,Retiro parcial
9000116,2024-04-19,pago,1500,Ingreso navideño
9000117,25-06-2024,deposito,2500,
9000106,2024-04-03,retiro,2000,
9000105,21/09/2024,retiro,3000,Ingreso navideño
9000120,2024/09/16,deposito,1500,Ingreso mensual
9000103,27-01-2024,retiro,2000,Ingreso mensual
9000114,2024-07-04,compra,-100,
9000106,2024-04-26,compra,1000,Ingreso extra
9000109,2024/11/10,retiro,2500,
9000119,21/05/2024,compra,1000,Ingreso extra
9000110,19/08/2024,retiro,2500,Retiro parcial
9000106,2024/10/02,retiro,1500,Compra en tienda
9000116,17/06/2024,depósito,1500,Ingreso navideño
9000109,2024/05/20,compra,-500,Compra en tienda
9000107,2024-09-26,compra,-100,
9000110,2024/02/14,deposito,2500,Ingreso navideño
9000105,2024-09-09,compra,-500,Compra en tienda
9000104,2024/11/09,compra,3000,Ingreso mensual
9000114,2024-05-22,compra,2000,Ingreso navideño
9000116,2024/11/14,deposito,2500,Ingreso navideño
9000102,08/02/2024,deposito,3000,Compra en tienda
9000105,10/05/2024,retiro,2500,Ingreso navideño
9000107,2024/11/16,deposito,1500,Ingreso extra
9000114,30/10/2024,retiro,0,Compra en tienda
9000102,2024/08/12,deposito,2500,Retiro parcial
9000115,25-10-2024,deposito,0,Ingreso mensual
9000107,26-11-2024,depósito,-500,Compra en tienda
9000109,05/12/2024,retiro,2500,Ingreso mensual
9000119,18/02/2024,pago,1000,Ingreso extra
9000103,2024/10/29,compra,2500,Ingreso navideño
9000103,2024-07-05,retiro,3000,Ingreso mensual
9000112,2024-12-16,compra,-100,Ingreso mensual
9000117,01/02/2024,retiro,-100,
9000107,06-12-2024,depósito,2500,Retiro parcial
9000108,2024-07-17,retiro,2500,Retiro parcial
9000116,2024/09/15,compra,3000,Retiro parcial
9000115,2024/04/22,compra,1500,Ingreso extra
9000102,2024-09-24,retiro,1500,Compra en tienda
9000114,2024-10-20,compra,-100,Ingreso navideño
9000113,2024-04-05,deposito,1000,Ingreso navideño
9000117,17/11/2024,depósito,3000,Ingreso mensual
9000110,11/09/2024,deposito,1000,Retiro parcial
9000104,2024-03-01,retiro,-500,Ingreso extra
9000102,2024-12-28,retiro,-500,Compra en tienda
9000119,2024/10/28,retiro,2000,Ingreso extra
9000104,19/07/2024,retiro,1000,Compra en tienda
9000110,2024/02/23,deposito,1000,Retiro parcial
9000114,2024-02-07,retiro,3000,Ingreso extra
9000109,2024/09/11,depósito,-100,Ingreso extra
9000107,2024-07-02,depósito,2500,
9000101,2024/07/09,retiro,-1000,Ingreso mensual
9000114,2024-10-01,compra,1500,Ingreso mensual
9000114,2024-07-09,compra,-500,
9000116,15/06/2024,retiro,3000,Compra en tienda
9000117,10-02-2024,compra,2500,Ingreso mensual
9000104,11-01-2024,retiro,1000,Compra en tienda
9000117,27-03-2024,deposito,1500,Compra en tienda
9000119,25/09/2024,deposito,1000,Ingreso mensual
9000112,2024-08-25,compra,2500,Ingreso navideño
9000107,24-01-2024,deposito,3000,Compra en tienda
9000115,2024-02-22,pago,3000,
9000119,2024-07-11,deposito,2500,
9000117,2024-09-27,pago,3000,Ingreso extra
9000120,2024/09/01,deposito,1500,Compra en tienda
9000110,2024/04/26,compra,3000,Ingreso mensual
9000114,2024-03-03,compra,1500,Ingreso mensual
9000111,08-07-2024,compra,2500,Ingreso extra
9000108,16-08-2024,deposito,-100,Compra en tienda
9000106,16-12-2024,deposito,2500,
9000117,07-08-2024,compra,3000,Ingreso navideño
9000108,20-12-2024,compra,-100,Ingreso navideño
9000103,2024/05/06,compra,2000,Retiro parcial
9000106,22-02-2024,retiro,-500,Compra en tienda
9000118,2024-01-30,retiro,2500,Ingreso mensual
9000117,2024-02-15,retiro,-100,Compra en tienda
9000107,01-07-2024,deposito,-100,Retiro parcial
9000107,21-03-2024,deposito,,Compra en tienda
9000116,2024-03-23,deposito,2000,Compra en tienda
9000113,2024-12-04,deposito,-500,
9000105,03-08-2024,deposito,1500,Ingreso navideño
9000115,2024/11/17,compra,-500,Ingreso extra
9000107,2024/03/07,deposito,3000,
9000106,26/06/2024,deposito,1000,Compra en tienda
9000118,2024-04-12,compra,-500,Compra en tienda
9000120,2024/02/14,deposito,2500,
9000111,2024-06-07,compra,1500,
9000119,2024-08-03,compra,5000,Compra en tienda
9000108,18-01-2024,compra,2000,Ingreso extra
9000101,2024/10/16,deposito,-100,Retiro parcial
9000115,22/06/2024,deposito,-500,Ingreso extra
9000105,2024-04-15,retiro,3000,Ingreso navideño
9000112,2024-03-23,deposito,1000,Ingreso mensual
9000118,2024-08-25,deposito,-100,
9000107,24/10/2024,retiro,2500,Ingreso navideño
9000107,08/12/2024,compra,,Retiro parcial
9000120,30/10/2024,deposito,1000,Ingreso navideño
9000111,2024-02-15,retiro,2500,Compra en tienda
9000106,19/10/2024,deposito,,
9000108,2024-12-12,compra,2000,Ingreso extra
9000108,12-12-2024,compra,-100,Ingreso extra
9000104,10/07/2024,compra,1500,
9000102,09-02-2024,retiro,1500,Ingreso navideño
9000103,2024/09/24,deposito,1500,
9000112,12-06-2024,deposito,3000,Ingreso navideño
9000105,2024-08-11,deposito,,Compra en tienda
9000112,2024/04/01,compra,2500,
9000108,2024-12-08,retiro,1500,
9000108,30-09-2024,retiro,-500,
9000106,2024/07/20,deposito,2500,Retiro parcial
9000102,2024-04-29,retiro,2000,
9000113,20-07-2024,compra,2500,Retiro parcial
9000119,24-10-2024,compra,2000,
9000107,2024/03/18,compra,5000,
9000108,2024-02-21,depósito,1500,Retiro parcial
9000120,24/03/2024,retiro,2000,Compra en tienda
9000112,05-07-2024,depósito,1000,Compra en tienda
9000104,07/01/2024,compra,1000,Retiro parcial
9000112,2024-12-11,retiro,3000,
9000110,03/11/2024,compra,-100,Ingreso extra
9000108,2024-09-29,deposito,,Ingreso extra
9000113,28-12-2024,deposito,2000,
9000116,02-11-2024,depósito,2000,Ingreso mensual
9000106,02-02-2024,compra,1500,Compra en tienda
9000114,30/05/2024,compra,2500,
9000113,2024/12/11,depósito,1500,Compra en tienda
9000107,16-02-2024,compra,2500,Ingreso mensual
9000102,11-03-2024,deposito,-100,
9000108,13-03-2024,deposito,2000,Retiro parcial
9000101,22/03/2024,retiro,2000,Retiro parcial
9000105,2024-04-03,retiro,1000,Retiro parcial
9000105,14-08-2024,retiro,1000,Ingreso navideño
9000103,23/07/2024,compra,3000,Retiro parcial
9000109,2024/01/21,depósito,2000,Ingreso navideño
9000103,2024-02-12,compra,3000,Compra en tienda
9000120,2024/02/03,retiro,2500,
9000102,01-11-2024,compra,-100,Retiro parcial
9000111,16-02-2024,retiro,2000,Ingreso mensual
9000104,08-08-2024,compra,-100,Ingreso mensual
9000106,2024-09-27,compra,-100,Ingreso mensual
9000106,04/04/2024,compra,2500,Retiro parcial
9000117,29-08-2024,retiro,1000,Ingreso mensual
9000116,2024/05/13,retiro,1000,Ingreso mensual
9000106,2024/05/04,compra,-500,Retiro parcial
9000105,2024-12-13,compra,3000,Ingreso mensual
9000120,04/03/2024,compra,2500,
9000104,2024/10/10,retiro,2500,Ingreso navideño
9000116,2024-11-01,deposito,-100,Compra en tienda
9000101,03-06-2024,deposito,2000,Compra en tienda
9000118,19/08/2024,compra,1500,Ingreso mensual
9000106,03-09-2024,compra,3000,
9000101,25-09-2024,deposito,2500,Ingreso mensual
9000101,2024-12-26,deposito,-100,
9000118,2024-04-18,deposito,3000,Retiro parcial
9000111,28-03-2024,deposito,5000,Ingreso navideño
9000118,2024/10/11,compra,3000,Ingreso mensual
9000109,2024/11/09,retiro,2000,Compra en tienda
9000109,31/10/2024,retiro,5000,
9000108,2024/01/26,retiro,3000,Ingreso mensual
9000114,2024-10-29,retiro,2500,Ingreso mensual
9000111,2024-07-30,depósito,3000,Compra en tienda
9000110,2024/11/15,compra,-100,Retiro parcial
9000116,17-01-2024,retiro,-100,Ingreso navideño
9000101,04/02/2024,depósito,2500,Compra en tienda
9000106,25-07-2024,compra,1500,
9000107,11/08/2024,retiro,-100,Ingreso extra
9000104,30/07/2024,compra,3000,Retiro parcial
9000119,2024/02/29,compra,,Ingreso mensual
9000115,31/10/2024,compra,1500,Ingreso mensual
9000111,09-04-2024,retiro,2500,Ingreso mensual
9000114,21-02-2024,pago,-500,Ingreso extra
9000104,31-01-2024,retiro,1500,Compra en tienda
9000117,2024/08/26,depósito,3000,Ingreso mensual
9000114,2024/10/03,compra,3000,Ingreso extra
9000101,07-03-2024,retiro,-100,
9000102,2024/12/24,pago,3000,Ingreso extra
9000119,27/07/2024,retiro,-500,Compra en tienda
9000116,2024/10/31,retiro,3000,
9000108,23/10/2024,retiro,2000,Compra en tienda
9000118,19/01/2024,retiro,5000,Ingreso extra
9000112,22/11/2024,compra,2000,Ingreso navideño
9000101,2024/01/17,pago,-100,
9000117,05-09-2024,deposito,2000,Ingreso mensual
9000108,2024/06/30,compra,2500,
9000109,2024-01-22,retiro,-100,
9000104,26/05/2024,deposito,2500,Ingreso navideño
9000108,31/10/2024,deposito,-500,Retiro parcial
9000109,21-10-2024,deposito,2500,Ingreso navideño
9000115,2024/07/12,compra,1500,
9000106,2024/03/23,compra,2000,Compra en tienda
9000115,19/06/2024,compra,2000,
9000113,13/06/2024,deposito,-500,Ingreso mensual
9000109,12/02/2024,compra,-100,Retiro parcial
9000104,2024/03/19,retiro,-500,Ingreso extra
9000110,2024/11/25,compra,2000,Ingreso mensual
9000104,16-07-2024,compra,1000,
9000120,03-10-2024,deposito,2500,Compra en tienda
9000120,2024/12/21,compra,-500,Compra en tienda
9000103,29-07-2024,compra,3000,Ingreso navideño
9000107,09/04/2024,deposito,1000,Ingreso mensual
9000115,2024/12/22,retiro,-100,Ingreso mensual
9000108,22-09-2024,retiro,-500,Ingreso extra
9000111,04/12/2024,depósito,1000,Ingreso extra
9000110,2024/07/08,retiro,2000,
9000116,2024/10/07,compra,3000,Retiro parcial
9000103,02-09-2024,retiro,1500,Ingreso navideño
9000108,12-03-2024,deposito,-500,Ingreso mensual
9000113,14-09-2024,deposito,2000,Ingreso mensual
9000118,2024-09-01,compra,-100,Ingreso mensual
9000112,12-06-2024,retiro,-500,Ingreso navideño
9000119,23-12-2024,compra,-500,Ingreso navideño
9000112,17-07-2024,retiro,-100,Ingreso mensual
9000105,17/12/2024,retiro,,Retiro parcial
9000115,2024/04/04,deposito,-100,Ingreso extra
9000120,2024/07/10,compra,3000,
9000104,2024/04/02,deposito,1500,Retiro parcial
9000109,21/01/2024,deposito,2000,
9000118,15-06-2024,retiro,3000,
9000105,21/04/2024,retiro,1500,Ingreso extra
9000103,2024-03-10,compra,3000,
9000104,2024-07-17,compra,,Retiro parcial
9000104,23-05-2024,compra,1500,Ingreso extra
9000119,2024-05-22,deposito,1000,Ingreso mensual
9000111,04/05/2024,deposito,,Ingreso navideño
9000116,12-09-2024,deposito,3000,Ingreso mensual
9000116,2024/10/06,retiro,2500,Ingreso extra
9000116,22/09/2024,deposito,2000,Ingreso extra
9000107,08/08/2024,compra,-500,Retiro parcial
9000117,01-11-2024,deposito,,
9000110,13-12-2024,deposito,1000,Ingreso extra
9000102,2024/05/23,pago,-500,Ingreso mensual
9000120,2024-07-26,retiro,,Ingreso mensual
9000113,03/12/2024,retiro,2000,Ingreso navideño
9000114,2024/05/14,retiro,3000,
9000102,2024/08/30,retiro,,Ingreso navideño
9000110,2024/05/01,retiro,2500,Compra en tienda
9000111,2024-05-10,retiro,1500,Compra en tienda
9000103,2024-07-15,pago,3000,
9000102,2024/08/03,pago,1000,
9000112,25-11-2024,deposito,1500,Ingreso navideño
9000117,27-04-2024,compra,3000,Retiro parcial
9000110,2024/08/11,compra,-500,Compra en tienda
9000116,06/12/2024,retiro,2000,Ingreso mensual
9000112,2024/08/26,retiro,1500,
9000107,09/03/2024,deposito,-500,Ingreso mensual
9000107,15-06-2024,compra,,
9000117,2024/03/07,retiro,3000,Ingreso mensual
9000101,06-10-2024,deposito,1500,Ingreso mensual
9000116,2024-01-03,deposito,2500,Ingreso navideño
9000117,2024/12/08,retiro,3000,Ingreso extra
9000108,2024/11/02,deposito,2500,Ingreso extra
9000102,2024/02/14,retiro,3000,
9000119,24/10/2024,depósito,1000,Ingreso navideño
9000118,26-03-2024,compra,1500,
9000102,2024/10/12,retiro,1500,Ingreso mensual
9000110,14-01-2024,pago,1500,Retiro parcial
9000111,2024-11-04,retiro,3000,Retiro parcial
9000109,2024/02/13,pago,-500,Ingreso extra
9000114,2024-03-16,compra,,Retiro parcial
9000109,2024/10/18,compra,1000,Retiro parcial
9000105,12/01/2024,deposito,1000,Retiro parcial
9000103,08-12-2024,deposito,-500,Compra en tienda
9000115,2024-12-28,deposito,2500,
9000116,2024/04/05,compra,-500,Ingreso navideño
9000107,2024-05-31,deposito,-100,Retiro parcial
9000101,22/12/2024,deposito,2500,Ingreso navideño
9000104,2024-11-05,pago,2000,Ingreso mensual
9000110,23/11/2024,compra,1500,Ingreso mensual
9000101,2024-04-26,compra,1500,Ingreso extra
9000115,13/11/2024,compra,2000,Compra en tienda
9000101,12-06-2024,deposito,2000,Ingreso extra
9000109,14-07-2024,depósito,2000,Ingreso mensual
9000101,22-11-2024,retiro,1000,
9000106,2024-09-26,deposito,-500,Ingreso extra
9000119,2024-10-18,retiro,-100,Compra en tienda
9000102,24/08/2024,retiro,-500,Retiro parcial
9000113,2024-02-27,deposito,1000,Ingreso mensual
9000108,17/07/2024,compra,3000,Ingreso extra
9000112,2024-01-20,retiro,5000,
9000119,2024-07-01,deposito,2000,
9000117,2024/03/29,compra,2000,Compra en tienda
9000113,2024-03-09,compra,-100,Compra en tienda
9000111,2024/10/31,retiro,-500,
9000120,15-04-2024,pago,1000,Compra en tienda
9000112,2024-10-06,deposito,2000,Ingreso extra
9000102,2024/05/26,pago,2500,Ingreso mensual
9000105,24/05/2024,compra,3000,Ingreso mensual
9000107,03/03/2024,retiro,1500,
9000118,09/06/2024,retiro,,Ingreso navideño
9000105,13-05-2024,deposito,-100,Retiro parcial
9000106,2024-01-29,deposito,2500,
9000104,2024/06/24,retiro,1000,
9000109,30-08-2024,deposito,3000,
9000118,17/12/2024,deposito,2500,Ingreso extra
9000104,15/04/2024,compra,3000,Ingreso navideño
9000107,2024/05/02,deposito,2500,Retiro parcial
9000118,2024-11-14,retiro,-500,
9000102,04/10/2024,compra,-500,Retiro parcial
9000114,2024-04-23,deposito,1500,Compra en tienda
9000119,2024-11-18,retiro,3000,Ingreso navideño
9000111,25/01/2024,depósito,2500,Compra en tienda
9000117,13-09-2024,pago,1500,Ingreso extra
9000102,11/05/2024,retiro,-100,Ingreso extra
9000112,2024-05-30,pago,-100,Ingreso navideño
9000106,2024/07/20,compra,2000,Compra en tienda
9000103,2024-12-23,retiro,2500,
9000120,2024-02-07,deposito,1500,Retiro parcial
9000120,16/01/2024,compra,2000,
9000109,2024-11-14,deposito,1500,Compra en tienda
9000113,2024-09-08,deposito,-100,Ingreso navideño
9000109,10-03-2024,deposito,3000,Retiro parcial
9000106,22/02/2024,compra,1000,Ingreso navideño
9000105,10-07-2024,retiro,3000,Ingreso mensual
9000102,09/12/2024,deposito,1500,Ingreso extra
9000119,17-08-2024,compra,2500,
9000120,2024-05-15,retiro,-500,Ingreso navideño
9000110,2024/11/15,deposito,0,
9000114,29/12/2024,deposito,2000,Compra en tienda
9000102,2024-10-06,retiro,-500,
9000109,2024-06-25,deposito,2500,Retiro parcial
9000104,09-08-2024,compra,3000,
9000116,2024/03/10,retiro,,Ingreso mensual
9000115,2024-01-23,compra,1000,Ingreso extra
9000119,08/08/2024,compra,1000,
9000108,2024-11-23,retiro,1500,Compra en tienda
9000112,01/06/2024,retiro,3000,Compra en tienda
9000104,13-01-2024,compra,3000,Ingreso navideño
9000117,25/04/2024,compra,-100,Retiro parcial
9000115,2024-11-24,retiro,1500,
9000112,09-08-2024,deposito,1500,Ingreso mensual
9000114,2024/06/08,retiro,2000,
9000120,2024/04/03,compra,2000,Retiro parcial
9000113,29/10/2024,deposito,2000,
9000115,2024/03/10,deposito,3000,Ingreso extra
9000117,2024-11-07,compra,3000,Ingreso navideño
9000114,2024/04/16,compra,1500,Retiro parcial
9000104,04/01/2024,deposito,1000,Ingreso mensual
9000113,02/12/2024,deposito,2000,Compra en tienda
9000106,2024-06-28,retiro,1500,Ingreso mensual
9000101,2024/08/24,compra,0,Compra en tienda
9000104,31/05/2024,retiro,,
9000105,2024/05/29,deposito,3000,Ingreso navideño
9000115,01/03/2024,retiro,1000,
9000104,2024/07/03,deposito,2000,Compra en tienda
9000120,2024/02/12,compra,1500,Retiro parcial
9000112,2024/04/06,compra,1500,Ingreso navideño
9000120,2024-07-28,retiro,3000,Ingreso mensual
9000110,2024-06-20,retiro,-500,Ingreso navideño
9000115,25-04-2024,retiro,-100,Ingreso mensual
9000111,25-09-2024,compra,2500,Ingreso navideño
9000102,30/03/2024,compra,3000,
9000116,15/05/2024,retiro,1000,Compra en tienda
9000105,2024-01-29,compra,1000,Ingreso navideño
9000110,17/04/2024,compra,3000,Ingreso navideño
9000108,2024/11/21,deposito,-500,Ingreso navideño
9000105,2024/04/20,retiro,-500,Retiro parcial
9000110,2024/11/01,retiro,-500,Ingreso navideño
9000108,2024/04/01,retiro,2500,
9000120,2024/07/13,deposito,1500,Ingreso mensual
9000117,27/04/2024,deposito,1500,Ingreso navideño
9000120,2024/12/27,compra,-100,
9000104,2024/07/07,deposito,-100,
9000111,15/08/2024,deposito,1500,Ingreso extra
9000106,27-08-2024,depósito,2000,Compra en tienda
9000109,29-08-2024,retiro,2500,Retiro parcial
9000113,13/12/2024,compra,,Ingreso navideño
9000105,2024/07/01,compra,1500,
9000112,18-07-2024,deposito,1000,Ingreso extra
9000117,15/11/2024,deposito,0,Ingreso navideño
9000103,2024-10-11,deposito,2500,
9000102,20/10/2024,depósito,3000,Ingreso extra
9000102,2024-03-02,compra,1000,Ingreso extra
9000115,13-03-2024,compra,1500,Ingreso extra
9000108,2024/10/01,retiro,1000,Retiro parcial
9000116,28-05-2024,compra,3000,Compra en tienda
9000102,2024/12/27,retiro,,Compra en tienda
9000104,13-08-2024,retiro,-500,Ingreso mensual
9000119,19-09-2024,retiro,-500,Ingreso navideño
9000114,03/11/2024,retiro,2000,
9000116,04-04-2024,compra,,Ingreso navideño
9000108,03-02-2024,retiro,2500,Ingreso mensual
9000109,2024-06-20,deposito,3000,
9000106,25/03/2024,compra,2000,Ingreso extra
9000106,22/08/2024,compra,-500,Ingreso mensual
9000115,24/10/2024,retiro,1000,
9000102,01-10-2024,compra,-500,Compra en tienda
9000119,2024-12-13,retiro,1500,Ingreso extra
9000106,25/06/2024,deposito,1000,Retiro parcial
9000105,10/04/2024,retiro,-500,Retiro parcial
9000115,2024/02/22,deposito,1500,
9000113,2024/08/30,retiro,2000,Ingreso extra
9000115,2024/04/24,deposito,2000,Ingreso mensual
9000106,30/01/2024,retiro,-500,Compra en tienda
9000118,19-06-2024,deposito,3000,
9000113,09-06-2024,deposito,3000,Ingreso navideño
9000110,24-03-2024,compra,-100,Ingreso extra
9000107,2024-03-29,retiro,2000,Retiro parcial
9000112,2024/04/29,retiro,2500,Ingreso navideño
9000102,2024-05-18,compra,1000,
9000102,2024-06-26,retiro,-100,Ingreso navideño
9000101,07/03/2024,deposito,3000,
9000111,06-10-2024,deposito,1500,Retiro parcial
9000112,07-08-2024,retiro,3000,
9000112,2024/09/06,deposito,0,Compra en tienda
9000118,03-10-2024,deposito,3000,Ingreso mensual
9000118,2024-05-12,pago,-500,
9000116,14/11/2024,deposito,3000,
9000110,07/03/2024,retiro,-100,Retiro parcial
9000116,28-04-2024,deposito,1000,Ingreso navideño
9000116,12-10-2024,deposito,-100,Ingreso extra
9000118,07/04/2024,deposito,1000,Compra en tienda
9000118,19-01-2024,retiro,1000,
9000111,07-07-2024,deposito,2500,Retiro parcial
9000118,2024-07-14,deposito,3000,Ingreso navideño
9000117,2024-09-04,retiro,5000,
9000102,09-08-2024,compra,3000,Ingreso navideño
9000118,06-01-2024,compra,3000,Compra en tienda
9000120,18-11-2024,retiro,2000,Ingreso extra
9000108,21/06/2024,retiro,2500,
9000105,04/07/2024,deposito,1000,
9000101,2024-08-01,retiro,2000,Ingreso extra
9000110,05/08/2024,deposito,1000,
9000107,2024-04-03,retiro,-500,
9000104,2024/08/29,retiro,2500,Ingreso mensual
9000108,2024/11/17,deposito,-100,Ingreso mensual
9000103,2024/05/08,compra,1000,Ingreso mensual
9000102,13-03-2024,compra,-100,Ingreso extra
9000102,2024/10/11,retiro,1500,Ingreso mensual
9000101,2024/04/20,compra,-100,Ingreso navideño
9000114,2024/04/13,compra,-100,Ingreso extra
9000105,2024/03/11,retiro,,Ingreso navideño
9000105,14/02/2024,retiro,-100,Ingreso navideño
9000112,2024-09-27,deposito,2000,
9000119,16-02-2024,deposito,-500,Retiro parcial
9000101,2024-04-08,retiro,-100,
9000118,01/08/2024,deposito,2500,
9000108,2024-04-17,compra,2000,Retiro parcial
9000106,15/03/2024,compra,2500,Ingreso extra
9000105,12/01/2024,retiro,1500,Ingreso extra
9000102,03-04-2024,retiro,3000,Ingreso mensual
9000106,11-12-2024,deposito,-100,
9000112,2024/10/16,retiro,-100,Ingreso navideño
9000106,22-02-2024,compra,1500,Ingreso extra
9000120,06-08-2024,deposito,-500,Retiro parcial
9000105,30/11/2024,deposito,-500,Ingreso navideño
9000103,04-09-2024,deposito,-500,Ingreso navideño
9000115,26/07/2024,compra,-500,Retiro parcial
9000104,01/10/2024,pago,-500,Retiro parcial
9000109,18-03-2024,compra,-500,Ingreso extra
9000118,12/09/2024,compra,-100,Retiro parcial
9000111,05/08/2024,retiro,-100,Compra en tienda
9000103,26-10-2024,compra,2000,Ingreso mensual
9000109,17-02-2024,deposito,1000,Ingreso navideño
9000114,2024-08-10,deposito,-500,Retiro parcial
9000109,2024-09-03,retiro,,Ingreso navideño
9000115,2024/09/14,compra,-100,Ingreso mensual
9000114,2024-02-19,retiro,1000,Ingreso navideño
9000104,2024-04-02,retiro,-100,Ingreso mensual
9000106,07-12-2024,retiro,2500,Ingreso navideño
9000108,29-01-2024,retiro,3000,Ingreso navideño
9000101,17/01/2024,retiro,-100,Compra en tienda
9000116,2024/05/25,deposito,3000,Ingreso mensual
9000118,11/01/2024,retiro,,
9000110,24/12/2024,retiro,3000,Retiro parcial
9000102,2024-10-10,retiro,-100,Ingreso navideño
9000106,2024-07-12,deposito,-100,Retiro parcial
9000114,2024-03-26,deposito,2000,Ingreso navideño
9000105,2024-06-07,deposito,2000,Ingreso mensual
9000120,27-02-2024,retiro,5000,
9000119,2024/07/25,retiro,2500,Ingreso navideño
9000114,2024/09/16,compra,,Ingreso extra
9000106,31/08/2024,compra,-100,Ingreso navideño
9000103,25-06-2024,deposito,1500,
9000112,01/12/2024,compra,2000,Ingreso extra
9000106,10/04/2024,deposito,-500,
9000109,11-05-2024,retiro,3000,Compra en tienda
9000114,22/12/2024,depósito,1500,Ingreso mensual
9000105,09/12/2024,retiro,1500,Ingreso navideño
9000109,20/07/2024,deposito,1500,Ingreso navideño
9000109,11-11-2024,compra,3000,Ingreso mensual
9000105,2024/04/18,pago,3000,Retiro parcial
9000114,10-12-2024,deposito,1500,
9000105,2024-05-23,compra,-100,Ingreso extra
9000103,2024/04/03,compra,2500,Retiro parcial
9000102,23-04-2024,compra,2000,Ingreso navideño
9000101,2024-06-30,deposito,1500,Ingreso extra
9000106,2024-01-29,compra,1000,Retiro parcial
9000105,04-12-2024,compra,1000,
9000105,27-01-2024,deposito,2000,Retiro parcial
9000105,16-08-2024,deposito,2500,Ingreso extra
9000117,2024-08-02,deposito,-100,Compra en tienda
9000113,29/10/2024,compra,2000,Compra en tienda
9000104,17/02/2024,depósito,1500,Retiro parcial
9000118,2024-02-18,deposito,2500,
9000107,08-05-2024,compra,,Retiro parcial
9000117,2024/11/17,depósito,1500,Retiro parcial
9000105,28/11/2024,deposito,1500,Ingreso extra
9000103,09-05-2024,deposito,-500,Retiro parcial
9000112,2024/03/15,compra,,Ingreso extra
9000108,03-09-2024,compra,1000,Retiro parcial
9000114,2024/10/10,compra,1500,
9000118,2024/02/07,compra,3000,Ingreso extra
9000107,2024/12/12,retiro,2000,Ingreso mensual
9000103,22-04-2024,compra,-100,Compra en tienda
9000102,16/04/2024,deposito,1500,Ingreso mensual
9000101,05/09/2024,deposito,2500,Ingreso extra
9000117,2024-03-01,deposito,3000,Ingreso extra
9000107,28-08-2024,pago,-500,Retiro parcial
9000119,2024/05/13,deposito,2000,Ingreso navideño
9000104,01/10/2024,deposito,-100,
9000107,2024/06/18,compra,2000,Retiro parcial
9000112,2024/05/11,pago,1500,Ingreso navideño
9000101,29-04-2024,deposito,3000,Ingreso extra
9000107,2024-10-31,retiro,-100,
9000117,2024-05-21,deposito,1500,Ingreso extra
9000119,13/02/2024,retiro,3000,Retiro parcial
9000113,2024/09/13,retiro,,
9000102,07/03/2024,retiro,2500,Ingreso mensual
9000106,2024-12-04,retiro,2000,Ingreso extra
9000116,2024/08/20,deposito,1500,
9000115,24-10-2024,retiro,1500,
9000119,11-09-2024,compra,2000,Compra en tienda
9000112,2024/03/19,depósito,1500,Compra en tienda
9000119,2024/02/11,deposito,0,Compra en tienda
9000111,2024-06-29,deposito,2500,Ingreso mensual
9000115,03-11-2024,compra,1000,Ingreso navideño
9000101,11/11/2024,compra,1000,Ingreso navideño
9000113,29-02-2024,deposito,2000,Ingreso navideño
9000109,24-05-2024,retiro,1000,Retiro parcial
9000116,11/07/2024,compra,-500,
9000111,2024-09-26,retiro,-500,Compra en tienda
9000117,2024/01/13,retiro,1000,Compra en tienda
9000114,2024/09/23,deposito,-100,Ingreso navideño
9000113,2024-09-02,depósito,3000,Compra en tienda
9000108,2024/11/07,retiro,2500,Ingreso extra
9000113,2024-05-11,compra,2500,
9000116,2024-06-30,retiro,1000,Ingreso extra
9000110,13-07-2024,deposito,3000,Ingreso extra
9000116,27/06/2024,deposito,5000,Ingreso navideño
9000108,2024/11/14,compra,3000,
9000118,07-10-2024,compra,3000,Retiro parcial
9000104,31-05-2024,retiro,1500,Retiro parcial
9000104,30-08-2024,retiro,-100,
9000118,04/04/2024,retiro,2000,
9000116,28/08/2024,deposito,2500,
9000111,2024/01/18,compra,2500,
9000116,2024/11/18,retiro,3000,Ingreso extra
9000103,2024/06/03,compra,-100,Ingreso extra
9000114,01/09/2024,retiro,2500,
9000110,2024-11-03,compra,-500,Ingreso mensual
9000112,12-01-2024,depósito,1500,Ingreso extra
9000109,2024/06/20,retiro,1000,Retiro parcial
9000117,20-07-2024,retiro,2500,
9000119,20/08/2024,deposito,2500,Compra en tienda
9000110,21/11/2024,retiro,-100,
9000115,2024/04/08,compra,1000,Ingreso navideño
9000103,13-09-2024,compra,,
9000119,2024/04/11,pago,2000,Ingreso extra
9000101,30-01-2024,depósito,3000,Compra en tienda
9000116,2024/03/08,compra,2000,Ingreso extra
9000102,2024-08-13,compra,5000,Retiro parcial
9000118,14/03/2024,deposito,3000,Retiro parcial
9000118,2024-04-21,deposito,-500,Ingreso navideño
9000112,2024/02/08,deposito,-500,
9000116,2024/07/05,retiro,2000,
9000115,17/09/2024,compra,2500,
9000106,15/06/2024,compra,2500,Ingreso navideño
9000114,2024/10/22,retiro,1500,Retiro parcial
9000108,2024-12-17,deposito,1000,Retiro parcial
9000111,2024-10-22,depósito,3000,
9000108,2024-04-17,retiro,1500,Ingreso extra
9000111,2024-06-24,compra,1000,
9000101,2024/06/20,deposito,-100,
9000104,08-05-2024,deposito,-100,
9000118,2024/11/08,compra,-500,Ingreso navideño
9000102,14-01-2024,compra,1500,Retiro parcial
9000105,2024-03-07,deposito,1000,Ingreso extra
9000105,26/04/2024,deposito,-500,Ingreso mensual
9000111,18-04-2024,compra,-100,Ingreso mensual
9000107,2024/12/14,compra,1500,Retiro parcial
9000104,2024-08-12,deposito,1000,Ingreso mensual
9000106,22-11-2024,deposito,2500,Compra en tienda
9000105,2024-04-29,compra,-100,Ingreso mensual
9000110,02-07-2024,pago,2500,Compra en tienda
9000117,13-06-2024,retiro,1500,Ingreso extra
9000116,13/11/2024,compra,1500,Ingreso extra
9000104,28/07/2024,deposito,-500,Ingreso navideño
9000114,05/12/2024,retiro,1500,Compra en tienda
9000114,2024-11-14,deposito,-100,Ingreso mensual
9000109,15/05/2024,deposito,2500,Retiro parcial
9000111,21/07/2024,retiro,1500,Ingreso mensual
9000106,2024-10-12,compra,1500,Ingreso navideño
9000119,2024/09/20,compra,2500,Retiro parcial
9000115,13-04-2024,depósito,3000,Ingreso extra
9000113,08/11/2024,compra,1500,
9000111,26-09-2024,retiro,1000,Ingreso mensual
9000110,2024/08/03,compra,1000,
9000110,2024-09-09,retiro,-100,Compra en tienda
9000103,05/06/2024,depósito,-100,Retiro parcial
9000107,2024-03-19,compra,1000,Ingreso extra
9000101,2024-08-04,compra,2000,Compra en tienda
9000111,2024/05/01,deposito,1500,Ingreso extra
9000109,23-09-2024,retiro,-500,Ingreso mensual
9000104,23/05/2024,compra,3000,Ingreso navideño
9000110,10-03-2024,retiro,-100,
9000105,2024/05/16,deposito,-500,Ingreso extra
9000115,2024-11-29,deposito,1000,Ingreso extra
9000103,17/01/2024,compra,-100,Compra en tienda
9000103,2024-09-28,deposito,-100,Ingreso mensual
9000111,2024/02/09,retiro,3000,Ingreso extra
9000119,2024/01/29,deposito,0,
9000116,2024-02-16,compra,2000,
9000107,27-11-2024,retiro,2500,
9000102,2024-11-14,compra,1500,Retiro parcial
9000116,2024/04/06,deposito,3000,Ingreso mensual
9000116,14-02-2024,deposito,1000,Ingreso extra
9000107,2024/12/26,deposito,2000,
9000114,20/05/2024,retiro,1000,Ingreso navideño
9000117,11/07/2024,compra,2500,Ingreso extra
9000114,2024-04-10,depósito,-500,Ingreso navideño
9000102,2024-09-08,depósito,2000,Compra en tienda
9000105,2024/09/28,compra,2500,
9000120,15/09/2024,retiro,-500,Compra en tienda
9000101,09-01-2024,compra,1500,
9000108,17/11/2024,retiro,-100,
9000111,2024/06/08,retiro,3000,Ingreso extra
9000116,2024/10/15,compra,-100,Ingreso navideño
9000119,16/07/2024,deposito,2500,Ingreso navideño
9000116,01-02-2024,retiro,3000,Ingreso navideño
9000106,2024-03-12,compra,3000,Ingreso extra
9000119,23-09-2024,compra,2000,Retiro parcial
9000106,2024-11-11,deposito,-500,Ingreso extra
9000118,03-03-2024,retiro,1500,Ingreso mensual
9000106,01-07-2024,compra,3000,Ingreso mensual
9000116,29/10/2024,compra,3000,Retiro parcial
9000115,2024-06-24,deposito,-500,Ingreso navideño
9000108,2024-07-08,retiro,-100,Ingreso navideño
9000110,2024/08/08,compra,-500,Ingreso extra
9000101,2024-07-20,retiro,2000,Compra en tienda
9000110,08-02-2024,compra,,Retiro parcial
9000102,2024/07/20,compra,1500,Ingreso mensual
9000108,2024-04-16,compra,3000,Compra en tienda
9000105,01/09/2024,deposito,,Ingreso mensual
9000103,2024/09/29,compra,-100,
9000107,2024/10/10,deposito,2000,Ingreso mensual
9000107,24-01-2024,deposito,-500,Ingreso mensual
9000112,02/09/2024,compra,1500,
9000106,17/06/2024,deposito,2000,Ingreso navideño
9000101,2024-11-23,compra,1500,Compra en tienda
9000107,2024/05/05,compra,3000,Ingreso mensual
9000115,12-08-2024,retiro,2000,Ingreso extra
9000101,2024/06/28,depósito,1500,Ingreso extra
9000112,24/08/2024,deposito,3000,Retiro parcial
9000116,08-06-2024,deposito,-500,
9000107,14-02-2024,compra,1500,Retiro parcial
9000119,2024-09-29,deposito,-100,Ingreso mensual
9000110,30/05/2024,compra,2500,Ingreso mensual
9000112,20-03-2024,deposito,3000,Retiro parcial
9000114,26-07-2024,compra,2000,Ingreso navideño
9000106,2024-10-19,retiro,1500,
9000107,2024-05-05,deposito,2500,
9000105,2024/02/15,deposito,1000,Ingreso extra
9000106,18-03-2024,deposito,1500,Ingreso mensual
9000104,16-03-2024,compra,2000,Compra en tienda
9000113,16/08/2024,compra,2000,Ingreso navideño
9000112,09/01/2024,compra,5000,Ingreso extra
9000113,09/10/2024,compra,-500,Ingreso extra
9000105,2024/02/06,retiro,-100,Retiro parcial
9000107,2024/10/17,pago,2500,
9000101,03-04-2024,pago,1500,Retiro parcial
9000105,2024-02-18,retiro,3000,Retiro parcial
9000102,2024-07-28,retiro,1000,
9000116,19/03/2024,compra,-500,Ingreso navideño
9000102,06/12/2024,deposito,2500,Retiro parcial
9000101,2024/08/31,deposito,3000,
9000120,2024-03-21,deposito,2500,Ingreso navideño
9000114,2024/06/06,retiro,2000,Ingreso extra
9000110,2024/06/06,compra,-100,Compra en tienda
9000107,16-12-2024,compra,3000,Compra en tienda
9000116,2024/06/12,deposito,1500,Ingreso mensual
9000115,27/09/2024,deposito,2500,Ingreso navideño
9000104,2024/05/30,retiro,2500,Compra en tienda
9000109,15-07-2024,compra,0,Compra en tienda
9000118,2024-05-22,retiro,1000,Ingreso extra
9000119,06-08-2024,deposito,1000,Retiro parcial
9000108,2024/10/12,pago,-100,Compra en tienda
9000103,03/10/2024,compra,1500,Ingreso navideño
9000108,01-12-2024,retiro,1000,
9000106,30/05/2024,depósito,2500,Ingreso navideño
9000101,12-01-2024,compra,-500,
9000109,05-08-2024,compra,3000,Ingreso navideño
9000114,2024-05-18,deposito,,Retiro parcial
9000115,10-01-2024,compra,2500,
9000101,2024/05/25,deposito,-100,Ingreso mensual
9000114,2024/01/22,depósito,-500,Ingreso mensual
9000107,02-01-2024,retiro,2000,Ingreso extra
9000119,09-09-2024,deposito,2000,Ingreso navideño
9000120,2024/02/07,retiro,-100,Ingreso mensual
9000112,2024/08/11,deposito,,
9000101,2024/09/02,depósito,3000,Ingreso navideño
9000107,2024-02-07,deposito,,Ingreso navideño
9000101,2024-09-30,deposito,-500,
9000106,15/09/2024,deposito,2000,
9000110,26/05/2024,retiro,3000,
9000105,23/09/2024,compra,1000,
9000118,20/05/2024,retiro,,Ingreso mensual
9000109,2024-04-03,compra,1500,Ingreso extra
9000107,2024-08-29,depósito,-100,Retiro parcial
9000111,29-10-2024,retiro,2500,
9000117,11/03/2024,deposito,2500,Retiro parcial
9000112,21-06-2024,retiro,1500,
9000105,2024/02/21,compra,1000,Ingreso extra
9000107,03-12-2024,compra,-500,
9000108,2024-12-20,retiro,2000,Retiro parcial
9000105,22-04-2024,retiro,-500,
9000107,18/02/2024,pago,2000,Compra en tienda
9000101,01-09-2024,compra,,
9000118,2024/10/27,depósito,2500,Compra en tienda
9000102,2024/05/30,retiro,3000,
9000103,20/04/2024,depósito,2000,Retiro parcial
9000119,25-06-2024,compra,2500,Ingreso extra
9000111,2024/08/08,compra,3000,
9000108,2024-01-27,retiro,2000,Ingreso extra
9000107,11-05-2024,retiro,3000,Compra en tienda
9000101,2024-11-24,deposito,-100,
9000104,2024-06-20,compra,-500,Ingreso extra
9000109,2024-08-19,retiro,-500,Compra en tienda
9000101,27-05-2024,deposito,,Ingreso navideño
9000108,20-12-2024,depósito,2500,Ingreso mensual
9000104,18-01-2024,retiro,5000,Ingreso extra
9000113,2024-05-02,compra,-100,Retiro parcial
9000114,15-02-2024,deposito,3000,Ingreso mensual
9000104,19-09-2024,deposito,2500,Compra en tienda
9000105,07-08-2024,deposito,2500,
9000108,19/11/2024,retiro,2000,Ingreso navideño
9000102,29/11/2024,compra,,Compra en tienda
9000108,22-01-2024,depósito,-500,
9000114,2024/02/21,depósito,1000,Compra en tienda
9000109,2024/02/07,compra,2000,Compra en tienda
9000111,2024-04-29,deposito,5000,Ingreso mensual
9000117,25-11-2024,retiro,3000,Ingreso navideño
9000112,2024/08/30,depósito,-500,Retiro parcial
9000112,2024/11/06,deposito,2000,Retiro parcial
9000101,22/04/2024,compra,2500,Ingreso mensual
9000107,2024/06/16,retiro,2500,Ingreso mensual
9000114,2024-05-17,compra,-100,Ingreso extra
9000113,13/02/2024,pago,3000,Ingreso extra
9000118,23-10-2024,retiro,1500,Compra en tienda
9000106,28-10-2024,retiro,2500,Ingreso navideño
9000105,08/01/2024,compra,-100,Ingreso extra
9000116,18/12/2024,deposito,,Ingreso navideño
9000112,26-02-2024,deposito,3000,Ingreso mensual
9000110,03/04/2024,deposito,-100,
9000111,2024-02-16,retiro,1500,
9000119,30/04/2024,compra,2500,Ingreso navideño
9000117,31-07-2024,compra,1000,
9000115,17-10-2024,retiro,-100,Retiro parcial
9000120,01-05-2024,compra,3000,Retiro parcial
9000107,06/04/2024,retiro,,Ingreso mensual
9000119,2024-10-26,compra,2000,Retiro parcial
9000105,07-10-2024,compra,-100,Ingreso navideño
9000116,06-09-2024,deposito,-100,Retiro parcial
9000118,12/04/2024,deposito,-100,Ingreso extra
9000118,2024-12-28,compra,1500,
9000113,2024-11-21,retiro,1000,Compra en tienda
9000104,25/08/2024,deposito,1500,Retiro parcial
9000117,20/04/2024,deposito,1000,Retiro parcial
9000110,2024/07/08,deposito,1500,Ingreso navideño
9000113,03-09-2024,retiro,3000,
9000115,2024/01/10,deposito,-1000,Retiro parcial
9000102,11-05-2024,retiro,2000,
9000108,2024-02-20,retiro,-100,Compra en tienda
9000107,2024-12-21,compra,1500,
9000102,17-12-2024,deposito,-100,Compra en tienda
9000115,2024/04/30,compra,2500,
9000114,2024/11/17,compra,-100,Compra en tienda
9000106,2024/06/08,compra,2500,Ingreso navideño
9000117,2024-07-20,compra,-500,Compra en tienda
9000111,2024-03-11,depósito,-500,Ingreso extra
9000116,14/05/2024,compra,3000,
9000113,2024/05/09,compra,2500,Ingreso mensual
9000120,12-08-2024,retiro,-500,
9000116,2024-07-28,compra,-1000,Ingreso navideño
9000104,2024/11/17,retiro,2000,Ingreso navideño
9000108,2024-09-22,deposito,1000,Compra en tienda
9000117,2024/02/01,deposito,1500,Ingreso mensual
9000115,09-02-2024,compra,0,
9000111,27-04-2024,deposito,-100,Compra en tienda
9000104,2024-08-10,deposito,-500,Ingreso navideño
9000117,19-04-2024,retiro,,Retiro parcial
9000107,2024-01-15,deposito,-100,Ingreso navideño
9000114,19-02-2024,deposito,-500,
9000110,2024/09/10,deposito,2500,
9000116,2024-10-07,retiro,2000,Compra en tienda
9000112,09/11/2024,deposito,1000,Compra en tienda
9000101,2024/01/25,deposito,1000,Ingreso extra
9000119,04/06/2024,compra,3000,
9000105,11/01/2024,pago,2500,Retiro parcial
9000119,2024-05-26,compra,1000,Compra en tienda
9000119,27/10/2024,deposito,2500,
9000102,16/07/2024,deposito,-500,Ingreso navideño
9000112,12/02/2024,retiro,2000,Ingreso navideño
9000115,05/01/2024,compra,1500,
9000113,2024-11-13,pago,2000,Ingreso extra
9000111,27/12/2024,compra,-500,Ingreso mensual
9000120,02-11-2024,depósito,3000,Ingreso extra
9000114,13-11-2024,compra,2500,Ingreso extra
9000115,2024/12/01,pago,-100,Ingreso mensual
9000107,13/05/2024,compra,1000,Ingreso navideño
9000108,25/09/2024,deposito,1500,Ingreso extra
9000114,2024/08/31,deposito,3000,Ingreso mensual
9000102,2024-02-09,compra,-100,
9000114,02/04/2024,retiro,2000,Ingreso mensual
9000118,2024/08/17,deposito,3000,Ingreso mensual
9000116,16/07/2024,retiro,3000,
9000111,07-03-2024,deposito,,Ingreso mensual
9000112,2024-10-01,deposito,1000,Retiro parcial
9000107,2024-04-21,deposito,1000,Retiro parcial
9000114,2024/05/30,compra,2000,
9000118,04-12-2024,retiro,1000,Ingreso extra
9000120,05/06/2024,compra,1000,Retiro parcial
9000113,11/01/2024,compra,-100,
9000109,2024-03-22,depósito,1500,Compra en tienda
9000113,2024-11-07,compra,-500,Ingreso navideño
9000105,2024/01/04,retiro,1000,Ingreso navideño
9000118,2024/04/03,deposito,3000,Compra en tienda
9000108,2024/06/13,compra,1000,Retiro parcial
9000105,11/02/2024,pago,1500,Retiro parcial
9000109,2024-11-09,compra,3000,Ingreso mensual
9000118,2024-11-11,compra,3000,Ingreso navideño
9000111,20/06/2024,compra,-100,Ingreso navideño
9000112,13/11/2024,deposito,-500,
9000111,2024-12-11,pago,1500,Ingreso mensual
9000109,27/01/2024,deposito,1000,Compra en tienda
9000115,2024/02/14,deposito,1000,Compra en tienda
9000110,13/11/2024,compra,2500,Retiro parcial
9000103,20/06/2024,retiro,3000,Ingreso mensual
9000104,20/10/2024,compra,1500,Ingreso mensual
9000112,2024-12-27,retiro,-1000,Ingreso navideño
9000106,2024-04-23,compra,-500,Ingreso extra
9000119,2024/02/07,compra,3000,Ingreso navideño
9000119,2024/12/15,deposito,1500,
9000110,12/04/2024,depósito,3000,Compra en tienda
9000104,2024/10/23,compra,-100,
9000112,20/12/2024,retiro,-500,Retiro parcial
9000119,17-02-2024,deposito,2500,
9000104,08-01-2024,deposito,2500,Ingreso navideño
9000118,2024-04-28,deposito,-100,
9000117,2024-10-28,deposito,-100,
9000105,12-09-2024,deposito,2500,Retiro parcial
9000118,20/05/2024,pago,2000,
