cuenta_id,nombre,saldo,edad,tipo
137,Bob Johnson,7000,,prestamo
114,Unknown,,30,-1
133,Alice Brown,12000,100,hipoteca
106,Jane Smith,12000,40,prestamo
122,Bob Johnson,7000,40,hipoteca
108,Jane Smith,12000,100,prestamo
124,Bob Johnson,12000,35,hipoteca
138,Steve Rogers,10000,25,-1
113,Charlie Green,,35,hipoteca
133,Steve Rogers,12000,40,prestamo
102,Alice Brown,12000,45,-1
130,Diana Prince,12000,45,hipoteca
137,Steve Rogers,12000,30,ahorro
145,Charlie Green,8000,150,ahorro
127,Bob Johnson,5000,30,ahorro
117,Steve Rogers,12000,100,ahorro
128,Diana Prince,7000,100,prestamo
147,Alice Brown,8000,100,hipoteca
148,John Doe,7000,,prestamo
142,Steve Rogers,5000,,-1
109,Charlie Green,7000,45,hipoteca
103,Jane Smith,8000,30,-1
110,Unknown,5000,35,-1
111,Diana Prince,10000,,hipoteca
136,Charlie Green,8000,100,-1
146,Steve Rogers,,30,ahorro
134,Charlie Green,8000,150,-1
113,Alice Brown,10000,45,prestamo
107,Alice Brown,,25,prestamo
111,Diana Prince,5000,30,prestamo
103,Jane Smith,7000,40,unknown
110,Jane Smith,8000,100,ahorro
116,Diana Prince,,,prestamo
105,Diana Prince,10000,25,prestamo
141,Unknown,7000,,ahorro
120,John Doe,,,-1
143,Steve Rogers,12000,30,ahorro
140,John Doe,,45,-1
107,Diana Prince,,25,ahorro
133,Alice Brown,10000,45,hipoteca
136,Steve Rogers,5000,40,hipoteca
150,Charlie Green,,40,hipoteca
137,Steve Rogers,,35,prestamo
126,Jane Smith,5000,25,-1
133,Diana Prince,8000,40,prestamo
126,Bob Johnson,12000,35,prestamo
104,Steve Rogers,8000,45,-1
143,Charlie Green,,150,hipoteca
133,Steve Rogers,,100,-1
121,Alice Brown,12000,100,-1
118,John Doe,8000,40,prestamo
104,Jane Smith,12000,150,ahorro
127,John Doe,5000,100,hipoteca
108,John Doe,8000,45,prestamo
123,Diana Prince,7000,,hipoteca
138,Alice Brown,5000,,-1
121,Steve Rogers,8000,,hipoteca
107,Charlie Green,10000,150,hipoteca
119,John Doe,10000,100,-1
122,Jane Smith,12000,25,prestamo
132,Jane Smith,10000,100,hipoteca
137,Bob Johnson,8000,,ahorro
139,Bob Johnson,,35,prestamo
102,Alice Brown,8000,,ahorro
133,Steve Rogers,10000,25,hipoteca
141,Bob Johnson,,,ahorro
140,Bob Johnson,8000,40,-1
126,Alice Brown,12000,,prestamo
110,Charlie Green,7000,45,hipoteca
123,John Doe,12000,100,prestamo
140,Steve Rogers,7000,40,ahorro
128,Jane Smith,8000,35,ahorro
107,Diana Prince,,25,-1
107,Unknown,5000,,ahorro
120,Bob Johnson,,40,-1
111,Charlie Green,12000,40,-1
106,Steve Rogers,7000,40,hipoteca
120,Unknown,,40,prestamo
132,Unknown,10000,30,hipoteca
137,Alice Brown,8000,100,hipoteca
119,Bob Johnson,10000,25,-1
136,Charlie Green,10000,35,-1
130,Charlie Green,,25,-1
137,John Doe,,40,-1
102,Bob Johnson,8000,45,-1
114,Charlie Green,10000,,-1
112,Steve Rogers,10000,,ahorro
140,Jane Smith,,35,-1
110,Charlie Green,7000,25,-1
105,Jane Smith,8000,40,prestamo
111,John Doe,5000,35,hipoteca
134,Alice Brown,10000,30,prestamo
149,Bob Johnson,8000,,ahorro
124,Bob Johnson,10000,25,prestamo
147,Alice Brown,12000,40,ahorro
122,Bob Johnson,,100,-1
102,Jane Smith,7000,,prestamo
138,John Doe,12000,150,prestamo
121,Steve Rogers,5000,35,prestamo
139,Alice Brown,5000,100,unknown
136,Alice Brown,10000,,ahorro
103,Charlie Green,8000,30,-1
147,Bob Johnson,7000,100,hipoteca
127,Alice Brown,7000,,-1
149,Alice Brown,10000,25,-1
115,Charlie Green,8000,45,-1
131,Steve Rogers,8000,150,-1
148,Bob Johnson,,30,unknown
106,Unknown,7000,30,ahorro
120,Jane Smith,5000,40,hipoteca
108,Jane Smith,10000,100,ahorro
130,Steve Rogers,5000,45,prestamo
113,Jane Smith,10000,,unknown
135,Charlie Green,12000,150,-1
150,Steve Rogers,,,hipoteca
123,Diana Prince,,30,ahorro
146,Jane Smith,12000,100,hipoteca
105,Steve Rogers,8000,25,-1
127,Diana Prince,,150,-1
113,Charlie Green,,30,-1
145,Diana Prince,,25,-1
123,Bob Johnson,5000,25,ahorro
142,John Doe,,35,hipoteca
141,Steve Rogers,8000,35,ahorro
146,Charlie Green,7000,30,ahorro
133,John Doe,12000,35,-1
128,John Doe,,35,unknown
124,Diana Prince,12000,45,ahorro
112,Bob Johnson,8000,25,hipoteca
126,Diana Prince,12000,,hipoteca
149,Alice Brown,8000,,prestamo
116,Unknown,12000,25,prestamo
111,Unknown,5000,100,hipoteca
107,Unknown,12000,30,hipoteca
121,John Doe,,35,hipoteca
123,Bob Johnson,12000,45,-1
108,Alice Brown,10000,,ahorro
121,John Doe,,,-1
134,Charlie Green,7000,45,hipoteca
108,Jane Smith,12000,45,-1
143,Charlie Green,5000,40,hipoteca
115,Bob Johnson,7000,25,-1
135,Diana Prince,7000,100,-1
115,Steve Rogers,7000,25,hipoteca
137,Steve Rogers,8000,,-1
141,Bob Johnson,8000,30,prestamo
112,John Doe,7000,150,-1
111,John Doe,,25,-1
121,John Doe,,150,ahorro
117,Bob Johnson,5000,,prestamo
120,Diana Prince,,,ahorro
120,Jane Smith,5000,40,prestamo
140,Alice Brown,5000,25,ahorro
129,John Doe,12000,35,unknown
130,Jane Smith,10000,45,prestamo
122,Jane Smith,5000,100,unknown
138,Diana Prince,5000,,-1
130,John Doe,5000,35,hipoteca
126,Alice Brown,7000,25,hipoteca
145,Steve Rogers,,,ahorro
107,Steve Rogers,10000,,ahorro
119,Diana Prince,10000,25,hipoteca
147,Jane Smith,12000,25,prestamo
146,Jane Smith,,25,-1
116,Steve Rogers,10000,30,-1
123,Alice Brown,,25,hipoteca
103,Alice Brown,,150,hipoteca
140,John Doe,,30,-1
120,Charlie Green,7000,,hipoteca
105,Jane Smith,7000,40,unknown
150,Bob Johnson,8000,40,ahorro
132,Bob Johnson,5000,150,-1
122,Unknown,12000,45,prestamo
120,Alice Brown,12000,45,-1
140,John Doe,7000,30,ahorro
143,Charlie Green,5000,100,ahorro
123,Steve Rogers,,,prestamo
144,Alice Brown,8000,45,ahorro
101,Diana Prince,8000,35,ahorro
132,John Doe,7000,30,hipoteca
123,Bob Johnson,10000,,ahorro
135,Steve Rogers,10000,45,unknown
119,Steve Rogers,8000,40,prestamo
127,Steve Rogers,5000,45,ahorro
150,Charlie Green,12000,45,prestamo
104,Jane Smith,10000,,hipoteca
110,Charlie Green,8000,,prestamo
148,Jane Smith,8000,25,ahorro
109,Steve Rogers,5000,45,prestamo
145,Steve Rogers,,,prestamo
109,Steve Rogers,10000,,prestamo
132,John Doe,12000,45,-1
131,Alice Brown,7000,45,ahorro
150,Alice Brown,10000,40,unknown
121,Alice Brown,12000,35,hipoteca
145,Alice Brown,7000,,ahorro
148,Alice Brown,7000,,hipoteca
120,Charlie Green,7000,40,-1
134,Diana Prince,12000,30,ahorro
103,Bob Johnson,10000,,-1
137,Alice Brown,,45,ahorro
140,Alice Brown,7000,,hipoteca
133,Alice Brown,7000,30,ahorro
114,Bob Johnson,5000,30,-1
114,Steve Rogers,5000,100,prestamo
105,Diana Prince,5000,30,-1
116,Alice Brown,8000,35,-1
140,John Doe,,45,-1
142,Alice Brown,,100,prestamo
125,Jane Smith,12000,30,-1
119,Charlie Green,5000,35,hipoteca
114,Charlie Green,7000,100,-1
112,John Doe,12000,,ahorro
128,Jane Smith,7000,100,hipoteca
118,Bob Johnson,10000,45,hipoteca
150,Jane Smith,8000,,-1
129,Charlie Green,10000,40,-1
143,Jane Smith,12000,40,hipoteca
124,Steve Rogers,8000,25,hipoteca
127,Steve Rogers,,,prestamo
125,Charlie Green,12000,25,-1
126,Diana Prince,,35,prestamo
118,Bob Johnson,8000,,ahorro
114,Alice Brown,,,-1
114,Charlie Green,10000,150,hipoteca
138,Diana Prince,7000,35,-1
141,Charlie Green,7000,35,hipoteca
140,Jane Smith,8000,30,hipoteca
110,Steve Rogers,8000,30,prestamo
140,Steve Rogers,12000,,ahorro
107,Alice Brown,10000,40,prestamo
124,John Doe,7000,30,prestamo
123,Steve Rogers,12000,35,hipoteca
144,Charlie Green,7000,150,prestamo
132,Alice Brown,5000,,ahorro
122,Jane Smith,,100,-1
116,Alice Brown,12000,30,-1
111,Steve Rogers,5000,35,ahorro
129,Unknown,,35,-1
117,Steve Rogers,10000,,hipoteca
126,Jane Smith,7000,40,ahorro
101,Diana Prince,12000,40,prestamo
147,John Doe,,35,hipoteca
119,Diana Prince,10000,40,ahorro
144,John Doe,,,prestamo
123,Steve Rogers,,,-1
122,Charlie Green,5000,,prestamo
102,Bob Johnson,12000,35,hipoteca
106,Diana Prince,,30,prestamo
134,Diana Prince,12000,35,prestamo
125,Steve Rogers,,100,ahorro
110,Jane Smith,7000,40,ahorro
139,Alice Brown,12000,100,unknown
115,Alice Brown,7000,,ahorro
106,Diana Prince,5000,100,unknown
114,Steve Rogers,7000,45,-1
117,Bob Johnson,7000,40,ahorro
103,Charlie Green,,30,hipoteca
109,Diana Prince,,40,hipoteca
111,John Doe,12000,40,hipoteca
107,John Doe,12000,45,hipoteca
102,Jane Smith,5000,,prestamo
103,Diana Prince,8000,45,prestamo
109,Diana Prince,5000,45,hipoteca
122,Diana Prince,8000,30,ahorro
137,John Doe,10000,150,prestamo
136,Diana Prince,,30,unknown
123,John Doe,8000,,ahorro
106,Alice Brown,12000,100,ahorro
123,Alice Brown,10000,,-1
129,Steve Rogers,7000,40,ahorro
142,John Doe,8000,100,hipoteca
138,Jane Smith,7000,45,ahorro
122,Diana Prince,5000,25,-1
126,Charlie Green,,35,hipoteca
129,Steve Rogers,7000,45,ahorro
106,Charlie Green,12000,35,ahorro
121,Bob Johnson,5000,25,-1
149,Charlie Green,,100,prestamo
143,Diana Prince,,40,hipoteca
121,Charlie Green,5000,,ahorro
116,John Doe,12000,,-1
133,Jane Smith,12000,45,ahorro
114,Steve Rogers,10000,45,hipoteca
135,Alice Brown,12000,45,prestamo
102,Alice Brown,12000,30,hipoteca
104,Unknown,10000,25,ahorro
145,Jane Smith,,25,prestamo
138,Alice Brown,,45,ahorro
114,John Doe,8000,25,-1
141,Steve Rogers,7000,45,hipoteca
115,John Doe,5000,35,ahorro
101,Steve Rogers,10000,100,ahorro
128,Diana Prince,8000,35,-1
120,Alice Brown,10000,100,-1
150,Unknown,10000,100,-1
121,Alice Brown,5000,40,-1
114,Bob Johnson,8000,45,unknown
117,Alice Brown,5000,,ahorro
147,Diana Prince,8000,150,ahorro
109,Bob Johnson,,,hipoteca
112,Diana Prince,10000,150,-1
149,Diana Prince,5000,25,hipoteca
120,Alice Brown,5000,45,-1
138,Diana Prince,5000,40,ahorro
112,Jane Smith,,150,hipoteca
149,Charlie Green,12000,40,prestamo
141,Alice Brown,5000,,-1
149,Steve Rogers,10000,40,-1
118,John Doe,7000,35,prestamo
132,Bob Johnson,7000,100,-1
141,Alice Brown,10000,30,-1
123,Unknown,7000,100,prestamo
118,John Doe,10000,100,hipoteca
138,Jane Smith,,,hipoteca
123,Alice Brown,8000,45,-1
129,Bob Johnson,12000,45,prestamo
144,Charlie Green,7000,30,-1
126,Diana Prince,5000,45,ahorro
136,Steve Rogers,12000,35,-1
105,John Doe,10000,150,ahorro
115,Bob Johnson,7000,35,hipoteca
147,John Doe,,30,ahorro
145,Bob Johnson,,35,ahorro
138,Charlie Green,,100,prestamo
134,Unknown,7000,45,ahorro
123,Charlie Green,5000,40,-1
115,John Doe,10000,35,prestamo
146,Bob Johnson,10000,40,-1
113,John Doe,8000,25,hipoteca
132,Steve Rogers,5000,45,hipoteca
101,Jane Smith,7000,45,hipoteca
123,Unknown,10000,35,prestamo
140,Unknown,12000,40,hipoteca
105,Diana Prince,7000,100,ahorro
128,Steve Rogers,5000,,ahorro
113,Unknown,,40,-1
106,Charlie Green,10000,100,ahorro
116,Diana Prince,8000,100,ahorro
140,John Doe,,30,hipoteca
127,Diana Prince,8000,30,ahorro
110,Alice Brown,7000,,-1
115,Diana Prince,,40,-1
138,Charlie Green,5000,,-1
150,Diana Prince,8000,35,-1
101,Steve Rogers,5000,35,-1
105,Alice Brown,,25,prestamo
150,Steve Rogers,,25,hipoteca
137,Charlie Green,7000,150,hipoteca
124,John Doe,,35,prestamo
132,John Doe,,40,-1
113,Alice Brown,,,-1
119,Steve Rogers,,35,-1
113,Charlie Green,7000,,unknown
146,Charlie Green,8000,25,unknown
121,Alice Brown,5000,25,hipoteca
143,John Doe,12000,35,prestamo
118,Jane Smith,5000,25,-1
144,Diana Prince,8000,100,prestamo
127,John Doe,12000,100,ahorro
120,John Doe,,,-1
133,Steve Rogers,5000,35,prestamo
114,Jane Smith,12000,100,unknown
139,Charlie Green,12000,45,-1
132,Alice Brown,12000,100,hipoteca
108,Alice Brown,5000,25,hipoteca
107,John Doe,8000,35,hipoteca
107,Bob Johnson,8000,45,-1
118,Charlie Green,5000,100,hipoteca
149,Steve Rogers,,150,prestamo
107,Alice Brown,10000,45,prestamo
128,Diana Prince,7000,,hipoteca
102,Diana Prince,5000,35,hipoteca
127,Charlie Green,7000,30,-1
112,Bob Johnson,5000,25,ahorro
120,Jane Smith,5000,150,-1
146,John Doe,,45,unknown
132,Bob Johnson,8000,100,prestamo
112,Jane Smith,,100,-1
129,Steve Rogers,7000,150,-1
136,Bob Johnson,10000,,hipoteca
134,Diana Prince,12000,100,ahorro
105,Jane Smith,10000,25,-1
112,Bob Johnson,,25,ahorro
150,John Doe,7000,40,ahorro
111,Steve Rogers,10000,,-1
149,Unknown,8000,40,ahorro
109,John Doe,8000,25,hipoteca
147,John Doe,,30,ahorro
144,Alice Brown,8000,30,hipoteca
120,Bob Johnson,5000,45,-1
133,John Doe,10000,,hipoteca
114,Jane Smith,5000,35,ahorro
114,Steve Rogers,10000,100,-1
132,Diana Prince,7000,,-1
147,Unknown,5000,45,-1
104,Steve Rogers,,,hipoteca
108,Alice Brown,,100,prestamo
126,Unknown,12000,25,-1
118,Jane Smith,10000,45,ahorro
110,John Doe,8000,25,-1
116,Steve Rogers,7000,150,hipoteca
107,John Doe,7000,25,-1
133,Alice Brown,5000,35,prestamo
115,Bob Johnson,10000,45,hipoteca
134,Diana Prince,10000,40,-1
145,John Doe,5000,35,hipoteca
141,John Doe,10000,35,prestamo
103,John Doe,,45,hipoteca
117,Alice Brown,10000,100,unknown
106,Diana Prince,8000,25,-1
128,Jane Smith,8000,30,-1
103,Jane Smith,7000,25,unknown
120,Jane Smith,5000,,ahorro
109,Alice Brown,,150,hipoteca
135,Charlie Green,12000,,prestamo
129,Diana Prince,,30,hipoteca
130,John Doe,,40,ahorro
130,Jane Smith,8000,25,prestamo
104,Bob Johnson,12000,30,prestamo
144,Steve Rogers,10000,,prestamo
120,Jane Smith,,25,prestamo
101,John Doe,10000,35,prestamo
102,Jane Smith,,150,hipoteca
145,Alice Brown,,100,hipoteca
136,Jane Smith,7000,40,ahorro
122,Alice Brown,10000,45,hipoteca
121,Diana Prince,7000,45,prestamo
134,Charlie Green,10000,45,prestamo
137,Jane Smith,8000,,-1
130,Alice Brown,,25,-1
116,Alice Brown,12000,40,unknown
133,Alice Brown,5000,35,hipoteca
126,Bob Johnson,,,ahorro
129,Jane Smith,10000,,-1
138,Unknown,10000,30,-1
148,Unknown,5000,100,ahorro
124,Steve Rogers,7000,,hipoteca
110,Alice Brown,7000,,-1
139,Jane Smith,,100,-1
107,Alice Brown,7000,100,prestamo
142,Steve Rogers,7000,30,-1
113,John Doe,,30,prestamo
107,Alice Brown,10000,40,-1
140,Charlie Green,5000,,prestamo
113,Alice Brown,7000,150,-1
114,Bob Johnson,7000,,-1
102,Bob Johnson,5000,150,hipoteca
138,Jane Smith,7000,45,prestamo
143,Charlie Green,,45,-1
103,Jane Smith,10000,100,-1
107,Alice Brown,7000,,hipoteca
112,Bob Johnson,10000,30,ahorro
107,Bob Johnson,,35,hipoteca
142,Steve Rogers,,25,ahorro
148,Charlie Green,8000,,ahorro
144,Bob Johnson,10000,,unknown
118,Diana Prince,7000,40,prestamo
114,Steve Rogers,10000,,unknown
103,Jane Smith,5000,,ahorro
150,Diana Prince,10000,25,-1
125,John Doe,,25,-1
150,Jane Smith,8000,150,hipoteca
123,John Doe,5000,35,unknown
120,John Doe,7000,30,prestamo
138,Bob Johnson,10000,30,-1
141,John Doe,12000,25,ahorro
113,Steve Rogers,7000,45,hipoteca
102,Charlie Green,12000,40,ahorro
137,Jane Smith,7000,150,ahorro
103,Diana Prince,10000,100,-1
136,Alice Brown,5000,25,prestamo
145,Steve Rogers,,100,-1
138,John Doe,10000,25,unknown
117,Diana Prince,12000,,hipoteca
131,Bob Johnson,10000,,-1
132,Unknown,12000,,prestamo
146,Bob Johnson,,30,-1
108,John Doe,8000,45,prestamo
112,Jane Smith,5000,40,unknown
119,Steve Rogers,5000,45,unknown
137,Alice Brown,8000,,-1
127,Charlie Green,7000,30,unknown
109,Unknown,,25,-1
118,John Doe,,40,hipoteca
121,John Doe,,25,ahorro
105,Bob Johnson,8000,40,ahorro
119,John Doe,8000,,ahorro
122,Bob Johnson,5000,40,ahorro
122,Diana Prince,7000,,ahorro
113,John Doe,12000,,ahorro
131,Bob Johnson,7000,35,-1
111,Steve Rogers,,,hipoteca
114,Diana Prince,,,ahorro
139,Charlie Green,5000,35,unknown
134,Bob Johnson,5000,25,prestamo
150,Alice Brown,7000,35,ahorro
103,John Doe,5000,,prestamo
108,Alice Brown,5000,30,unknown
140,Alice Brown,8000,40,ahorro
147,Charlie Green,7000,25,prestamo
110,Bob Johnson,7000,35,hipoteca
143,Charlie Green,10000,35,-1
137,Bob Johnson,5000,40,-1
124,John Doe,7000,,hipoteca
140,Alice Brown,5000,35,prestamo
112,Steve Rogers,8000,30,prestamo
102,Alice Brown,8000,45,prestamo
131,Diana Prince,5000,45,hipoteca
104,Steve Rogers,10000,25,prestamo
128,Diana Prince,,35,hipoteca
133,Alice Brown,,,hipoteca
138,Alice Brown,8000,45,prestamo
121,Bob Johnson,8000,35,hipoteca
130,John Doe,5000,25,prestamo
143,Diana Prince,,35,unknown
116,Diana Prince,,30,hipoteca
136,Diana Prince,5000,40,prestamo
105,Unknown,10000,45,prestamo
107,Alice Brown,10000,,hipoteca
135,Steve Rogers,12000,25,ahorro
126,John Doe,5000,45,ahorro
101,Alice Brown,8000,25,hipoteca
111,John Doe,,,ahorro
121,Steve Rogers,12000,30,-1
138,Alice Brown,12000,30,ahorro
116,Bob Johnson,,45,-1
101,John Doe,8000,30,hipoteca
133,John Doe,,25,ahorro
129,Diana Prince,8000,45,ahorro
138,Jane Smith,12000,30,prestamo
127,Diana Prince,7000,40,-1
137,Jane Smith,10000,45,hipoteca
115,Jane Smith,12000,45,-1
123,John Doe,5000,25,ahorro
109,Diana Prince,,,hipoteca
122,Charlie Green,10000,45,hipoteca
135,John Doe,10000,,-1
102,Jane Smith,5000,40,prestamo
110,Steve Rogers,,,hipoteca
112,Jane Smith,10000,,ahorro
132,Bob Johnson,10000,100,-1
104,Jane Smith,8000,,-1
120,Steve Rogers,,30,prestamo
126,Alice Brown,8000,,prestamo
124,Steve Rogers,,45,-1
127,Charlie Green,5000,150,ahorro
132,Diana Prince,8000,45,hipoteca
131,Jane Smith,10000,40,-1
123,Alice Brown,12000,35,hipoteca
134,John Doe,8000,40,-1
114,Steve Rogers,,45,unknown
111,Bob Johnson,,,prestamo
139,Charlie Green,10000,40,ahorro
133,John Doe,10000,35,-1
147,Charlie Green,10000,150,hipoteca
145,Bob Johnson,12000,35,hipoteca
104,Diana Prince,,30,ahorro
115,Diana Prince,,,hipoteca
144,Bob Johnson,12000,35,-1
101,Charlie Green,12000,35,hipoteca
134,Charlie Green,12000,30,-1
121,Bob Johnson,7000,30,hipoteca
114,Steve Rogers,7000,100,ahorro
145,Diana Prince,12000,35,prestamo
147,Steve Rogers,8000,30,ahorro
117,Alice Brown,5000,25,-1
131,Charlie Green,10000,,-1
115,Bob Johnson,8000,45,hipoteca
109,Jane Smith,5000,100,hipoteca
126,Alice Brown,8000,30,-1
143,Bob Johnson,10000,30,ahorro
114,Diana Prince,,,prestamo
139,Steve Rogers,,,ahorro
149,Bob Johnson,12000,45,-1
119,Steve Rogers,5000,,hipoteca
104,Steve Rogers,,45,-1
128,John Doe,8000,150,prestamo
120,Steve Rogers,7000,30,ahorro
110,Steve Rogers,10000,25,hipoteca
116,John Doe,12000,,unknown
133,Steve Rogers,,150,ahorro
135,Bob Johnson,7000,40,-1
142,Jane Smith,8000,40,unknown
134,Bob Johnson,10000,30,hipoteca
118,Charlie Green,12000,150,prestamo
134,Alice Brown,,45,-1
120,Charlie Green,7000,150,prestamo
132,Alice Brown,12000,,ahorro
126,Alice Brown,5000,40,prestamo
143,Alice Brown,,35,prestamo
104,Steve Rogers,,40,-1
141,Jane Smith,,40,prestamo
106,Alice Brown,5000,45,-1
105,Steve Rogers,10000,35,prestamo
150,Bob Johnson,12000,100,ahorro
133,Steve Rogers,10000,45,prestamo
149,Charlie Green,12000,25,-1
112,Diana Prince,10000,,-1
142,Bob Johnson,,100,hipoteca
106,Unknown,8000,25,hipoteca
131,Steve Rogers,,30,-1
102,John Doe,12000,,-1
105,Alice Brown,8000,25,prestamo
137,Alice Brown,,25,-1
143,Unknown,7000,,ahorro
141,Jane Smith,8000,30,prestamo
140,Steve Rogers,5000,150,prestamo
124,Jane Smith,12000,45,-1
143,Alice Brown,8000,40,ahorro
110,Alice Brown,5000,25,hipoteca
129,Jane Smith,10000,25,prestamo
118,John Doe,12000,,hipoteca
142,Jane Smith,8000,100,hipoteca
114,Diana Prince,5000,25,-1
104,Jane Smith,,25,unknown
130,Steve Rogers,,35,-1
139,Alice Brown,12000,35,unknown
150,Bob Johnson,10000,35,hipoteca
120,Jane Smith,,40,ahorro
119,Unknown,5000,,ahorro
128,Alice Brown,5000,40,-1
146,Charlie Green,7000,40,ahorro
125,John Doe,,40,ahorro
108,Alice Brown,8000,35,hipoteca
140,Diana Prince,7000,150,-1
150,Steve Rogers,7000,30,hipoteca
138,Unknown,8000,,prestamo
113,Diana Prince,8000,40,-1
115,Bob Johnson,8000,45,hipoteca
139,Jane Smith,,30,-1
147,John Doe,8000,40,unknown
109,John Doe,,30,ahorro
106,Bob Johnson,7000,100,-1
140,Bob Johnson,,150,ahorro
137,Diana Prince,8000,,-1
133,Steve Rogers,10000,25,prestamo
127,John Doe,8000,150,prestamo
116,Bob Johnson,12000,,prestamo
107,Jane Smith,,,hipoteca
117,John Doe,,100,ahorro
118,John Doe,,100,hipoteca
129,Alice Brown,5000,,ahorro
135,Unknown,10000,45,ahorro
116,Charlie Green,12000,,ahorro
107,Diana Prince,10000,,-1
105,Alice Brown,5000,45,-1
120,Jane Smith,7000,45,hipoteca
149,John Doe,10000,25,ahorro
137,Steve Rogers,7000,35,-1
138,John Doe,7000,100,ahorro
142,Bob Johnson,8000,35,-1
136,Alice Brown,,45,-1
104,Diana Prince,8000,30,-1
138,Charlie Green,7000,,hipoteca
123,Bob Johnson,12000,40,hipoteca
144,Alice Brown,10000,45,ahorro
149,Alice Brown,10000,,prestamo
148,Bob Johnson,7000,30,ahorro
109,Diana Prince,,30,ahorro
116,Diana Prince,5000,45,-1
119,John Doe,8000,100,hipoteca
139,John Doe,10000,35,ahorro
107,Steve Rogers,10000,25,prestamo
113,John Doe,8000,45,prestamo
114,Alice Brown,5000,,ahorro
127,Alice Brown,,,-1
116,John Doe,10000,,-1
142,Bob Johnson,7000,25,ahorro
135,John Doe,12000,40,prestamo
125,Diana Prince,5000,45,unknown
106,Charlie Green,8000,25,prestamo
121,Alice Brown,8000,45,ahorro
138,John Doe,10000,30,unknown
150,Charlie Green,12000,40,prestamo
140,Jane Smith,7000,25,prestamo
148,Diana Prince,10000,25,prestamo
148,Steve Rogers,,,prestamo
141,Bob Johnson,10000,100,ahorro
105,John Doe,,35,ahorro
105,Diana Prince,,100,prestamo
103,Unknown,7000,40,-1
148,Steve Rogers,5000,150,-1
109,Diana Prince,7000,25,-1
111,Alice Brown,5000,45,prestamo
113,Bob Johnson,5000,35,prestamo
142,Jane Smith,10000,25,prestamo
148,Steve Rogers,7000,,ahorro
144,Jane Smith,7000,25,-1
103,Bob Johnson,,100,-1
114,Alice Brown,8000,150,prestamo
129,Steve Rogers,5000,,prestamo
123,Steve Rogers,12000,,hipoteca
107,Jane Smith,10000,,prestamo
134,Steve Rogers,,35,-1
113,Diana Prince,10000,,hipoteca
116,Steve Rogers,7000,40,hipoteca
127,Diana Prince,5000,100,ahorro
125,Diana Prince,,,prestamo
129,Unknown,10000,35,prestamo
105,Jane Smith,12000,45,hipoteca
114,Alice Brown,7000,35,ahorro
145,Diana Prince,7000,45,prestamo
106,Bob Johnson,5000,35,-1
121,John Doe,12000,45,hipoteca
134,Steve Rogers,8000,,hipoteca
131,Bob Johnson,10000,,prestamo
131,John Doe,10000,100,unknown
129,Alice Brown,,30,prestamo
111,Steve Rogers,10000,30,ahorro
139,Jane Smith,8000,45,hipoteca
125,Jane Smith,5000,,ahorro
124,Diana Prince,10000,45,unknown
119,Unknown,5000,40,prestamo
144,John Doe,,25,hipoteca
146,Bob Johnson,5000,40,hipoteca
114,Alice Brown,7000,25,-1
113,Bob Johnson,12000,,hipoteca
127,Charlie Green,7000,150,-1
124,John Doe,12000,,-1
139,Jane Smith,10000,,hipoteca
108,Steve Rogers,5000,30,-1
136,John Doe,8000,35,-1
129,Steve Rogers,10000,45,hipoteca
123,John Doe,7000,40,unknown
103,John Doe,7000,150,ahorro
140,Bob Johnson,,40,unknown
129,John Doe,,40,prestamo
102,Charlie Green,10000,35,prestamo
142,Charlie Green,12000,,hipoteca
110,Bob Johnson,5000,45,-1
149,Bob Johnson,8000,25,hipoteca
142,Alice Brown,12000,,-1
130,Unknown,12000,100,ahorro
111,Steve Rogers,,,-1
107,John Doe,,35,-1
144,John Doe,10000,,unknown
142,Alice Brown,10000,25,ahorro
111,John Doe,,45,prestamo
105,Alice Brown,10000,25,prestamo
125,Alice Brown,10000,100,ahorro
125,Diana Prince,5000,35,prestamo
122,Charlie Green,8000,25,-1
137,Diana Prince,,100,prestamo
123,John Doe,7000,25,prestamo
138,Steve Rogers,,40,prestamo
137,Alice Brown,7000,40,ahorro
123,Unknown,10000,100,ahorro
122,Alice Brown,5000,,ahorro
139,Charlie Green,,25,hipoteca
110,Diana Prince,8000,40,-1
137,Jane Smith,8000,100,ahorro
139,Charlie Green,7000,150,prestamo
132,Charlie Green,5000,100,ahorro
143,Steve Rogers,8000,40,prestamo
144,Alice Brown,7000,,prestamo
148,Alice Brown,8000,100,-1
106,Diana Prince,7000,30,-1
137,Charlie Green,5000,40,hipoteca
106,Charlie Green,,35,hipoteca
118,Jane Smith,12000,35,ahorro
107,Jane Smith,,40,prestamo
143,Bob Johnson,12000,45,-1
140,Diana Prince,5000,100,prestamo
114,Bob Johnson,7000,,ahorro
109,Diana Prince,7000,25,-1
132,Unknown,5000,35,hipoteca
110,Steve Rogers,,25,hipoteca
139,Diana Prince,12000,100,unknown
150,Diana Prince,8000,,-1
102,Charlie Green,,30,ahorro
145,Steve Rogers,12000,30,ahorro
107,Jane Smith,,100,hipoteca
144,Charlie Green,8000,25,-1
116,Steve Rogers,,40,-1
135,Bob Johnson,,40,hipoteca
139,Charlie Green,10000,,-1
138,Bob Johnson,8000,,-1
142,Unknown,7000,45,hipoteca
123,Jane Smith,8000,40,unknown
127,Jane Smith,8000,100,ahorro
145,Bob Johnson,12000,25,-1
128,Jane Smith,,45,hipoteca
133,John Doe,12000,,prestamo
145,Jane Smith,7000,100,-1
145,Charlie Green,10000,30,unknown
124,Steve Rogers,10000,100,hipoteca
140,Charlie Green,,35,hipoteca
114,Bob Johnson,,,prestamo
101,Bob Johnson,8000,,ahorro
128,Jane Smith,8000,25,-1
128,Diana Prince,8000,40,ahorro
111,Jane Smith,7000,,ahorro
145,Steve Rogers,12000,100,ahorro
114,Steve Rogers,5000,,-1
119,John Doe,12000,35,-1
101,Bob Johnson,12000,100,hipoteca
107,Unknown,10000,30,-1
105,Steve Rogers,,35,hipoteca
104,John Doe,,45,ahorro
122,Bob Johnson,10000,,ahorro
128,Steve Rogers,8000,100,ahorro
117,Jane Smith,,25,-1
135,Alice Brown,8000,100,ahorro
149,Alice Brown,,35,ahorro
121,Jane Smith,12000,40,hipoteca
125,Bob Johnson,10000,30,-1
126,John Doe,10000,100,prestamo
138,Bob Johnson,,35,prestamo
149,Bob Johnson,5000,45,ahorro
134,Diana Prince,12000,40,prestamo
102,Jane Smith,12000,,hipoteca
120,Diana Prince,12000,45,-1
101,Bob Johnson,10000,35,-1
121,Alice Brown,5000,,-1
127,Bob Johnson,,,prestamo
140,Charlie Green,8000,30,prestamo
122,Unknown,10000,30,ahorro
136,John Doe,10000,35,prestamo
102,Alice Brown,5000,35,hipoteca
117,Unknown,5000,45,ahorro
128,Unknown,10000,30,prestamo
123,Alice Brown,7000,35,ahorro
108,John Doe,,,-1
134,John Doe,5000,45,-1
105,Alice Brown,,30,ahorro
138,Diana Prince,10000,30,-1
113,Bob Johnson,5000,100,hipoteca
134,Steve Rogers,5000,,prestamo
147,Steve Rogers,10000,150,-1
149,Steve Rogers,7000,25,ahorro
124,Unknown,12000,35,hipoteca
149,Alice Brown,10000,100,prestamo
106,Unknown,8000,25,ahorro
131,Charlie Green,,25,ahorro
111,Alice Brown,8000,,-1
129,Steve Rogers,5000,35,prestamo
121,Charlie Green,,45,prestamo
113,Diana Prince,5000,35,ahorro
135,Diana Prince,8000,40,prestamo
129,Steve Rogers,10000,,prestamo
116,John Doe,7000,30,hipoteca
147,Diana Prince,8000,45,hipoteca
106,Diana Prince,10000,35,ahorro
122,Diana Prince,10000,35,ahorro
106,John Doe,5000,25,-1
114,Diana Prince,12000,40,hipoteca
133,Jane Smith,12000,25,prestamo
102,Diana Prince,12000,30,hipoteca
108,Diana Prince,5000,25,unknown
120,Steve Rogers,5000,40,hipoteca
104,John Doe,7000,100,prestamo
107,Steve Rogers,5000,25,hipoteca
117,Bob Johnson,5000,100,prestamo
141,Jane Smith,12000,100,prestamo
115,Alice Brown,12000,150,prestamo
103,Bob Johnson,7000,30,ahorro
107,Diana Prince,8000,25,hipoteca
113,Steve Rogers,8000,25,-1
101,Bob Johnson,,100,prestamo
138,Charlie Green,12000,,hipoteca
128,Diana Prince,7000,35,prestamo
146,Steve Rogers,10000,,-1
109,Bob Johnson,10000,,-1
108,John Doe,8000,25,prestamo
135,Jane Smith,12000,30,unknown
108,Jane Smith,5000,35,prestamo
142,Bob Johnson,,100,prestamo
102,Steve Rogers,7000,40,-1
110,Steve Rogers,7000,30,ahorro
110,Unknown,10000,,-1
114,Unknown,8000,35,ahorro
132,John Doe,12000,45,prestamo
145,Diana Prince,8000,100,-1
108,Diana Prince,7000,30,-1
104,Bob Johnson,10000,25,prestamo
111,Charlie Green,10000,100,hipoteca
125,John Doe,7000,25,prestamo
136,Alice Brown,8000,35,hipoteca
147,Bob Johnson,5000,,-1
116,Steve Rogers,10000,100,hipoteca
106,Alice Brown,8000,40,prestamo
111,Jane Smith,,,prestamo
143,Jane Smith,10000,40,-1
123,Diana Prince,,25,ahorro
127,Steve Rogers,12000,25,-1
137,Diana Prince,10000,,hipoteca
121,John Doe,7000,25,-1
106,Steve Rogers,,35,ahorro
146,Diana Prince,10000,30,-1
105,John Doe,,30,-1
109,John Doe,7000,40,prestamo
142,Alice Brown,8000,25,-1
114,Jane Smith,,150,hipoteca
126,Diana Prince,5000,45,-1
113,Diana Prince,5000,25,-1
118,Steve Rogers,,45,ahorro
119,Jane Smith,,35,prestamo
138,Steve Rogers,5000,,hipoteca
135,Alice Brown,,45,prestamo
112,Steve Rogers,,40,prestamo
115,John Doe,8000,100,-1
125,Bob Johnson,7000,150,prestamo
131,Bob Johnson,10000,150,-1
122,John Doe,12000,100,hipoteca
130,Steve Rogers,5000,30,ahorro
126,John Doe,10000,,-1
106,John Doe,12000,35,prestamo
139,Alice Brown,7000,35,unknown
136,Bob Johnson,,,hipoteca
136,Steve Rogers,,40,-1
122,Bob Johnson,10000,40,ahorro
101,Jane Smith,10000,30,hipoteca
147,Steve Rogers,12000,,-1
128,John Doe,5000,30,prestamo
142,Charlie Green,7000,,prestamo
143,Jane Smith,10000,25,-1
119,John Doe,5000,35,prestamo
111,John Doe,12000,100,-1
108,Alice Brown,5000,45,ahorro
121,Alice Brown,8000,30,-1
107,John Doe,,45,-1
125,Alice Brown,,30,prestamo
124,Jane Smith,10000,45,prestamo
123,Diana Prince,10000,25,ahorro
116,Diana Prince,10000,25,-1
146,Unknown,12000,25,hipoteca
122,Jane Smith,,35,hipoteca
101,Jane Smith,12000,40,-1
103,Bob Johnson,7000,,prestamo
111,John Doe,12000,100,prestamo
121,Bob Johnson,,100,prestamo
115,Alice Brown,8000,40,hipoteca
135,Bob Johnson,10000,30,prestamo
114,Diana Prince,8000,30,-1
149,Steve Rogers,8000,25,prestamo
108,Diana Prince,10000,35,ahorro
141,Steve Rogers,,40,-1
129,Steve Rogers,7000,30,-1
108,Jane Smith,8000,25,-1
115,Charlie Green,5000,35,prestamo
142,Diana Prince,8000,,prestamo
150,Bob Johnson,8000,25,hipoteca
113,Jane Smith,8000,45,hipoteca
101,Bob Johnson,12000,30,hipoteca
105,Alice Brown,8000,35,-1
127,Charlie Green,8000,100,hipoteca
149,Bob Johnson,10000,25,-1
134,Diana Prince,,45,hipoteca
110,Charlie Green,10000,25,prestamo
148,Charlie Green,12000,100,ahorro
115,Bob Johnson,,30,prestamo
135,John Doe,10000,100,hipoteca
140,John Doe,7000,30,prestamo
113,Jane Smith,8000,35,-1
108,Jane Smith,,35,ahorro
130,Steve Rogers,12000,45,hipoteca
122,Alice Brown,5000,30,ahorro
144,John Doe,7000,45,ahorro
132,Unknown,5000,,-1
108,Charlie Green,8000,,prestamo
132,Bob Johnson,5000,25,ahorro
130,John Doe,12000,30,unknown
104,Bob Johnson,,,prestamo
102,Alice Brown,12000,30,-1
129,Bob Johnson,7000,,ahorro
141,Alice Brown,8000,25,prestamo
128,John Doe,12000,40,ahorro
122,Steve Rogers,10000,40,ahorro
123,Charlie Green,,,prestamo
104,Steve Rogers,5000,25,hipoteca
107,Diana Prince,5000,45,unknown
128,Diana Prince,8000,35,ahorro
113,Alice Brown,8000,35,hipoteca
117,Alice Brown,,45,hipoteca
129,Jane Smith,,30,-1
133,John Doe,7000,150,-1
113,Jane Smith,,25,prestamo
104,Alice Brown,7000,45,hipoteca
123,Alice Brown,,25,hipoteca
109,Alice Brown,12000,40,hipoteca
129,Alice Brown,5000,45,ahorro
146,Charlie Green,12000,100,hipoteca
141,Bob Johnson,5000,40,prestamo
127,Diana Prince,8000,35,-1
116,Diana Prince,7000,100,ahorro
126,Charlie Green,7000,100,hipoteca
135,Alice Brown,7000,,-1
111,John Doe,10000,35,hipoteca
119,John Doe,10000,100,-1
123,Bob Johnson,5000,45,ahorro
129,Unknown,7000,35,-1
105,Steve Rogers,10000,35,ahorro
116,Alice Brown,10000,30,-1
101,Charlie Green,8000,100,prestamo
117,Diana Prince,12000,30,prestamo
106,John Doe,5000,35,ahorro
139,Charlie Green,,25,-1
114,Steve Rogers,,100,prestamo
134,Bob Johnson,10000,35,hipoteca
1000137,Bob Johnson,7000,,prestamo
1000114,Unknown,,30,-1
1000133,Alice Brown,12000,100,hipoteca
1000106,Jane Smith,12000,40,prestamo
1000122,Bob Johnson,7000,40,hipoteca
1000108,Jane Smith,12000,100,prestamo
1000124,Bob Johnson,12000,35,hipoteca
1000138,Steve Rogers,10000,25,-1
1000113,Charlie Green,,35,hipoteca
1000133,Steve Rogers,12000,40,prestamo
1000102,Alice Brown,12000,45,-1
1000130,Diana Prince,12000,45,hipoteca
1000137,Steve Rogers,12000,30,ahorro
1000145,Charlie Green,8000,150,ahorro
1000127,Bob Johnson,5000,30,ahorro
1000117,Steve Rogers,12000,100,ahorro
1000128,Diana Prince,7000,100,prestamo
1000147,Alice Brown,8000,100,hipoteca
1000148,John Doe,7000,,prestamo
1000142,Steve Rogers,5000,,-1
1000109,Charlie Green,7000,45,hipoteca
1000103,Jane Smith,8000,30,-1
1000110,Unknown,5000,35,-1
1000111,Diana Prince,10000,,hipoteca
1000136,Charlie Green,8000,100,-1
1000146,Steve Rogers,,30,ahorro
1000134,Charlie Green,8000,150,-1
1000113,Alice Brown,10000,45,prestamo
1000107,Alice Brown,,25,prestamo
1000111,Diana Prince,5000,30,prestamo
1000103,Jane Smith,7000,40,unknown
1000110,Jane Smith,8000,100,ahorro
1000116,Diana Prince,,,prestamo
1000105,Diana Prince,10000,25,prestamo
1000141,Unknown,7000,,ahorro
1000120,John Doe,,,-1
1000143,Steve Rogers,12000,30,ahorro
1000140,John Doe,,45,-1
1000107,Diana Prince,,25,ahorro
1000133,Alice Brown,10000,45,hipoteca
1000136,Steve Rogers,5000,40,hipoteca
1000150,Charlie Green,,40,hipoteca
1000137,Steve Rogers,,35,prestamo
1000126,Jane Smith,5000,25,-1
1000133,Diana Prince,8000,40,prestamo
1000126,Bob Johnson,12000,35,prestamo
1000104,Steve Rogers,8000,45,-1
1000143,Charlie Green,,150,hipoteca
1000133,Steve Rogers,,100,-1
1000121,Alice Brown,12000,100,-1
1000118,John Doe,8000,40,prestamo
1000104,Jane Smith,12000,150,ahorro
1000127,John Doe,5000,100,hipoteca
1000108,John Doe,8000,45,prestamo
1000123,Diana Prince,7000,,hipoteca
1000138,Alice Brown,5000,,-1
1000121,Steve Rogers,8000,,hipoteca
1000107,Charlie Green,10000,150,hipoteca
1000119,John Doe,10000,100,-1
1000122,Jane Smith,12000,25,prestamo
1000132,Jane Smith,10000,100,hipoteca
1000137,Bob Johnson,8000,,ahorro
1000139,Bob Johnson,,35,prestamo
1000102,Alice Brown,8000,,ahorro
1000133,Steve Rogers,10000,25,hipoteca
1000141,Bob Johnson,,,ahorro
1000140,Bob Johnson,8000,40,-1
1000126,Alice Brown,12000,,prestamo
1000110,Charlie Green,7000,45,hipoteca
1000123,John Doe,12000,100,prestamo
1000140,Steve Rogers,7000,40,ahorro
1000128,Jane Smith,8000,35,ahorro
1000107,Diana Prince,,25,-1
1000107,Unknown,5000,,ahorro
1000120,Bob Johnson,,40,-1
1000111,Charlie Green,12000,40,-1
1000106,Steve Rogers,7000,40,hipoteca
1000120,Unknown,,40,prestamo
1000132,Unknown,10000,30,hipoteca
1000137,Alice Brown,8000,100,hipoteca
1000119,Bob Johnson,10000,25,-1
1000136,Charlie Green,10000,35,-1
1000130,Charlie Green,,25,-1
1000137,John Doe,,40,-1
1000102,Bob Johnson,8000,45,-1
1000114,Charlie Green,10000,,-1
1000112,Steve Rogers,10000,,ahorro
1000140,Jane Smith,,35,-1
1000110,Charlie Green,7000,25,-1
1000105,Jane Smith,8000,40,prestamo
1000111,John Doe,5000,35,hipoteca
1000134,Alice Brown,10000,30,prestamo
1000149,Bob Johnson,8000,,ahorro
1000124,Bob Johnson,10000,25,prestamo
1000147,Alice Brown,12000,40,ahorro
1000122,Bob Johnson,,100,-1
1000102,Jane Smith,7000,,prestamo
1000138,John Doe,12000,150,prestamo
1000121,Steve Rogers,5000,35,prestamo
1000139,Alice Brown,5000,100,unknown
1000136,Alice Brown,10000,,ahorro
1000103,Charlie Green,8000,30,-1
1000147,Bob Johnson,7000,100,hipoteca
1000127,Alice Brown,7000,,-1
1000149,Alice Brown,10000,25,-1
1000115,Charlie Green,8000,45,-1
1000131,Steve Rogers,8000,150,-1
1000148,Bob Johnson,,30,unknown
1000106,Unknown,7000,30,ahorro
1000120,Jane Smith,5000,40,hipoteca
1000108,Jane Smith,10000,100,ahorro
1000130,Steve Rogers,5000,45,prestamo
1000113,Jane Smith,10000,,unknown
1000135,Charlie Green,12000,150,-1
1000150,Steve Rogers,,,hipoteca
1000123,Diana Prince,,30,ahorro
1000146,Jane Smith,12000,100,hipoteca
1000105,Steve Rogers,8000,25,-1
1000127,Diana Prince,,150,-1
1000113,Charlie Green,,30,-1
1000145,Diana Prince,,25,-1
1000123,Bob Johnson,5000,25,ahorro
1000142,John Doe,,35,hipoteca
1000141,Steve Rogers,8000,35,ahorro
1000146,Charlie Green,7000,30,ahorro
1000133,John Doe,12000,35,-1
1000128,John Doe,,35,unknown
1000124,Diana Prince,12000,45,ahorro
1000112,Bob Johnson,8000,25,hipoteca
1000126,Diana Prince,12000,,hipoteca
1000149,Alice Brown,8000,,prestamo
1000116,Unknown,12000,25,prestamo
1000111,Unknown,5000,100,hipoteca
1000107,Unknown,12000,30,hipoteca
1000121,John Doe,,35,hipoteca
1000123,Bob Johnson,12000,45,-1
1000108,Alice Brown,10000,,ahorro
1000121,John Doe,,,-1
1000134,Charlie Green,7000,45,hipoteca
1000108,Jane Smith,12000,45,-1
1000143,Charlie Green,5000,40,hipoteca
1000115,Bob Johnson,7000,25,-1
1000135,Diana Prince,7000,100,-1
1000115,Steve Rogers,7000,25,hipoteca
1000137,Steve Rogers,8000,,-1
1000141,Bob Johnson,8000,30,prestamo
1000112,John Doe,7000,150,-1
1000111,John Doe,,25,-1
1000121,John Doe,,150,ahorro
1000117,Bob Johnson,5000,,prestamo
1000120,Diana Prince,,,ahorro
1000120,Jane Smith,5000,40,prestamo
1000140,Alice Brown,5000,25,ahorro
1000129,John Doe,12000,35,unknown
1000130,Jane Smith,10000,45,prestamo
1000122,Jane Smith,5000,100,unknown
1000138,Diana Prince,5000,,-1
1000130,John Doe,5000,35,hipoteca
1000126,Alice Brown,7000,25,hipoteca
1000145,Steve Rogers,,,ahorro
1000107,Steve Rogers,10000,,ahorro
1000119,Diana Prince,10000,25,hipoteca
1000147,Jane Smith,12000,25,prestamo
1000146,Jane Smith,,25,-1
1000116,Steve Rogers,10000,30,-1
1000123,Alice Brown,,25,hipoteca
1000103,Alice Brown,,150,hipoteca
1000140,John Doe,,30,-1
1000120,Charlie Green,7000,,hipoteca
1000105,Jane Smith,7000,40,unknown
1000150,Bob Johnson,8000,40,ahorro
1000132,Bob Johnson,5000,150,-1
1000122,Unknown,12000,45,prestamo
1000120,Alice Brown,12000,45,-1
1000140,John Doe,7000,30,ahorro
1000143,Charlie Green,5000,100,ahorro
1000123,Steve Rogers,,,prestamo
1000144,Alice Brown,8000,45,ahorro
1000101,Diana Prince,8000,35,ahorro
1000132,John Doe,7000,30,hipoteca
1000123,Bob Johnson,10000,,ahorro
1000135,Steve Rogers,10000,45,unknown
1000119,Steve Rogers,8000,40,prestamo
1000127,Steve Rogers,5000,45,ahorro
1000150,Charlie Green,12000,45,prestamo
1000104,Jane Smith,10000,,hipoteca
1000110,Charlie Green,8000,,prestamo
1000148,Jane Smith,8000,25,ahorro
1000109,Steve Rogers,5000,45,prestamo
1000145,Steve Rogers,,,prestamo
1000109,Steve Rogers,10000,,prestamo
1000132,John Doe,12000,45,-1
1000131,Alice Brown,7000,45,ahorro
1000150,Alice Brown,10000,40,unknown
1000121,Alice Brown,12000,35,hipoteca
1000145,Alice Brown,7000,,ahorro
1000148,Alice Brown,7000,,hipoteca
1000120,Charlie Green,7000,40,-1
1000134,Diana Prince,12000,30,ahorro
1000103,Bob Johnson,10000,,-1
1000137,Alice Brown,,45,ahorro
1000140,Alice Brown,7000,,hipoteca
1000133,Alice Brown,7000,30,ahorro
1000114,Bob Johnson,5000,30,-1
1000114,Steve Rogers,5000,100,prestamo
1000105,Diana Prince,5000,30,-1
1000116,Alice Brown,8000,35,-1
1000140,John Doe,,45,-1
1000142,Alice Brown,,100,prestamo
1000125,Jane Smith,12000,30,-1
1000119,Charlie Green,5000,35,hipoteca
1000114,Charlie Green,7000,100,-1
1000112,John Doe,12000,,ahorro
1000128,Jane Smith,7000,100,hipoteca
1000118,Bob Johnson,10000,45,hipoteca
1000150,Jane Smith,8000,,-1
1000129,Charlie Green,10000,40,-1
1000143,Jane Smith,12000,40,hipoteca
1000124,Steve Rogers,8000,25,hipoteca
1000127,Steve Rogers,,,prestamo
1000125,Charlie Green,12000,25,-1
1000126,Diana Prince,,35,prestamo
1000118,Bob Johnson,8000,,ahorro
1000114,Alice Brown,,,-1
1000114,Charlie Green,10000,150,hipoteca
1000138,Diana Prince,7000,35,-1
1000141,Charlie Green,7000,35,hipoteca
1000140,Jane Smith,8000,30,hipoteca
1000110,Steve Rogers,8000,30,prestamo
1000140,Steve Rogers,12000,,ahorro
1000107,Alice Brown,10000,40,prestamo
1000124,John Doe,7000,30,prestamo
1000123,Steve Rogers,12000,35,hipoteca
1000144,Charlie Green,7000,150,prestamo
1000132,Alice Brown,5000,,ahorro
1000122,Jane Smith,,100,-1
1000116,Alice Brown,12000,30,-1
1000111,Steve Rogers,5000,35,ahorro
1000129,Unknown,,35,-1
1000117,Steve Rogers,10000,,hipoteca
1000126,Jane Smith,7000,40,ahorro
1000101,Diana Prince,12000,40,prestamo
1000147,John Doe,,35,hipoteca
1000119,Diana Prince,10000,40,ahorro
1000144,John Doe,,,prestamo
1000123,Steve Rogers,,,-1
1000122,Charlie Green,5000,,prestamo
1000102,Bob Johnson,12000,35,hipoteca
1000106,Diana Prince,,30,prestamo
1000134,Diana Prince,12000,35,prestamo
1000125,Steve Rogers,,100,ahorro
1000110,Jane Smith,7000,40,ahorro
1000139,Alice Brown,12000,100,unknown
1000115,Alice Brown,7000,,ahorro
1000106,Diana Prince,5000,100,unknown
1000114,Steve Rogers,7000,45,-1
1000117,Bob Johnson,7000,40,ahorro
1000103,Charlie Green,,30,hipoteca
1000109,Diana Prince,,40,hipoteca
1000111,John Doe,12000,40,hipoteca
1000107,John Doe,12000,45,hipoteca
1000102,Jane Smith,5000,,prestamo
1000103,Diana Prince,8000,45,prestamo
1000109,Diana Prince,5000,45,hipoteca
1000122,Diana Prince,8000,30,ahorro
1000137,John Doe,10000,150,prestamo
1000136,Diana Prince,,30,unknown
1000123,John Doe,8000,,ahorro
1000106,Alice Brown,12000,100,ahorro
1000123,Alice Brown,10000,,-1
1000129,Steve Rogers,7000,40,ahorro
1000142,John Doe,8000,100,hipoteca
1000138,Jane Smith,7000,45,ahorro
1000122,Diana Prince,5000,25,-1
1000126,Charlie Green,,35,hipoteca
1000129,Steve Rogers,7000,45,ahorro
1000106,Charlie Green,12000,35,ahorro
1000121,Bob Johnson,5000,25,-1
1000149,Charlie Green,,100,prestamo
1000143,Diana Prince,,40,hipoteca
1000121,Charlie Green,5000,,ahorro
1000116,John Doe,12000,,-1
1000133,Jane Smith,12000,45,ahorro
1000114,Steve Rogers,10000,45,hipoteca
1000135,Alice Brown,12000,45,prestamo
1000102,Alice Brown,12000,30,hipoteca
1000104,Unknown,10000,25,ahorro
1000145,Jane Smith,,25,prestamo
1000138,Alice Brown,,45,ahorro
1000114,John Doe,8000,25,-1
1000141,Steve Rogers,7000,45,hipoteca
1000115,John Doe,5000,35,ahorro
1000101,Steve Rogers,10000,100,ahorro
1000128,Diana Prince,8000,35,-1
1000120,Alice Brown,10000,100,-1
1000150,Unknown,10000,100,-1
1000121,Alice Brown,5000,40,-1
1000114,Bob Johnson,8000,45,unknown
1000117,Alice Brown,5000,,ahorro
1000147,Diana Prince,8000,150,ahorro
1000109,Bob Johnson,,,hipoteca
1000112,Diana Prince,10000,150,-1
1000149,Diana Prince,5000,25,hipoteca
1000120,Alice Brown,5000,45,-1
1000138,Diana Prince,5000,40,ahorro
1000112,Jane Smith,,150,hipoteca
1000149,Charlie Green,12000,40,prestamo
1000141,Alice Brown,5000,,-1
1000149,Steve Rogers,10000,40,-1
1000118,John Doe,7000,35,prestamo
1000132,Bob Johnson,7000,100,-1
1000141,Alice Brown,10000,30,-1
1000123,Unknown,7000,100,prestamo
1000118,John Doe,10000,100,hipoteca
1000138,Jane Smith,,,hipoteca
1000123,Alice Brown,8000,45,-1
1000129,Bob Johnson,12000,45,prestamo
1000144,Charlie Green,7000,30,-1
1000126,Diana Prince,5000,45,ahorro
1000136,Steve Rogers,12000,35,-1
1000105,John Doe,10000,150,ahorro
1000115,Bob Johnson,7000,35,hipoteca
1000147,John Doe,,30,ahorro
1000145,Bob Johnson,,35,ahorro
1000138,Charlie Green,,100,prestamo
1000134,Unknown,7000,45,ahorro
1000123,Charlie Green,5000,40,-1
1000115,John Doe,10000,35,prestamo
1000146,Bob Johnson,10000,40,-1
1000113,John Doe,8000,25,hipoteca
1000132,Steve Rogers,5000,45,hipoteca
1000101,Jane Smith,7000,45,hipoteca
1000123,Unknown,10000,35,prestamo
1000140,Unknown,12000,40,hipoteca
1000105,Diana Prince,7000,100,ahorro
1000128,Steve Rogers,5000,,ahorro
1000113,Unknown,,40,-1
1000106,Charlie Green,10000,100,ahorro
1000116,Diana Prince,8000,100,ahorro
1000140,John Doe,,30,hipoteca
1000127,Diana Prince,8000,30,ahorro
1000110,Alice Brown,7000,,-1
1000115,Diana Prince,,40,-1
1000138,Charlie Green,5000,,-1
1000150,Diana Prince,8000,35,-1
1000101,Steve Rogers,5000,35,-1
1000105,Alice Brown,,25,prestamo
1000150,Steve Rogers,,25,hipoteca
1000137,Charlie Green,7000,150,hipoteca
1000124,John Doe,,35,prestamo
1000132,John Doe,,40,-1
1000113,Alice Brown,,,-1
1000119,Steve Rogers,,35,-1
1000113,Charlie Green,7000,,unknown
1000146,Charlie Green,8000,25,unknown
1000121,Alice Brown,5000,25,hipoteca
1000143,John Doe,12000,35,prestamo
1000118,Jane Smith,5000,25,-1
1000144,Diana Prince,8000,100,prestamo
1000127,John Doe,12000,100,ahorro
1000120,John Doe,,,-1
1000133,Steve Rogers,5000,35,prestamo
1000114,Jane Smith,12000,100,unknown
1000139,Charlie Green,12000,45,-1
1000132,Alice Brown,12000,100,hipoteca
1000108,Alice Brown,5000,25,hipoteca
1000107,John Doe,8000,35,hipoteca
1000107,Bob Johnson,8000,45,-1
1000118,Charlie Green,5000,100,hipoteca
1000149,Steve Rogers,,150,prestamo
1000107,Alice Brown,10000,45,prestamo
1000128,Diana Prince,7000,,hipoteca
1000102,Diana Prince,5000,35,hipoteca
1000127,Charlie Green,7000,30,-1
1000112,Bob Johnson,5000,25,ahorro
1000120,Jane Smith,5000,150,-1
1000146,John Doe,,45,unknown
1000132,Bob Johnson,8000,100,prestamo
1000112,Jane Smith,,100,-1
1000129,Steve Rogers,7000,150,-1
1000136,Bob Johnson,10000,,hipoteca
1000134,Diana Prince,12000,100,ahorro
1000105,Jane Smith,10000,25,-1
1000112,Bob Johnson,,25,ahorro
1000150,John Doe,7000,40,ahorro
1000111,Steve Rogers,10000,,-1
1000149,Unknown,8000,40,ahorro
1000109,John Doe,8000,25,hipoteca
1000147,John Doe,,30,ahorro
1000144,Alice Brown,8000,30,hipoteca
1000120,Bob Johnson,5000,45,-1
1000133,John Doe,10000,,hipoteca
1000114,Jane Smith,5000,35,ahorro
1000114,Steve Rogers,10000,100,-1
1000132,Diana Prince,7000,,-1
1000147,Unknown,5000,45,-1
1000104,Steve Rogers,,,hipoteca
1000108,Alice Brown,,100,prestamo
1000126,Unknown,12000,25,-1
1000118,Jane Smith,10000,45,ahorro
1000110,John Doe,8000,25,-1
1000116,Steve Rogers,7000,150,hipoteca
1000107,John Doe,7000,25,-1
1000133,Alice Brown,5000,35,prestamo
1000115,Bob Johnson,10000,45,hipoteca
1000134,Diana Prince,10000,40,-1
1000145,John Doe,5000,35,hipoteca
1000141,John Doe,10000,35,prestamo
1000103,John Doe,,45,hipoteca
1000117,Alice Brown,10000,100,unknown
1000106,Diana Prince,8000,25,-1
1000128,Jane Smith,8000,30,-1
1000103,Jane Smith,7000,25,unknown
1000120,Jane Smith,5000,,ahorro
1000109,Alice Brown,,150,hipoteca
1000135,Charlie Green,12000,,prestamo
1000129,Diana Prince,,30,hipoteca
1000130,John Doe,,40,ahorro
1000130,Jane Smith,8000,25,prestamo
1000104,Bob Johnson,12000,30,prestamo
1000144,Steve Rogers,10000,,prestamo
1000120,Jane Smith,,25,prestamo
1000101,John Doe,10000,35,prestamo
1000102,Jane Smith,,150,hipoteca
1000145,Alice Brown,,100,hipoteca
1000136,Jane Smith,7000,40,ahorro
1000122,Alice Brown,10000,45,hipoteca
1000121,Diana Prince,7000,45,prestamo
1000134,Charlie Green,10000,45,prestamo
1000137,Jane Smith,8000,,-1
1000130,Alice Brown,,25,-1
1000116,Alice Brown,12000,40,unknown
1000133,Alice Brown,5000,35,hipoteca
1000126,Bob Johnson,,,ahorro
1000129,Jane Smith,10000,,-1
1000138,Unknown,10000,30,-1
1000148,Unknown,5000,100,ahorro
1000124,Steve Rogers,7000,,hipoteca
1000110,Alice Brown,7000,,-1
1000139,Jane Smith,,100,-1
1000107,Alice Brown,7000,100,prestamo
1000142,Steve Rogers,7000,30,-1
1000113,John Doe,,30,prestamo
1000107,Alice Brown,10000,40,-1
1000140,Charlie Green,5000,,prestamo
1000113,Alice Brown,7000,150,-1
1000114,Bob Johnson,7000,,-1
1000102,Bob Johnson,5000,150,hipoteca
1000138,Jane Smith,7000,45,prestamo
1000143,Charlie Green,,45,-1
1000103,Jane Smith,10000,100,-1
1000107,Alice Brown,7000,,hipoteca
1000112,Bob Johnson,10000,30,ahorro
1000107,Bob Johnson,,35,hipoteca
1000142,Steve Rogers,,25,ahorro
1000148,Charlie Green,8000,,ahorro
1000144,Bob Johnson,10000,,unknown
1000118,Diana Prince,7000,40,prestamo
1000114,Steve Rogers,10000,,unknown
1000103,Jane Smith,5000,,ahorro
1000150,Diana Prince,10000,25,-1
1000125,John Doe,,25,-1
1000150,Jane Smith,8000,150,hipoteca
1000123,John Doe,5000,35,unknown
1000120,John Doe,7000,30,prestamo
1000138,Bob Johnson,10000,30,-1
1000141,John Doe,12000,25,ahorro
1000113,Steve Rogers,7000,45,hipoteca
1000102,Charlie Green,12000,40,ahorro
1000137,Jane Smith,7000,150,ahorro
1000103,Diana Prince,10000,100,-1
1000136,Alice Brown,5000,25,prestamo
1000145,Steve Rogers,,100,-1
1000138,John Doe,10000,25,unknown
1000117,Diana Prince,12000,,hipoteca
1000131,Bob Johnson,10000,,-1
1000132,Unknown,12000,,prestamo
1000146,Bob Johnson,,30,-1
1000108,John Doe,8000,45,prestamo
1000112,Jane Smith,5000,40,unknown
1000119,Steve Rogers,5000,45,unknown
1000137,Alice Brown,8000,,-1
1000127,Charlie Green,7000,30,unknown
1000109,Unknown,,25,-1
1000118,John Doe,,40,hipoteca
1000121,John Doe,,25,ahorro
1000105,Bob Johnson,8000,40,ahorro
1000119,John Doe,8000,,ahorro
1000122,Bob Johnson,5000,40,ahorro
1000122,Diana Prince,7000,,ahorro
1000113,John Doe,12000,,ahorro
1000131,Bob Johnson,7000,35,-1
1000111,Steve Rogers,,,hipoteca
1000114,Diana Prince,,,ahorro
1000139,Charlie Green,5000,35,unknown
1000134,Bob Johnson,5000,25,prestamo
1000150,Alice Brown,7000,35,ahorro
1000103,John Doe,5000,,prestamo
1000108,Alice Brown,5000,30,unknown
1000140,Alice Brown,8000,40,ahorro
1000147,Charlie Green,7000,25,prestamo
1000110,Bob Johnson,7000,35,hipoteca
1000143,Charlie Green,10000,35,-1
1000137,Bob Johnson,5000,40,-1
1000124,John Doe,7000,,hipoteca
1000140,Alice Brown,5000,35,prestamo
1000112,Steve Rogers,8000,30,prestamo
1000102,Alice Brown,8000,45,prestamo
1000131,Diana Prince,5000,45,hipoteca
1000104,Steve Rogers,10000,25,prestamo
1000128,Diana Prince,,35,hipoteca
1000133,Alice Brown,,,hipoteca
1000138,Alice Brown,8000,45,prestamo
1000121,Bob Johnson,8000,35,hipoteca
1000130,John Doe,5000,25,prestamo
1000143,Diana Prince,,35,unknown
1000116,Diana Prince,,30,hipoteca
1000136,Diana Prince,5000,40,prestamo
1000105,Unknown,10000,45,prestamo
1000107,Alice Brown,10000,,hipoteca
1000135,Steve Rogers,12000,25,ahorro
1000126,John Doe,5000,45,ahorro
1000101,Alice Brown,8000,25,hipoteca
1000111,John Doe,,,ahorro
1000121,Steve Rogers,12000,30,-1
1000138,Alice Brown,12000,30,ahorro
1000116,Bob Johnson,,45,-1
1000101,John Doe,8000,30,hipoteca
1000133,John Doe,,25,ahorro
1000129,Diana Prince,8000,45,ahorro
1000138,Jane Smith,12000,30,prestamo
1000127,Diana Prince,7000,40,-1
1000137,Jane Smith,10000,45,hipoteca
1000115,Jane Smith,12000,45,-1
1000123,John Doe,5000,25,ahorro
1000109,Diana Prince,,,hipoteca
1000122,Charlie Green,10000,45,hipoteca
1000135,John Doe,10000,,-1
1000102,Jane Smith,5000,40,prestamo
1000110,Steve Rogers,,,hipoteca
1000112,Jane Smith,10000,,ahorro
1000132,Bob Johnson,10000,100,-1
1000104,Jane Smith,8000,,-1
1000120,Steve Rogers,,30,prestamo
1000126,Alice Brown,8000,,prestamo
1000124,Steve Rogers,,45,-1
1000127,Charlie Green,5000,150,ahorro
1000132,Diana Prince,8000,45,hipoteca
1000131,Jane Smith,10000,40,-1
1000123,Alice Brown,12000,35,hipoteca
1000134,John Doe,8000,40,-1
1000114,Steve Rogers,,45,unknown
1000111,Bob Johnson,,,prestamo
1000139,Charlie Green,10000,40,ahorro
1000133,John Doe,10000,35,-1
1000147,Charlie Green,10000,150,hipoteca
1000145,Bob Johnson,12000,35,hipoteca
1000104,Diana Prince,,30,ahorro
1000115,Diana Prince,,,hipoteca
1000144,Bob Johnson,12000,35,-1
1000101,Charlie Green,12000,35,hipoteca
1000134,Charlie Green,12000,30,-1
1000121,Bob Johnson,7000,30,hipoteca
1000114,Steve Rogers,7000,100,ahorro
1000145,Diana Prince,12000,35,prestamo
1000147,Steve Rogers,8000,30,ahorro
1000117,Alice Brown,5000,25,-1
1000131,Charlie Green,10000,,-1
1000115,Bob Johnson,8000,45,hipoteca
1000109,Jane Smith,5000,100,hipoteca
1000126,Alice Brown,8000,30,-1
1000143,Bob Johnson,10000,30,ahorro
1000114,Diana Prince,,,prestamo
1000139,Steve Rogers,,,ahorro
1000149,Bob Johnson,12000,45,-1
1000119,Steve Rogers,5000,,hipoteca
1000104,Steve Rogers,,45,-1
1000128,John Doe,8000,150,prestamo
1000120,Steve Rogers,7000,30,ahorro
1000110,Steve Rogers,10000,25,hipoteca
1000116,John Doe,12000,,unknown
1000133,Steve Rogers,,150,ahorro
1000135,Bob Johnson,7000,40,-1
1000142,Jane Smith,8000,40,unknown
1000134,Bob Johnson,10000,30,hipoteca
1000118,Charlie Green,12000,150,prestamo
1000134,Alice Brown,,45,-1
1000120,Charlie Green,7000,150,prestamo
1000132,Alice Brown,12000,,ahorro
1000126,Alice Brown,5000,40,prestamo
1000143,Alice Brown,,35,prestamo
1000104,Steve Rogers,,40,-1
1000141,Jane Smith,,40,prestamo
1000106,Alice Brown,5000,45,-1
1000105,Steve Rogers,10000,35,prestamo
1000150,Bob Johnson,12000,100,ahorro
1000133,Steve Rogers,10000,45,prestamo
1000149,Charlie Green,12000,25,-1
1000112,Diana Prince,10000,,-1
1000142,Bob Johnson,,100,hipoteca
1000106,Unknown,8000,25,hipoteca
1000131,Steve Rogers,,30,-1
1000102,John Doe,12000,,-1
1000105,Alice Brown,8000,25,prestamo
1000137,Alice Brown,,25,-1
1000143,Unknown,7000,,ahorro
1000141,Jane Smith,8000,30,prestamo
1000140,Steve Rogers,5000,150,prestamo
1000124,Jane Smith,12000,45,-1
1000143,Alice Brown,8000,40,ahorro
1000110,Alice Brown,5000,25,hipoteca
1000129,Jane Smith,10000,25,prestamo
1000118,John Doe,12000,,hipoteca
1000142,Jane Smith,8000,100,hipoteca
1000114,Diana Prince,5000,25,-1
1000104,Jane Smith,,25,unknown
1000130,Steve Rogers,,35,-1
1000139,Alice Brown,12000,35,unknown
1000150,Bob Johnson,10000,35,hipoteca
1000120,Jane Smith,,40,ahorro
1000119,Unknown,5000,,ahorro
1000128,Alice Brown,5000,40,-1
1000146,Charlie Green,7000,40,ahorro
1000125,John Doe,,40,ahorro
1000108,Alice Brown,8000,35,hipoteca
1000140,Diana Prince,7000,150,-1
1000150,Steve Rogers,7000,30,hipoteca
1000138,Unknown,8000,,prestamo
1000113,Diana Prince,8000,40,-1
1000115,Bob Johnson,8000,45,hipoteca
1000139,Jane Smith,,30,-1
1000147,John Doe,8000,40,unknown
1000109,John Doe,,30,ahorro
1000106,Bob Johnson,7000,100,-1
1000140,Bob Johnson,,150,ahorro
1000137,Diana Prince,8000,,-1
1000133,Steve Rogers,10000,25,prestamo
1000127,John Doe,8000,150,prestamo
1000116,Bob Johnson,12000,,prestamo
1000107,Jane Smith,,,hipoteca
1000117,John Doe,,100,ahorro
1000118,John Doe,,100,hipoteca
1000129,Alice Brown,5000,,ahorro
1000135,Unknown,10000,45,ahorro
1000116,Charlie Green,12000,,ahorro
1000107,Diana Prince,10000,,-1
1000105,Alice Brown,5000,45,-1
1000120,Jane Smith,7000,45,hipoteca
1000149,John Doe,10000,25,ahorro
1000137,Steve Rogers,7000,35,-1
1000138,John Doe,7000,100,ahorro
1000142,Bob Johnson,8000,35,-1
1000136,Alice Brown,,45,-1
1000104,Diana Prince,8000,30,-1
1000138,Charlie Green,7000,,hipoteca
1000123,Bob Johnson,12000,40,hipoteca
1000144,Alice Brown,10000,45,ahorro
1000149,Alice Brown,10000,,prestamo
1000148,Bob Johnson,7000,30,ahorro
1000109,Diana Prince,,30,ahorro
1000116,Diana Prince,5000,45,-1
1000119,John Doe,8000,100,hipoteca
1000139,John Doe,10000,35,ahorro
1000107,Steve Rogers,10000,25,prestamo
1000113,John Doe,8000,45,prestamo
1000114,Alice Brown,5000,,ahorro
1000127,Alice Brown,,,-1
1000116,John Doe,10000,,-1
1000142,Bob Johnson,7000,25,ahorro
1000135,John Doe,12000,40,prestamo
1000125,Diana Prince,5000,45,unknown
1000106,Charlie Green,8000,25,prestamo
1000121,Alice Brown,8000,45,ahorro
1000138,John Doe,10000,30,unknown
1000150,Charlie Green,12000,40,prestamo
1000140,Jane Smith,7000,25,prestamo
1000148,Diana Prince,10000,25,prestamo
1000148,Steve Rogers,,,prestamo
1000141,Bob Johnson,10000,100,ahorro
1000105,John Doe,,35,ahorro
1000105,Diana Prince,,100,prestamo
1000103,Unknown,7000,40,-1
1000148,Steve Rogers,5000,150,-1
1000109,Diana Prince,7000,25,-1
1000111,Alice Brown,5000,45,prestamo
1000113,Bob Johnson,5000,35,prestamo
1000142,Jane Smith,10000,25,prestamo
1000148,Steve Rogers,7000,,ahorro
1000144,Jane Smith,7000,25,-1
1000103,Bob Johnson,,100,-1
1000114,Alice Brown,8000,150,prestamo
1000129,Steve Rogers,5000,,prestamo
1000123,Steve Rogers,12000,,hipoteca
1000107,Jane Smith,10000,,prestamo
1000134,Steve Rogers,,35,-1
1000113,Diana Prince,10000,,hipoteca
1000116,Steve Rogers,7000,40,hipoteca
1000127,Diana Prince,5000,100,ahorro
1000125,Diana Prince,,,prestamo
1000129,Unknown,10000,35,prestamo
1000105,Jane Smith,12000,45,hipoteca
1000114,Alice Brown,7000,35,ahorro
1000145,Diana Prince,7000,45,prestamo
1000106,Bob Johnson,5000,35,-1
1000121,John Doe,12000,45,hipoteca
1000134,Steve Rogers,8000,,hipoteca
1000131,Bob Johnson,10000,,prestamo
1000131,John Doe,10000,100,unknown
1000129,Alice Brown,,30,prestamo
1000111,Steve Rogers,10000,30,ahorro
1000139,Jane Smith,8000,45,hipoteca
1000125,Jane Smith,5000,,ahorro
1000124,Diana Prince,10000,45,unknown
1000119,Unknown,5000,40,prestamo
1000144,John Doe,,25,hipoteca
1000146,Bob Johnson,5000,40,hipoteca
1000114,Alice Brown,7000,25,-1
1000113,Bob Johnson,12000,,hipoteca
1000127,Charlie Green,7000,150,-1
1000124,John Doe,12000,,-1
1000139,Jane Smith,10000,,hipoteca
1000108,Steve Rogers,5000,30,-1
1000136,John Doe,8000,35,-1
1000129,Steve Rogers,10000,45,hipoteca
1000123,John Doe,7000,40,unknown
1000103,John Doe,7000,150,ahorro
1000140,Bob Johnson,,40,unknown
1000129,John Doe,,40,prestamo
1000102,Charlie Green,10000,35,prestamo
1000142,Charlie Green,12000,,hipoteca
1000110,Bob Johnson,5000,45,-1
1000149,Bob Johnson,8000,25,hipoteca
1000142,Alice Brown,12000,,-1
1000130,Unknown,12000,100,ahorro
1000111,Steve Rogers,,,-1
1000107,John Doe,,35,-1
1000144,John Doe,10000,,unknown
1000142,Alice Brown,10000,25,ahorro
1000111,John Doe,,45,prestamo
1000105,Alice Brown,10000,25,prestamo
1000125,Alice Brown,10000,100,ahorro
1000125,Diana Prince,5000,35,prestamo
1000122,Charlie Green,8000,25,-1
1000137,Diana Prince,,100,prestamo
1000123,John Doe,7000,25,prestamo
1000138,Steve Rogers,,40,prestamo
1000137,Alice Brown,7000,40,ahorro
1000123,Unknown,10000,100,ahorro
1000122,Alice Brown,5000,,ahorro
1000139,Charlie Green,,25,hipoteca
1000110,Diana Prince,8000,40,-1
1000137,Jane Smith,8000,100,ahorro
1000139,Charlie Green,7000,150,prestamo
1000132,Charlie Green,5000,100,ahorro
1000143,Steve Rogers,8000,40,prestamo
1000144,Alice Brown,7000,,prestamo
1000148,Alice Brown,8000,100,-1
1000106,Diana Prince,7000,30,-1
1000137,Charlie Green,5000,40,hipoteca
1000106,Charlie Green,,35,hipoteca
1000118,Jane Smith,12000,35,ahorro
1000107,Jane Smith,,40,prestamo
1000143,Bob Johnson,12000,45,-1
1000140,Diana Prince,5000,100,prestamo
1000114,Bob Johnson,7000,,ahorro
1000109,Diana Prince,7000,25,-1
1000132,Unknown,5000,35,hipoteca
1000110,Steve Rogers,,25,hipoteca
1000139,Diana Prince,12000,100,unknown
1000150,Diana Prince,8000,,-1
1000102,Charlie Green,,30,ahorro
1000145,Steve Rogers,12000,30,ahorro
1000107,Jane Smith,,100,hipoteca
1000144,Charlie Green,8000,25,-1
1000116,Steve Rogers,,40,-1
1000135,Bob Johnson,,40,hipoteca
1000139,Charlie Green,10000,,-1
1000138,Bob Johnson,8000,,-1
1000142,Unknown,7000,45,hipoteca
1000123,Jane Smith,8000,40,unknown
1000127,Jane Smith,8000,100,ahorro
1000145,Bob Johnson,12000,25,-1
1000128,Jane Smith,,45,hipoteca
1000133,John Doe,12000,,prestamo
1000145,Jane Smith,7000,100,-1
1000145,Charlie Green,10000,30,unknown
1000124,Steve Rogers,10000,100,hipoteca
1000140,Charlie Green,,35,hipoteca
1000114,Bob Johnson,,,prestamo
1000101,Bob Johnson,8000,,ahorro
1000128,Jane Smith,8000,25,-1
1000128,Diana Prince,8000,40,ahorro
1000111,Jane Smith,7000,,ahorro
1000145,Steve Rogers,12000,100,ahorro
1000114,Steve Rogers,5000,,-1
1000119,John Doe,12000,35,-1
1000101,Bob Johnson,12000,100,hipoteca
1000107,Unknown,10000,30,-1
1000105,Steve Rogers,,35,hipoteca
1000104,John Doe,,45,ahorro
1000122,Bob Johnson,10000,,ahorro
1000128,Steve Rogers,8000,100,ahorro
1000117,Jane Smith,,25,-1
1000135,Alice Brown,8000,100,ahorro
1000149,Alice Brown,,35,ahorro
1000121,Jane Smith,12000,40,hipoteca
1000125,Bob Johnson,10000,30,-1
1000126,John Doe,10000,100,prestamo
1000138,Bob Johnson,,35,prestamo
1000149,Bob Johnson,5000,45,ahorro
1000134,Diana Prince,12000,40,prestamo
1000102,Jane Smith,12000,,hipoteca
1000120,Diana Prince,12000,45,-1
1000101,Bob Johnson,10000,35,-1
1000121,Alice Brown,5000,,-1
1000127,Bob Johnson,,,prestamo
1000140,Charlie Green,8000,30,prestamo
1000122,Unknown,10000,30,ahorro
1000136,John Doe,10000,35,prestamo
1000102,Alice Brown,5000,35,hipoteca
1000117,Unknown,5000,45,ahorro
1000128,Unknown,10000,30,prestamo
1000123,Alice Brown,7000,35,ahorro
1000108,John Doe,,,-1
1000134,John Doe,5000,45,-1
1000105,Alice Brown,,30,ahorro
1000138,Diana Prince,10000,30,-1
1000113,Bob Johnson,5000,100,hipoteca
1000134,Steve Rogers,5000,,prestamo
1000147,Steve Rogers,10000,150,-1
1000149,Steve Rogers,7000,25,ahorro
1000124,Unknown,12000,35,hipoteca
1000149,Alice Brown,10000,100,prestamo
1000106,Unknown,8000,25,ahorro
1000131,Charlie Green,,25,ahorro
1000111,Alice Brown,8000,,-1
1000129,Steve Rogers,5000,35,prestamo
1000121,Charlie Green,,45,prestamo
1000113,Diana Prince,5000,35,ahorro
1000135,Diana Prince,8000,40,prestamo
1000129,Steve Rogers,10000,,prestamo
1000116,John Doe,7000,30,hipoteca
1000147,Diana Prince,8000,45,hipoteca
1000106,Diana Prince,10000,35,ahorro
1000122,Diana Prince,10000,35,ahorro
1000106,John Doe,5000,25,-1
1000114,Diana Prince,12000,40,hipoteca
1000133,Jane Smith,12000,25,prestamo
1000102,Diana Prince,12000,30,hipoteca
1000108,Diana Prince,5000,25,unknown
1000120,Steve Rogers,5000,40,hipoteca
1000104,John Doe,7000,100,prestamo
1000107,Steve Rogers,5000,25,hipoteca
1000117,Bob Johnson,5000,100,prestamo
1000141,Jane Smith,12000,100,prestamo
1000115,Alice Brown,12000,150,prestamo
1000103,Bob Johnson,7000,30,ahorro
1000107,Diana Prince,8000,25,hipoteca
1000113,Steve Rogers,8000,25,-1
1000101,Bob Johnson,,100,prestamo
1000138,Charlie Green,12000,,hipoteca
1000128,Diana Prince,7000,35,prestamo
1000146,Steve Rogers,10000,,-1
1000109,Bob Johnson,10000,,-1
1000108,John Doe,8000,25,prestamo
1000135,Jane Smith,12000,30,unknown
1000108,Jane Smith,5000,35,prestamo
1000142,Bob Johnson,,100,prestamo
1000102,Steve Rogers,7000,40,-1
1000110,Steve Rogers,7000,30,ahorro
1000110,Unknown,10000,,-1
1000114,Unknown,8000,35,ahorro
1000132,John Doe,12000,45,prestamo
1000145,Diana Prince,8000,100,-1
1000108,Diana Prince,7000,30,-1
1000104,Bob Johnson,10000,25,prestamo
1000111,Charlie Green,10000,100,hipoteca
1000125,John Doe,7000,25,prestamo
1000136,Alice Brown,8000,35,hipoteca
1000147,Bob Johnson,5000,,-1
1000116,Steve Rogers,10000,100,hipoteca
1000106,Alice Brown,8000,40,prestamo
1000111,Jane Smith,,,prestamo
1000143,Jane Smith,10000,40,-1
1000123,Diana Prince,,25,ahorro
1000127,Steve Rogers,12000,25,-1
1000137,Diana Prince,10000,,hipoteca
1000121,John Doe,7000,25,-1
1000106,Steve Rogers,,35,ahorro
1000146,Diana Prince,10000,30,-1
1000105,John Doe,,30,-1
1000109,John Doe,7000,40,prestamo
1000142,Alice Brown,8000,25,-1
1000114,Jane Smith,,150,hipoteca
1000126,Diana Prince,5000,45,-1
1000113,Diana Prince,5000,25,-1
1000118,Steve Rogers,,45,ahorro
1000119,Jane Smith,,35,prestamo
1000138,Steve Rogers,5000,,hipoteca
1000135,Alice Brown,,45,prestamo
1000112,Steve Rogers,,40,prestamo
1000115,John Doe,8000,100,-1
1000125,Bob Johnson,7000,150,prestamo
1000131,Bob Johnson,10000,150,-1
1000122,John Doe,12000,100,hipoteca
1000130,Steve Rogers,5000,30,ahorro
1000126,John Doe,10000,,-1
1000106,John Doe,12000,35,prestamo
1000139,Alice Brown,7000,35,unknown
1000136,Bob Johnson,,,hipoteca
1000136,Steve Rogers,,40,-1
1000122,Bob Johnson,10000,40,ahorro
1000101,Jane Smith,10000,30,hipoteca
1000147,Steve Rogers,12000,,-1
1000128,John Doe,5000,30,prestamo
1000142,Charlie Green,7000,,prestamo
1000143,Jane Smith,10000,25,-1
1000119,John Doe,5000,35,prestamo
1000111,John Doe,12000,100,-1
1000108,Alice Brown,5000,45,ahorro
1000121,Alice Brown,8000,30,-1
1000107,John Doe,,45,-1
1000125,Alice Brown,,30,prestamo
1000124,Jane Smith,10000,45,prestamo
1000123,Diana Prince,10000,25,ahorro
1000116,Diana Prince,10000,25,-1
1000146,Unknown,12000,25,hipoteca
1000122,Jane Smith,,35,hipoteca
1000101,Jane Smith,12000,40,-1
1000103,Bob Johnson,7000,,prestamo
1000111,John Doe,12000,100,prestamo
1000121,Bob Johnson,,100,prestamo
1000115,Alice Brown,8000,40,hipoteca
1000135,Bob Johnson,10000,30,prestamo
1000114,Diana Prince,8000,30,-1
1000149,Steve Rogers,8000,25,prestamo
1000108,Diana Prince,10000,35,ahorro
1000141,Steve Rogers,,40,-1
1000129,Steve Rogers,7000,30,-1
1000108,Jane Smith,8000,25,-1
1000115,Charlie Green,5000,35,prestamo
1000142,Diana Prince,8000,,prestamo
1000150,Bob Johnson,8000,25,hipoteca
1000113,Jane Smith,8000,45,hipoteca
1000101,Bob Johnson,12000,30,hipoteca
1000105,Alice Brown,8000,35,-1
1000127,Charlie Green,8000,100,hipoteca
1000149,Bob Johnson,10000,25,-1
1000134,Diana Prince,,45,hipoteca
1000110,Charlie Green,10000,25,prestamo
1000148,Charlie Green,12000,100,ahorro
1000115,Bob Johnson,,30,prestamo
1000135,John Doe,10000,100,hipoteca
1000140,John Doe,7000,30,prestamo
1000113,Jane Smith,8000,35,-1
1000108,Jane Smith,,35,ahorro
1000130,Steve Rogers,12000,45,hipoteca
1000122,Alice Brown,5000,30,ahorro
1000144,John Doe,7000,45,ahorro
1000132,Unknown,5000,,-1
1000108,Charlie Green,8000,,prestamo
1000132,Bob Johnson,5000,25,ahorro
1000130,John Doe,12000,30,unknown
1000104,Bob Johnson,,,prestamo
1000102,Alice Brown,12000,30,-1
1000129,Bob Johnson,7000,,ahorro
1000141,Alice Brown,8000,25,prestamo
1000128,John Doe,12000,40,ahorro
1000122,Steve Rogers,10000,40,ahorro
1000123,Charlie Green,,,prestamo
1000104,Steve Rogers,5000,25,hipoteca
1000107,Diana Prince,5000,45,unknown
1000128,Diana Prince,8000,35,ahorro
1000113,Alice Brown,8000,35,hipoteca
1000117,Alice Brown,,45,hipoteca
1000129,Jane Smith,,30,-1
1000133,John Doe,7000,150,-1
1000113,Jane Smith,,25,prestamo
1000104,Alice Brown,7000,45,hipoteca
1000123,Alice Brown,,25,hipoteca
1000109,Alice Brown,12000,40,hipoteca
1000129,Alice Brown,5000,45,ahorro
1000146,Charlie Green,12000,100,hipoteca
1000141,Bob Johnson,5000,40,prestamo
1000127,Diana Prince,8000,35,-1
1000116,Diana Prince,7000,100,ahorro
1000126,Charlie Green,7000,100,hipoteca
1000135,Alice Brown,7000,,-1
1000111,John Doe,10000,35,hipoteca
1000119,John Doe,10000,100,-1
1000123,Bob Johnson,5000,45,ahorro
1000129,Unknown,7000,35,-1
1000105,Steve Rogers,10000,35,ahorro
1000116,Alice Brown,10000,30,-1
1000101,Charlie Green,8000,100,prestamo
1000117,Diana Prince,12000,30,prestamo
1000106,John Doe,5000,35,ahorro
1000139,Charlie Green,,25,-1
1000114,Steve Rogers,,100,prestamo
1000134,Bob Johnson,10000,35,hipoteca
2000137,Bob Johnson,7000,,prestamo
2000114,Unknown,,30,-1
2000133,Alice Brown,12000,100,hipoteca
2000106,Jane Smith,12000,40,prestamo
2000122,Bob Johnson,7000,40,hipoteca
2000108,Jane Smith,12000,100,prestamo
2000124,Bob Johnson,12000,35,hipoteca
2000138,Steve Rogers,10000,25,-1
2000113,Charlie Green,,35,hipoteca
2000133,Steve Rogers,12000,40,prestamo
2000102,Alice Brown,12000,45,-1
2000130,Diana Prince,12000,45,hipoteca
2000137,Steve Rogers,12000,30,ahorro
2000145,Charlie Green,8000,150,ahorro
2000127,Bob Johnson,5000,30,ahorro
2000117,Steve Rogers,12000,100,ahorro
2000128,Diana Prince,7000,100,prestamo
2000147,Alice Brown,8000,100,hipoteca
2000148,John Doe,7000,,prestamo
2000142,Steve Rogers,5000,,-1
2000109,Charlie Green,7000,45,hipoteca
2000103,Jane Smith,8000,30,-1
2000110,Unknown,5000,35,-1
2000111,Diana Prince,10000,,hipoteca
2000136,Charlie Green,8000,100,-1
2000146,Steve Rogers,,30,ahorro
2000134,Charlie Green,8000,150,-1
2000113,Alice Brown,10000,45,prestamo
2000107,Alice Brown,,25,prestamo
2000111,Diana Prince,5000,30,prestamo
2000103,Jane Smith,7000,40,unknown
2000110,Jane Smith,8000,100,ahorro
2000116,Diana Prince,,,prestamo
2000105,Diana Prince,10000,25,prestamo
2000141,Unknown,7000,,ahorro
2000120,John Doe,,,-1
2000143,Steve Rogers,12000,30,ahorro
2000140,John Doe,,45,-1
2000107,Diana Prince,,25,ahorro
2000133,Alice Brown,10000,45,hipoteca
2000136,Steve Rogers,5000,40,hipoteca
2000150,Charlie Green,,40,hipoteca
2000137,Steve Rogers,,35,prestamo
2000126,Jane Smith,5000,25,-1
2000133,Diana Prince,8000,40,prestamo
2000126,Bob Johnson,12000,35,prestamo
2000104,Steve Rogers,8000,45,-1
2000143,Charlie Green,,150,hipoteca
2000133,Steve Rogers,,100,-1
2000121,Alice Brown,12000,100,-1
2000118,John Doe,8000,40,prestamo
2000104,Jane Smith,12000,150,ahorro
2000127,John Doe,5000,100,hipoteca
2000108,John Doe,8000,45,prestamo
2000123,Diana Prince,7000,,hipoteca
2000138,Alice Brown,5000,,-1
2000121,Steve Rogers,8000,,hipoteca
2000107,Charlie Green,10000,150,hipoteca
2000119,John Doe,10000,100,-1
2000122,Jane Smith,12000,25,prestamo
2000132,Jane Smith,10000,100,hipoteca
2000137,Bob Johnson,8000,,ahorro
2000139,Bob Johnson,,35,prestamo
2000102,Alice Brown,8000,,ahorro
2000133,Steve Rogers,10000,25,hipoteca
2000141,Bob Johnson,,,ahorro
2000140,Bob Johnson,8000,40,-1
2000126,Alice Brown,12000,,prestamo
2000110,Charlie Green,7000,45,hipoteca
2000123,John Doe,12000,100,prestamo
2000140,Steve Rogers,7000,40,ahorro
2000128,Jane Smith,8000,35,ahorro
2000107,Diana Prince,,25,-1
2000107,Unknown,5000,,ahorro
2000120,Bob Johnson,,40,-1
2000111,Charlie Green,12000,40,-1
2000106,Steve Rogers,7000,40,hipoteca
2000120,Unknown,,40,prestamo
2000132,Unknown,10000,30,hipoteca
2000137,Alice Brown,8000,100,hipoteca
2000119,Bob Johnson,10000,25,-1
2000136,Charlie Green,10000,35,-1
2000130,Charlie Green,,25,-1
2000137,John Doe,,40,-1
2000102,Bob Johnson,8000,45,-1
2000114,Charlie Green,10000,,-1
2000112,Steve Rogers,10000,,ahorro
2000140,Jane Smith,,35,-1
2000110,Charlie Green,7000,25,-1
2000105,Jane Smith,8000,40,prestamo
2000111,John Doe,5000,35,hipoteca
2000134,Alice Brown,10000,30,prestamo
2000149,Bob Johnson,8000,,ahorro
2000124,Bob Johnson,10000,25,prestamo
2000147,Alice Brown,12000,40,ahorro
2000122,Bob Johnson,,100,-1
2000102,Jane Smith,7000,,prestamo
2000138,John Doe,12000,150,prestamo
2000121,Steve Rogers,5000,35,prestamo
2000139,Alice Brown,5000,100,unknown
2000136,Alice Brown,10000,,ahorro
2000103,Charlie Green,8000,30,-1
2000147,Bob Johnson,7000,100,hipoteca
2000127,Alice Brown,7000,,-1
2000149,Alice Brown,10000,25,-1
2000115,Charlie Green,8000,45,-1
2000131,Steve Rogers,8000,150,-1
2000148,Bob Johnson,,30,unknown
2000106,Unknown,7000,30,ahorro
2000120,Jane Smith,5000,40,hipoteca
2000108,Jane Smith,10000,100,ahorro
2000130,Steve Rogers,5000,45,prestamo
2000113,Jane Smith,10000,,unknown
2000135,Charlie Green,12000,150,-1
2000150,Steve Rogers,,,hipoteca
2000123,Diana Prince,,30,ahorro
2000146,Jane Smith,12000,100,hipoteca
2000105,Steve Rogers,8000,25,-1
2000127,Diana Prince,,150,-1
2000113,Charlie Green,,30,-1
2000145,Diana Prince,,25,-1
2000123,Bob Johnson,5000,25,ahorro
2000142,John Doe,,35,hipoteca
2000141,Steve Rogers,8000,35,ahorro
2000146,Charlie Green,7000,30,ahorro
2000133,John Doe,12000,35,-1
2000128,John Doe,,35,unknown
2000124,Diana Prince,12000,45,ahorro
2000112,Bob Johnson,8000,25,hipoteca
2000126,Diana Prince,12000,,hipoteca
2000149,Alice Brown,8000,,prestamo
2000116,Unknown,12000,25,prestamo
2000111,Unknown,5000,100,hipoteca
2000107,Unknown,12000,30,hipoteca
2000121,John Doe,,35,hipoteca
2000123,Bob Johnson,12000,45,-1
2000108,Alice Brown,10000,,ahorro
2000121,John Doe,,,-1
2000134,Charlie Green,7000,45,hipoteca
2000108,Jane Smith,12000,45,-1
2000143,Charlie Green,5000,40,hipoteca
2000115,Bob Johnson,7000,25,-1
2000135,Diana Prince,7000,100,-1
2000115,Steve Rogers,7000,25,hipoteca
2000137,Steve Rogers,8000,,-1
2000141,Bob Johnson,8000,30,prestamo
2000112,John Doe,7000,150,-1
2000111,John Doe,,25,-1
2000121,John Doe,,150,ahorro
2000117,Bob Johnson,5000,,prestamo
2000120,Diana Prince,,,ahorro
2000120,Jane Smith,5000,40,prestamo
2000140,Alice Brown,5000,25,ahorro
2000129,John Doe,12000,35,unknown
2000130,Jane Smith,10000,45,prestamo
2000122,Jane Smith,5000,100,unknown
2000138,Diana Prince,5000,,-1
2000130,John Doe,5000,35,hipoteca
2000126,Alice Brown,7000,25,hipoteca
2000145,Steve Rogers,,,ahorro
2000107,Steve Rogers,10000,,ahorro
2000119,Diana Prince,10000,25,hipoteca
2000147,Jane Smith,12000,25,prestamo
2000146,Jane Smith,,25,-1
2000116,Steve Rogers,10000,30,-1
2000123,Alice Brown,,25,hipoteca
2000103,Alice Brown,,150,hipoteca
2000140,John Doe,,30,-1
2000120,Charlie Green,7000,,hipoteca
2000105,Jane Smith,7000,40,unknown
2000150,Bob Johnson,8000,40,ahorro
2000132,Bob Johnson,5000,150,-1
2000122,Unknown,12000,45,prestamo
2000120,Alice Brown,12000,45,-1
2000140,John Doe,7000,30,ahorro
2000143,Charlie Green,5000,100,ahorro
2000123,Steve Rogers,,,prestamo
2000144,Alice Brown,8000,45,ahorro
2000101,Diana Prince,8000,35,ahorro
2000132,John Doe,7000,30,hipoteca
2000123,Bob Johnson,10000,,ahorro
2000135,Steve Rogers,10000,45,unknown
2000119,Steve Rogers,8000,40,prestamo
2000127,Steve Rogers,5000,45,ahorro
2000150,Charlie Green,12000,45,prestamo
2000104,Jane Smith,10000,,hipoteca
2000110,Charlie Green,8000,,prestamo
2000148,Jane Smith,8000,25,ahorro
2000109,Steve Rogers,5000,45,prestamo
2000145,Steve Rogers,,,prestamo
2000109,Steve Rogers,10000,,prestamo
2000132,John Doe,12000,45,-1
2000131,Alice Brown,7000,45,ahorro
2000150,Alice Brown,10000,40,unknown
2000121,Alice Brown,12000,35,hipoteca
2000145,Alice Brown,7000,,ahorro
2000148,Alice Brown,7000,,hipoteca
2000120,Charlie Green,7000,40,-1
2000134,Diana Prince,12000,30,ahorro
2000103,Bob Johnson,10000,,-1
2000137,Alice Brown,,45,ahorro
2000140,Alice Brown,7000,,hipoteca
2000133,Alice Brown,7000,30,ahorro
2000114,Bob Johnson,5000,30,-1
2000114,Steve Rogers,5000,100,prestamo
2000105,Diana Prince,5000,30,-1
2000116,Alice Brown,8000,35,-1
2000140,John Doe,,45,-1
2000142,Alice Brown,,100,prestamo
2000125,Jane Smith,12000,30,-1
2000119,Charlie Green,5000,35,hipoteca
2000114,Charlie Green,7000,100,-1
2000112,John Doe,12000,,ahorro
2000128,Jane Smith,7000,100,hipoteca
2000118,Bob Johnson,10000,45,hipoteca
2000150,Jane Smith,8000,,-1
2000129,Charlie Green,10000,40,-1
2000143,Jane Smith,12000,40,hipoteca
2000124,Steve Rogers,8000,25,hipoteca
2000127,Steve Rogers,,,prestamo
2000125,Charlie Green,12000,25,-1
2000126,Diana Prince,,35,prestamo
2000118,Bob Johnson,8000,,ahorro
2000114,Alice Brown,,,-1
2000114,Charlie Green,10000,150,hipoteca
2000138,Diana Prince,7000,35,-1
2000141,Charlie Green,7000,35,hipoteca
2000140,Jane Smith,8000,30,hipoteca
2000110,Steve Rogers,8000,30,prestamo
2000140,Steve Rogers,12000,,ahorro
2000107,Alice Brown,10000,40,prestamo
2000124,John Doe,7000,30,prestamo
2000123,Steve Rogers,12000,35,hipoteca
2000144,Charlie Green,7000,150,prestamo
2000132,Alice Brown,5000,,ahorro
2000122,Jane Smith,,100,-1
2000116,Alice Brown,12000,30,-1
2000111,Steve Rogers,5000,35,ahorro
2000129,Unknown,,35,-1
2000117,Steve Rogers,10000,,hipoteca
2000126,Jane Smith,7000,40,ahorro
2000101,Diana Prince,12000,40,prestamo
2000147,John Doe,,35,hipoteca
2000119,Diana Prince,10000,40,ahorro
2000144,John Doe,,,prestamo
2000123,Steve Rogers,,,-1
2000122,Charlie Green,5000,,prestamo
2000102,Bob Johnson,12000,35,hipoteca
2000106,Diana Prince,,30,prestamo
2000134,Diana Prince,12000,35,prestamo
2000125,Steve Rogers,,100,ahorro
2000110,Jane Smith,7000,40,ahorro
2000139,Alice Brown,12000,100,unknown
2000115,Alice Brown,7000,,ahorro
2000106,Diana Prince,5000,100,unknown
2000114,Steve Rogers,7000,45,-1
2000117,Bob Johnson,7000,40,ahorro
2000103,Charlie Green,,30,hipoteca
2000109,Diana Prince,,40,hipoteca
2000111,John Doe,12000,40,hipoteca
2000107,John Doe,12000,45,hipoteca
2000102,Jane Smith,5000,,prestamo
2000103,Diana Prince,8000,45,prestamo
2000109,Diana Prince,5000,45,hipoteca
2000122,Diana Prince,8000,30,ahorro
2000137,John Doe,10000,150,prestamo
2000136,Diana Prince,,30,unknown
2000123,John Doe,8000,,ahorro
2000106,Alice Brown,12000,100,ahorro
2000123,Alice Brown,10000,,-1
2000129,Steve Rogers,7000,40,ahorro
2000142,John Doe,8000,100,hipoteca
2000138,Jane Smith,7000,45,ahorro
2000122,Diana Prince,5000,25,-1
2000126,Charlie Green,,35,hipoteca
2000129,Steve Rogers,7000,45,ahorro
2000106,Charlie Green,12000,35,ahorro
2000121,Bob Johnson,5000,25,-1
2000149,Charlie Green,,100,prestamo
2000143,Diana Prince,,40,hipoteca
2000121,Charlie Green,5000,,ahorro
2000116,John Doe,12000,,-1
2000133,Jane Smith,12000,45,ahorro
2000114,Steve Rogers,10000,45,hipoteca
2000135,Alice Brown,12000,45,prestamo
2000102,Alice Brown,12000,30,hipoteca
2000104,Unknown,10000,25,ahorro
2000145,Jane Smith,,25,prestamo
2000138,Alice Brown,,45,ahorro
2000114,John Doe,8000,25,-1
2000141,Steve Rogers,7000,45,hipoteca
2000115,John Doe,5000,35,ahorro
2000101,Steve Rogers,10000,100,ahorro
2000128,Diana Prince,8000,35,-1
2000120,Alice Brown,10000,100,-1
2000150,Unknown,10000,100,-1
2000121,Alice Brown,5000,40,-1
2000114,Bob Johnson,8000,45,unknown
2000117,Alice Brown,5000,,ahorro
2000147,Diana Prince,8000,150,ahorro
2000109,Bob Johnson,,,hipoteca
2000112,Diana Prince,10000,150,-1
2000149,Diana Prince,5000,25,hipoteca
2000120,Alice Brown,5000,45,-1
2000138,Diana Prince,5000,40,ahorro
2000112,Jane Smith,,150,hipoteca
2000149,Charlie Green,12000,40,prestamo
2000141,Alice Brown,5000,,-1
2000149,Steve Rogers,10000,40,-1
2000118,John Doe,7000,35,prestamo
2000132,Bob Johnson,7000,100,-1
2000141,Alice Brown,10000,30,-1
2000123,Unknown,7000,100,prestamo
2000118,John Doe,10000,100,hipoteca
2000138,Jane Smith,,,hipoteca
2000123,Alice Brown,8000,45,-1
2000129,Bob Johnson,12000,45,prestamo
2000144,Charlie Green,7000,30,-1
2000126,Diana Prince,5000,45,ahorro
2000136,Steve Rogers,12000,35,-1
2000105,John Doe,10000,150,ahorro
2000115,Bob Johnson,7000,35,hipoteca
2000147,John Doe,,30,ahorro
2000145,Bob Johnson,,35,ahorro
2000138,Charlie Green,,100,prestamo
2000134,Unknown,7000,45,ahorro
2000123,Charlie Green,5000,40,-1
2000115,John Doe,10000,35,prestamo
2000146,Bob Johnson,10000,40,-1
2000113,John Doe,8000,25,hipoteca
2000132,Steve Rogers,5000,45,hipoteca
2000101,Jane Smith,7000,45,hipoteca
2000123,Unknown,10000,35,prestamo
2000140,Unknown,12000,40,hipoteca
2000105,Diana Prince,7000,100,ahorro
2000128,Steve Rogers,5000,,ahorro
2000113,Unknown,,40,-1
2000106,Charlie Green,10000,100,ahorro
2000116,Diana Prince,8000,100,ahorro
2000140,John Doe,,30,hipoteca
2000127,Diana Prince,8000,30,ahorro
2000110,Alice Brown,7000,,-1
2000115,Diana Prince,,40,-1
2000138,Charlie Green,5000,,-1
2000150,Diana Prince,8000,35,-1
2000101,Steve Rogers,5000,35,-1
2000105,Alice Brown,,25,prestamo
2000150,Steve Rogers,,25,hipoteca
2000137,Charlie Green,7000,150,hipoteca
2000124,John Doe,,35,prestamo
2000132,John Doe,,40,-1
2000113,Alice Brown,,,-1
2000119,Steve Rogers,,35,-1
2000113,Charlie Green,7000,,unknown
2000146,Charlie Green,8000,25,unknown
2000121,Alice Brown,5000,25,hipoteca
2000143,John Doe,12000,35,prestamo
2000118,Jane Smith,5000,25,-1
2000144,Diana Prince,8000,100,prestamo
2000127,John Doe,12000,100,ahorro
2000120,John Doe,,,-1
2000133,Steve Rogers,5000,35,prestamo
2000114,Jane Smith,12000,100,unknown
2000139,Charlie Green,12000,45,-1
2000132,Alice Brown,12000,100,hipoteca
2000108,Alice Brown,5000,25,hipoteca
2000107,John Doe,8000,35,hipoteca
2000107,Bob Johnson,8000,45,-1
2000118,Charlie Green,5000,100,hipoteca
2000149,Steve Rogers,,150,prestamo
2000107,Alice Brown,10000,45,prestamo
2000128,Diana Prince,7000,,hipoteca
2000102,Diana Prince,5000,35,hipoteca
2000127,Charlie Green,7000,30,-1
2000112,Bob Johnson,5000,25,ahorro
2000120,Jane Smith,5000,150,-1
2000146,John Doe,,45,unknown
2000132,Bob Johnson,8000,100,prestamo
2000112,Jane Smith,,100,-1
2000129,Steve Rogers,7000,150,-1
2000136,Bob Johnson,10000,,hipoteca
2000134,Diana Prince,12000,100,ahorro
2000105,Jane Smith,10000,25,-1
2000112,Bob Johnson,,25,ahorro
2000150,John Doe,7000,40,ahorro
2000111,Steve Rogers,10000,,-1
2000149,Unknown,8000,40,ahorro
2000109,John Doe,8000,25,hipoteca
2000147,John Doe,,30,ahorro
2000144,Alice Brown,8000,30,hipoteca
2000120,Bob Johnson,5000,45,-1
2000133,John Doe,10000,,hipoteca
2000114,Jane Smith,5000,35,ahorro
2000114,Steve Rogers,10000,100,-1
2000132,Diana Prince,7000,,-1
2000147,Unknown,5000,45,-1
2000104,Steve Rogers,,,hipoteca
2000108,Alice Brown,,100,prestamo
2000126,Unknown,12000,25,-1
2000118,Jane Smith,10000,45,ahorro
2000110,John Doe,8000,25,-1
2000116,Steve Rogers,7000,150,hipoteca
2000107,John Doe,7000,25,-1
2000133,Alice Brown,5000,35,prestamo
2000115,Bob Johnson,10000,45,hipoteca
2000134,Diana Prince,10000,40,-1
2000145,John Doe,5000,35,hipoteca
2000141,John Doe,10000,35,prestamo
2000103,John Doe,,45,hipoteca
2000117,Alice Brown,10000,100,unknown
2000106,Diana Prince,8000,25,-1
2000128,Jane Smith,8000,30,-1
2000103,Jane Smith,7000,25,unknown
2000120,Jane Smith,5000,,ahorro
2000109,Alice Brown,,150,hipoteca
2000135,Charlie Green,12000,,prestamo
2000129,Diana Prince,,30,hipoteca
2000130,John Doe,,40,ahorro
2000130,Jane Smith,8000,25,prestamo
2000104,Bob Johnson,12000,30,prestamo
2000144,Steve Rogers,10000,,prestamo
2000120,Jane Smith,,25,prestamo
2000101,John Doe,10000,35,prestamo
2000102,Jane Smith,,150,hipoteca
2000145,Alice Brown,,100,hipoteca
2000136,Jane Smith,7000,40,ahorro
2000122,Alice Brown,10000,45,hipoteca
2000121,Diana Prince,7000,45,prestamo
2000134,Charlie Green,10000,45,prestamo
2000137,Jane Smith,8000,,-1
2000130,Alice Brown,,25,-1
2000116,Alice Brown,12000,40,unknown
2000133,Alice Brown,5000,35,hipoteca
2000126,Bob Johnson,,,ahorro
2000129,Jane Smith,10000,,-1
2000138,Unknown,10000,30,-1
2000148,Unknown,5000,100,ahorro
2000124,Steve Rogers,7000,,hipoteca
2000110,Alice Brown,7000,,-1
2000139,Jane Smith,,100,-1
2000107,Alice Brown,7000,100,prestamo
2000142,Steve Rogers,7000,30,-1
2000113,John Doe,,30,prestamo
2000107,Alice Brown,10000,40,-1
2000140,Charlie Green,5000,,prestamo
2000113,Alice Brown,7000,150,-1
2000114,Bob Johnson,7000,,-1
2000102,Bob Johnson,5000,150,hipoteca
2000138,Jane Smith,7000,45,prestamo
2000143,Charlie Green,,45,-1
2000103,Jane Smith,10000,100,-1
2000107,Alice Brown,7000,,hipoteca
2000112,Bob Johnson,10000,30,ahorro
2000107,Bob Johnson,,35,hipoteca
2000142,Steve Rogers,,25,ahorro
2000148,Charlie Green,8000,,ahorro
2000144,Bob Johnson,10000,,unknown
2000118,Diana Prince,7000,40,prestamo
2000114,Steve Rogers,10000,,unknown
2000103,Jane Smith,5000,,ahorro
2000150,Diana Prince,10000,25,-1
2000125,John Doe,,25,-1
2000150,Jane Smith,8000,150,hipoteca
2000123,John Doe,5000,35,unknown
2000120,John Doe,7000,30,prestamo
2000138,Bob Johnson,10000,30,-1
2000141,John Doe,12000,25,ahorro
2000113,Steve Rogers,7000,45,hipoteca
2000102,Charlie Green,12000,40,ahorro
2000137,Jane Smith,7000,150,ahorro
2000103,Diana Prince,10000,100,-1
2000136,Alice Brown,5000,25,prestamo
2000145,Steve Rogers,,100,-1
2000138,John Doe,10000,25,unknown
2000117,Diana Prince,12000,,hipoteca
2000131,Bob Johnson,10000,,-1
2000132,Unknown,12000,,prestamo
2000146,Bob Johnson,,30,-1
2000108,John Doe,8000,45,prestamo
2000112,Jane Smith,5000,40,unknown
2000119,Steve Rogers,5000,45,unknown
2000137,Alice Brown,8000,,-1
2000127,Charlie Green,7000,30,unknown
2000109,Unknown,,25,-1
2000118,John Doe,,40,hipoteca
2000121,John Doe,,25,ahorro
2000105,Bob Johnson,8000,40,ahorro
2000119,John Doe,8000,,ahorro
2000122,Bob Johnson,5000,40,ahorro
2000122,Diana Prince,7000,,ahorro
2000113,John Doe,12000,,ahorro
2000131,Bob Johnson,7000,35,-1
2000111,Steve Rogers,,,hipoteca
2000114,Diana Prince,,,ahorro
2000139,Charlie Green,5000,35,unknown
2000134,Bob Johnson,5000,25,prestamo
2000150,Alice Brown,7000,35,ahorro
2000103,John Doe,5000,,prestamo
2000108,Alice Brown,5000,30,unknown
2000140,Alice Brown,8000,40,ahorro
2000147,Charlie Green,7000,25,prestamo
2000110,Bob Johnson,7000,35,hipoteca
2000143,Charlie Green,10000,35,-1
2000137,Bob Johnson,5000,40,-1
2000124,John Doe,7000,,hipoteca
2000140,Alice Brown,5000,35,prestamo
2000112,Steve Rogers,8000,30,prestamo
2000102,Alice Brown,8000,45,prestamo
2000131,Diana Prince,5000,45,hipoteca
2000104,Steve Rogers,10000,25,prestamo
2000128,Diana Prince,,35,hipoteca
2000133,Alice Brown,,,hipoteca
2000138,Alice Brown,8000,45,prestamo
2000121,Bob Johnson,8000,35,hipoteca
2000130,John Doe,5000,25,prestamo
2000143,Diana Prince,,35,unknown
2000116,Diana Prince,,30,hipoteca
2000136,Diana Prince,5000,40,prestamo
2000105,Unknown,10000,45,prestamo
2000107,Alice Brown,10000,,hipoteca
2000135,Steve Rogers,12000,25,ahorro
2000126,John Doe,5000,45,ahorro
2000101,Alice Brown,8000,25,hipoteca
2000111,John Doe,,,ahorro
2000121,Steve Rogers,12000,30,-1
2000138,Alice Brown,12000,30,ahorro
2000116,Bob Johnson,,45,-1
2000101,John Doe,8000,30,hipoteca
2000133,John Doe,,25,ahorro
2000129,Diana Prince,8000,45,ahorro
2000138,Jane Smith,12000,30,prestamo
2000127,Diana Prince,7000,40,-1
2000137,Jane Smith,10000,45,hipoteca
2000115,Jane Smith,12000,45,-1
2000123,John Doe,5000,25,ahorro
2000109,Diana Prince,,,hipoteca
2000122,Charlie Green,10000,45,hipoteca
2000135,John Doe,10000,,-1
2000102,Jane Smith,5000,40,prestamo
2000110,Steve Rogers,,,hipoteca
2000112,Jane Smith,10000,,ahorro
2000132,Bob Johnson,10000,100,-1
2000104,Jane Smith,8000,,-1
2000120,Steve Rogers,,30,prestamo
2000126,Alice Brown,8000,,prestamo
2000124,Steve Rogers,,45,-1
2000127,Charlie Green,5000,150,ahorro
2000132,Diana Prince,8000,45,hipoteca
2000131,Jane Smith,10000,40,-1
2000123,Alice Brown,12000,35,hipoteca
2000134,John Doe,8000,40,-1
2000114,Steve Rogers,,45,unknown
2000111,Bob Johnson,,,prestamo
2000139,Charlie Green,10000,40,ahorro
2000133,John Doe,10000,35,-1
2000147,Charlie Green,10000,150,hipoteca
2000145,Bob Johnson,12000,35,hipoteca
2000104,Diana Prince,,30,ahorro
2000115,Diana Prince,,,hipoteca
2000144,Bob Johnson,12000,35,-1
2000101,Charlie Green,12000,35,hipoteca
2000134,Charlie Green,12000,30,-1
2000121,Bob Johnson,7000,30,hipoteca
2000114,Steve Rogers,7000,100,ahorro
2000145,Diana Prince,12000,35,prestamo
2000147,Steve Rogers,8000,30,ahorro
2000117,Alice Brown,5000,25,-1
2000131,Charlie Green,10000,,-1
2000115,Bob Johnson,8000,45,hipoteca
2000109,Jane Smith,5000,100,hipoteca
2000126,Alice Brown,8000,30,-1
2000143,Bob Johnson,10000,30,ahorro
2000114,Diana Prince,,,prestamo
2000139,Steve Rogers,,,ahorro
2000149,Bob Johnson,12000,45,-1
2000119,Steve Rogers,5000,,hipoteca
2000104,Steve Rogers,,45,-1
2000128,John Doe,8000,150,prestamo
2000120,Steve Rogers,7000,30,ahorro
2000110,Steve Rogers,10000,25,hipoteca
2000116,John Doe,12000,,unknown
2000133,Steve Rogers,,150,ahorro
2000135,Bob Johnson,7000,40,-1
2000142,Jane Smith,8000,40,unknown
2000134,Bob Johnson,10000,30,hipoteca
2000118,Charlie Green,12000,150,prestamo
2000134,Alice Brown,,45,-1
2000120,Charlie Green,7000,150,prestamo
2000132,Alice Brown,12000,,ahorro
2000126,Alice Brown,5000,40,prestamo
2000143,Alice Brown,,35,prestamo
2000104,Steve Rogers,,40,-1
2000141,Jane Smith,,40,prestamo
2000106,Alice Brown,5000,45,-1
2000105,Steve Rogers,10000,35,prestamo
2000150,Bob Johnson,12000,100,ahorro
2000133,Steve Rogers,10000,45,prestamo
2000149,Charlie Green,12000,25,-1
2000112,Diana Prince,10000,,-1
2000142,Bob Johnson,,100,hipoteca
2000106,Unknown,8000,25,hipoteca
2000131,Steve Rogers,,30,-1
2000102,John Doe,12000,,-1
2000105,Alice Brown,8000,25,prestamo
2000137,Alice Brown,,25,-1
2000143,Unknown,7000,,ahorro
2000141,Jane Smith,8000,30,prestamo
2000140,Steve Rogers,5000,150,prestamo
2000124,Jane Smith,12000,45,-1
2000143,Alice Brown,8000,40,ahorro
2000110,Alice Brown,5000,25,hipoteca
2000129,Jane Smith,10000,25,prestamo
2000118,John Doe,12000,,hipoteca
2000142,Jane Smith,8000,100,hipoteca
2000114,Diana Prince,5000,25,-1
2000104,Jane Smith,,25,unknown
2000130,Steve Rogers,,35,-1
2000139,Alice Brown,12000,35,unknown
2000150,Bob Johnson,10000,35,hipoteca
2000120,Jane Smith,,40,ahorro
2000119,Unknown,5000,,ahorro
2000128,Alice Brown,5000,40,-1
2000146,Charlie Green,7000,40,ahorro
2000125,John Doe,,40,ahorro
2000108,Alice Brown,8000,35,hipoteca
2000140,Diana Prince,7000,150,-1
2000150,Steve Rogers,7000,30,hipoteca
2000138,Unknown,8000,,prestamo
2000113,Diana Prince,8000,40,-1
2000115,Bob Johnson,8000,45,hipoteca
2000139,Jane Smith,,30,-1
2000147,John Doe,8000,40,unknown
2000109,John Doe,,30,ahorro
2000106,Bob Johnson,7000,100,-1
2000140,Bob Johnson,,150,ahorro
2000137,Diana Prince,8000,,-1
2000133,Steve Rogers,10000,25,prestamo
2000127,John Doe,8000,150,prestamo
2000116,Bob Johnson,12000,,prestamo
2000107,Jane Smith,,,hipoteca
2000117,John Doe,,100,ahorro
2000118,John Doe,,100,hipoteca
2000129,Alice Brown,5000,,ahorro
2000135,Unknown,10000,45,ahorro
2000116,Charlie Green,12000,,ahorro
2000107,Diana Prince,10000,,-1
2000105,Alice Brown,5000,45,-1
2000120,Jane Smith,7000,45,hipoteca
2000149,John Doe,10000,25,ahorro
2000137,Steve Rogers,7000,35,-1
2000138,John Doe,7000,100,ahorro
2000142,Bob Johnson,8000,35,-1
2000136,Alice Brown,,45,-1
2000104,Diana Prince,8000,30,-1
2000138,Charlie Green,7000,,hipoteca
2000123,Bob Johnson,12000,40,hipoteca
2000144,Alice Brown,10000,45,ahorro
2000149,Alice Brown,10000,,prestamo
2000148,Bob Johnson,7000,30,ahorro
2000109,Diana Prince,,30,ahorro
2000116,Diana Prince,5000,45,-1
2000119,John Doe,8000,100,hipoteca
2000139,John Doe,10000,35,ahorro
2000107,Steve Rogers,10000,25,prestamo
2000113,John Doe,8000,45,prestamo
2000114,Alice Brown,5000,,ahorro
2000127,Alice Brown,,,-1
2000116,John Doe,10000,,-1
2000142,Bob Johnson,7000,25,ahorro
2000135,John Doe,12000,40,prestamo
2000125,Diana Prince,5000,45,unknown
2000106,Charlie Green,8000,25,prestamo
2000121,Alice Brown,8000,45,ahorro
2000138,John Doe,10000,30,unknown
2000150,Charlie Green,12000,40,prestamo
2000140,Jane Smith,7000,25,prestamo
2000148,Diana Prince,10000,25,prestamo
2000148,Steve Rogers,,,prestamo
2000141,Bob Johnson,10000,100,ahorro
2000105,John Doe,,35,ahorro
2000105,Diana Prince,,100,prestamo
2000103,Unknown,7000,40,-1
2000148,Steve Rogers,5000,150,-1
2000109,Diana Prince,7000,25,-1
2000111,Alice Brown,5000,45,prestamo
2000113,Bob Johnson,5000,35,prestamo
2000142,Jane Smith,10000,25,prestamo
2000148,Steve Rogers,7000,,ahorro
2000144,Jane Smith,7000,25,-1
2000103,Bob Johnson,,100,-1
2000114,Alice Brown,8000,150,prestamo
2000129,Steve Rogers,5000,,prestamo
2000123,Steve Rogers,12000,,hipoteca
2000107,Jane Smith,10000,,prestamo
2000134,Steve Rogers,,35,-1
2000113,Diana Prince,10000,,hipoteca
2000116,Steve Rogers,7000,40,hipoteca
2000127,Diana Prince,5000,100,ahorro
2000125,Diana Prince,,,prestamo
2000129,Unknown,10000,35,prestamo
2000105,Jane Smith,12000,45,hipoteca
2000114,Alice Brown,7000,35,ahorro
2000145,Diana Prince,7000,45,prestamo
2000106,Bob Johnson,5000,35,-1
2000121,John Doe,12000,45,hipoteca
2000134,Steve Rogers,8000,,hipoteca
2000131,Bob Johnson,10000,,prestamo
2000131,John Doe,10000,100,unknown
2000129,Alice Brown,,30,prestamo
2000111,Steve Rogers,10000,30,ahorro
2000139,Jane Smith,8000,45,hipoteca
2000125,Jane Smith,5000,,ahorro
2000124,Diana Prince,10000,45,unknown
2000119,Unknown,5000,40,prestamo
2000144,John Doe,,25,hipoteca
2000146,Bob Johnson,5000,40,hipoteca
2000114,Alice Brown,7000,25,-1
2000113,Bob Johnson,12000,,hipoteca
2000127,Charlie Green,7000,150,-1
2000124,John Doe,12000,,-1
2000139,Jane Smith,10000,,hipoteca
2000108,Steve Rogers,5000,30,-1
2000136,John Doe,8000,35,-1
2000129,Steve Rogers,10000,45,hipoteca
2000123,John Doe,7000,40,unknown
2000103,John Doe,7000,150,ahorro
2000140,Bob Johnson,,40,unknown
2000129,John Doe,,40,prestamo
2000102,Charlie Green,10000,35,prestamo
2000142,Charlie Green,12000,,hipoteca
2000110,Bob Johnson,5000,45,-1
2000149,Bob Johnson,8000,25,hipoteca
2000142,Alice Brown,12000,,-1
2000130,Unknown,12000,100,ahorro
2000111,Steve Rogers,,,-1
2000107,John Doe,,35,-1
2000144,John Doe,10000,,unknown
2000142,Alice Brown,10000,25,ahorro
2000111,John Doe,,45,prestamo
2000105,Alice Brown,10000,25,prestamo
2000125,Alice Brown,10000,100,ahorro
2000125,Diana Prince,5000,35,prestamo
2000122,Charlie Green,8000,25,-1
2000137,Diana Prince,,100,prestamo
2000123,John Doe,7000,25,prestamo
2000138,Steve Rogers,,40,prestamo
2000137,Alice Brown,7000,40,ahorro
2000123,Unknown,10000,100,ahorro
2000122,Alice Brown,5000,,ahorro
2000139,Charlie Green,,25,hipoteca
2000110,Diana Prince,8000,40,-1
2000137,Jane Smith,8000,100,ahorro
2000139,Charlie Green,7000,150,prestamo
2000132,Charlie Green,5000,100,ahorro
2000143,Steve Rogers,8000,40,prestamo
2000144,Alice Brown,7000,,prestamo
2000148,Alice Brown,8000,100,-1
2000106,Diana Prince,7000,30,-1
2000137,Charlie Green,5000,40,hipoteca
2000106,Charlie Green,,35,hipoteca
2000118,Jane Smith,12000,35,ahorro
2000107,Jane Smith,,40,prestamo
2000143,Bob Johnson,12000,45,-1
2000140,Diana Prince,5000,100,prestamo
2000114,Bob Johnson,7000,,ahorro
2000109,Diana Prince,7000,25,-1
2000132,Unknown,5000,35,hipoteca
2000110,Steve Rogers,,25,hipoteca
2000139,Diana Prince,12000,100,unknown
2000150,Diana Prince,8000,,-1
2000102,Charlie Green,,30,ahorro
2000145,Steve Rogers,12000,30,ahorro
2000107,Jane Smith,,100,hipoteca
2000144,Charlie Green,8000,25,-1
2000116,Steve Rogers,,40,-1
2000135,Bob Johnson,,40,hipoteca
2000139,Charlie Green,10000,,-1
2000138,Bob Johnson,8000,,-1
2000142,Unknown,7000,45,hipoteca
2000123,Jane Smith,8000,40,unknown
2000127,Jane Smith,8000,100,ahorro
2000145,Bob Johnson,12000,25,-1
2000128,Jane Smith,,45,hipoteca
2000133,John Doe,12000,,prestamo
2000145,Jane Smith,7000,100,-1
2000145,Charlie Green,10000,30,unknown
2000124,Steve Rogers,10000,100,hipoteca
2000140,Charlie Green,,35,hipoteca
2000114,Bob Johnson,,,prestamo
2000101,Bob Johnson,8000,,ahorro
2000128,Jane Smith,8000,25,-1
2000128,Diana Prince,8000,40,ahorro
2000111,Jane Smith,7000,,ahorro
2000145,Steve Rogers,12000,100,ahorro
2000114,Steve Rogers,5000,,-1
2000119,John Doe,12000,35,-1
2000101,Bob Johnson,12000,100,hipoteca
2000107,Unknown,10000,30,-1
2000105,Steve Rogers,,35,hipoteca
2000104,John Doe,,45,ahorro
2000122,Bob Johnson,10000,,ahorro
2000128,Steve Rogers,8000,100,ahorro
2000117,Jane Smith,,25,-1
2000135,Alice Brown,8000,100,ahorro
2000149,Alice Brown,,35,ahorro
2000121,Jane Smith,12000,40,hipoteca
2000125,Bob Johnson,10000,30,-1
2000126,John Doe,10000,100,prestamo
2000138,Bob Johnson,,35,prestamo
2000149,Bob Johnson,5000,45,ahorro
2000134,Diana Prince,12000,40,prestamo
2000102,Jane Smith,12000,,hipoteca
2000120,Diana Prince,12000,45,-1
2000101,Bob Johnson,10000,35,-1
2000121,Alice Brown,5000,,-1
2000127,Bob Johnson,,,prestamo
2000140,Charlie Green,8000,30,prestamo
2000122,Unknown,10000,30,ahorro
2000136,John Doe,10000,35,prestamo
2000102,Alice Brown,5000,35,hipoteca
2000117,Unknown,5000,45,ahorro
2000128,Unknown,10000,30,prestamo
2000123,Alice Brown,7000,35,ahorro
2000108,John Doe,,,-1
2000134,John Doe,5000,45,-1
2000105,Alice Brown,,30,ahorro
2000138,Diana Prince,10000,30,-1
2000113,Bob Johnson,5000,100,hipoteca
2000134,Steve Rogers,5000,,prestamo
2000147,Steve Rogers,10000,150,-1
2000149,Steve Rogers,7000,25,ahorro
2000124,Unknown,12000,35,hipoteca
2000149,Alice Brown,10000,100,prestamo
2000106,Unknown,8000,25,ahorro
2000131,Charlie Green,,25,ahorro
2000111,Alice Brown,8000,,-1
2000129,Steve Rogers,5000,35,prestamo
2000121,Charlie Green,,45,prestamo
2000113,Diana Prince,5000,35,ahorro
2000135,Diana Prince,8000,40,prestamo
2000129,Steve Rogers,10000,,prestamo
2000116,John Doe,7000,30,hipoteca
2000147,Diana Prince,8000,45,hipoteca
2000106,Diana Prince,10000,35,ahorro
2000122,Diana Prince,10000,35,ahorro
2000106,John Doe,5000,25,-1
2000114,Diana Prince,12000,40,hipoteca
2000133,Jane Smith,12000,25,prestamo
2000102,Diana Prince,12000,30,hipoteca
2000108,Diana Prince,5000,25,unknown
2000120,Steve Rogers,5000,40,hipoteca
2000104,John Doe,7000,100,prestamo
2000107,Steve Rogers,5000,25,hipoteca
2000117,Bob Johnson,5000,100,prestamo
2000141,Jane Smith,12000,100,prestamo
2000115,Alice Brown,12000,150,prestamo
2000103,Bob Johnson,7000,30,ahorro
2000107,Diana Prince,8000,25,hipoteca
2000113,Steve Rogers,8000,25,-1
2000101,Bob Johnson,,100,prestamo
2000138,Charlie Green,12000,,hipoteca
2000128,Diana Prince,7000,35,prestamo
2000146,Steve Rogers,10000,,-1
2000109,Bob Johnson,10000,,-1
2000108,John Doe,8000,25,prestamo
2000135,Jane Smith,12000,30,unknown
2000108,Jane Smith,5000,35,prestamo
2000142,Bob Johnson,,100,prestamo
2000102,Steve Rogers,7000,40,-1
2000110,Steve Rogers,7000,30,ahorro
2000110,Unknown,10000,,-1
2000114,Unknown,8000,35,ahorro
2000132,John Doe,12000,45,prestamo
2000145,Diana Prince,8000,100,-1
2000108,Diana Prince,7000,30,-1
2000104,Bob Johnson,10000,25,prestamo
2000111,Charlie Green,10000,100,hipoteca
2000125,John Doe,7000,25,prestamo
2000136,Alice Brown,8000,35,hipoteca
2000147,Bob Johnson,5000,,-1
2000116,Steve Rogers,10000,100,hipoteca
2000106,Alice Brown,8000,40,prestamo
2000111,Jane Smith,,,prestamo
2000143,Jane Smith,10000,40,-1
2000123,Diana Prince,,25,ahorro
2000127,Steve Rogers,12000,25,-1
2000137,Diana Prince,10000,,hipoteca
2000121,John Doe,7000,25,-1
2000106,Steve Rogers,,35,ahorro
2000146,Diana Prince,10000,30,-1
2000105,John Doe,,30,-1
2000109,John Doe,7000,40,prestamo
2000142,Alice Brown,8000,25,-1
2000114,Jane Smith,,150,hipoteca
2000126,Diana Prince,5000,45,-1
2000113,Diana Prince,5000,25,-1
2000118,Steve Rogers,,45,ahorro
2000119,Jane Smith,,35,prestamo
2000138,Steve Rogers,5000,,hipoteca
2000135,Alice Brown,,45,prestamo
2000112,Steve Rogers,,40,prestamo
2000115,John Doe,8000,100,-1
2000125,Bob Johnson,7000,150,prestamo
2000131,Bob Johnson,10000,150,-1
2000122,John Doe,12000,100,hipoteca
2000130,Steve Rogers,5000,30,ahorro
2000126,John Doe,10000,,-1
2000106,John Doe,12000,35,prestamo
2000139,Alice Brown,7000,35,unknown
2000136,Bob Johnson,,,hipoteca
2000136,Steve Rogers,,40,-1
2000122,Bob Johnson,10000,40,ahorro
2000101,Jane Smith,10000,30,hipoteca
2000147,Steve Rogers,12000,,-1
2000128,John Doe,5000,30,prestamo
2000142,Charlie Green,7000,,prestamo
2000143,Jane Smith,10000,25,-1
2000119,John Doe,5000,35,prestamo
2000111,John Doe,12000,100,-1
2000108,Alice Brown,5000,45,ahorro
2000121,Alice Brown,8000,30,-1
2000107,John Doe,,45,-1
2000125,Alice Brown,,30,prestamo
2000124,Jane Smith,10000,45,prestamo
2000123,Diana Prince,10000,25,ahorro
2000116,Diana Prince,10000,25,-1
2000146,Unknown,12000,25,hipoteca
2000122,Jane Smith,,35,hipoteca
2000101,Jane Smith,12000,40,-1
2000103,Bob Johnson,7000,,prestamo
2000111,John Doe,12000,100,prestamo
2000121,Bob Johnson,,100,prestamo
2000115,Alice Brown,8000,40,hipoteca
2000135,Bob Johnson,10000,30,prestamo
2000114,Diana Prince,8000,30,-1
2000149,Steve Rogers,8000,25,prestamo
2000108,Diana Prince,10000,35,ahorro
2000141,Steve Rogers,,40,-1
2000129,Steve Rogers,7000,30,-1
2000108,Jane Smith,8000,25,-1
2000115,Charlie Green,5000,35,prestamo
2000142,Diana Prince,8000,,prestamo
2000150,Bob Johnson,8000,25,hipoteca
2000113,Jane Smith,8000,45,hipoteca
2000101,Bob Johnson,12000,30,hipoteca
2000105,Alice Brown,8000,35,-1
2000127,Charlie Green,8000,100,hipoteca
2000149,Bob Johnson,10000,25,-1
2000134,Diana Prince,,45,hipoteca
2000110,Charlie Green,10000,25,prestamo
2000148,Charlie Green,12000,100,ahorro
2000115,Bob Johnson,,30,prestamo
2000135,John Doe,10000,100,hipoteca
2000140,John Doe,7000,30,prestamo
2000113,Jane Smith,8000,35,-1
2000108,Jane Smith,,35,ahorro
2000130,Steve Rogers,12000,45,hipoteca
2000122,Alice Brown,5000,30,ahorro
2000144,John Doe,7000,45,ahorro
2000132,Unknown,5000,,-1
2000108,Charlie Green,8000,,prestamo
2000132,Bob Johnson,5000,25,ahorro
2000130,John Doe,12000,30,unknown
2000104,Bob Johnson,,,prestamo
2000102,Alice Brown,12000,30,-1
2000129,Bob Johnson,7000,,ahorro
2000141,Alice Brown,8000,25,prestamo
2000128,John Doe,12000,40,ahorro
2000122,Steve Rogers,10000,40,ahorro
2000123,Charlie Green,,,prestamo
2000104,Steve Rogers,5000,25,hipoteca
2000107,Diana Prince,5000,45,unknown
2000128,Diana Prince,8000,35,ahorro
2000113,Alice Brown,8000,35,hipoteca
2000117,Alice Brown,,45,hipoteca
2000129,Jane Smith,,30,-1
2000133,John Doe,7000,150,-1
2000113,Jane Smith,,25,prestamo
2000104,Alice Brown,7000,45,hipoteca
2000123,Alice Brown,,25,hipoteca
2000109,Alice Brown,12000,40,hipoteca
2000129,Alice Brown,5000,45,ahorro
2000146,Charlie Green,12000,100,hipoteca
2000141,Bob Johnson,5000,40,prestamo
2000127,Diana Prince,8000,35,-1
2000116,Diana Prince,7000,100,ahorro
2000126,Charlie Green,7000,100,hipoteca
2000135,Alice Brown,7000,,-1
2000111,John Doe,10000,35,hipoteca
2000119,John Doe,10000,100,-1
2000123,Bob Johnson,5000,45,ahorro
2000129,Unknown,7000,35,-1
2000105,Steve Rogers,10000,35,ahorro
2000116,Alice Brown,10000,30,-1
2000101,Charlie Green,8000,100,prestamo
2000117,Diana Prince,12000,30,prestamo
2000106,John Doe,5000,35,ahorro
2000139,Charlie Green,,25,-1
2000114,Steve Rogers,,100,prestamo
2000134,Bob Johnson,10000,35,hipoteca
3000137,Bob Johnson,7000,,prestamo
3000114,Unknown,,30,-1
3000133,Alice Brown,12000,100,hipoteca
3000106,Jane Smith,12000,40,prestamo
3000122,Bob Johnson,7000,40,hipoteca
3000108,Jane Smith,12000,100,prestamo
3000124,Bob Johnson,12000,35,hipoteca
3000138,Steve Rogers,10000,25,-1
3000113,Charlie Green,,35,hipoteca
3000133,Steve Rogers,12000,40,prestamo
3000102,Alice Brown,12000,45,-1
3000130,Diana Prince,12000,45,hipoteca
3000137,Steve Rogers,12000,30,ahorro
3000145,Charlie Green,8000,150,ahorro
3000127,Bob Johnson,5000,30,ahorro
3000117,Steve Rogers,12000,100,ahorro
3000128,Diana Prince,7000,100,prestamo
3000147,Alice Brown,8000,100,hipoteca
3000148,John Doe,7000,,prestamo
3000142,Steve Rogers,5000,,-1
3000109,Charlie Green,7000,45,hipoteca
3000103,Jane Smith,8000,30,-1
3000110,Unknown,5000,35,-1
3000111,Diana Prince,10000,,hipoteca
3000136,Charlie Green,8000,100,-1
3000146,Steve Rogers,,30,ahorro
3000134,Charlie Green,8000,150,-1
3000113,Alice Brown,10000,45,prestamo
3000107,Alice Brown,,25,prestamo
3000111,Diana Prince,5000,30,prestamo
3000103,Jane Smith,7000,40,unknown
3000110,Jane Smith,8000,100,ahorro
3000116,Diana Prince,,,prestamo
3000105,Diana Prince,10000,25,prestamo
3000141,Unknown,7000,,ahorro
3000120,John Doe,,,-1
3000143,Steve Rogers,12000,30,ahorro
3000140,John Doe,,45,-1
3000107,Diana Prince,,25,ahorro
3000133,Alice Brown,10000,45,hipoteca
3000136,Steve Rogers,5000,40,hipoteca
3000150,Charlie Green,,40,hipoteca
3000137,Steve Rogers,,35,prestamo
3000126,Jane Smith,5000,25,-1
3000133,Diana Prince,8000,40,prestamo
3000126,Bob Johnson,12000,35,prestamo
3000104,Steve Rogers,8000,45,-1
3000143,Charlie Green,,150,hipoteca
3000133,Steve Rogers,,100,-1
3000121,Alice Brown,12000,100,-1
3000118,John Doe,8000,40,prestamo
3000104,Jane Smith,12000,150,ahorro
3000127,John Doe,5000,100,hipoteca
3000108,John Doe,8000,45,prestamo
3000123,Diana Prince,7000,,hipoteca
3000138,Alice Brown,5000,,-1
3000121,Steve Rogers,8000,,hipoteca
3000107,Charlie Green,10000,150,hipoteca
3000119,John Doe,10000,100,-1
3000122,Jane Smith,12000,25,prestamo
3000132,Jane Smith,10000,100,hipoteca
3000137,Bob Johnson,8000,,ahorro
3000139,Bob Johnson,,35,prestamo
3000102,Alice Brown,8000,,ahorro
3000133,Steve Rogers,10000,25,hipoteca
3000141,Bob Johnson,,,ahorro
3000140,Bob Johnson,8000,40,-1
3000126,Alice Brown,12000,,prestamo
3000110,Charlie Green,7000,45,hipoteca
3000123,John Doe,12000,100,prestamo
3000140,Steve Rogers,7000,40,ahorro
3000128,Jane Smith,8000,35,ahorro
3000107,Diana Prince,,25,-1
3000107,Unknown,5000,,ahorro
3000120,Bob Johnson,,40,-1
3000111,Charlie Green,12000,40,-1
3000106,Steve Rogers,7000,40,hipoteca
3000120,Unknown,,40,prestamo
3000132,Unknown,10000,30,hipoteca
3000137,Alice Brown,8000,100,hipoteca
3000119,Bob Johnson,10000,25,-1
3000136,Charlie Green,10000,35,-1
3000130,Charlie Green,,25,-1
3000137,John Doe,,40,-1
3000102,Bob Johnson,8000,45,-1
3000114,Charlie Green,10000,,-1
3000112,Steve Rogers,10000,,ahorro
3000140,Jane Smith,,35,-1
3000110,Charlie Green,7000,25,-1
3000105,Jane Smith,8000,40,prestamo
3000111,John Doe,5000,35,hipoteca
3000134,Alice Brown,10000,30,prestamo
3000149,Bob Johnson,8000,,ahorro
3000124,Bob Johnson,10000,25,prestamo
3000147,Alice Brown,12000,40,ahorro
3000122,Bob Johnson,,100,-1
3000102,Jane Smith,7000,,prestamo
3000138,John Doe,12000,150,prestamo
3000121,Steve Rogers,5000,35,prestamo
3000139,Alice Brown,5000,100,unknown
3000136,Alice Brown,10000,,ahorro
3000103,Charlie Green,8000,30,-1
3000147,Bob Johnson,7000,100,hipoteca
3000127,Alice Brown,7000,,-1
3000149,Alice Brown,10000,25,-1
3000115,Charlie Green,8000,45,-1
3000131,Steve Rogers,8000,150,-1
3000148,Bob Johnson,,30,unknown
3000106,Unknown,7000,30,ahorro
3000120,Jane Smith,5000,40,hipoteca
3000108,Jane Smith,10000,100,ahorro
3000130,Steve Rogers,5000,45,prestamo
3000113,Jane Smith,10000,,unknown
3000135,Charlie Green,12000,150,-1
3000150,Steve Rogers,,,hipoteca
3000123,Diana Prince,,30,ahorro
3000146,Jane Smith,12000,100,hipoteca
3000105,Steve Rogers,8000,25,-1
3000127,Diana Prince,,150,-1
3000113,Charlie Green,,30,-1
3000145,Diana Prince,,25,-1
3000123,Bob Johnson,5000,25,ahorro
3000142,John Doe,,35,hipoteca
3000141,Steve Rogers,8000,35,ahorro
3000146,Charlie Green,7000,30,ahorro
3000133,John Doe,12000,35,-1
3000128,John Doe,,35,unknown
3000124,Diana Prince,12000,45,ahorro
3000112,Bob Johnson,8000,25,hipoteca
3000126,Diana Prince,12000,,hipoteca
3000149,Alice Brown,8000,,prestamo
3000116,Unknown,12000,25,prestamo
3000111,Unknown,5000,100,hipoteca
3000107,Unknown,12000,30,hipoteca
3000121,John Doe,,35,hipoteca
3000123,Bob Johnson,12000,45,-1
3000108,Alice Brown,10000,,ahorro
3000121,John Doe,,,-1
3000134,Charlie Green,7000,45,hipoteca
3000108,Jane Smith,12000,45,-1
3000143,Charlie Green,5000,40,hipoteca
3000115,Bob Johnson,7000,25,-1
3000135,Diana Prince,7000,100,-1
3000115,Steve Rogers,7000,25,hipoteca
3000137,Steve Rogers,8000,,-1
3000141,Bob Johnson,8000,30,prestamo
3000112,John Doe,7000,150,-1
3000111,John Doe,,25,-1
3000121,John Doe,,150,ahorro
3000117,Bob Johnson,5000,,prestamo
3000120,Diana Prince,,,ahorro
3000120,Jane Smith,5000,40,prestamo
3000140,Alice Brown,5000,25,ahorro
3000129,John Doe,12000,35,unknown
3000130,Jane Smith,10000,45,prestamo
3000122,Jane Smith,5000,100,unknown
3000138,Diana Prince,5000,,-1
3000130,John Doe,5000,35,hipoteca
3000126,Alice Brown,7000,25,hipoteca
3000145,Steve Rogers,,,ahorro
3000107,Steve Rogers,10000,,ahorro
3000119,Diana Prince,10000,25,hipoteca
3000147,Jane Smith,12000,25,prestamo
3000146,Jane Smith,,25,-1
3000116,Steve Rogers,10000,30,-1
3000123,Alice Brown,,25,hipoteca
3000103,Alice Brown,,150,hipoteca
3000140,John Doe,,30,-1
3000120,Charlie Green,7000,,hipoteca
3000105,Jane Smith,7000,40,unknown
3000150,Bob Johnson,8000,40,ahorro
3000132,Bob Johnson,5000,150,-1
3000122,Unknown,12000,45,prestamo
3000120,Alice Brown,12000,45,-1
3000140,John Doe,7000,30,ahorro
3000143,Charlie Green,5000,100,ahorro
3000123,Steve Rogers,,,prestamo
3000144,Alice Brown,8000,45,ahorro
3000101,Diana Prince,8000,35,ahorro
3000132,John Doe,7000,30,hipoteca
3000123,Bob Johnson,10000,,ahorro
3000135,Steve Rogers,10000,45,unknown
3000119,Steve Rogers,8000,40,prestamo
3000127,Steve Rogers,5000,45,ahorro
3000150,Charlie Green,12000,45,prestamo
3000104,Jane Smith,10000,,hipoteca
3000110,Charlie Green,8000,,prestamo
3000148,Jane Smith,8000,25,ahorro
3000109,Steve Rogers,5000,45,prestamo
3000145,Steve Rogers,,,prestamo
3000109,Steve Rogers,10000,,prestamo
3000132,John Doe,12000,45,-1
3000131,Alice Brown,7000,45,ahorro
3000150,Alice Brown,10000,40,unknown
3000121,Alice Brown,12000,35,hipoteca
3000145,Alice Brown,7000,,ahorro
3000148,Alice Brown,7000,,hipoteca
3000120,Charlie Green,7000,40,-1
3000134,Diana Prince,12000,30,ahorro
3000103,Bob Johnson,10000,,-1
3000137,Alice Brown,,45,ahorro
3000140,Alice Brown,7000,,hipoteca
3000133,Alice Brown,7000,30,ahorro
3000114,Bob Johnson,5000,30,-1
3000114,Steve Rogers,5000,100,prestamo
3000105,Diana Prince,5000,30,-1
3000116,Alice Brown,8000,35,-1
3000140,John Doe,,45,-1
3000142,Alice Brown,,100,prestamo
3000125,Jane Smith,12000,30,-1
3000119,Charlie Green,5000,35,hipoteca
3000114,Charlie Green,7000,100,-1
3000112,John Doe,12000,,ahorro
3000128,Jane Smith,7000,100,hipoteca
3000118,Bob Johnson,10000,45,hipoteca
3000150,Jane Smith,8000,,-1
3000129,Charlie Green,10000,40,-1
3000143,Jane Smith,12000,40,hipoteca
3000124,Steve Rogers,8000,25,hipoteca
3000127,Steve Rogers,,,prestamo
3000125,Charlie Green,12000,25,-1
3000126,Diana Prince,,35,prestamo
3000118,Bob Johnson,8000,,ahorro
3000114,Alice Brown,,,-1
3000114,Charlie Green,10000,150,hipoteca
3000138,Diana Prince,7000,35,-1
3000141,Charlie Green,7000,35,hipoteca
3000140,Jane Smith,8000,30,hipoteca
3000110,Steve Rogers,8000,30,prestamo
3000140,Steve Rogers,12000,,ahorro
3000107,Alice Brown,10000,40,prestamo
3000124,John Doe,7000,30,prestamo
3000123,Steve Rogers,12000,35,hipoteca
3000144,Charlie Green,7000,150,prestamo
3000132,Alice Brown,5000,,ahorro
3000122,Jane Smith,,100,-1
3000116,Alice Brown,12000,30,-1
3000111,Steve Rogers,5000,35,ahorro
3000129,Unknown,,35,-1
3000117,Steve Rogers,10000,,hipoteca
3000126,Jane Smith,7000,40,ahorro
3000101,Diana Prince,12000,40,prestamo
3000147,John Doe,,35,hipoteca
3000119,Diana Prince,10000,40,ahorro
3000144,John Doe,,,prestamo
3000123,Steve Rogers,,,-1
3000122,Charlie Green,5000,,prestamo
3000102,Bob Johnson,12000,35,hipoteca
3000106,Diana Prince,,30,prestamo
3000134,Diana Prince,12000,35,prestamo
3000125,Steve Rogers,,100,ahorro
3000110,Jane Smith,7000,40,ahorro
3000139,Alice Brown,12000,100,unknown
3000115,Alice Brown,7000,,ahorro
3000106,Diana Prince,5000,100,unknown
3000114,Steve Rogers,7000,45,-1
3000117,Bob Johnson,7000,40,ahorro
3000103,Charlie Green,,30,hipoteca
3000109,Diana Prince,,40,hipoteca
3000111,John Doe,12000,40,hipoteca
3000107,John Doe,12000,45,hipoteca
3000102,Jane Smith,5000,,prestamo
3000103,Diana Prince,8000,45,prestamo
3000109,Diana Prince,5000,45,hipoteca
3000122,Diana Prince,8000,30,ahorro
3000137,John Doe,10000,150,prestamo
3000136,Diana Prince,,30,unknown
3000123,John Doe,8000,,ahorro
3000106,Alice Brown,12000,100,ahorro
3000123,Alice Brown,10000,,-1
3000129,Steve Rogers,7000,40,ahorro
3000142,John Doe,8000,100,hipoteca
3000138,Jane Smith,7000,45,ahorro
3000122,Diana Prince,5000,25,-1
3000126,Charlie Green,,35,hipoteca
3000129,Steve Rogers,7000,45,ahorro
3000106,Charlie Green,12000,35,ahorro
3000121,Bob Johnson,5000,25,-1
3000149,Charlie Green,,100,prestamo
3000143,Diana Prince,,40,hipoteca
3000121,Charlie Green,5000,,ahorro
3000116,John Doe,12000,,-1
3000133,Jane Smith,12000,45,ahorro
3000114,Steve Rogers,10000,45,hipoteca
3000135,Alice Brown,12000,45,prestamo
3000102,Alice Brown,12000,30,hipoteca
3000104,Unknown,10000,25,ahorro
3000145,Jane Smith,,25,prestamo
3000138,Alice Brown,,45,ahorro
3000114,John Doe,8000,25,-1
3000141,Steve Rogers,7000,45,hipoteca
3000115,John Doe,5000,35,ahorro
3000101,Steve Rogers,10000,100,ahorro
3000128,Diana Prince,8000,35,-1
3000120,Alice Brown,10000,100,-1
3000150,Unknown,10000,100,-1
3000121,Alice Brown,5000,40,-1
3000114,Bob Johnson,8000,45,unknown
3000117,Alice Brown,5000,,ahorro
3000147,Diana Prince,8000,150,ahorro
3000109,Bob Johnson,,,hipoteca
3000112,Diana Prince,10000,150,-1
3000149,Diana Prince,5000,25,hipoteca
3000120,Alice Brown,5000,45,-1
3000138,Diana Prince,5000,40,ahorro
3000112,Jane Smith,,150,hipoteca
3000149,Charlie Green,12000,40,prestamo
3000141,Alice Brown,5000,,-1
3000149,Steve Rogers,10000,40,-1
3000118,John Doe,7000,35,prestamo
3000132,Bob Johnson,7000,100,-1
3000141,Alice Brown,10000,30,-1
3000123,Unknown,7000,100,prestamo
3000118,John Doe,10000,100,hipoteca
3000138,Jane Smith,,,hipoteca
3000123,Alice Brown,8000,45,-1
3000129,Bob Johnson,12000,45,prestamo
3000144,Charlie Green,7000,30,-1
3000126,Diana Prince,5000,45,ahorro
3000136,Steve Rogers,12000,35,-1
3000105,John Doe,10000,150,ahorro
3000115,Bob Johnson,7000,35,hipoteca
3000147,John Doe,,30,ahorro
3000145,Bob Johnson,,35,ahorro
3000138,Charlie Green,,100,prestamo
3000134,Unknown,7000,45,ahorro
3000123,Charlie Green,5000,40,-1
3000115,John Doe,10000,35,prestamo
3000146,Bob Johnson,10000,40,-1
3000113,John Doe,8000,25,hipoteca
3000132,Steve Rogers,5000,45,hipoteca
3000101,Jane Smith,7000,45,hipoteca
3000123,Unknown,10000,35,prestamo
3000140,Unknown,12000,40,hipoteca
3000105,Diana Prince,7000,100,ahorro
3000128,Steve Rogers,5000,,ahorro
3000113,Unknown,,40,-1
3000106,Charlie Green,10000,100,ahorro
3000116,Diana Prince,8000,100,ahorro
3000140,John Doe,,30,hipoteca
3000127,Diana Prince,8000,30,ahorro
3000110,Alice Brown,7000,,-1
3000115,Diana Prince,,40,-1
3000138,Charlie Green,5000,,-1
3000150,Diana Prince,8000,35,-1
3000101,Steve Rogers,5000,35,-1
3000105,Alice Brown,,25,prestamo
3000150,Steve Rogers,,25,hipoteca
3000137,Charlie Green,7000,150,hipoteca
3000124,John Doe,,35,prestamo
3000132,John Doe,,40,-1
3000113,Alice Brown,,,-1
3000119,Steve Rogers,,35,-1
3000113,Charlie Green,7000,,unknown
3000146,Charlie Green,8000,25,unknown
3000121,Alice Brown,5000,25,hipoteca
3000143,John Doe,12000,35,prestamo
3000118,Jane Smith,5000,25,-1
3000144,Diana Prince,8000,100,prestamo
3000127,John Doe,12000,100,ahorro
3000120,John Doe,,,-1
3000133,Steve Rogers,5000,35,prestamo
3000114,Jane Smith,12000,100,unknown
3000139,Charlie Green,12000,45,-1
3000132,Alice Brown,12000,100,hipoteca
3000108,Alice Brown,5000,25,hipoteca
3000107,John Doe,8000,35,hipoteca
3000107,Bob Johnson,8000,45,-1
3000118,Charlie Green,5000,100,hipoteca
3000149,Steve Rogers,,150,prestamo
3000107,Alice Brown,10000,45,prestamo
3000128,Diana Prince,7000,,hipoteca
3000102,Diana Prince,5000,35,hipoteca
3000127,Charlie Green,7000,30,-1
3000112,Bob Johnson,5000,25,ahorro
3000120,Jane Smith,5000,150,-1
3000146,John Doe,,45,unknown
3000132,Bob Johnson,8000,100,prestamo
3000112,Jane Smith,,100,-1
3000129,Steve Rogers,7000,150,-1
3000136,Bob Johnson,10000,,hipoteca
3000134,Diana Prince,12000,100,ahorro
3000105,Jane Smith,10000,25,-1
3000112,Bob Johnson,,25,ahorro
3000150,John Doe,7000,40,ahorro
3000111,Steve Rogers,10000,,-1
3000149,Unknown,8000,40,ahorro
3000109,John Doe,8000,25,hipoteca
3000147,John Doe,,30,ahorro
3000144,Alice Brown,8000,30,hipoteca
3000120,Bob Johnson,5000,45,-1
3000133,John Doe,10000,,hipoteca
3000114,Jane Smith,5000,35,ahorro
3000114,Steve Rogers,10000,100,-1
3000132,Diana Prince,7000,,-1
3000147,Unknown,5000,45,-1
3000104,Steve Rogers,,,hipoteca
3000108,Alice Brown,,100,prestamo
3000126,Unknown,12000,25,-1
3000118,Jane Smith,10000,45,ahorro
3000110,John Doe,8000,25,-1
3000116,Steve Rogers,7000,150,hipoteca
3000107,John Doe,7000,25,-1
3000133,Alice Brown,5000,35,prestamo
3000115,Bob Johnson,10000,45,hipoteca
3000134,Diana Prince,10000,40,-1
3000145,John Doe,5000,35,hipoteca
3000141,John Doe,10000,35,prestamo
3000103,John Doe,,45,hipoteca
3000117,Alice Brown,10000,100,unknown
3000106,Diana Prince,8000,25,-1
3000128,Jane Smith,8000,30,-1
3000103,Jane Smith,7000,25,unknown
3000120,Jane Smith,5000,,ahorro
3000109,Alice Brown,,150,hipoteca
3000135,Charlie Green,12000,,prestamo
3000129,Diana Prince,,30,hipoteca
3000130,John Doe,,40,ahorro
3000130,Jane Smith,8000,25,prestamo
3000104,Bob Johnson,12000,30,prestamo
3000144,Steve Rogers,10000,,prestamo
3000120,Jane Smith,,25,prestamo
3000101,John Doe,10000,35,prestamo
3000102,Jane Smith,,150,hipoteca
3000145,Alice Brown,,100,hipoteca
3000136,Jane Smith,7000,40,ahorro
3000122,Alice Brown,10000,45,hipoteca
3000121,Diana Prince,7000,45,prestamo
3000134,Charlie Green,10000,45,prestamo
3000137,Jane Smith,8000,,-1
3000130,Alice Brown,,25,-1
3000116,Alice Brown,12000,40,unknown
3000133,Alice Brown,5000,35,hipoteca
3000126,Bob Johnson,,,ahorro
3000129,Jane Smith,10000,,-1
3000138,Unknown,10000,30,-1
3000148,Unknown,5000,100,ahorro
3000124,Steve Rogers,7000,,hipoteca
3000110,Alice Brown,7000,,-1
3000139,Jane Smith,,100,-1
3000107,Alice Brown,7000,100,prestamo
3000142,Steve Rogers,7000,30,-1
3000113,John Doe,,30,prestamo
3000107,Alice Brown,10000,40,-1
3000140,Charlie Green,5000,,prestamo
3000113,Alice Brown,7000,150,-1
3000114,Bob Johnson,7000,,-1
3000102,Bob Johnson,5000,150,hipoteca
3000138,Jane Smith,7000,45,prestamo
3000143,Charlie Green,,45,-1
3000103,Jane Smith,10000,100,-1
3000107,Alice Brown,7000,,hipoteca
3000112,Bob Johnson,10000,30,ahorro
3000107,Bob Johnson,,35,hipoteca
3000142,Steve Rogers,,25,ahorro
3000148,Charlie Green,8000,,ahorro
3000144,Bob Johnson,10000,,unknown
3000118,Diana Prince,7000,40,prestamo
3000114,Steve Rogers,10000,,unknown
3000103,Jane Smith,5000,,ahorro
3000150,Diana Prince,10000,25,-1
3000125,John Doe,,25,-1
3000150,Jane Smith,8000,150,hipoteca
3000123,John Doe,5000,35,unknown
3000120,John Doe,7000,30,prestamo
3000138,Bob Johnson,10000,30,-1
3000141,John Doe,12000,25,ahorro
3000113,Steve Rogers,7000,45,hipoteca
3000102,Charlie Green,12000,40,ahorro
3000137,Jane Smith,7000,150,ahorro
3000103,Diana Prince,10000,100,-1
3000136,Alice Brown,5000,25,prestamo
3000145,Steve Rogers,,100,-1
3000138,John Doe,10000,25,unknown
3000117,Diana Prince,12000,,hipoteca
3000131,Bob Johnson,10000,,-1
3000132,Unknown,12000,,prestamo
3000146,Bob Johnson,,30,-1
3000108,John Doe,8000,45,prestamo
3000112,Jane Smith,5000,40,unknown
3000119,Steve Rogers,5000,45,unknown
3000137,Alice Brown,8000,,-1
3000127,Charlie Green,7000,30,unknown
3000109,Unknown,,25,-1
3000118,John Doe,,40,hipoteca
3000121,John Doe,,25,ahorro
3000105,Bob Johnson,8000,40,ahorro
3000119,John Doe,8000,,ahorro
3000122,Bob Johnson,5000,40,ahorro
3000122,Diana Prince,7000,,ahorro
3000113,John Doe,12000,,ahorro
3000131,Bob Johnson,7000,35,-1
3000111,Steve Rogers,,,hipoteca
3000114,Diana Prince,,,ahorro
3000139,Charlie Green,5000,35,unknown
3000134,Bob Johnson,5000,25,prestamo
3000150,Alice Brown,7000,35,ahorro
3000103,John Doe,5000,,prestamo
3000108,Alice Brown,5000,30,unknown
3000140,Alice Brown,8000,40,ahorro
3000147,Charlie Green,7000,25,prestamo
3000110,Bob Johnson,7000,35,hipoteca
3000143,Charlie Green,10000,35,-1
3000137,Bob Johnson,5000,40,-1
3000124,John Doe,7000,,hipoteca
3000140,Alice Brown,5000,35,prestamo
3000112,Steve Rogers,8000,30,prestamo
3000102,Alice Brown,8000,45,prestamo
3000131,Diana Prince,5000,45,hipoteca
3000104,Steve Rogers,10000,25,prestamo
3000128,Diana Prince,,35,hipoteca
3000133,Alice Brown,,,hipoteca
3000138,Alice Brown,8000,45,prestamo
3000121,Bob Johnson,8000,35,hipoteca
3000130,John Doe,5000,25,prestamo
3000143,Diana Prince,,35,unknown
3000116,Diana Prince,,30,hipoteca
3000136,Diana Prince,5000,40,prestamo
3000105,Unknown,10000,45,prestamo
3000107,Alice Brown,10000,,hipoteca
3000135,Steve Rogers,12000,25,ahorro
3000126,John Doe,5000,45,ahorro
3000101,Alice Brown,8000,25,hipoteca
3000111,John Doe,,,ahorro
3000121,Steve Rogers,12000,30,-1
3000138,Alice Brown,12000,30,ahorro
3000116,Bob Johnson,,45,-1
3000101,John Doe,8000,30,hipoteca
3000133,John Doe,,25,ahorro
3000129,Diana Prince,8000,45,ahorro
3000138,Jane Smith,12000,30,prestamo
3000127,Diana Prince,7000,40,-1
3000137,Jane Smith,10000,45,hipoteca
3000115,Jane Smith,12000,45,-1
3000123,John Doe,5000,25,ahorro
3000109,Diana Prince,,,hipoteca
3000122,Charlie Green,10000,45,hipoteca
3000135,John Doe,10000,,-1
3000102,Jane Smith,5000,40,prestamo
3000110,Steve Rogers,,,hipoteca
3000112,Jane Smith,10000,,ahorro
3000132,Bob Johnson,10000,100,-1
3000104,Jane Smith,8000,,-1
3000120,Steve Rogers,,30,prestamo
3000126,Alice Brown,8000,,prestamo
3000124,Steve Rogers,,45,-1
3000127,Charlie Green,5000,150,ahorro
3000132,Diana Prince,8000,45,hipoteca
3000131,Jane Smith,10000,40,-1
3000123,Alice Brown,12000,35,hipoteca
3000134,John Doe,8000,40,-1
3000114,Steve Rogers,,45,unknown
3000111,Bob Johnson,,,prestamo
3000139,Charlie Green,10000,40,ahorro
3000133,John Doe,10000,35,-1
3000147,Charlie Green,10000,150,hipoteca
3000145,Bob Johnson,12000,35,hipoteca
3000104,Diana Prince,,30,ahorro
3000115,Diana Prince,,,hipoteca
3000144,Bob Johnson,12000,35,-1
3000101,Charlie Green,12000,35,hipoteca
3000134,Charlie Green,12000,30,-1
3000121,Bob Johnson,7000,30,hipoteca
3000114,Steve Rogers,7000,100,ahorro
3000145,Diana Prince,12000,35,prestamo
3000147,Steve Rogers,8000,30,ahorro
3000117,Alice Brown,5000,25,-1
3000131,Charlie Green,10000,,-1
3000115,Bob Johnson,8000,45,hipoteca
3000109,Jane Smith,5000,100,hipoteca
3000126,Alice Brown,8000,30,-1
3000143,Bob Johnson,10000,30,ahorro
3000114,Diana Prince,,,prestamo
3000139,Steve Rogers,,,ahorro
3000149,Bob Johnson,12000,45,-1
3000119,Steve Rogers,5000,,hipoteca
3000104,Steve Rogers,,45,-1
3000128,John Doe,8000,150,prestamo
3000120,Steve Rogers,7000,30,ahorro
3000110,Steve Rogers,10000,25,hipoteca
3000116,John Doe,12000,,unknown
3000133,Steve Rogers,,150,ahorro
3000135,Bob Johnson,7000,40,-1
3000142,Jane Smith,8000,40,unknown
3000134,Bob Johnson,10000,30,hipoteca
3000118,Charlie Green,12000,150,prestamo
3000134,Alice Brown,,45,-1
3000120,Charlie Green,7000,150,prestamo
3000132,Alice Brown,12000,,ahorro
3000126,Alice Brown,5000,40,prestamo
3000143,Alice Brown,,35,prestamo
3000104,Steve Rogers,,40,-1
3000141,Jane Smith,,40,prestamo
3000106,Alice Brown,5000,45,-1
3000105,Steve Rogers,10000,35,prestamo
3000150,Bob Johnson,12000,100,ahorro
3000133,Steve Rogers,10000,45,prestamo
3000149,Charlie Green,12000,25,-1
3000112,Diana Prince,10000,,-1
3000142,Bob Johnson,,100,hipoteca
3000106,Unknown,8000,25,hipoteca
3000131,Steve Rogers,,30,-1
3000102,John Doe,12000,,-1
3000105,Alice Brown,8000,25,prestamo
3000137,Alice Brown,,25,-1
3000143,Unknown,7000,,ahorro
3000141,Jane Smith,8000,30,prestamo
3000140,Steve Rogers,5000,150,prestamo
3000124,Jane Smith,12000,45,-1
3000143,Alice Brown,8000,40,ahorro
3000110,Alice Brown,5000,25,hipoteca
3000129,Jane Smith,10000,25,prestamo
3000118,John Doe,12000,,hipoteca
3000142,Jane Smith,8000,100,hipoteca
3000114,Diana Prince,5000,25,-1
3000104,Jane Smith,,25,unknown
3000130,Steve Rogers,,35,-1
3000139,Alice Brown,12000,35,unknown
3000150,Bob Johnson,10000,35,hipoteca
3000120,Jane Smith,,40,ahorro
3000119,Unknown,5000,,ahorro
3000128,Alice Brown,5000,40,-1
3000146,Charlie Green,7000,40,ahorro
3000125,John Doe,,40,ahorro
3000108,Alice Brown,8000,35,hipoteca
3000140,Diana Prince,7000,150,-1
3000150,Steve Rogers,7000,30,hipoteca
3000138,Unknown,8000,,prestamo
3000113,Diana Prince,8000,40,-1
3000115,Bob Johnson,8000,45,hipoteca
3000139,Jane Smith,,30,-1
3000147,John Doe,8000,40,unknown
3000109,John Doe,,30,ahorro
3000106,Bob Johnson,7000,100,-1
3000140,Bob Johnson,,150,ahorro
3000137,Diana Prince,8000,,-1
3000133,Steve Rogers,10000,25,prestamo
3000127,John Doe,8000,150,prestamo
3000116,Bob Johnson,12000,,prestamo
3000107,Jane Smith,,,hipoteca
3000117,John Doe,,100,ahorro
3000118,John Doe,,100,hipoteca
3000129,Alice Brown,5000,,ahorro
3000135,Unknown,10000,45,ahorro
3000116,Charlie Green,12000,,ahorro
3000107,Diana Prince,10000,,-1
3000105,Alice Brown,5000,45,-1
3000120,Jane Smith,7000,45,hipoteca
3000149,John Doe,10000,25,ahorro
3000137,Steve Rogers,7000,35,-1
3000138,John Doe,7000,100,ahorro
3000142,Bob Johnson,8000,35,-1
3000136,Alice Brown,,45,-1
3000104,Diana Prince,8000,30,-1
3000138,Charlie Green,7000,,hipoteca
3000123,Bob Johnson,12000,40,hipoteca
3000144,Alice Brown,10000,45,ahorro
3000149,Alice Brown,10000,,prestamo
3000148,Bob Johnson,7000,30,ahorro
3000109,Diana Prince,,30,ahorro
3000116,Diana Prince,5000,45,-1
3000119,John Doe,8000,100,hipoteca
3000139,John Doe,10000,35,ahorro
3000107,Steve Rogers,10000,25,prestamo
3000113,John Doe,8000,45,prestamo
3000114,Alice Brown,5000,,ahorro
3000127,Alice Brown,,,-1
3000116,John Doe,10000,,-1
3000142,Bob Johnson,7000,25,ahorro
3000135,John Doe,12000,40,prestamo
3000125,Diana Prince,5000,45,unknown
3000106,Charlie Green,8000,25,prestamo
3000121,Alice Brown,8000,45,ahorro
3000138,John Doe,10000,30,unknown
3000150,Charlie Green,12000,40,prestamo
3000140,Jane Smith,7000,25,prestamo
3000148,Diana Prince,10000,25,prestamo
3000148,Steve Rogers,,,prestamo
3000141,Bob Johnson,10000,100,ahorro
3000105,John Doe,,35,ahorro
3000105,Diana Prince,,100,prestamo
3000103,Unknown,7000,40,-1
3000148,Steve Rogers,5000,150,-1
3000109,Diana Prince,7000,25,-1
3000111,Alice Brown,5000,45,prestamo
3000113,Bob Johnson,5000,35,prestamo
3000142,Jane Smith,10000,25,prestamo
3000148,Steve Rogers,7000,,ahorro
3000144,Jane Smith,7000,25,-1
3000103,Bob Johnson,,100,-1
3000114,Alice Brown,8000,150,prestamo
3000129,Steve Rogers,5000,,prestamo
3000123,Steve Rogers,12000,,hipoteca
3000107,Jane Smith,10000,,prestamo
3000134,Steve Rogers,,35,-1
3000113,Diana Prince,10000,,hipoteca
3000116,Steve Rogers,7000,40,hipoteca
3000127,Diana Prince,5000,100,ahorro
3000125,Diana Prince,,,prestamo
3000129,Unknown,10000,35,prestamo
3000105,Jane Smith,12000,45,hipoteca
3000114,Alice Brown,7000,35,ahorro
3000145,Diana Prince,7000,45,prestamo
3000106,Bob Johnson,5000,35,-1
3000121,John Doe,12000,45,hipoteca
3000134,Steve Rogers,8000,,hipoteca
3000131,Bob Johnson,10000,,prestamo
3000131,John Doe,10000,100,unknown
3000129,Alice Brown,,30,prestamo
3000111,Steve Rogers,10000,30,ahorro
3000139,Jane Smith,8000,45,hipoteca
3000125,Jane Smith,5000,,ahorro
3000124,Diana Prince,10000,45,unknown
3000119,Unknown,5000,40,prestamo
3000144,John Doe,,25,hipoteca
3000146,Bob Johnson,5000,40,hipoteca
3000114,Alice Brown,7000,25,-1
3000113,Bob Johnson,12000,,hipoteca
3000127,Charlie Green,7000,150,-1
3000124,John Doe,12000,,-1
3000139,Jane Smith,10000,,hipoteca
3000108,Steve Rogers,5000,30,-1
3000136,John Doe,8000,35,-1
3000129,Steve Rogers,10000,45,hipoteca
3000123,John Doe,7000,40,unknown
3000103,John Doe,7000,150,ahorro
3000140,Bob Johnson,,40,unknown
3000129,John Doe,,40,prestamo
3000102,Charlie Green,10000,35,prestamo
3000142,Charlie Green,12000,,hipoteca
3000110,Bob Johnson,5000,45,-1
3000149,Bob Johnson,8000,25,hipoteca
3000142,Alice Brown,12000,,-1
3000130,Unknown,12000,100,ahorro
3000111,Steve Rogers,,,-1
3000107,John Doe,,35,-1
3000144,John Doe,10000,,unknown
3000142,Alice Brown,10000,25,ahorro
3000111,John Doe,,45,prestamo
3000105,Alice Brown,10000,25,prestamo
3000125,Alice Brown,10000,100,ahorro
3000125,Diana Prince,5000,35,prestamo
3000122,Charlie Green,8000,25,-1
3000137,Diana Prince,,100,prestamo
3000123,John Doe,7000,25,prestamo
3000138,Steve Rogers,,40,prestamo
3000137,Alice Brown,7000,40,ahorro
3000123,Unknown,10000,100,ahorro
3000122,Alice Brown,5000,,ahorro
3000139,Charlie Green,,25,hipoteca
3000110,Diana Prince,8000,40,-1
3000137,Jane Smith,8000,100,ahorro
3000139,Charlie Green,7000,150,prestamo
3000132,Charlie Green,5000,100,ahorro
3000143,Steve Rogers,8000,40,prestamo
3000144,Alice Brown,7000,,prestamo
3000148,Alice Brown,8000,100,-1
3000106,Diana Prince,7000,30,-1
3000137,Charlie Green,5000,40,hipoteca
3000106,Charlie Green,,35,hipoteca
3000118,Jane Smith,12000,35,ahorro
3000107,Jane Smith,,40,prestamo
3000143,Bob Johnson,12000,45,-1
3000140,Diana Prince,5000,100,prestamo
3000114,Bob Johnson,7000,,ahorro
3000109,Diana Prince,7000,25,-1
3000132,Unknown,5000,35,hipoteca
3000110,Steve Rogers,,25,hipoteca
3000139,Diana Prince,12000,100,unknown
3000150,Diana Prince,8000,,-1
3000102,Charlie Green,,30,ahorro
3000145,Steve Rogers,12000,30,ahorro
3000107,Jane Smith,,100,hipoteca
3000144,Charlie Green,8000,25,-1
3000116,Steve Rogers,,40,-1
3000135,Bob Johnson,,40,hipoteca
3000139,Charlie Green,10000,,-1
3000138,Bob Johnson,8000,,-1
3000142,Unknown,7000,45,hipoteca
3000123,Jane Smith,8000,40,unknown
3000127,Jane Smith,8000,100,ahorro
3000145,Bob Johnson,12000,25,-1
3000128,Jane Smith,,45,hipoteca
3000133,John Doe,12000,,prestamo
3000145,Jane Smith,7000,100,-1
3000145,Charlie Green,10000,30,unknown
3000124,Steve Rogers,10000,100,hipoteca
3000140,Charlie Green,,35,hipoteca
3000114,Bob Johnson,,,prestamo
3000101,Bob Johnson,8000,,ahorro
3000128,Jane Smith,8000,25,-1
3000128,Diana Prince,8000,40,ahorro
3000111,Jane Smith,7000,,ahorro
3000145,Steve Rogers,12000,100,ahorro
3000114,Steve Rogers,5000,,-1
3000119,John Doe,12000,35,-1
3000101,Bob Johnson,12000,100,hipoteca
3000107,Unknown,10000,30,-1
3000105,Steve Rogers,,35,hipoteca
3000104,John Doe,,45,ahorro
3000122,Bob Johnson,10000,,ahorro
3000128,Steve Rogers,8000,100,ahorro
3000117,Jane Smith,,25,-1
3000135,Alice Brown,8000,100,ahorro
3000149,Alice Brown,,35,ahorro
3000121,Jane Smith,12000,40,hipoteca
3000125,Bob Johnson,10000,30,-1
3000126,John Doe,10000,100,prestamo
3000138,Bob Johnson,,35,prestamo
3000149,Bob Johnson,5000,45,ahorro
3000134,Diana Prince,12000,40,prestamo
3000102,Jane Smith,12000,,hipoteca
3000120,Diana Prince,12000,45,-1
3000101,Bob Johnson,10000,35,-1
3000121,Alice Brown,5000,,-1
3000127,Bob Johnson,,,prestamo
3000140,Charlie Green,8000,30,prestamo
3000122,Unknown,10000,30,ahorro
3000136,John Doe,10000,35,prestamo
3000102,Alice Brown,5000,35,hipoteca
3000117,Unknown,5000,45,ahorro
3000128,Unknown,10000,30,prestamo
3000123,Alice Brown,7000,35,ahorro
3000108,John Doe,,,-1
3000134,John Doe,5000,45,-1
3000105,Alice Brown,,30,ahorro
3000138,Diana Prince,10000,30,-1
3000113,Bob Johnson,5000,100,hipoteca
3000134,Steve Rogers,5000,,prestamo
3000147,Steve Rogers,10000,150,-1
3000149,Steve Rogers,7000,25,ahorro
3000124,Unknown,12000,35,hipoteca
3000149,Alice Brown,10000,100,prestamo
3000106,Unknown,8000,25,ahorro
3000131,Charlie Green,,25,ahorro
3000111,Alice Brown,8000,,-1
3000129,Steve Rogers,5000,35,prestamo
3000121,Charlie Green,,45,prestamo
3000113,Diana Prince,5000,35,ahorro
3000135,Diana Prince,8000,40,prestamo
3000129,Steve Rogers,10000,,prestamo
3000116,John Doe,7000,30,hipoteca
3000147,Diana Prince,8000,45,hipoteca
3000106,Diana Prince,10000,35,ahorro
3000122,Diana Prince,10000,35,ahorro
3000106,John Doe,5000,25,-1
3000114,Diana Prince,12000,40,hipoteca
3000133,Jane Smith,12000,25,prestamo
3000102,Diana Prince,12000,30,hipoteca
3000108,Diana Prince,5000,25,unknown
3000120,Steve Rogers,5000,40,hipoteca
3000104,John Doe,7000,100,prestamo
3000107,Steve Rogers,5000,25,hipoteca
3000117,Bob Johnson,5000,100,prestamo
3000141,Jane Smith,12000,100,prestamo
3000115,Alice Brown,12000,150,prestamo
3000103,Bob Johnson,7000,30,ahorro
3000107,Diana Prince,8000,25,hipoteca
3000113,Steve Rogers,8000,25,-1
3000101,Bob Johnson,,100,prestamo
3000138,Charlie Green,12000,,hipoteca
3000128,Diana Prince,7000,35,prestamo
3000146,Steve Rogers,10000,,-1
3000109,Bob Johnson,10000,,-1
3000108,John Doe,8000,25,prestamo
3000135,Jane Smith,12000,30,unknown
3000108,Jane Smith,5000,35,prestamo
3000142,Bob Johnson,,100,prestamo
3000102,Steve Rogers,7000,40,-1
3000110,Steve Rogers,7000,30,ahorro
3000110,Unknown,10000,,-1
3000114,Unknown,8000,35,ahorro
3000132,John Doe,12000,45,prestamo
3000145,Diana Prince,8000,100,-1
3000108,Diana Prince,7000,30,-1
3000104,Bob Johnson,10000,25,prestamo
3000111,Charlie Green,10000,100,hipoteca
3000125,John Doe,7000,25,prestamo
3000136,Alice Brown,8000,35,hipoteca
3000147,Bob Johnson,5000,,-1
3000116,Steve Rogers,10000,100,hipoteca
3000106,Alice Brown,8000,40,prestamo
3000111,Jane Smith,,,prestamo
3000143,Jane Smith,10000,40,-1
3000123,Diana Prince,,25,ahorro
3000127,Steve Rogers,12000,25,-1
3000137,Diana Prince,10000,,hipoteca
3000121,John Doe,7000,25,-1
3000106,Steve Rogers,,35,ahorro
3000146,Diana Prince,10000,30,-1
3000105,John Doe,,30,-1
3000109,John Doe,7000,40,prestamo
3000142,Alice Brown,8000,25,-1
3000114,Jane Smith,,150,hipoteca
3000126,Diana Prince,5000,45,-1
3000113,Diana Prince,5000,25,-1
3000118,Steve Rogers,,45,ahorro
3000119,Jane Smith,,35,prestamo
3000138,Steve Rogers,5000,,hipoteca
3000135,Alice Brown,,45,prestamo
3000112,Steve Rogers,,40,prestamo
3000115,John Doe,8000,100,-1
3000125,Bob Johnson,7000,150,prestamo
3000131,Bob Johnson,10000,150,-1
3000122,John Doe,12000,100,hipoteca
3000130,Steve Rogers,5000,30,ahorro
3000126,John Doe,10000,,-1
3000106,John Doe,12000,35,prestamo
3000139,Alice Brown,7000,35,unknown
3000136,Bob Johnson,,,hipoteca
3000136,Steve Rogers,,40,-1
3000122,Bob Johnson,10000,40,ahorro
3000101,Jane Smith,10000,30,hipoteca
3000147,Steve Rogers,12000,,-1
3000128,John Doe,5000,30,prestamo
3000142,Charlie Green,7000,,prestamo
3000143,Jane Smith,10000,25,-1
3000119,John Doe,5000,35,prestamo
3000111,John Doe,12000,100,-1
3000108,Alice Brown,5000,45,ahorro
3000121,Alice Brown,8000,30,-1
3000107,John Doe,,45,-1
3000125,Alice Brown,,30,prestamo
3000124,Jane Smith,10000,45,prestamo
3000123,Diana Prince,10000,25,ahorro
3000116,Diana Prince,10000,25,-1
3000146,Unknown,12000,25,hipoteca
3000122,Jane Smith,,35,hipoteca
3000101,Jane Smith,12000,40,-1
3000103,Bob Johnson,7000,,prestamo
3000111,John Doe,12000,100,prestamo
3000121,Bob Johnson,,100,prestamo
3000115,Alice Brown,8000,40,hipoteca
3000135,Bob Johnson,10000,30,prestamo
3000114,Diana Prince,8000,30,-1
3000149,Steve Rogers,8000,25,prestamo
3000108,Diana Prince,10000,35,ahorro
3000141,Steve Rogers,,40,-1
3000129,Steve Rogers,7000,30,-1
3000108,Jane Smith,8000,25,-1
3000115,Charlie Green,5000,35,prestamo
3000142,Diana Prince,8000,,prestamo
3000150,Bob Johnson,8000,25,hipoteca
3000113,Jane Smith,8000,45,hipoteca
3000101,Bob Johnson,12000,30,hipoteca
3000105,Alice Brown,8000,35,-1
3000127,Charlie Green,8000,100,hipoteca
3000149,Bob Johnson,10000,25,-1
3000134,Diana Prince,,45,hipoteca
3000110,Charlie Green,10000,25,prestamo
3000148,Charlie Green,12000,100,ahorro
3000115,Bob Johnson,,30,prestamo
3000135,John Doe,10000,100,hipoteca
3000140,John Doe,7000,30,prestamo
3000113,Jane Smith,8000,35,-1
3000108,Jane Smith,,35,ahorro
3000130,Steve Rogers,12000,45,hipoteca
3000122,Alice Brown,5000,30,ahorro
3000144,John Doe,7000,45,ahorro
3000132,Unknown,5000,,-1
3000108,Charlie Green,8000,,prestamo
3000132,Bob Johnson,5000,25,ahorro
3000130,John Doe,12000,30,unknown
3000104,Bob Johnson,,,prestamo
3000102,Alice Brown,12000,30,-1
3000129,Bob Johnson,7000,,ahorro
3000141,Alice Brown,8000,25,prestamo
3000128,John Doe,12000,40,ahorro
3000122,Steve Rogers,10000,40,ahorro
3000123,Charlie Green,,,prestamo
3000104,Steve Rogers,5000,25,hipoteca
3000107,Diana Prince,5000,45,unknown
3000128,Diana Prince,8000,35,ahorro
3000113,Alice Brown,8000,35,hipoteca
3000117,Alice Brown,,45,hipoteca
3000129,Jane Smith,,30,-1
3000133,John Doe,7000,150,-1
3000113,Jane Smith,,25,prestamo
3000104,Alice Brown,7000,45,hipoteca
3000123,Alice Brown,,25,hipoteca
3000109,Alice Brown,12000,40,hipoteca
3000129,Alice Brown,5000,45,ahorro
3000146,Charlie Green,12000,100,hipoteca
3000141,Bob Johnson,5000,40,prestamo
3000127,Diana Prince,8000,35,-1
3000116,Diana Prince,7000,100,ahorro
3000126,Charlie Green,7000,100,hipoteca
3000135,Alice Brown,7000,,-1
3000111,John Doe,10000,35,hipoteca
3000119,John Doe,10000,100,-1
3000123,Bob Johnson,5000,45,ahorro
3000129,Unknown,7000,35,-1
3000105,Steve Rogers,10000,35,ahorro
3000116,Alice Brown,10000,30,-1
3000101,Charlie Green,8000,100,prestamo
3000117,Diana Prince,12000,30,prestamo
3000106,John Doe,5000,35,ahorro
3000139,Charlie Green,,25,-1
3000114,Steve Rogers,,100,prestamo
3000134,Bob Johnson,10000,35,hipoteca
4000137,Bob Johnson,7000,,prestamo
4000114,Unknown,,30,-1
4000133,Alice Brown,12000,100,hipoteca
4000106,Jane Smith,12000,40,prestamo
4000122,Bob Johnson,7000,40,hipoteca
4000108,Jane Smith,12000,100,prestamo
4000124,Bob Johnson,12000,35,hipoteca
4000138,Steve Rogers,10000,25,-1
4000113,Charlie Green,,35,hipoteca
4000133,Steve Rogers,12000,40,prestamo
4000102,Alice Brown,12000,45,-1
4000130,Diana Prince,12000,45,hipoteca
4000137,Steve Rogers,12000,30,ahorro
4000145,Charlie Green,8000,150,ahorro
4000127,Bob Johnson,5000,30,ahorro
4000117,Steve Rogers,12000,100,ahorro
4000128,Diana Prince,7000,100,prestamo
4000147,Alice Brown,8000,100,hipoteca
4000148,John Doe,7000,,prestamo
4000142,Steve Rogers,5000,,-1
4000109,Charlie Green,7000,45,hipoteca
4000103,Jane Smith,8000,30,-1
4000110,Unknown,5000,35,-1
4000111,Diana Prince,10000,,hipoteca
4000136,Charlie Green,8000,100,-1
4000146,Steve Rogers,,30,ahorro
4000134,Charlie Green,8000,150,-1
4000113,Alice Brown,10000,45,prestamo
4000107,Alice Brown,,25,prestamo
4000111,Diana Prince,5000,30,prestamo
4000103,Jane Smith,7000,40,unknown
4000110,Jane Smith,8000,100,ahorro
4000116,Diana Prince,,,prestamo
4000105,Diana Prince,10000,25,prestamo
4000141,Unknown,7000,,ahorro
4000120,John Doe,,,-1
4000143,Steve Rogers,12000,30,ahorro
4000140,John Doe,,45,-1
4000107,Diana Prince,,25,ahorro
4000133,Alice Brown,10000,45,hipoteca
4000136,Steve Rogers,5000,40,hipoteca
4000150,Charlie Green,,40,hipoteca
4000137,Steve Rogers,,35,prestamo
4000126,Jane Smith,5000,25,-1
4000133,Diana Prince,8000,40,prestamo
4000126,Bob Johnson,12000,35,prestamo
4000104,Steve Rogers,8000,45,-1
4000143,Charlie Green,,150,hipoteca
4000133,Steve Rogers,,100,-1
4000121,Alice Brown,12000,100,-1
4000118,John Doe,8000,40,prestamo
4000104,Jane Smith,12000,150,ahorro
4000127,John Doe,5000,100,hipoteca
4000108,John Doe,8000,45,prestamo
4000123,Diana Prince,7000,,hipoteca
4000138,Alice Brown,5000,,-1
4000121,Steve Rogers,8000,,hipoteca
4000107,Charlie Green,10000,150,hipoteca
4000119,John Doe,10000,100,-1
4000122,Jane Smith,12000,25,prestamo
4000132,Jane Smith,10000,100,hipoteca
4000137,Bob Johnson,8000,,ahorro
4000139,Bob Johnson,,35,prestamo
4000102,Alice Brown,8000,,ahorro
4000133,Steve Rogers,10000,25,hipoteca
4000141,Bob Johnson,,,ahorro
4000140,Bob Johnson,8000,40,-1
4000126,Alice Brown,12000,,prestamo
4000110,Charlie Green,7000,45,hipoteca
4000123,John Doe,12000,100,prestamo
4000140,Steve Rogers,7000,40,ahorro
4000128,Jane Smith,8000,35,ahorro
4000107,Diana Prince,,25,-1
4000107,Unknown,5000,,ahorro
4000120,Bob Johnson,,40,-1
4000111,Charlie Green,12000,40,-1
4000106,Steve Rogers,7000,40,hipoteca
4000120,Unknown,,40,prestamo
4000132,Unknown,10000,30,hipoteca
4000137,Alice Brown,8000,100,hipoteca
4000119,Bob Johnson,10000,25,-1
4000136,Charlie Green,10000,35,-1
4000130,Charlie Green,,25,-1
4000137,John Doe,,40,-1
4000102,Bob Johnson,8000,45,-1
4000114,Charlie Green,10000,,-1
4000112,Steve Rogers,10000,,ahorro
4000140,Jane Smith,,35,-1
4000110,Charlie Green,7000,25,-1
4000105,Jane Smith,8000,40,prestamo
4000111,John Doe,5000,35,hipoteca
4000134,Alice Brown,10000,30,prestamo
4000149,Bob Johnson,8000,,ahorro
4000124,Bob Johnson,10000,25,prestamo
4000147,Alice Brown,12000,40,ahorro
4000122,Bob Johnson,,100,-1
4000102,Jane Smith,7000,,prestamo
4000138,John Doe,12000,150,prestamo
4000121,Steve Rogers,5000,35,prestamo
4000139,Alice Brown,5000,100,unknown
4000136,Alice Brown,10000,,ahorro
4000103,Charlie Green,8000,30,-1
4000147,Bob Johnson,7000,100,hipoteca
4000127,Alice Brown,7000,,-1
4000149,Alice Brown,10000,25,-1
4000115,Charlie Green,8000,45,-1
4000131,Steve Rogers,8000,150,-1
4000148,Bob Johnson,,30,unknown
4000106,Unknown,7000,30,ahorro
4000120,Jane Smith,5000,40,hipoteca
4000108,Jane Smith,10000,100,ahorro
4000130,Steve Rogers,5000,45,prestamo
4000113,Jane Smith,10000,,unknown
4000135,Charlie Green,12000,150,-1
4000150,Steve Rogers,,,hipoteca
4000123,Diana Prince,,30,ahorro
4000146,Jane Smith,12000,100,hipoteca
4000105,Steve Rogers,8000,25,-1
4000127,Diana Prince,,150,-1
4000113,Charlie Green,,30,-1
4000145,Diana Prince,,25,-1
4000123,Bob Johnson,5000,25,ahorro
4000142,John Doe,,35,hipoteca
4000141,Steve Rogers,8000,35,ahorro
4000146,Charlie Green,7000,30,ahorro
4000133,John Doe,12000,35,-1
4000128,John Doe,,35,unknown
4000124,Diana Prince,12000,45,ahorro
4000112,Bob Johnson,8000,25,hipoteca
4000126,Diana Prince,12000,,hipoteca
4000149,Alice Brown,8000,,prestamo
4000116,Unknown,12000,25,prestamo
4000111,Unknown,5000,100,hipoteca
4000107,Unknown,12000,30,hipoteca
4000121,John Doe,,35,hipoteca
4000123,Bob Johnson,12000,45,-1
4000108,Alice Brown,10000,,ahorro
4000121,John Doe,,,-1
4000134,Charlie Green,7000,45,hipoteca
4000108,Jane Smith,12000,45,-1
4000143,Charlie Green,5000,40,hipoteca
4000115,Bob Johnson,7000,25,-1
4000135,Diana Prince,7000,100,-1
4000115,Steve Rogers,7000,25,hipoteca
4000137,Steve Rogers,8000,,-1
4000141,Bob Johnson,8000,30,prestamo
4000112,John Doe,7000,150,-1
4000111,John Doe,,25,-1
4000121,John Doe,,150,ahorro
4000117,Bob Johnson,5000,,prestamo
4000120,Diana Prince,,,ahorro
4000120,Jane Smith,5000,40,prestamo
4000140,Alice Brown,5000,25,ahorro
4000129,John Doe,12000,35,unknown
4000130,Jane Smith,10000,45,prestamo
4000122,Jane Smith,5000,100,unknown
4000138,Diana Prince,5000,,-1
4000130,John Doe,5000,35,hipoteca
4000126,Alice Brown,7000,25,hipoteca
4000145,Steve Rogers,,,ahorro
4000107,Steve Rogers,10000,,ahorro
4000119,Diana Prince,10000,25,hipoteca
4000147,Jane Smith,12000,25,prestamo
4000146,Jane Smith,,25,-1
4000116,Steve Rogers,10000,30,-1
4000123,Alice Brown,,25,hipoteca
4000103,Alice Brown,,150,hipoteca
4000140,John Doe,,30,-1
4000120,Charlie Green,7000,,hipoteca
4000105,Jane Smith,7000,40,unknown
4000150,Bob Johnson,8000,40,ahorro
4000132,Bob Johnson,5000,150,-1
4000122,Unknown,12000,45,prestamo
4000120,Alice Brown,12000,45,-1
4000140,John Doe,7000,30,ahorro
4000143,Charlie Green,5000,100,ahorro
4000123,Steve Rogers,,,prestamo
4000144,Alice Brown,8000,45,ahorro
4000101,Diana Prince,8000,35,ahorro
4000132,John Doe,7000,30,hipoteca
4000123,Bob Johnson,10000,,ahorro
4000135,Steve Rogers,10000,45,unknown
4000119,Steve Rogers,8000,40,prestamo
4000127,Steve Rogers,5000,45,ahorro
4000150,Charlie Green,12000,45,prestamo
4000104,Jane Smith,10000,,hipoteca
4000110,Charlie Green,8000,,prestamo
4000148,Jane Smith,8000,25,ahorro
4000109,Steve Rogers,5000,45,prestamo
4000145,Steve Rogers,,,prestamo
4000109,Steve Rogers,10000,,prestamo
4000132,John Doe,12000,45,-1
4000131,Alice Brown,7000,45,ahorro
4000150,Alice Brown,10000,40,unknown
4000121,Alice Brown,12000,35,hipoteca
4000145,Alice Brown,7000,,ahorro
4000148,Alice Brown,7000,,hipoteca
4000120,Charlie Green,7000,40,-1
4000134,Diana Prince,12000,30,ahorro
4000103,Bob Johnson,10000,,-1
4000137,Alice Brown,,45,ahorro
4000140,Alice Brown,7000,,hipoteca
4000133,Alice Brown,7000,30,ahorro
4000114,Bob Johnson,5000,30,-1
4000114,Steve Rogers,5000,100,prestamo
4000105,Diana Prince,5000,30,-1
4000116,Alice Brown,8000,35,-1
4000140,John Doe,,45,-1
4000142,Alice Brown,,100,prestamo
4000125,Jane Smith,12000,30,-1
4000119,Charlie Green,5000,35,hipoteca
4000114,Charlie Green,7000,100,-1
4000112,John Doe,12000,,ahorro
4000128,Jane Smith,7000,100,hipoteca
4000118,Bob Johnson,10000,45,hipoteca
4000150,Jane Smith,8000,,-1
4000129,Charlie Green,10000,40,-1
4000143,Jane Smith,12000,40,hipoteca
4000124,Steve Rogers,8000,25,hipoteca
4000127,Steve Rogers,,,prestamo
4000125,Charlie Green,12000,25,-1
4000126,Diana Prince,,35,prestamo
4000118,Bob Johnson,8000,,ahorro
4000114,Alice Brown,,,-1
4000114,Charlie Green,10000,150,hipoteca
4000138,Diana Prince,7000,35,-1
4000141,Charlie Green,7000,35,hipoteca
4000140,Jane Smith,8000,30,hipoteca
4000110,Steve Rogers,8000,30,prestamo
4000140,Steve Rogers,12000,,ahorro
4000107,Alice Brown,10000,40,prestamo
4000124,John Doe,7000,30,prestamo
4000123,Steve Rogers,12000,35,hipoteca
4000144,Charlie Green,7000,150,prestamo
4000132,Alice Brown,5000,,ahorro
4000122,Jane Smith,,100,-1
4000116,Alice Brown,12000,30,-1
4000111,Steve Rogers,5000,35,ahorro
4000129,Unknown,,35,-1
4000117,Steve Rogers,10000,,hipoteca
4000126,Jane Smith,7000,40,ahorro
4000101,Diana Prince,12000,40,prestamo
4000147,John Doe,,35,hipoteca
4000119,Diana Prince,10000,40,ahorro
4000144,John Doe,,,prestamo
4000123,Steve Rogers,,,-1
4000122,Charlie Green,5000,,prestamo
4000102,Bob Johnson,12000,35,hipoteca
4000106,Diana Prince,,30,prestamo
4000134,Diana Prince,12000,35,prestamo
4000125,Steve Rogers,,100,ahorro
4000110,Jane Smith,7000,40,ahorro
4000139,Alice Brown,12000,100,unknown
4000115,Alice Brown,7000,,ahorro
4000106,Diana Prince,5000,100,unknown
4000114,Steve Rogers,7000,45,-1
4000117,Bob Johnson,7000,40,ahorro
4000103,Charlie Green,,30,hipoteca
4000109,Diana Prince,,40,hipoteca
4000111,John Doe,12000,40,hipoteca
4000107,John Doe,12000,45,hipoteca
4000102,Jane Smith,5000,,prestamo
4000103,Diana Prince,8000,45,prestamo
4000109,Diana Prince,5000,45,hipoteca
4000122,Diana Prince,8000,30,ahorro
4000137,John Doe,10000,150,prestamo
4000136,Diana Prince,,30,unknown
4000123,John Doe,8000,,ahorro
4000106,Alice Brown,12000,100,ahorro
4000123,Alice Brown,10000,,-1
4000129,Steve Rogers,7000,40,ahorro
4000142,John Doe,8000,100,hipoteca
4000138,Jane Smith,7000,45,ahorro
4000122,Diana Prince,5000,25,-1
4000126,Charlie Green,,35,hipoteca
4000129,Steve Rogers,7000,45,ahorro
4000106,Charlie Green,12000,35,ahorro
4000121,Bob Johnson,5000,25,-1
4000149,Charlie Green,,100,prestamo
4000143,Diana Prince,,40,hipoteca
4000121,Charlie Green,5000,,ahorro
4000116,John Doe,12000,,-1
4000133,Jane Smith,12000,45,ahorro
4000114,Steve Rogers,10000,45,hipoteca
4000135,Alice Brown,12000,45,prestamo
4000102,Alice Brown,12000,30,hipoteca
4000104,Unknown,10000,25,ahorro
4000145,Jane Smith,,25,prestamo
4000138,Alice Brown,,45,ahorro
4000114,John Doe,8000,25,-1
4000141,Steve Rogers,7000,45,hipoteca
4000115,John Doe,5000,35,ahorro
4000101,Steve Rogers,10000,100,ahorro
4000128,Diana Prince,8000,35,-1
4000120,Alice Brown,10000,100,-1
4000150,Unknown,10000,100,-1
4000121,Alice Brown,5000,40,-1
4000114,Bob Johnson,8000,45,unknown
4000117,Alice Brown,5000,,ahorro
4000147,Diana Prince,8000,150,ahorro
4000109,Bob Johnson,,,hipoteca
4000112,Diana Prince,10000,150,-1
4000149,Diana Prince,5000,25,hipoteca
4000120,Alice Brown,5000,45,-1
4000138,Diana Prince,5000,40,ahorro
4000112,Jane Smith,,150,hipoteca
4000149,Charlie Green,12000,40,prestamo
4000141,Alice Brown,5000,,-1
4000149,Steve Rogers,10000,40,-1
4000118,John Doe,7000,35,prestamo
4000132,Bob Johnson,7000,100,-1
4000141,Alice Brown,10000,30,-1
4000123,Unknown,7000,100,prestamo
4000118,John Doe,10000,100,hipoteca
4000138,Jane Smith,,,hipoteca
4000123,Alice Brown,8000,45,-1
4000129,Bob Johnson,12000,45,prestamo
4000144,Charlie Green,7000,30,-1
4000126,Diana Prince,5000,45,ahorro
4000136,Steve Rogers,12000,35,-1
4000105,John Doe,10000,150,ahorro
4000115,Bob Johnson,7000,35,hipoteca
4000147,John Doe,,30,ahorro
4000145,Bob Johnson,,35,ahorro
4000138,Charlie Green,,100,prestamo
4000134,Unknown,7000,45,ahorro
4000123,Charlie Green,5000,40,-1
4000115,John Doe,10000,35,prestamo
4000146,Bob Johnson,10000,40,-1
4000113,John Doe,8000,25,hipoteca
4000132,Steve Rogers,5000,45,hipoteca
4000101,Jane Smith,7000,45,hipoteca
4000123,Unknown,10000,35,prestamo
4000140,Unknown,12000,40,hipoteca
4000105,Diana Prince,7000,100,ahorro
4000128,Steve Rogers,5000,,ahorro
4000113,Unknown,,40,-1
4000106,Charlie Green,10000,100,ahorro
4000116,Diana Prince,8000,100,ahorro
4000140,John Doe,,30,hipoteca
4000127,Diana Prince,8000,30,ahorro
4000110,Alice Brown,7000,,-1
4000115,Diana Prince,,40,-1
4000138,Charlie Green,5000,,-1
4000150,Diana Prince,8000,35,-1
4000101,Steve Rogers,5000,35,-1
4000105,Alice Brown,,25,prestamo
4000150,Steve Rogers,,25,hipoteca
4000137,Charlie Green,7000,150,hipoteca
4000124,John Doe,,35,prestamo
4000132,John Doe,,40,-1
4000113,Alice Brown,,,-1
4000119,Steve Rogers,,35,-1
4000113,Charlie Green,7000,,unknown
4000146,Charlie Green,8000,25,unknown
4000121,Alice Brown,5000,25,hipoteca
4000143,John Doe,12000,35,prestamo
4000118,Jane Smith,5000,25,-1
4000144,Diana Prince,8000,100,prestamo
4000127,John Doe,12000,100,ahorro
4000120,John Doe,,,-1
4000133,Steve Rogers,5000,35,prestamo
4000114,Jane Smith,12000,100,unknown
4000139,Charlie Green,12000,45,-1
4000132,Alice Brown,12000,100,hipoteca
4000108,Alice Brown,5000,25,hipoteca
4000107,John Doe,8000,35,hipoteca
4000107,Bob Johnson,8000,45,-1
4000118,Charlie Green,5000,100,hipoteca
4000149,Steve Rogers,,150,prestamo
4000107,Alice Brown,10000,45,prestamo
4000128,Diana Prince,7000,,hipoteca
4000102,Diana Prince,5000,35,hipoteca
4000127,Charlie Green,7000,30,-1
4000112,Bob Johnson,5000,25,ahorro
4000120,Jane Smith,5000,150,-1
4000146,John Doe,,45,unknown
4000132,Bob Johnson,8000,100,prestamo
4000112,Jane Smith,,100,-1
4000129,Steve Rogers,7000,150,-1
4000136,Bob Johnson,10000,,hipoteca
4000134,Diana Prince,12000,100,ahorro
4000105,Jane Smith,10000,25,-1
4000112,Bob Johnson,,25,ahorro
4000150,John Doe,7000,40,ahorro
4000111,Steve Rogers,10000,,-1
4000149,Unknown,8000,40,ahorro
4000109,John Doe,8000,25,hipoteca
4000147,John Doe,,30,ahorro
4000144,Alice Brown,8000,30,hipoteca
4000120,Bob Johnson,5000,45,-1
4000133,John Doe,10000,,hipoteca
4000114,Jane Smith,5000,35,ahorro
4000114,Steve Rogers,10000,100,-1
4000132,Diana Prince,7000,,-1
4000147,Unknown,5000,45,-1
4000104,Steve Rogers,,,hipoteca
4000108,Alice Brown,,100,prestamo
4000126,Unknown,12000,25,-1
4000118,Jane Smith,10000,45,ahorro
4000110,John Doe,8000,25,-1
4000116,Steve Rogers,7000,150,hipoteca
4000107,John Doe,7000,25,-1
4000133,Alice Brown,5000,35,prestamo
4000115,Bob Johnson,10000,45,hipoteca
4000134,Diana Prince,10000,40,-1
4000145,John Doe,5000,35,hipoteca
4000141,John Doe,10000,35,prestamo
4000103,John Doe,,45,hipoteca
4000117,Alice Brown,10000,100,unknown
4000106,Diana Prince,8000,25,-1
4000128,Jane Smith,8000,30,-1
4000103,Jane Smith,7000,25,unknown
4000120,Jane Smith,5000,,ahorro
4000109,Alice Brown,,150,hipoteca
4000135,Charlie Green,12000,,prestamo
4000129,Diana Prince,,30,hipoteca
4000130,John Doe,,40,ahorro
4000130,Jane Smith,8000,25,prestamo
4000104,Bob Johnson,12000,30,prestamo
4000144,Steve Rogers,10000,,prestamo
4000120,Jane Smith,,25,prestamo
4000101,John Doe,10000,35,prestamo
4000102,Jane Smith,,150,hipoteca
4000145,Alice Brown,,100,hipoteca
4000136,Jane Smith,7000,40,ahorro
4000122,Alice Brown,10000,45,hipoteca
4000121,Diana Prince,7000,45,prestamo
4000134,Charlie Green,10000,45,prestamo
4000137,Jane Smith,8000,,-1
4000130,Alice Brown,,25,-1
4000116,Alice Brown,12000,40,unknown
4000133,Alice Brown,5000,35,hipoteca
4000126,Bob Johnson,,,ahorro
4000129,Jane Smith,10000,,-1
4000138,Unknown,10000,30,-1
4000148,Unknown,5000,100,ahorro
4000124,Steve Rogers,7000,,hipoteca
4000110,Alice Brown,7000,,-1
4000139,Jane Smith,,100,-1
4000107,Alice Brown,7000,100,prestamo
4000142,Steve Rogers,7000,30,-1
4000113,John Doe,,30,prestamo
4000107,Alice Brown,10000,40,-1
4000140,Charlie Green,5000,,prestamo
4000113,Alice Brown,7000,150,-1
4000114,Bob Johnson,7000,,-1
4000102,Bob Johnson,5000,150,hipoteca
4000138,Jane Smith,7000,45,prestamo
4000143,Charlie Green,,45,-1
4000103,Jane Smith,10000,100,-1
4000107,Alice Brown,7000,,hipoteca
4000112,Bob Johnson,10000,30,ahorro
4000107,Bob Johnson,,35,hipoteca
4000142,Steve Rogers,,25,ahorro
4000148,Charlie Green,8000,,ahorro
4000144,Bob Johnson,10000,,unknown
4000118,Diana Prince,7000,40,prestamo
4000114,Steve Rogers,10000,,unknown
4000103,Jane Smith,5000,,ahorro
4000150,Diana Prince,10000,25,-1
4000125,John Doe,,25,-1
4000150,Jane Smith,8000,150,hipoteca
4000123,John Doe,5000,35,unknown
4000120,John Doe,7000,30,prestamo
4000138,Bob Johnson,10000,30,-1
4000141,John Doe,12000,25,ahorro
4000113,Steve Rogers,7000,45,hipoteca
4000102,Charlie Green,12000,40,ahorro
4000137,Jane Smith,7000,150,ahorro
4000103,Diana Prince,10000,100,-1
4000136,Alice Brown,5000,25,prestamo
4000145,Steve Rogers,,100,-1
4000138,John Doe,10000,25,unknown
4000117,Diana Prince,12000,,hipoteca
4000131,Bob Johnson,10000,,-1
4000132,Unknown,12000,,prestamo
4000146,Bob Johnson,,30,-1
4000108,John Doe,8000,45,prestamo
4000112,Jane Smith,5000,40,unknown
4000119,Steve Rogers,5000,45,unknown
4000137,Alice Brown,8000,,-1
4000127,Charlie Green,7000,30,unknown
4000109,Unknown,,25,-1
4000118,John Doe,,40,hipoteca
4000121,John Doe,,25,ahorro
4000105,Bob Johnson,8000,40,ahorro
4000119,John Doe,8000,,ahorro
4000122,Bob Johnson,5000,40,ahorro
4000122,Diana Prince,7000,,ahorro
4000113,John Doe,12000,,ahorro
4000131,Bob Johnson,7000,35,-1
4000111,Steve Rogers,,,hipoteca
4000114,Diana Prince,,,ahorro
4000139,Charlie Green,5000,35,unknown
4000134,Bob Johnson,5000,25,prestamo
4000150,Alice Brown,7000,35,ahorro
4000103,John Doe,5000,,prestamo
4000108,Alice Brown,5000,30,unknown
4000140,Alice Brown,8000,40,ahorro
4000147,Charlie Green,7000,25,prestamo
4000110,Bob Johnson,7000,35,hipoteca
4000143,Charlie Green,10000,35,-1
4000137,Bob Johnson,5000,40,-1
4000124,John Doe,7000,,hipoteca
4000140,Alice Brown,5000,35,prestamo
4000112,Steve Rogers,8000,30,prestamo
4000102,Alice Brown,8000,45,prestamo
4000131,Diana Prince,5000,45,hipoteca
4000104,Steve Rogers,10000,25,prestamo
4000128,Diana Prince,,35,hipoteca
4000133,Alice Brown,,,hipoteca
4000138,Alice Brown,8000,45,prestamo
4000121,Bob Johnson,8000,35,hipoteca
4000130,John Doe,5000,25,prestamo
4000143,Diana Prince,,35,unknown
4000116,Diana Prince,,30,hipoteca
4000136,Diana Prince,5000,40,prestamo
4000105,Unknown,10000,45,prestamo
4000107,Alice Brown,10000,,hipoteca
4000135,Steve Rogers,12000,25,ahorro
4000126,John Doe,5000,45,ahorro
4000101,Alice Brown,8000,25,hipoteca
4000111,John Doe,,,ahorro
4000121,Steve Rogers,12000,30,-1
4000138,Alice Brown,12000,30,ahorro
4000116,Bob Johnson,,45,-1
4000101,John Doe,8000,30,hipoteca
4000133,John Doe,,25,ahorro
4000129,Diana Prince,8000,45,ahorro
4000138,Jane Smith,12000,30,prestamo
4000127,Diana Prince,7000,40,-1
4000137,Jane Smith,10000,45,hipoteca
4000115,Jane Smith,12000,45,-1
4000123,John Doe,5000,25,ahorro
4000109,Diana Prince,,,hipoteca
4000122,Charlie Green,10000,45,hipoteca
4000135,John Doe,10000,,-1
4000102,Jane Smith,5000,40,prestamo
4000110,Steve Rogers,,,hipoteca
4000112,Jane Smith,10000,,ahorro
4000132,Bob Johnson,10000,100,-1
4000104,Jane Smith,8000,,-1
4000120,Steve Rogers,,30,prestamo
4000126,Alice Brown,8000,,prestamo
4000124,Steve Rogers,,45,-1
4000127,Charlie Green,5000,150,ahorro
4000132,Diana Prince,8000,45,hipoteca
4000131,Jane Smith,10000,40,-1
4000123,Alice Brown,12000,35,hipoteca
4000134,John Doe,8000,40,-1
4000114,Steve Rogers,,45,unknown
4000111,Bob Johnson,,,prestamo
4000139,Charlie Green,10000,40,ahorro
4000133,John Doe,10000,35,-1
4000147,Charlie Green,10000,150,hipoteca
4000145,Bob Johnson,12000,35,hipoteca
4000104,Diana Prince,,30,ahorro
4000115,Diana Prince,,,hipoteca
4000144,Bob Johnson,12000,35,-1
4000101,Charlie Green,12000,35,hipoteca
4000134,Charlie Green,12000,30,-1
4000121,Bob Johnson,7000,30,hipoteca
4000114,Steve Rogers,7000,100,ahorro
4000145,Diana Prince,12000,35,prestamo
4000147,Steve Rogers,8000,30,ahorro
4000117,Alice Brown,5000,25,-1
4000131,Charlie Green,10000,,-1
4000115,Bob Johnson,8000,45,hipoteca
4000109,Jane Smith,5000,100,hipoteca
4000126,Alice Brown,8000,30,-1
4000143,Bob Johnson,10000,30,ahorro
4000114,Diana Prince,,,prestamo
4000139,Steve Rogers,,,ahorro
4000149,Bob Johnson,12000,45,-1
4000119,Steve Rogers,5000,,hipoteca
4000104,Steve Rogers,,45,-1
4000128,John Doe,8000,150,prestamo
4000120,Steve Rogers,7000,30,ahorro
4000110,Steve Rogers,10000,25,hipoteca
4000116,John Doe,12000,,unknown
4000133,Steve Rogers,,150,ahorro
4000135,Bob Johnson,7000,40,-1
4000142,Jane Smith,8000,40,unknown
4000134,Bob Johnson,10000,30,hipoteca
4000118,Charlie Green,12000,150,prestamo
4000134,Alice Brown,,45,-1
4000120,Charlie Green,7000,150,prestamo
4000132,Alice Brown,12000,,ahorro
4000126,Alice Brown,5000,40,prestamo
4000143,Alice Brown,,35,prestamo
4000104,Steve Rogers,,40,-1
4000141,Jane Smith,,40,prestamo
4000106,Alice Brown,5000,45,-1
4000105,Steve Rogers,10000,35,prestamo
4000150,Bob Johnson,12000,100,ahorro
4000133,Steve Rogers,10000,45,prestamo
4000149,Charlie Green,12000,25,-1
4000112,Diana Prince,10000,,-1
4000142,Bob Johnson,,100,hipoteca
4000106,Unknown,8000,25,hipoteca
4000131,Steve Rogers,,30,-1
4000102,John Doe,12000,,-1
4000105,Alice Brown,8000,25,prestamo
4000137,Alice Brown,,25,-1
4000143,Unknown,7000,,ahorro
4000141,Jane Smith,8000,30,prestamo
4000140,Steve Rogers,5000,150,prestamo
4000124,Jane Smith,12000,45,-1
4000143,Alice Brown,8000,40,ahorro
4000110,Alice Brown,5000,25,hipoteca
4000129,Jane Smith,10000,25,prestamo
4000118,John Doe,12000,,hipoteca
4000142,Jane Smith,8000,100,hipoteca
4000114,Diana Prince,5000,25,-1
4000104,Jane Smith,,25,unknown
4000130,Steve Rogers,,35,-1
4000139,Alice Brown,12000,35,unknown
4000150,Bob Johnson,10000,35,hipoteca
4000120,Jane Smith,,40,ahorro
4000119,Unknown,5000,,ahorro
4000128,Alice Brown,5000,40,-1
4000146,Charlie Green,7000,40,ahorro
4000125,John Doe,,40,ahorro
4000108,Alice Brown,8000,35,hipoteca
4000140,Diana Prince,7000,150,-1
4000150,Steve Rogers,7000,30,hipoteca
4000138,Unknown,8000,,prestamo
4000113,Diana Prince,8000,40,-1
4000115,Bob Johnson,8000,45,hipoteca
4000139,Jane Smith,,30,-1
4000147,John Doe,8000,40,unknown
4000109,John Doe,,30,ahorro
4000106,Bob Johnson,7000,100,-1
4000140,Bob Johnson,,150,ahorro
4000137,Diana Prince,8000,,-1
4000133,Steve Rogers,10000,25,prestamo
4000127,John Doe,8000,150,prestamo
4000116,Bob Johnson,12000,,prestamo
4000107,Jane Smith,,,hipoteca
4000117,John Doe,,100,ahorro
4000118,John Doe,,100,hipoteca
4000129,Alice Brown,5000,,ahorro
4000135,Unknown,10000,45,ahorro
4000116,Charlie Green,12000,,ahorro
4000107,Diana Prince,10000,,-1
4000105,Alice Brown,5000,45,-1
4000120,Jane Smith,7000,45,hipoteca
4000149,John Doe,10000,25,ahorro
4000137,Steve Rogers,7000,35,-1
4000138,John Doe,7000,100,ahorro
4000142,Bob Johnson,8000,35,-1
4000136,Alice Brown,,45,-1
4000104,Diana Prince,8000,30,-1
4000138,Charlie Green,7000,,hipoteca
4000123,Bob Johnson,12000,40,hipoteca
4000144,Alice Brown,10000,45,ahorro
4000149,Alice Brown,10000,,prestamo
4000148,Bob Johnson,7000,30,ahorro
4000109,Diana Prince,,30,ahorro
4000116,Diana Prince,5000,45,-1
4000119,John Doe,8000,100,hipoteca
4000139,John Doe,10000,35,ahorro
4000107,Steve Rogers,10000,25,prestamo
4000113,John Doe,8000,45,prestamo
4000114,Alice Brown,5000,,ahorro
4000127,Alice Brown,,,-1
4000116,John Doe,10000,,-1
4000142,Bob Johnson,7000,25,ahorro
4000135,John Doe,12000,40,prestamo
4000125,Diana Prince,5000,45,unknown
4000106,Charlie Green,8000,25,prestamo
4000121,Alice Brown,8000,45,ahorro
4000138,John Doe,10000,30,unknown
4000150,Charlie Green,12000,40,prestamo
4000140,Jane Smith,7000,25,prestamo
4000148,Diana Prince,10000,25,prestamo
4000148,Steve Rogers,,,prestamo
4000141,Bob Johnson,10000,100,ahorro
4000105,John Doe,,35,ahorro
4000105,Diana Prince,,100,prestamo
4000103,Unknown,7000,40,-1
4000148,Steve Rogers,5000,150,-1
4000109,Diana Prince,7000,25,-1
4000111,Alice Brown,5000,45,prestamo
4000113,Bob Johnson,5000,35,prestamo
4000142,Jane Smith,10000,25,prestamo
4000148,Steve Rogers,7000,,ahorro
4000144,Jane Smith,7000,25,-1
4000103,Bob Johnson,,100,-1
4000114,Alice Brown,8000,150,prestamo
4000129,Steve Rogers,5000,,prestamo
4000123,Steve Rogers,12000,,hipoteca
4000107,Jane Smith,10000,,prestamo
4000134,Steve Rogers,,35,-1
4000113,Diana Prince,10000,,hipoteca
4000116,Steve Rogers,7000,40,hipoteca
4000127,Diana Prince,5000,100,ahorro
4000125,Diana Prince,,,prestamo
4000129,Unknown,10000,35,prestamo
4000105,Jane Smith,12000,45,hipoteca
4000114,Alice Brown,7000,35,ahorro
4000145,Diana Prince,7000,45,prestamo
4000106,Bob Johnson,5000,35,-1
4000121,John Doe,12000,45,hipoteca
4000134,Steve Rogers,8000,,hipoteca
4000131,Bob Johnson,10000,,prestamo
4000131,John Doe,10000,100,unknown
4000129,Alice Brown,,30,prestamo
4000111,Steve Rogers,10000,30,ahorro
4000139,Jane Smith,8000,45,hipoteca
4000125,Jane Smith,5000,,ahorro
4000124,Diana Prince,10000,45,unknown
4000119,Unknown,5000,40,prestamo
4000144,John Doe,,25,hipoteca
4000146,Bob Johnson,5000,40,hipoteca
4000114,Alice Brown,7000,25,-1
4000113,Bob Johnson,12000,,hipoteca
4000127,Charlie Green,7000,150,-1
4000124,John Doe,12000,,-1
4000139,Jane Smith,10000,,hipoteca
4000108,Steve Rogers,5000,30,-1
4000136,John Doe,8000,35,-1
4000129,Steve Rogers,10000,45,hipoteca
4000123,John Doe,7000,40,unknown
4000103,John Doe,7000,150,ahorro
4000140,Bob Johnson,,40,unknown
4000129,John Doe,,40,prestamo
4000102,Charlie Green,10000,35,prestamo
4000142,Charlie Green,12000,,hipoteca
4000110,Bob Johnson,5000,45,-1
4000149,Bob Johnson,8000,25,hipoteca
4000142,Alice Brown,12000,,-1
4000130,Unknown,12000,100,ahorro
4000111,Steve Rogers,,,-1
4000107,John Doe,,35,-1
4000144,John Doe,10000,,unknown
4000142,Alice Brown,10000,25,ahorro
4000111,John Doe,,45,prestamo
4000105,Alice Brown,10000,25,prestamo
4000125,Alice Brown,10000,100,ahorro
4000125,Diana Prince,5000,35,prestamo
4000122,Charlie Green,8000,25,-1
4000137,Diana Prince,,100,prestamo
4000123,John Doe,7000,25,prestamo
4000138,Steve Rogers,,40,prestamo
4000137,Alice Brown,7000,40,ahorro
4000123,Unknown,10000,100,ahorro
4000122,Alice Brown,5000,,ahorro
4000139,Charlie Green,,25,hipoteca
4000110,Diana Prince,8000,40,-1
4000137,Jane Smith,8000,100,ahorro
4000139,Charlie Green,7000,150,prestamo
4000132,Charlie Green,5000,100,ahorro
4000143,Steve Rogers,8000,40,prestamo
4000144,Alice Brown,7000,,prestamo
4000148,Alice Brown,8000,100,-1
4000106,Diana Prince,7000,30,-1
4000137,Charlie Green,5000,40,hipoteca
4000106,Charlie Green,,35,hipoteca
4000118,Jane Smith,12000,35,ahorro
4000107,Jane Smith,,40,prestamo
4000143,Bob Johnson,12000,45,-1
4000140,Diana Prince,5000,100,prestamo
4000114,Bob Johnson,7000,,ahorro
4000109,Diana Prince,7000,25,-1
4000132,Unknown,5000,35,hipoteca
4000110,Steve Rogers,,25,hipoteca
4000139,Diana Prince,12000,100,unknown
4000150,Diana Prince,8000,,-1
4000102,Charlie Green,,30,ahorro
4000145,Steve Rogers,12000,30,ahorro
4000107,Jane Smith,,100,hipoteca
4000144,Charlie Green,8000,25,-1
4000116,Steve Rogers,,40,-1
4000135,Bob Johnson,,40,hipoteca
4000139,Charlie Green,10000,,-1
4000138,Bob Johnson,8000,,-1
4000142,Unknown,7000,45,hipoteca
4000123,Jane Smith,8000,40,unknown
4000127,Jane Smith,8000,100,ahorro
4000145,Bob Johnson,12000,25,-1
4000128,Jane Smith,,45,hipoteca
4000133,John Doe,12000,,prestamo
4000145,Jane Smith,7000,100,-1
4000145,Charlie Green,10000,30,unknown
4000124,Steve Rogers,10000,100,hipoteca
4000140,Charlie Green,,35,hipoteca
4000114,Bob Johnson,,,prestamo
4000101,Bob Johnson,8000,,ahorro
4000128,Jane Smith,8000,25,-1
4000128,Diana Prince,8000,40,ahorro
4000111,Jane Smith,7000,,ahorro
4000145,Steve Rogers,12000,100,ahorro
4000114,Steve Rogers,5000,,-1
4000119,John Doe,12000,35,-1
4000101,Bob Johnson,12000,100,hipoteca
4000107,Unknown,10000,30,-1
4000105,Steve Rogers,,35,hipoteca
4000104,John Doe,,45,ahorro
4000122,Bob Johnson,10000,,ahorro
4000128,Steve Rogers,8000,100,ahorro
4000117,Jane Smith,,25,-1
4000135,Alice Brown,8000,100,ahorro
4000149,Alice Brown,,35,ahorro
4000121,Jane Smith,12000,40,hipoteca
4000125,Bob Johnson,10000,30,-1
4000126,John Doe,10000,100,prestamo
4000138,Bob Johnson,,35,prestamo
4000149,Bob Johnson,5000,45,ahorro
4000134,Diana Prince,12000,40,prestamo
4000102,Jane Smith,12000,,hipoteca
4000120,Diana Prince,12000,45,-1
4000101,Bob Johnson,10000,35,-1
4000121,Alice Brown,5000,,-1
4000127,Bob Johnson,,,prestamo
4000140,Charlie Green,8000,30,prestamo
4000122,Unknown,10000,30,ahorro
4000136,John Doe,10000,35,prestamo
4000102,Alice Brown,5000,35,hipoteca
4000117,Unknown,5000,45,ahorro
4000128,Unknown,10000,30,prestamo
4000123,Alice Brown,7000,35,ahorro
4000108,John Doe,,,-1
4000134,John Doe,5000,45,-1
4000105,Alice Brown,,30,ahorro
4000138,Diana Prince,10000,30,-1
4000113,Bob Johnson,5000,100,hipoteca
4000134,Steve Rogers,5000,,prestamo
4000147,Steve Rogers,10000,150,-1
4000149,Steve Rogers,7000,25,ahorro
4000124,Unknown,12000,35,hipoteca
4000149,Alice Brown,10000,100,prestamo
4000106,Unknown,8000,25,ahorro
4000131,Charlie Green,,25,ahorro
4000111,Alice Brown,8000,,-1
4000129,Steve Rogers,5000,35,prestamo
4000121,Charlie Green,,45,prestamo
4000113,Diana Prince,5000,35,ahorro
4000135,Diana Prince,8000,40,prestamo
4000129,Steve Rogers,10000,,prestamo
4000116,John Doe,7000,30,hipoteca
4000147,Diana Prince,8000,45,hipoteca
4000106,Diana Prince,10000,35,ahorro
4000122,Diana Prince,10000,35,ahorro
4000106,John Doe,5000,25,-1
4000114,Diana Prince,12000,40,hipoteca
4000133,Jane Smith,12000,25,prestamo
4000102,Diana Prince,12000,30,hipoteca
4000108,Diana Prince,5000,25,unknown
4000120,Steve Rogers,5000,40,hipoteca
4000104,John Doe,7000,100,prestamo
4000107,Steve Rogers,5000,25,hipoteca
4000117,Bob Johnson,5000,100,prestamo
4000141,Jane Smith,12000,100,prestamo
4000115,Alice Brown,12000,150,prestamo
4000103,Bob Johnson,7000,30,ahorro
4000107,Diana Prince,8000,25,hipoteca
4000113,Steve Rogers,8000,25,-1
4000101,Bob Johnson,,100,prestamo
4000138,Charlie Green,12000,,hipoteca
4000128,Diana Prince,7000,35,prestamo
4000146,Steve Rogers,10000,,-1
4000109,Bob Johnson,10000,,-1
4000108,John Doe,8000,25,prestamo
4000135,Jane Smith,12000,30,unknown
4000108,Jane Smith,5000,35,prestamo
4000142,Bob Johnson,,100,prestamo
4000102,Steve Rogers,7000,40,-1
4000110,Steve Rogers,7000,30,ahorro
4000110,Unknown,10000,,-1
4000114,Unknown,8000,35,ahorro
4000132,John Doe,12000,45,prestamo
4000145,Diana Prince,8000,100,-1
4000108,Diana Prince,7000,30,-1
4000104,Bob Johnson,10000,25,prestamo
4000111,Charlie Green,10000,100,hipoteca
4000125,John Doe,7000,25,prestamo
4000136,Alice Brown,8000,35,hipoteca
4000147,Bob Johnson,5000,,-1
4000116,Steve Rogers,10000,100,hipoteca
4000106,Alice Brown,8000,40,prestamo
4000111,Jane Smith,,,prestamo
4000143,Jane Smith,10000,40,-1
4000123,Diana Prince,,25,ahorro
4000127,Steve Rogers,12000,25,-1
4000137,Diana Prince,10000,,hipoteca
4000121,John Doe,7000,25,-1
4000106,Steve Rogers,,35,ahorro
4000146,Diana Prince,10000,30,-1
4000105,John Doe,,30,-1
4000109,John Doe,7000,40,prestamo
4000142,Alice Brown,8000,25,-1
4000114,Jane Smith,,150,hipoteca
4000126,Diana Prince,5000,45,-1
4000113,Diana Prince,5000,25,-1
4000118,Steve Rogers,,45,ahorro
4000119,Jane Smith,,35,prestamo
4000138,Steve Rogers,5000,,hipoteca
4000135,Alice Brown,,45,prestamo
4000112,Steve Rogers,,40,prestamo
4000115,John Doe,8000,100,-1
4000125,Bob Johnson,7000,150,prestamo
4000131,Bob Johnson,10000,150,-1
4000122,John Doe,12000,100,hipoteca
4000130,Steve Rogers,5000,30,ahorro
4000126,John Doe,10000,,-1
4000106,John Doe,12000,35,prestamo
4000139,Alice Brown,7000,35,unknown
4000136,Bob Johnson,,,hipoteca
4000136,Steve Rogers,,40,-1
4000122,Bob Johnson,10000,40,ahorro
4000101,Jane Smith,10000,30,hipoteca
4000147,Steve Rogers,12000,,-1
4000128,John Doe,5000,30,prestamo
4000142,Charlie Green,7000,,prestamo
4000143,Jane Smith,10000,25,-1
4000119,John Doe,5000,35,prestamo
4000111,John Doe,12000,100,-1
4000108,Alice Brown,5000,45,ahorro
4000121,Alice Brown,8000,30,-1
4000107,John Doe,,45,-1
4000125,Alice Brown,,30,prestamo
4000124,Jane Smith,10000,45,prestamo
4000123,Diana Prince,10000,25,ahorro
4000116,Diana Prince,10000,25,-1
4000146,Unknown,12000,25,hipoteca
4000122,Jane Smith,,35,hipoteca
4000101,Jane Smith,12000,40,-1
4000103,Bob Johnson,7000,,prestamo
4000111,John Doe,12000,100,prestamo
4000121,Bob Johnson,,100,prestamo
4000115,Alice Brown,8000,40,hipoteca
4000135,Bob Johnson,10000,30,prestamo
4000114,Diana Prince,8000,30,-1
4000149,Steve Rogers,8000,25,prestamo
4000108,Diana Prince,10000,35,ahorro
4000141,Steve Rogers,,40,-1
4000129,Steve Rogers,7000,30,-1
4000108,Jane Smith,8000,25,-1
4000115,Charlie Green,5000,35,prestamo
4000142,Diana Prince,8000,,prestamo
4000150,Bob Johnson,8000,25,hipoteca
4000113,Jane Smith,8000,45,hipoteca
4000101,Bob Johnson,12000,30,hipoteca
4000105,Alice Brown,8000,35,-1
4000127,Charlie Green,8000,100,hipoteca
4000149,Bob Johnson,10000,25,-1
4000134,Diana Prince,,45,hipoteca
4000110,Charlie Green,10000,25,prestamo
4000148,Charlie Green,12000,100,ahorro
4000115,Bob Johnson,,30,prestamo
4000135,John Doe,10000,100,hipoteca
4000140,John Doe,7000,30,prestamo
4000113,Jane Smith,8000,35,-1
4000108,Jane Smith,,35,ahorro
4000130,Steve Rogers,12000,45,hipoteca
4000122,Alice Brown,5000,30,ahorro
4000144,John Doe,7000,45,ahorro
4000132,Unknown,5000,,-1
4000108,Charlie Green,8000,,prestamo
4000132,Bob Johnson,5000,25,ahorro
4000130,John Doe,12000,30,unknown
4000104,Bob Johnson,,,prestamo
4000102,Alice Brown,12000,30,-1
4000129,Bob Johnson,7000,,ahorro
4000141,Alice Brown,8000,25,prestamo
4000128,John Doe,12000,40,ahorro
4000122,Steve Rogers,10000,40,ahorro
4000123,Charlie Green,,,prestamo
4000104,Steve Rogers,5000,25,hipoteca
4000107,Diana Prince,5000,45,unknown
4000128,Diana Prince,8000,35,ahorro
4000113,Alice Brown,8000,35,hipoteca
4000117,Alice Brown,,45,hipoteca
4000129,Jane Smith,,30,-1
4000133,John Doe,7000,150,-1
4000113,Jane Smith,,25,prestamo
4000104,Alice Brown,7000,45,hipoteca
4000123,Alice Brown,,25,hipoteca
4000109,Alice Brown,12000,40,hipoteca
4000129,Alice Brown,5000,45,ahorro
4000146,Charlie Green,12000,100,hipoteca
4000141,Bob Johnson,5000,40,prestamo
4000127,Diana Prince,8000,35,-1
4000116,Diana Prince,7000,100,ahorro
4000126,Charlie Green,7000,100,hipoteca
4000135,Alice Brown,7000,,-1
4000111,John Doe,10000,35,hipoteca
4000119,John Doe,10000,100,-1
4000123,Bob Johnson,5000,45,ahorro
4000129,Unknown,7000,35,-1
4000105,Steve Rogers,10000,35,ahorro
4000116,Alice Brown,10000,30,-1
4000101,Charlie Green,8000,100,prestamo
4000117,Diana Prince,12000,30,prestamo
4000106,John Doe,5000,35,ahorro
4000139,Charlie Green,,25,-1
4000114,Steve Rogers,,100,prestamo
4000134,Bob Johnson,10000,35,hipoteca
5000137,Bob Johnson,7000,,prestamo
5000114,Unknown,,30,-1
5000133,Alice Brown,12000,100,hipoteca
5000106,Jane Smith,12000,40,prestamo
5000122,Bob Johnson,7000,40,hipoteca
5000108,Jane Smith,12000,100,prestamo
5000124,Bob Johnson,12000,35,hipoteca
5000138,Steve Rogers,10000,25,-1
5000113,Charlie Green,,35,hipoteca
5000133,Steve Rogers,12000,40,prestamo
5000102,Alice Brown,12000,45,-1
5000130,Diana Prince,12000,45,hipoteca
5000137,Steve Rogers,12000,30,ahorro
5000145,Charlie Green,8000,150,ahorro
5000127,Bob Johnson,5000,30,ahorro
5000117,Steve Rogers,12000,100,ahorro
5000128,Diana Prince,7000,100,prestamo
5000147,Alice Brown,8000,100,hipoteca
5000148,John Doe,7000,,prestamo
5000142,Steve Rogers,5000,,-1
5000109,Charlie Green,7000,45,hipoteca
5000103,Jane Smith,8000,30,-1
5000110,Unknown,5000,35,-1
5000111,Diana Prince,10000,,hipoteca
5000136,Charlie Green,8000,100,-1
5000146,Steve Rogers,,30,ahorro
5000134,Charlie Green,8000,150,-1
5000113,Alice Brown,10000,45,prestamo
5000107,Alice Brown,,25,prestamo
5000111,Diana Prince,5000,30,prestamo
5000103,Jane Smith,7000,40,unknown
5000110,Jane Smith,8000,100,ahorro
5000116,Diana Prince,,,prestamo
5000105,Diana Prince,10000,25,prestamo
5000141,Unknown,7000,,ahorro
5000120,John Doe,,,-1
5000143,Steve Rogers,12000,30,ahorro
5000140,John Doe,,45,-1
5000107,Diana Prince,,25,ahorro
5000133,Alice Brown,10000,45,hipoteca
5000136,Steve Rogers,5000,40,hipoteca
5000150,Charlie Green,,40,hipoteca
5000137,Steve Rogers,,35,prestamo
5000126,Jane Smith,5000,25,-1
5000133,Diana Prince,8000,40,prestamo
5000126,Bob Johnson,12000,35,prestamo
5000104,Steve Rogers,8000,45,-1
5000143,Charlie Green,,150,hipoteca
5000133,Steve Rogers,,100,-1
5000121,Alice Brown,12000,100,-1
5000118,John Doe,8000,40,prestamo
5000104,Jane Smith,12000,150,ahorro
5000127,John Doe,5000,100,hipoteca
5000108,John Doe,8000,45,prestamo
5000123,Diana Prince,7000,,hipoteca
5000138,Alice Brown,5000,,-1
5000121,Steve Rogers,8000,,hipoteca
5000107,Charlie Green,10000,150,hipoteca
5000119,John Doe,10000,100,-1
5000122,Jane Smith,12000,25,prestamo
5000132,Jane Smith,10000,100,hipoteca
5000137,Bob Johnson,8000,,ahorro
5000139,Bob Johnson,,35,prestamo
5000102,Alice Brown,8000,,ahorro
5000133,Steve Rogers,10000,25,hipoteca
5000141,Bob Johnson,,,ahorro
5000140,Bob Johnson,8000,40,-1
5000126,Alice Brown,12000,,prestamo
5000110,Charlie Green,7000,45,hipoteca
5000123,John Doe,12000,100,prestamo
5000140,Steve Rogers,7000,40,ahorro
5000128,Jane Smith,8000,35,ahorro
5000107,Diana Prince,,25,-1
5000107,Unknown,5000,,ahorro
5000120,Bob Johnson,,40,-1
5000111,Charlie Green,12000,40,-1
5000106,Steve Rogers,7000,40,hipoteca
5000120,Unknown,,40,prestamo
5000132,Unknown,10000,30,hipoteca
5000137,Alice Brown,8000,100,hipoteca
5000119,Bob Johnson,10000,25,-1
5000136,Charlie Green,10000,35,-1
5000130,Charlie Green,,25,-1
5000137,John Doe,,40,-1
5000102,Bob Johnson,8000,45,-1
5000114,Charlie Green,10000,,-1
5000112,Steve Rogers,10000,,ahorro
5000140,Jane Smith,,35,-1
5000110,Charlie Green,7000,25,-1
5000105,Jane Smith,8000,40,prestamo
5000111,John Doe,5000,35,hipoteca
5000134,Alice Brown,10000,30,prestamo
5000149,Bob Johnson,8000,,ahorro
5000124,Bob Johnson,10000,25,prestamo
5000147,Alice Brown,12000,40,ahorro
5000122,Bob Johnson,,100,-1
5000102,Jane Smith,7000,,prestamo
5000138,John Doe,12000,150,prestamo
5000121,Steve Rogers,5000,35,prestamo
5000139,Alice Brown,5000,100,unknown
5000136,Alice Brown,10000,,ahorro
5000103,Charlie Green,8000,30,-1
5000147,Bob Johnson,7000,100,hipoteca
5000127,Alice Brown,7000,,-1
5000149,Alice Brown,10000,25,-1
5000115,Charlie Green,8000,45,-1
5000131,Steve Rogers,8000,150,-1
5000148,Bob Johnson,,30,unknown
5000106,Unknown,7000,30,ahorro
5000120,Jane Smith,5000,40,hipoteca
5000108,Jane Smith,10000,100,ahorro
5000130,Steve Rogers,5000,45,prestamo
5000113,Jane Smith,10000,,unknown
5000135,Charlie Green,12000,150,-1
5000150,Steve Rogers,,,hipoteca
5000123,Diana Prince,,30,ahorro
5000146,Jane Smith,12000,100,hipoteca
5000105,Steve Rogers,8000,25,-1
5000127,Diana Prince,,150,-1
5000113,Charlie Green,,30,-1
5000145,Diana Prince,,25,-1
5000123,Bob Johnson,5000,25,ahorro
5000142,John Doe,,35,hipoteca
5000141,Steve Rogers,8000,35,ahorro
5000146,Charlie Green,7000,30,ahorro
5000133,John Doe,12000,35,-1
5000128,John Doe,,35,unknown
5000124,Diana Prince,12000,45,ahorro
5000112,Bob Johnson,8000,25,hipoteca
5000126,Diana Prince,12000,,hipoteca
5000149,Alice Brown,8000,,prestamo
5000116,Unknown,12000,25,prestamo
5000111,Unknown,5000,100,hipoteca
5000107,Unknown,12000,30,hipoteca
5000121,John Doe,,35,hipoteca
5000123,Bob Johnson,12000,45,-1
5000108,Alice Brown,10000,,ahorro
5000121,John Doe,,,-1
5000134,Charlie Green,7000,45,hipoteca
5000108,Jane Smith,12000,45,-1
5000143,Charlie Green,5000,40,hipoteca
5000115,Bob Johnson,7000,25,-1
5000135,Diana Prince,7000,100,-1
5000115,Steve Rogers,7000,25,hipoteca
5000137,Steve Rogers,8000,,-1
5000141,Bob Johnson,8000,30,prestamo
5000112,John Doe,7000,150,-1
5000111,John Doe,,25,-1
5000121,John Doe,,150,ahorro
5000117,Bob Johnson,5000,,prestamo
5000120,Diana Prince,,,ahorro
5000120,Jane Smith,5000,40,prestamo
5000140,Alice Brown,5000,25,ahorro
5000129,John Doe,12000,35,unknown
5000130,Jane Smith,10000,45,prestamo
5000122,Jane Smith,5000,100,unknown
5000138,Diana Prince,5000,,-1
5000130,John Doe,5000,35,hipoteca
5000126,Alice Brown,7000,25,hipoteca
5000145,Steve Rogers,,,ahorro
5000107,Steve Rogers,10000,,ahorro
5000119,Diana Prince,10000,25,hipoteca
5000147,Jane Smith,12000,25,prestamo
5000146,Jane Smith,,25,-1
5000116,Steve Rogers,10000,30,-1
5000123,Alice Brown,,25,hipoteca
5000103,Alice Brown,,150,hipoteca
5000140,John Doe,,30,-1
5000120,Charlie Green,7000,,hipoteca
5000105,Jane Smith,7000,40,unknown
5000150,Bob Johnson,8000,40,ahorro
5000132,Bob Johnson,5000,150,-1
5000122,Unknown,12000,45,prestamo
5000120,Alice Brown,12000,45,-1
5000140,John Doe,7000,30,ahorro
5000143,Charlie Green,5000,100,ahorro
5000123,Steve Rogers,,,prestamo
5000144,Alice Brown,8000,45,ahorro
5000101,Diana Prince,8000,35,ahorro
5000132,John Doe,7000,30,hipoteca
5000123,Bob Johnson,10000,,ahorro
5000135,Steve Rogers,10000,45,unknown
5000119,Steve Rogers,8000,40,prestamo
5000127,Steve Rogers,5000,45,ahorro
5000150,Charlie Green,12000,45,prestamo
5000104,Jane Smith,10000,,hipoteca
5000110,Charlie Green,8000,,prestamo
5000148,Jane Smith,8000,25,ahorro
5000109,Steve Rogers,5000,45,prestamo
5000145,Steve Rogers,,,prestamo
5000109,Steve Rogers,10000,,prestamo
5000132,John Doe,12000,45,-1
5000131,Alice Brown,7000,45,ahorro
5000150,Alice Brown,10000,40,unknown
5000121,Alice Brown,12000,35,hipoteca
5000145,Alice Brown,7000,,ahorro
5000148,Alice Brown,7000,,hipoteca
5000120,Charlie Green,7000,40,-1
5000134,Diana Prince,12000,30,ahorro
5000103,Bob Johnson,10000,,-1
5000137,Alice Brown,,45,ahorro
5000140,Alice Brown,7000,,hipoteca
5000133,Alice Brown,7000,30,ahorro
5000114,Bob Johnson,5000,30,-1
5000114,Steve Rogers,5000,100,prestamo
5000105,Diana Prince,5000,30,-1
5000116,Alice Brown,8000,35,-1
5000140,John Doe,,45,-1
5000142,Alice Brown,,100,prestamo
5000125,Jane Smith,12000,30,-1
5000119,Charlie Green,5000,35,hipoteca
5000114,Charlie Green,7000,100,-1
5000112,John Doe,12000,,ahorro
5000128,Jane Smith,7000,100,hipoteca
5000118,Bob Johnson,10000,45,hipoteca
5000150,Jane Smith,8000,,-1
5000129,Charlie Green,10000,40,-1
5000143,Jane Smith,12000,40,hipoteca
5000124,Steve Rogers,8000,25,hipoteca
5000127,Steve Rogers,,,prestamo
5000125,Charlie Green,12000,25,-1
5000126,Diana Prince,,35,prestamo
5000118,Bob Johnson,8000,,ahorro
5000114,Alice Brown,,,-1
5000114,Charlie Green,10000,150,hipoteca
5000138,Diana Prince,7000,35,-1
5000141,Charlie Green,7000,35,hipoteca
5000140,Jane Smith,8000,30,hipoteca
5000110,Steve Rogers,8000,30,prestamo
5000140,Steve Rogers,12000,,ahorro
5000107,Alice Brown,10000,40,prestamo
5000124,John Doe,7000,30,prestamo
5000123,Steve Rogers,12000,35,hipoteca
5000144,Charlie Green,7000,150,prestamo
5000132,Alice Brown,5000,,ahorro
5000122,Jane Smith,,100,-1
5000116,Alice Brown,12000,30,-1
5000111,Steve Rogers,5000,35,ahorro
5000129,Unknown,,35,-1
5000117,Steve Rogers,10000,,hipoteca
5000126,Jane Smith,7000,40,ahorro
5000101,Diana Prince,12000,40,prestamo
5000147,John Doe,,35,hipoteca
5000119,Diana Prince,10000,40,ahorro
5000144,John Doe,,,prestamo
5000123,Steve Rogers,,,-1
5000122,Charlie Green,5000,,prestamo
5000102,Bob Johnson,12000,35,hipoteca
5000106,Diana Prince,,30,prestamo
5000134,Diana Prince,12000,35,prestamo
5000125,Steve Rogers,,100,ahorro
5000110,Jane Smith,7000,40,ahorro
5000139,Alice Brown,12000,100,unknown
5000115,Alice Brown,7000,,ahorro
5000106,Diana Prince,5000,100,unknown
5000114,Steve Rogers,7000,45,-1
5000117,Bob Johnson,7000,40,ahorro
5000103,Charlie Green,,30,hipoteca
5000109,Diana Prince,,40,hipoteca
5000111,John Doe,12000,40,hipoteca
5000107,John Doe,12000,45,hipoteca
5000102,Jane Smith,5000,,prestamo
5000103,Diana Prince,8000,45,prestamo
5000109,Diana Prince,5000,45,hipoteca
5000122,Diana Prince,8000,30,ahorro
5000137,John Doe,10000,150,prestamo
5000136,Diana Prince,,30,unknown
5000123,John Doe,8000,,ahorro
5000106,Alice Brown,12000,100,ahorro
5000123,Alice Brown,10000,,-1
5000129,Steve Rogers,7000,40,ahorro
5000142,John Doe,8000,100,hipoteca
5000138,Jane Smith,7000,45,ahorro
5000122,Diana Prince,5000,25,-1
5000126,Charlie Green,,35,hipoteca
5000129,Steve Rogers,7000,45,ahorro
5000106,Charlie Green,12000,35,ahorro
5000121,Bob Johnson,5000,25,-1
5000149,Charlie Green,,100,prestamo
5000143,Diana Prince,,40,hipoteca
5000121,Charlie Green,5000,,ahorro
5000116,John Doe,12000,,-1
5000133,Jane Smith,12000,45,ahorro
5000114,Steve Rogers,10000,45,hipoteca
5000135,Alice Brown,12000,45,prestamo
5000102,Alice Brown,12000,30,hipoteca
5000104,Unknown,10000,25,ahorro
5000145,Jane Smith,,25,prestamo
5000138,Alice Brown,,45,ahorro
5000114,John Doe,8000,25,-1
5000141,Steve Rogers,7000,45,hipoteca
5000115,John Doe,5000,35,ahorro
5000101,Steve Rogers,10000,100,ahorro
5000128,Diana Prince,8000,35,-1
5000120,Alice Brown,10000,100,-1
5000150,Unknown,10000,100,-1
5000121,Alice Brown,5000,40,-1
5000114,Bob Johnson,8000,45,unknown
5000117,Alice Brown,5000,,ahorro
5000147,Diana Prince,8000,150,ahorro
5000109,Bob Johnson,,,hipoteca
5000112,Diana Prince,10000,150,-1
5000149,Diana Prince,5000,25,hipoteca
5000120,Alice Brown,5000,45,-1
5000138,Diana Prince,5000,40,ahorro
5000112,Jane Smith,,150,hipoteca
5000149,Charlie Green,12000,40,prestamo
5000141,Alice Brown,5000,,-1
5000149,Steve Rogers,10000,40,-1
5000118,John Doe,7000,35,prestamo
5000132,Bob Johnson,7000,100,-1
5000141,Alice Brown,10000,30,-1
5000123,Unknown,7000,100,prestamo
5000118,John Doe,10000,100,hipoteca
5000138,Jane Smith,,,hipoteca
5000123,Alice Brown,8000,45,-1
5000129,Bob Johnson,12000,45,prestamo
5000144,Charlie Green,7000,30,-1
5000126,Diana Prince,5000,45,ahorro
5000136,Steve Rogers,12000,35,-1
5000105,John Doe,10000,150,ahorro
5000115,Bob Johnson,7000,35,hipoteca
5000147,John Doe,,30,ahorro
5000145,Bob Johnson,,35,ahorro
5000138,Charlie Green,,100,prestamo
5000134,Unknown,7000,45,ahorro
5000123,Charlie Green,5000,40,-1
5000115,John Doe,10000,35,prestamo
5000146,Bob Johnson,10000,40,-1
5000113,John Doe,8000,25,hipoteca
5000132,Steve Rogers,5000,45,hipoteca
5000101,Jane Smith,7000,45,hipoteca
5000123,Unknown,10000,35,prestamo
5000140,Unknown,12000,40,hipoteca
5000105,Diana Prince,7000,100,ahorro
5000128,Steve Rogers,5000,,ahorro
5000113,Unknown,,40,-1
5000106,Charlie Green,10000,100,ahorro
5000116,Diana Prince,8000,100,ahorro
5000140,John Doe,,30,hipoteca
5000127,Diana Prince,8000,30,ahorro
5000110,Alice Brown,7000,,-1
5000115,Diana Prince,,40,-1
5000138,Charlie Green,5000,,-1
5000150,Diana Prince,8000,35,-1
5000101,Steve Rogers,5000,35,-1
5000105,Alice Brown,,25,prestamo
5000150,Steve Rogers,,25,hipoteca
5000137,Charlie Green,7000,150,hipoteca
5000124,John Doe,,35,prestamo
5000132,John Doe,,40,-1
5000113,Alice Brown,,,-1
5000119,Steve Rogers,,35,-1
5000113,Charlie Green,7000,,unknown
5000146,Charlie Green,8000,25,unknown
5000121,Alice Brown,5000,25,hipoteca
5000143,John Doe,12000,35,prestamo
5000118,Jane Smith,5000,25,-1
5000144,Diana Prince,8000,100,prestamo
5000127,John Doe,12000,100,ahorro
5000120,John Doe,,,-1
5000133,Steve Rogers,5000,35,prestamo
5000114,Jane Smith,12000,100,unknown
5000139,Charlie Green,12000,45,-1
5000132,Alice Brown,12000,100,hipoteca
5000108,Alice Brown,5000,25,hipoteca
5000107,John Doe,8000,35,hipoteca
5000107,Bob Johnson,8000,45,-1
5000118,Charlie Green,5000,100,hipoteca
5000149,Steve Rogers,,150,prestamo
5000107,Alice Brown,10000,45,prestamo
5000128,Diana Prince,7000,,hipoteca
5000102,Diana Prince,5000,35,hipoteca
5000127,Charlie Green,7000,30,-1
5000112,Bob Johnson,5000,25,ahorro
5000120,Jane Smith,5000,150,-1
5000146,John Doe,,45,unknown
5000132,Bob Johnson,8000,100,prestamo
5000112,Jane Smith,,100,-1
5000129,Steve Rogers,7000,150,-1
5000136,Bob Johnson,10000,,hipoteca
5000134,Diana Prince,12000,100,ahorro
5000105,Jane Smith,10000,25,-1
5000112,Bob Johnson,,25,ahorro
5000150,John Doe,7000,40,ahorro
5000111,Steve Rogers,10000,,-1
5000149,Unknown,8000,40,ahorro
5000109,John Doe,8000,25,hipoteca
5000147,John Doe,,30,ahorro
5000144,Alice Brown,8000,30,hipoteca
5000120,Bob Johnson,5000,45,-1
5000133,John Doe,10000,,hipoteca
5000114,Jane Smith,5000,35,ahorro
5000114,Steve Rogers,10000,100,-1
5000132,Diana Prince,7000,,-1
5000147,Unknown,5000,45,-1
5000104,Steve Rogers,,,hipoteca
5000108,Alice Brown,,100,prestamo
5000126,Unknown,12000,25,-1
5000118,Jane Smith,10000,45,ahorro
5000110,John Doe,8000,25,-1
5000116,Steve Rogers,7000,150,hipoteca
5000107,John Doe,7000,25,-1
5000133,Alice Brown,5000,35,prestamo
5000115,Bob Johnson,10000,45,hipoteca
5000134,Diana Prince,10000,40,-1
5000145,John Doe,5000,35,hipoteca
5000141,John Doe,10000,35,prestamo
5000103,John Doe,,45,hipoteca
5000117,Alice Brown,10000,100,unknown
5000106,Diana Prince,8000,25,-1
5000128,Jane Smith,8000,30,-1
5000103,Jane Smith,7000,25,unknown
5000120,Jane Smith,5000,,ahorro
5000109,Alice Brown,,150,hipoteca
5000135,Charlie Green,12000,,prestamo
5000129,Diana Prince,,30,hipoteca
5000130,John Doe,,40,ahorro
5000130,Jane Smith,8000,25,prestamo
5000104,Bob Johnson,12000,30,prestamo
5000144,Steve Rogers,10000,,prestamo
5000120,Jane Smith,,25,prestamo
5000101,John Doe,10000,35,prestamo
5000102,Jane Smith,,150,hipoteca
5000145,Alice Brown,,100,hipoteca
5000136,Jane Smith,7000,40,ahorro
5000122,Alice Brown,10000,45,hipoteca
5000121,Diana Prince,7000,45,prestamo
5000134,Charlie Green,10000,45,prestamo
5000137,Jane Smith,8000,,-1
5000130,Alice Brown,,25,-1
5000116,Alice Brown,12000,40,unknown
5000133,Alice Brown,5000,35,hipoteca
5000126,Bob Johnson,,,ahorro
5000129,Jane Smith,10000,,-1
5000138,Unknown,10000,30,-1
5000148,Unknown,5000,100,ahorro
5000124,Steve Rogers,7000,,hipoteca
5000110,Alice Brown,7000,,-1
5000139,Jane Smith,,100,-1
5000107,Alice Brown,7000,100,prestamo
5000142,Steve Rogers,7000,30,-1
5000113,John Doe,,30,prestamo
5000107,Alice Brown,10000,40,-1
5000140,Charlie Green,5000,,prestamo
5000113,Alice Brown,7000,150,-1
5000114,Bob Johnson,7000,,-1
5000102,Bob Johnson,5000,150,hipoteca
5000138,Jane Smith,7000,45,prestamo
5000143,Charlie Green,,45,-1
5000103,Jane Smith,10000,100,-1
5000107,Alice Brown,7000,,hipoteca
5000112,Bob Johnson,10000,30,ahorro
5000107,Bob Johnson,,35,hipoteca
5000142,Steve Rogers,,25,ahorro
5000148,Charlie Green,8000,,ahorro
5000144,Bob Johnson,10000,,unknown
5000118,Diana Prince,7000,40,prestamo
5000114,Steve Rogers,10000,,unknown
5000103,Jane Smith,5000,,ahorro
5000150,Diana Prince,10000,25,-1
5000125,John Doe,,25,-1
5000150,Jane Smith,8000,150,hipoteca
5000123,John Doe,5000,35,unknown
5000120,John Doe,7000,30,prestamo
5000138,Bob Johnson,10000,30,-1
5000141,John Doe,12000,25,ahorro
5000113,Steve Rogers,7000,45,hipoteca
5000102,Charlie Green,12000,40,ahorro
5000137,Jane Smith,7000,150,ahorro
5000103,Diana Prince,10000,100,-1
5000136,Alice Brown,5000,25,prestamo
5000145,Steve Rogers,,100,-1
5000138,John Doe,10000,25,unknown
5000117,Diana Prince,12000,,hipoteca
5000131,Bob Johnson,10000,,-1
5000132,Unknown,12000,,prestamo
5000146,Bob Johnson,,30,-1
5000108,John Doe,8000,45,prestamo
5000112,Jane Smith,5000,40,unknown
5000119,Steve Rogers,5000,45,unknown
5000137,Alice Brown,8000,,-1
5000127,Charlie Green,7000,30,unknown
5000109,Unknown,,25,-1
5000118,John Doe,,40,hipoteca
5000121,John Doe,,25,ahorro
5000105,Bob Johnson,8000,40,ahorro
5000119,John Doe,8000,,ahorro
5000122,Bob Johnson,5000,40,ahorro
5000122,Diana Prince,7000,,ahorro
5000113,John Doe,12000,,ahorro
5000131,Bob Johnson,7000,35,-1
5000111,Steve Rogers,,,hipoteca
5000114,Diana Prince,,,ahorro
5000139,Charlie Green,5000,35,unknown
5000134,Bob Johnson,5000,25,prestamo
5000150,Alice Brown,7000,35,ahorro
5000103,John Doe,5000,,prestamo
5000108,Alice Brown,5000,30,unknown
5000140,Alice Brown,8000,40,ahorro
5000147,Charlie Green,7000,25,prestamo
5000110,Bob Johnson,7000,35,hipoteca
5000143,Charlie Green,10000,35,-1
5000137,Bob Johnson,5000,40,-1
5000124,John Doe,7000,,hipoteca
5000140,Alice Brown,5000,35,prestamo
5000112,Steve Rogers,8000,30,prestamo
5000102,Alice Brown,8000,45,prestamo
5000131,Diana Prince,5000,45,hipoteca
5000104,Steve Rogers,10000,25,prestamo
5000128,Diana Prince,,35,hipoteca
5000133,Alice Brown,,,hipoteca
5000138,Alice Brown,8000,45,prestamo
5000121,Bob Johnson,8000,35,hipoteca
5000130,John Doe,5000,25,prestamo
5000143,Diana Prince,,35,unknown
5000116,Diana Prince,,30,hipoteca
5000136,Diana Prince,5000,40,prestamo
5000105,Unknown,10000,45,prestamo
5000107,Alice Brown,10000,,hipoteca
5000135,Steve Rogers,12000,25,ahorro
5000126,John Doe,5000,45,ahorro
5000101,Alice Brown,8000,25,hipoteca
5000111,John Doe,,,ahorro
5000121,Steve Rogers,12000,30,-1
5000138,Alice Brown,12000,30,ahorro
5000116,Bob Johnson,,45,-1
5000101,John Doe,8000,30,hipoteca
5000133,John Doe,,25,ahorro
5000129,Diana Prince,8000,45,ahorro
5000138,Jane Smith,12000,30,prestamo
5000127,Diana Prince,7000,40,-1
5000137,Jane Smith,10000,45,hipoteca
5000115,Jane Smith,12000,45,-1
5000123,John Doe,5000,25,ahorro
5000109,Diana Prince,,,hipoteca
5000122,Charlie Green,10000,45,hipoteca
5000135,John Doe,10000,,-1
5000102,Jane Smith,5000,40,prestamo
5000110,Steve Rogers,,,hipoteca
5000112,Jane Smith,10000,,ahorro
5000132,Bob Johnson,10000,100,-1
5000104,Jane Smith,8000,,-1
5000120,Steve Rogers,,30,prestamo
5000126,Alice Brown,8000,,prestamo
5000124,Steve Rogers,,45,-1
5000127,Charlie Green,5000,150,ahorro
5000132,Diana Prince,8000,45,hipoteca
5000131,Jane Smith,10000,40,-1
5000123,Alice Brown,12000,35,hipoteca
5000134,John Doe,8000,40,-1
5000114,Steve Rogers,,45,unknown
5000111,Bob Johnson,,,prestamo
5000139,Charlie Green,10000,40,ahorro
5000133,John Doe,10000,35,-1
5000147,Charlie Green,10000,150,hipoteca
5000145,Bob Johnson,12000,35,hipoteca
5000104,Diana Prince,,30,ahorro
5000115,Diana Prince,,,hipoteca
5000144,Bob Johnson,12000,35,-1
5000101,Charlie Green,12000,35,hipoteca
5000134,Charlie Green,12000,30,-1
5000121,Bob Johnson,7000,30,hipoteca
5000114,Steve Rogers,7000,100,ahorro
5000145,Diana Prince,12000,35,prestamo
5000147,Steve Rogers,8000,30,ahorro
5000117,Alice Brown,5000,25,-1
5000131,Charlie Green,10000,,-1
5000115,Bob Johnson,8000,45,hipoteca
5000109,Jane Smith,5000,100,hipoteca
5000126,Alice Brown,8000,30,-1
5000143,Bob Johnson,10000,30,ahorro
5000114,Diana Prince,,,prestamo
5000139,Steve Rogers,,,ahorro
5000149,Bob Johnson,12000,45,-1
5000119,Steve Rogers,5000,,hipoteca
5000104,Steve Rogers,,45,-1
5000128,John Doe,8000,150,prestamo
5000120,Steve Rogers,7000,30,ahorro
5000110,Steve Rogers,10000,25,hipoteca
5000116,John Doe,12000,,unknown
5000133,Steve Rogers,,150,ahorro
5000135,Bob Johnson,7000,40,-1
5000142,Jane Smith,8000,40,unknown
5000134,Bob Johnson,10000,30,hipoteca
5000118,Charlie Green,12000,150,prestamo
5000134,Alice Brown,,45,-1
5000120,Charlie Green,7000,150,prestamo
5000132,Alice Brown,12000,,ahorro
5000126,Alice Brown,5000,40,prestamo
5000143,Alice Brown,,35,prestamo
5000104,Steve Rogers,,40,-1
5000141,Jane Smith,,40,prestamo
5000106,Alice Brown,5000,45,-1
5000105,Steve Rogers,10000,35,prestamo
5000150,Bob Johnson,12000,100,ahorro
5000133,Steve Rogers,10000,45,prestamo
5000149,Charlie Green,12000,25,-1
5000112,Diana Prince,10000,,-1
5000142,Bob Johnson,,100,hipoteca
5000106,Unknown,8000,25,hipoteca
5000131,Steve Rogers,,30,-1
5000102,John Doe,12000,,-1
5000105,Alice Brown,8000,25,prestamo
5000137,Alice Brown,,25,-1
5000143,Unknown,7000,,ahorro
5000141,Jane Smith,8000,30,prestamo
5000140,Steve Rogers,5000,150,prestamo
5000124,Jane Smith,12000,45,-1
5000143,Alice Brown,8000,40,ahorro
5000110,Alice Brown,5000,25,hipoteca
5000129,Jane Smith,10000,25,prestamo
5000118,John Doe,12000,,hipoteca
5000142,Jane Smith,8000,100,hipoteca
5000114,Diana Prince,5000,25,-1
5000104,Jane Smith,,25,unknown
5000130,Steve Rogers,,35,-1
5000139,Alice Brown,12000,35,unknown
5000150,Bob Johnson,10000,35,hipoteca
5000120,Jane Smith,,40,ahorro
5000119,Unknown,5000,,ahorro
5000128,Alice Brown,5000,40,-1
5000146,Charlie Green,7000,40,ahorro
5000125,John Doe,,40,ahorro
5000108,Alice Brown,8000,35,hipoteca
5000140,Diana Prince,7000,150,-1
5000150,Steve Rogers,7000,30,hipoteca
5000138,Unknown,8000,,prestamo
5000113,Diana Prince,8000,40,-1
5000115,Bob Johnson,8000,45,hipoteca
5000139,Jane Smith,,30,-1
5000147,John Doe,8000,40,unknown
5000109,John Doe,,30,ahorro
5000106,Bob Johnson,7000,100,-1
5000140,Bob Johnson,,150,ahorro
5000137,Diana Prince,8000,,-1
5000133,Steve Rogers,10000,25,prestamo
5000127,John Doe,8000,150,prestamo
5000116,Bob Johnson,12000,,prestamo
5000107,Jane Smith,,,hipoteca
5000117,John Doe,,100,ahorro
5000118,John Doe,,100,hipoteca
5000129,Alice Brown,5000,,ahorro
5000135,Unknown,10000,45,ahorro
5000116,Charlie Green,12000,,ahorro
5000107,Diana Prince,10000,,-1
5000105,Alice Brown,5000,45,-1
5000120,Jane Smith,7000,45,hipoteca
5000149,John Doe,10000,25,ahorro
5000137,Steve Rogers,7000,35,-1
5000138,John Doe,7000,100,ahorro
5000142,Bob Johnson,8000,35,-1
5000136,Alice Brown,,45,-1
5000104,Diana Prince,8000,30,-1
5000138,Charlie Green,7000,,hipoteca
5000123,Bob Johnson,12000,40,hipoteca
5000144,Alice Brown,10000,45,ahorro
5000149,Alice Brown,10000,,prestamo
5000148,Bob Johnson,7000,30,ahorro
5000109,Diana Prince,,30,ahorro
5000116,Diana Prince,5000,45,-1
5000119,John Doe,8000,100,hipoteca
5000139,John Doe,10000,35,ahorro
5000107,Steve Rogers,10000,25,prestamo
5000113,John Doe,8000,45,prestamo
5000114,Alice Brown,5000,,ahorro
5000127,Alice Brown,,,-1
5000116,John Doe,10000,,-1
5000142,Bob Johnson,7000,25,ahorro
5000135,John Doe,12000,40,prestamo
5000125,Diana Prince,5000,45,unknown
5000106,Charlie Green,8000,25,prestamo
5000121,Alice Brown,8000,45,ahorro
5000138,John Doe,10000,30,unknown
5000150,Charlie Green,12000,40,prestamo
5000140,Jane Smith,7000,25,prestamo
5000148,Diana Prince,10000,25,prestamo
5000148,Steve Rogers,,,prestamo
5000141,Bob Johnson,10000,100,ahorro
5000105,John Doe,,35,ahorro
5000105,Diana Prince,,100,prestamo
5000103,Unknown,7000,40,-1
5000148,Steve Rogers,5000,150,-1
5000109,Diana Prince,7000,25,-1
5000111,Alice Brown,5000,45,prestamo
5000113,Bob Johnson,5000,35,prestamo
5000142,Jane Smith,10000,25,prestamo
5000148,Steve Rogers,7000,,ahorro
5000144,Jane Smith,7000,25,-1
5000103,Bob Johnson,,100,-1
5000114,Alice Brown,8000,150,prestamo
5000129,Steve Rogers,5000,,prestamo
5000123,Steve Rogers,12000,,hipoteca
5000107,Jane Smith,10000,,prestamo
5000134,Steve Rogers,,35,-1
5000113,Diana Prince,10000,,hipoteca
5000116,Steve Rogers,7000,40,hipoteca
5000127,Diana Prince,5000,100,ahorro
5000125,Diana Prince,,,prestamo
5000129,Unknown,10000,35,prestamo
5000105,Jane Smith,12000,45,hipoteca
5000114,Alice Brown,7000,35,ahorro
5000145,Diana Prince,7000,45,prestamo
5000106,Bob Johnson,5000,35,-1
5000121,John Doe,12000,45,hipoteca
5000134,Steve Rogers,8000,,hipoteca
5000131,Bob Johnson,10000,,prestamo
5000131,John Doe,10000,100,unknown
5000129,Alice Brown,,30,prestamo
5000111,Steve Rogers,10000,30,ahorro
5000139,Jane Smith,8000,45,hipoteca
5000125,Jane Smith,5000,,ahorro
5000124,Diana Prince,10000,45,unknown
5000119,Unknown,5000,40,prestamo
5000144,John Doe,,25,hipoteca
5000146,Bob Johnson,5000,40,hipoteca
5000114,Alice Brown,7000,25,-1
5000113,Bob Johnson,12000,,hipoteca
5000127,Charlie Green,7000,150,-1
5000124,John Doe,12000,,-1
5000139,Jane Smith,10000,,hipoteca
5000108,Steve Rogers,5000,30,-1
5000136,John Doe,8000,35,-1
5000129,Steve Rogers,10000,45,hipoteca
5000123,John Doe,7000,40,unknown
5000103,John Doe,7000,150,ahorro
5000140,Bob Johnson,,40,unknown
5000129,John Doe,,40,prestamo
5000102,Charlie Green,10000,35,prestamo
5000142,Charlie Green,12000,,hipoteca
5000110,Bob Johnson,5000,45,-1
5000149,Bob Johnson,8000,25,hipoteca
5000142,Alice Brown,12000,,-1
5000130,Unknown,12000,100,ahorro
5000111,Steve Rogers,,,-1
5000107,John Doe,,35,-1
5000144,John Doe,10000,,unknown
5000142,Alice Brown,10000,25,ahorro
5000111,John Doe,,45,prestamo
5000105,Alice Brown,10000,25,prestamo
5000125,Alice Brown,10000,100,ahorro
5000125,Diana Prince,5000,35,prestamo
5000122,Charlie Green,8000,25,-1
5000137,Diana Prince,,100,prestamo
5000123,John Doe,7000,25,prestamo
5000138,Steve Rogers,,40,prestamo
5000137,Alice Brown,7000,40,ahorro
5000123,Unknown,10000,100,ahorro
5000122,Alice Brown,5000,,ahorro
5000139,Charlie Green,,25,hipoteca
5000110,Diana Prince,8000,40,-1
5000137,Jane Smith,8000,100,ahorro
5000139,Charlie Green,7000,150,prestamo
5000132,Charlie Green,5000,100,ahorro
5000143,Steve Rogers,8000,40,prestamo
5000144,Alice Brown,7000,,prestamo
5000148,Alice Brown,8000,100,-1
5000106,Diana Prince,7000,30,-1
5000137,Charlie Green,5000,40,hipoteca
5000106,Charlie Green,,35,hipoteca
5000118,Jane Smith,12000,35,ahorro
5000107,Jane Smith,,40,prestamo
5000143,Bob Johnson,12000,45,-1
5000140,Diana Prince,5000,100,prestamo
5000114,Bob Johnson,7000,,ahorro
5000109,Diana Prince,7000,25,-1
5000132,Unknown,5000,35,hipoteca
5000110,Steve Rogers,,25,hipoteca
5000139,Diana Prince,12000,100,unknown
5000150,Diana Prince,8000,,-1
5000102,Charlie Green,,30,ahorro
5000145,Steve Rogers,12000,30,ahorro
5000107,Jane Smith,,100,hipoteca
5000144,Charlie Green,8000,25,-1
5000116,Steve Rogers,,40,-1
5000135,Bob Johnson,,40,hipoteca
5000139,Charlie Green,10000,,-1
5000138,Bob Johnson,8000,,-1
5000142,Unknown,7000,45,hipoteca
5000123,Jane Smith,8000,40,unknown
5000127,Jane Smith,8000,100,ahorro
5000145,Bob Johnson,12000,25,-1
5000128,Jane Smith,,45,hipoteca
5000133,John Doe,12000,,prestamo
5000145,Jane Smith,7000,100,-1
5000145,Charlie Green,10000,30,unknown
5000124,Steve Rogers,10000,100,hipoteca
5000140,Charlie Green,,35,hipoteca
5000114,Bob Johnson,,,prestamo
5000101,Bob Johnson,8000,,ahorro
5000128,Jane Smith,8000,25,-1
5000128,Diana Prince,8000,40,ahorro
5000111,Jane Smith,7000,,ahorro
5000145,Steve Rogers,12000,100,ahorro
5000114,Steve Rogers,5000,,-1
5000119,John Doe,12000,35,-1
5000101,Bob Johnson,12000,100,hipoteca
5000107,Unknown,10000,30,-1
5000105,Steve Rogers,,35,hipoteca
5000104,John Doe,,45,ahorro
5000122,Bob Johnson,10000,,ahorro
5000128,Steve Rogers,8000,100,ahorro
5000117,Jane Smith,,25,-1
5000135,Alice Brown,8000,100,ahorro
5000149,Alice Brown,,35,ahorro
5000121,Jane Smith,12000,40,hipoteca
5000125,Bob Johnson,10000,30,-1
5000126,John Doe,10000,100,prestamo
5000138,Bob Johnson,,35,prestamo
5000149,Bob Johnson,5000,45,ahorro
5000134,Diana Prince,12000,40,prestamo
5000102,Jane Smith,12000,,hipoteca
5000120,Diana Prince,12000,45,-1
5000101,Bob Johnson,10000,35,-1
5000121,Alice Brown,5000,,-1
5000127,Bob Johnson,,,prestamo
5000140,Charlie Green,8000,30,prestamo
5000122,Unknown,10000,30,ahorro
5000136,John Doe,10000,35,prestamo
5000102,Alice Brown,5000,35,hipoteca
5000117,Unknown,5000,45,ahorro
5000128,Unknown,10000,30,prestamo
5000123,Alice Brown,7000,35,ahorro
5000108,John Doe,,,-1
5000134,John Doe,5000,45,-1
5000105,Alice Brown,,30,ahorro
5000138,Diana Prince,10000,30,-1
5000113,Bob Johnson,5000,100,hipoteca
5000134,Steve Rogers,5000,,prestamo
5000147,Steve Rogers,10000,150,-1
5000149,Steve Rogers,7000,25,ahorro
5000124,Unknown,12000,35,hipoteca
5000149,Alice Brown,10000,100,prestamo
5000106,Unknown,8000,25,ahorro
5000131,Charlie Green,,25,ahorro
5000111,Alice Brown,8000,,-1
5000129,Steve Rogers,5000,35,prestamo
5000121,Charlie Green,,45,prestamo
5000113,Diana Prince,5000,35,ahorro
5000135,Diana Prince,8000,40,prestamo
5000129,Steve Rogers,10000,,prestamo
5000116,John Doe,7000,30,hipoteca
5000147,Diana Prince,8000,45,hipoteca
5000106,Diana Prince,10000,35,ahorro
5000122,Diana Prince,10000,35,ahorro
5000106,John Doe,5000,25,-1
5000114,Diana Prince,12000,40,hipoteca
5000133,Jane Smith,12000,25,prestamo
5000102,Diana Prince,12000,30,hipoteca
5000108,Diana Prince,5000,25,unknown
5000120,Steve Rogers,5000,40,hipoteca
5000104,John Doe,7000,100,prestamo
5000107,Steve Rogers,5000,25,hipoteca
5000117,Bob Johnson,5000,100,prestamo
5000141,Jane Smith,12000,100,prestamo
5000115,Alice Brown,12000,150,prestamo
5000103,Bob Johnson,7000,30,ahorro
5000107,Diana Prince,8000,25,hipoteca
5000113,Steve Rogers,8000,25,-1
5000101,Bob Johnson,,100,prestamo
5000138,Charlie Green,12000,,hipoteca
5000128,Diana Prince,7000,35,prestamo
5000146,Steve Rogers,10000,,-1
5000109,Bob Johnson,10000,,-1
5000108,John Doe,8000,25,prestamo
5000135,Jane Smith,12000,30,unknown
5000108,Jane Smith,5000,35,prestamo
5000142,Bob Johnson,,100,prestamo
5000102,Steve Rogers,7000,40,-1
5000110,Steve Rogers,7000,30,ahorro
5000110,Unknown,10000,,-1
5000114,Unknown,8000,35,ahorro
5000132,John Doe,12000,45,prestamo
5000145,Diana Prince,8000,100,-1
5000108,Diana Prince,7000,30,-1
5000104,Bob Johnson,10000,25,prestamo
5000111,Charlie Green,10000,100,hipoteca
5000125,John Doe,7000,25,prestamo
5000136,Alice Brown,8000,35,hipoteca
5000147,Bob Johnson,5000,,-1
5000116,Steve Rogers,10000,100,hipoteca
5000106,Alice Brown,8000,40,prestamo
5000111,Jane Smith,,,prestamo
5000143,Jane Smith,10000,40,-1
5000123,Diana Prince,,25,ahorro
5000127,Steve Rogers,12000,25,-1
5000137,Diana Prince,10000,,hipoteca
5000121,John Doe,7000,25,-1
5000106,Steve Rogers,,35,ahorro
5000146,Diana Prince,10000,30,-1
5000105,John Doe,,30,-1
5000109,John Doe,7000,40,prestamo
5000142,Alice Brown,8000,25,-1
5000114,Jane Smith,,150,hipoteca
5000126,Diana Prince,5000,45,-1
5000113,Diana Prince,5000,25,-1
5000118,Steve Rogers,,45,ahorro
5000119,Jane Smith,,35,prestamo
5000138,Steve Rogers,5000,,hipoteca
5000135,Alice Brown,,45,prestamo
5000112,Steve Rogers,,40,prestamo
5000115,John Doe,8000,100,-1
5000125,Bob Johnson,7000,150,prestamo
5000131,Bob Johnson,10000,150,-1
5000122,John Doe,12000,100,hipoteca
5000130,Steve Rogers,5000,30,ahorro
5000126,John Doe,10000,,-1
5000106,John Doe,12000,35,prestamo
5000139,Alice Brown,7000,35,unknown
5000136,Bob Johnson,,,hipoteca
5000136,Steve Rogers,,40,-1
5000122,Bob Johnson,10000,40,ahorro
5000101,Jane Smith,10000,30,hipoteca
5000147,Steve Rogers,12000,,-1
5000128,John Doe,5000,30,prestamo
5000142,Charlie Green,7000,,prestamo
5000143,Jane Smith,10000,25,-1
5000119,John Doe,5000,35,prestamo
5000111,John Doe,12000,100,-1
5000108,Alice Brown,5000,45,ahorro
5000121,Alice Brown,8000,30,-1
5000107,John Doe,,45,-1
5000125,Alice Brown,,30,prestamo
5000124,Jane Smith,10000,45,prestamo
5000123,Diana Prince,10000,25,ahorro
5000116,Diana Prince,10000,25,-1
5000146,Unknown,12000,25,hipoteca
5000122,Jane Smith,,35,hipoteca
5000101,Jane Smith,12000,40,-1
5000103,Bob Johnson,7000,,prestamo
5000111,John Doe,12000,100,prestamo
5000121,Bob Johnson,,100,prestamo
5000115,Alice Brown,8000,40,hipoteca
5000135,Bob Johnson,10000,30,prestamo
5000114,Diana Prince,8000,30,-1
5000149,Steve Rogers,8000,25,prestamo
5000108,Diana Prince,10000,35,ahorro
5000141,Steve Rogers,,40,-1
5000129,Steve Rogers,7000,30,-1
5000108,Jane Smith,8000,25,-1
5000115,Charlie Green,5000,35,prestamo
5000142,Diana Prince,8000,,prestamo
5000150,Bob Johnson,8000,25,hipoteca
5000113,Jane Smith,8000,45,hipoteca
5000101,Bob Johnson,12000,30,hipoteca
5000105,Alice Brown,8000,35,-1
5000127,Charlie Green,8000,100,hipoteca
5000149,Bob Johnson,10000,25,-1
5000134,Diana Prince,,45,hipoteca
5000110,Charlie Green,10000,25,prestamo
5000148,Charlie Green,12000,100,ahorro
5000115,Bob Johnson,,30,prestamo
5000135,John Doe,10000,100,hipoteca
5000140,John Doe,7000,30,prestamo
5000113,Jane Smith,8000,35,-1
5000108,Jane Smith,,35,ahorro
5000130,Steve Rogers,12000,45,hipoteca
5000122,Alice Brown,5000,30,ahorro
5000144,John Doe,7000,45,ahorro
5000132,Unknown,5000,,-1
5000108,Charlie Green,8000,,prestamo
5000132,Bob Johnson,5000,25,ahorro
5000130,John Doe,12000,30,unknown
5000104,Bob Johnson,,,prestamo
5000102,Alice Brown,12000,30,-1
5000129,Bob Johnson,7000,,ahorro
5000141,Alice Brown,8000,25,prestamo
5000128,John Doe,12000,40,ahorro
5000122,Steve Rogers,10000,40,ahorro
5000123,Charlie Green,,,prestamo
5000104,Steve Rogers,5000,25,hipoteca
5000107,Diana Prince,5000,45,unknown
5000128,Diana Prince,8000,35,ahorro
5000113,Alice Brown,8000,35,hipoteca
5000117,Alice Brown,,45,hipoteca
5000129,Jane Smith,,30,-1
5000133,John Doe,7000,150,-1
5000113,Jane Smith,,25,prestamo
5000104,Alice Brown,7000,45,hipoteca
5000123,Alice Brown,,25,hipoteca
5000109,Alice Brown,12000,40,hipoteca
5000129,Alice Brown,5000,45,ahorro
5000146,Charlie Green,12000,100,hipoteca
5000141,Bob Johnson,5000,40,prestamo
5000127,Diana Prince,8000,35,-1
5000116,Diana Prince,7000,100,ahorro
5000126,Charlie Green,7000,100,hipoteca
5000135,Alice Brown,7000,,-1
5000111,John Doe,10000,35,hipoteca
5000119,John Doe,10000,100,-1
5000123,Bob Johnson,5000,45,ahorro
5000129,Unknown,7000,35,-1
5000105,Steve Rogers,10000,35,ahorro
5000116,Alice Brown,10000,30,-1
5000101,Charlie Green,8000,100,prestamo
5000117,Diana Prince,12000,30,prestamo
5000106,John Doe,5000,35,ahorro
5000139,Charlie Green,,25,-1
5000114,Steve Rogers,,100,prestamo
5000134,Bob Johnson,10000,35,hipoteca
6000137,Bob Johnson,7000,,prestamo
6000114,Unknown,,30,-1
6000133,Alice Brown,12000,100,hipoteca
6000106,Jane Smith,12000,40,prestamo
6000122,Bob Johnson,7000,40,hipoteca
6000108,Jane Smith,12000,100,prestamo
6000124,Bob Johnson,12000,35,hipoteca
6000138,Steve Rogers,10000,25,-1
6000113,Charlie Green,,35,hipoteca
6000133,Steve Rogers,12000,40,prestamo
6000102,Alice Brown,12000,45,-1
6000130,Diana Prince,12000,45,hipoteca
6000137,Steve Rogers,12000,30,ahorro
6000145,Charlie Green,8000,150,ahorro
6000127,Bob Johnson,5000,30,ahorro
6000117,Steve Rogers,12000,100,ahorro
6000128,Diana Prince,7000,100,prestamo
6000147,Alice Brown,8000,100,hipoteca
6000148,John Doe,7000,,prestamo
6000142,Steve Rogers,5000,,-1
6000109,Charlie Green,7000,45,hipoteca
6000103,Jane Smith,8000,30,-1
6000110,Unknown,5000,35,-1
6000111,Diana Prince,10000,,hipoteca
6000136,Charlie Green,8000,100,-1
6000146,Steve Rogers,,30,ahorro
6000134,Charlie Green,8000,150,-1
6000113,Alice Brown,10000,45,prestamo
6000107,Alice Brown,,25,prestamo
6000111,Diana Prince,5000,30,prestamo
6000103,Jane Smith,7000,40,unknown
6000110,Jane Smith,8000,100,ahorro
6000116,Diana Prince,,,prestamo
6000105,Diana Prince,10000,25,prestamo
6000141,Unknown,7000,,ahorro
6000120,John Doe,,,-1
6000143,Steve Rogers,12000,30,ahorro
6000140,John Doe,,45,-1
6000107,Diana Prince,,25,ahorro
6000133,Alice Brown,10000,45,hipoteca
6000136,Steve Rogers,5000,40,hipoteca
6000150,Charlie Green,,40,hipoteca
6000137,Steve Rogers,,35,prestamo
6000126,Jane Smith,5000,25,-1
6000133,Diana Prince,8000,40,prestamo
6000126,Bob Johnson,12000,35,prestamo
6000104,Steve Rogers,8000,45,-1
6000143,Charlie Green,,150,hipoteca
6000133,Steve Rogers,,100,-1
6000121,Alice Brown,12000,100,-1
6000118,John Doe,8000,40,prestamo
6000104,Jane Smith,12000,150,ahorro
6000127,John Doe,5000,100,hipoteca
6000108,John Doe,8000,45,prestamo
6000123,Diana Prince,7000,,hipoteca
6000138,Alice Brown,5000,,-1
6000121,Steve Rogers,8000,,hipoteca
6000107,Charlie Green,10000,150,hipoteca
6000119,John Doe,10000,100,-1
6000122,Jane Smith,12000,25,prestamo
6000132,Jane Smith,10000,100,hipoteca
6000137,Bob Johnson,8000,,ahorro
6000139,Bob Johnson,,35,prestamo
6000102,Alice Brown,8000,,ahorro
6000133,Steve Rogers,10000,25,hipoteca
6000141,Bob Johnson,,,ahorro
6000140,Bob Johnson,8000,40,-1
6000126,Alice Brown,12000,,prestamo
6000110,Charlie Green,7000,45,hipoteca
6000123,John Doe,12000,100,prestamo
6000140,Steve Rogers,7000,40,ahorro
6000128,Jane Smith,8000,35,ahorro
6000107,Diana Prince,,25,-1
6000107,Unknown,5000,,ahorro
6000120,Bob Johnson,,40,-1
6000111,Charlie Green,12000,40,-1
6000106,Steve Rogers,7000,40,hipoteca
6000120,Unknown,,40,prestamo
6000132,Unknown,10000,30,hipoteca
6000137,Alice Brown,8000,100,hipoteca
6000119,Bob Johnson,10000,25,-1
6000136,Charlie Green,10000,35,-1
6000130,Charlie Green,,25,-1
6000137,John Doe,,40,-1
6000102,Bob Johnson,8000,45,-1
6000114,Charlie Green,10000,,-1
6000112,Steve Rogers,10000,,ahorro
6000140,Jane Smith,,35,-1
6000110,Charlie Green,7000,25,-1
6000105,Jane Smith,8000,40,prestamo
6000111,John Doe,5000,35,hipoteca
6000134,Alice Brown,10000,30,prestamo
6000149,Bob Johnson,8000,,ahorro
6000124,Bob Johnson,10000,25,prestamo
6000147,Alice Brown,12000,40,ahorro
6000122,Bob Johnson,,100,-1
6000102,Jane Smith,7000,,prestamo
6000138,John Doe,12000,150,prestamo
6000121,Steve Rogers,5000,35,prestamo
6000139,Alice Brown,5000,100,unknown
6000136,Alice Brown,10000,,ahorro
6000103,Charlie Green,8000,30,-1
6000147,Bob Johnson,7000,100,hipoteca
6000127,Alice Brown,7000,,-1
6000149,Alice Brown,10000,25,-1
6000115,Charlie Green,8000,45,-1
6000131,Steve Rogers,8000,150,-1
6000148,Bob Johnson,,30,unknown
6000106,Unknown,7000,30,ahorro
6000120,Jane Smith,5000,40,hipoteca
6000108,Jane Smith,10000,100,ahorro
6000130,Steve Rogers,5000,45,prestamo
6000113,Jane Smith,10000,,unknown
6000135,Charlie Green,12000,150,-1
6000150,Steve Rogers,,,hipoteca
6000123,Diana Prince,,30,ahorro
6000146,Jane Smith,12000,100,hipoteca
6000105,Steve Rogers,8000,25,-1
6000127,Diana Prince,,150,-1
6000113,Charlie Green,,30,-1
6000145,Diana Prince,,25,-1
6000123,Bob Johnson,5000,25,ahorro
6000142,John Doe,,35,hipoteca
6000141,Steve Rogers,8000,35,ahorro
6000146,Charlie Green,7000,30,ahorro
6000133,John Doe,12000,35,-1
6000128,John Doe,,35,unknown
6000124,Diana Prince,12000,45,ahorro
6000112,Bob Johnson,8000,25,hipoteca
6000126,Diana Prince,12000,,hipoteca
6000149,Alice Brown,8000,,prestamo
6000116,Unknown,12000,25,prestamo
6000111,Unknown,5000,100,hipoteca
6000107,Unknown,12000,30,hipoteca
6000121,John Doe,,35,hipoteca
6000123,Bob Johnson,12000,45,-1
6000108,Alice Brown,10000,,ahorro
6000121,John Doe,,,-1
6000134,Charlie Green,7000,45,hipoteca
6000108,Jane Smith,12000,45,-1
6000143,Charlie Green,5000,40,hipoteca
6000115,Bob Johnson,7000,25,-1
6000135,Diana Prince,7000,100,-1
6000115,Steve Rogers,7000,25,hipoteca
6000137,Steve Rogers,8000,,-1
6000141,Bob Johnson,8000,30,prestamo
6000112,John Doe,7000,150,-1
6000111,John Doe,,25,-1
6000121,John Doe,,150,ahorro
6000117,Bob Johnson,5000,,prestamo
6000120,Diana Prince,,,ahorro
6000120,Jane Smith,5000,40,prestamo
6000140,Alice Brown,5000,25,ahorro
6000129,John Doe,12000,35,unknown
6000130,Jane Smith,10000,45,prestamo
6000122,Jane Smith,5000,100,unknown
6000138,Diana Prince,5000,,-1
6000130,John Doe,5000,35,hipoteca
6000126,Alice Brown,7000,25,hipoteca
6000145,Steve Rogers,,,ahorro
6000107,Steve Rogers,10000,,ahorro
6000119,Diana Prince,10000,25,hipoteca
6000147,Jane Smith,12000,25,prestamo
6000146,Jane Smith,,25,-1
6000116,Steve Rogers,10000,30,-1
6000123,Alice Brown,,25,hipoteca
6000103,Alice Brown,,150,hipoteca
6000140,John Doe,,30,-1
6000120,Charlie Green,7000,,hipoteca
6000105,Jane Smith,7000,40,unknown
6000150,Bob Johnson,8000,40,ahorro
6000132,Bob Johnson,5000,150,-1
6000122,Unknown,12000,45,prestamo
6000120,Alice Brown,12000,45,-1
6000140,John Doe,7000,30,ahorro
6000143,Charlie Green,5000,100,ahorro
6000123,Steve Rogers,,,prestamo
6000144,Alice Brown,8000,45,ahorro
6000101,Diana Prince,8000,35,ahorro
6000132,John Doe,7000,30,hipoteca
6000123,Bob Johnson,10000,,ahorro
6000135,Steve Rogers,10000,45,unknown
6000119,Steve Rogers,8000,40,prestamo
6000127,Steve Rogers,5000,45,ahorro
6000150,Charlie Green,12000,45,prestamo
6000104,Jane Smith,10000,,hipoteca
6000110,Charlie Green,8000,,prestamo
6000148,Jane Smith,8000,25,ahorro
6000109,Steve Rogers,5000,45,prestamo
6000145,Steve Rogers,,,prestamo
6000109,Steve Rogers,10000,,prestamo
6000132,John Doe,12000,45,-1
6000131,Alice Brown,7000,45,ahorro
6000150,Alice Brown,10000,40,unknown
6000121,Alice Brown,12000,35,hipoteca
6000145,Alice Brown,7000,,ahorro
6000148,Alice Brown,7000,,hipoteca
6000120,Charlie Green,7000,40,-1
6000134,Diana Prince,12000,30,ahorro
6000103,Bob Johnson,10000,,-1
6000137,Alice Brown,,45,ahorro
6000140,Alice Brown,7000,,hipoteca
6000133,Alice Brown,7000,30,ahorro
6000114,Bob Johnson,5000,30,-1
6000114,Steve Rogers,5000,100,prestamo
6000105,Diana Prince,5000,30,-1
6000116,Alice Brown,8000,35,-1
6000140,John Doe,,45,-1
6000142,Alice Brown,,100,prestamo
6000125,Jane Smith,12000,30,-1
6000119,Charlie Green,5000,35,hipoteca
6000114,Charlie Green,7000,100,-1
6000112,John Doe,12000,,ahorro
6000128,Jane Smith,7000,100,hipoteca
6000118,Bob Johnson,10000,45,hipoteca
6000150,Jane Smith,8000,,-1
6000129,Charlie Green,10000,40,-1
6000143,Jane Smith,12000,40,hipoteca
6000124,Steve Rogers,8000,25,hipoteca
6000127,Steve Rogers,,,prestamo
6000125,Charlie Green,12000,25,-1
6000126,Diana Prince,,35,prestamo
6000118,Bob Johnson,8000,,ahorro
6000114,Alice Brown,,,-1
6000114,Charlie Green,10000,150,hipoteca
6000138,Diana Prince,7000,35,-1
6000141,Charlie Green,7000,35,hipoteca
6000140,Jane Smith,8000,30,hipoteca
6000110,Steve Rogers,8000,30,prestamo
6000140,Steve Rogers,12000,,ahorro
6000107,Alice Brown,10000,40,prestamo
6000124,John Doe,7000,30,prestamo
6000123,Steve Rogers,12000,35,hipoteca
6000144,Charlie Green,7000,150,prestamo
6000132,Alice Brown,5000,,ahorro
6000122,Jane Smith,,100,-1
6000116,Alice Brown,12000,30,-1
6000111,Steve Rogers,5000,35,ahorro
6000129,Unknown,,35,-1
6000117,Steve Rogers,10000,,hipoteca
6000126,Jane Smith,7000,40,ahorro
6000101,Diana Prince,12000,40,prestamo
6000147,John Doe,,35,hipoteca
6000119,Diana Prince,10000,40,ahorro
6000144,John Doe,,,prestamo
6000123,Steve Rogers,,,-1
6000122,Charlie Green,5000,,prestamo
6000102,Bob Johnson,12000,35,hipoteca
6000106,Diana Prince,,30,prestamo
6000134,Diana Prince,12000,35,prestamo
6000125,Steve Rogers,,100,ahorro
6000110,Jane Smith,7000,40,ahorro
6000139,Alice Brown,12000,100,unknown
6000115,Alice Brown,7000,,ahorro
6000106,Diana Prince,5000,100,unknown
6000114,Steve Rogers,7000,45,-1
6000117,Bob Johnson,7000,40,ahorro
6000103,Charlie Green,,30,hipoteca
6000109,Diana Prince,,40,hipoteca
6000111,John Doe,12000,40,hipoteca
6000107,John Doe,12000,45,hipoteca
6000102,Jane Smith,5000,,prestamo
6000103,Diana Prince,8000,45,prestamo
6000109,Diana Prince,5000,45,hipoteca
6000122,Diana Prince,8000,30,ahorro
6000137,John Doe,10000,150,prestamo
6000136,Diana Prince,,30,unknown
6000123,John Doe,8000,,ahorro
6000106,Alice Brown,12000,100,ahorro
6000123,Alice Brown,10000,,-1
6000129,Steve Rogers,7000,40,ahorro
6000142,John Doe,8000,100,hipoteca
6000138,Jane Smith,7000,45,ahorro
6000122,Diana Prince,5000,25,-1
6000126,Charlie Green,,35,hipoteca
6000129,Steve Rogers,7000,45,ahorro
6000106,Charlie Green,12000,35,ahorro
6000121,Bob Johnson,5000,25,-1
6000149,Charlie Green,,100,prestamo
6000143,Diana Prince,,40,hipoteca
6000121,Charlie Green,5000,,ahorro
6000116,John Doe,12000,,-1
6000133,Jane Smith,12000,45,ahorro
6000114,Steve Rogers,10000,45,hipoteca
6000135,Alice Brown,12000,45,prestamo
6000102,Alice Brown,12000,30,hipoteca
6000104,Unknown,10000,25,ahorro
6000145,Jane Smith,,25,prestamo
6000138,Alice Brown,,45,ahorro
6000114,John Doe,8000,25,-1
6000141,Steve Rogers,7000,45,hipoteca
6000115,John Doe,5000,35,ahorro
6000101,Steve Rogers,10000,100,ahorro
6000128,Diana Prince,8000,35,-1
6000120,Alice Brown,10000,100,-1
6000150,Unknown,10000,100,-1
6000121,Alice Brown,5000,40,-1
6000114,Bob Johnson,8000,45,unknown
6000117,Alice Brown,5000,,ahorro
6000147,Diana Prince,8000,150,ahorro
6000109,Bob Johnson,,,hipoteca
6000112,Diana Prince,10000,150,-1
6000149,Diana Prince,5000,25,hipoteca
6000120,Alice Brown,5000,45,-1
6000138,Diana Prince,5000,40,ahorro
6000112,Jane Smith,,150,hipoteca
6000149,Charlie Green,12000,40,prestamo
6000141,Alice Brown,5000,,-1
6000149,Steve Rogers,10000,40,-1
6000118,John Doe,7000,35,prestamo
6000132,Bob Johnson,7000,100,-1
6000141,Alice Brown,10000,30,-1
6000123,Unknown,7000,100,prestamo
6000118,John Doe,10000,100,hipoteca
6000138,Jane Smith,,,hipoteca
6000123,Alice Brown,8000,45,-1
6000129,Bob Johnson,12000,45,prestamo
6000144,Charlie Green,7000,30,-1
6000126,Diana Prince,5000,45,ahorro
6000136,Steve Rogers,12000,35,-1
6000105,John Doe,10000,150,ahorro
6000115,Bob Johnson,7000,35,hipoteca
6000147,John Doe,,30,ahorro
6000145,Bob Johnson,,35,ahorro
6000138,Charlie Green,,100,prestamo
6000134,Unknown,7000,45,ahorro
6000123,Charlie Green,5000,40,-1
6000115,John Doe,10000,35,prestamo
6000146,Bob Johnson,10000,40,-1
6000113,John Doe,8000,25,hipoteca
6000132,Steve Rogers,5000,45,hipoteca
6000101,Jane Smith,7000,45,hipoteca
6000123,Unknown,10000,35,prestamo
6000140,Unknown,12000,40,hipoteca
6000105,Diana Prince,7000,100,ahorro
6000128,Steve Rogers,5000,,ahorro
6000113,Unknown,,40,-1
6000106,Charlie Green,10000,100,ahorro
6000116,Diana Prince,8000,100,ahorro
6000140,John Doe,,30,hipoteca
6000127,Diana Prince,8000,30,ahorro
6000110,Alice Brown,7000,,-1
6000115,Diana Prince,,40,-1
6000138,Charlie Green,5000,,-1
6000150,Diana Prince,8000,35,-1
6000101,Steve Rogers,5000,35,-1
6000105,Alice Brown,,25,prestamo
6000150,Steve Rogers,,25,hipoteca
6000137,Charlie Green,7000,150,hipoteca
6000124,John Doe,,35,prestamo
6000132,John Doe,,40,-1
6000113,Alice Brown,,,-1
6000119,Steve Rogers,,35,-1
6000113,Charlie Green,7000,,unknown
6000146,Charlie Green,8000,25,unknown
6000121,Alice Brown,5000,25,hipoteca
6000143,John Doe,12000,35,prestamo
6000118,Jane Smith,5000,25,-1
6000144,Diana Prince,8000,100,prestamo
6000127,John Doe,12000,100,ahorro
6000120,John Doe,,,-1
6000133,Steve Rogers,5000,35,prestamo
6000114,Jane Smith,12000,100,unknown
6000139,Charlie Green,12000,45,-1
6000132,Alice Brown,12000,100,hipoteca
6000108,Alice Brown,5000,25,hipoteca
6000107,John Doe,8000,35,hipoteca
6000107,Bob Johnson,8000,45,-1
6000118,Charlie Green,5000,100,hipoteca
6000149,Steve Rogers,,150,prestamo
6000107,Alice Brown,10000,45,prestamo
6000128,Diana Prince,7000,,hipoteca
6000102,Diana Prince,5000,35,hipoteca
6000127,Charlie Green,7000,30,-1
6000112,Bob Johnson,5000,25,ahorro
6000120,Jane Smith,5000,150,-1
6000146,John Doe,,45,unknown
6000132,Bob Johnson,8000,100,prestamo
6000112,Jane Smith,,100,-1
6000129,Steve Rogers,7000,150,-1
6000136,Bob Johnson,10000,,hipoteca
6000134,Diana Prince,12000,100,ahorro
6000105,Jane Smith,10000,25,-1
6000112,Bob Johnson,,25,ahorro
6000150,John Doe,7000,40,ahorro
6000111,Steve Rogers,10000,,-1
6000149,Unknown,8000,40,ahorro
6000109,John Doe,8000,25,hipoteca
6000147,John Doe,,30,ahorro
6000144,Alice Brown,8000,30,hipoteca
6000120,Bob Johnson,5000,45,-1
6000133,John Doe,10000,,hipoteca
6000114,Jane Smith,5000,35,ahorro
6000114,Steve Rogers,10000,100,-1
6000132,Diana Prince,7000,,-1
6000147,Unknown,5000,45,-1
6000104,Steve Rogers,,,hipoteca
6000108,Alice Brown,,100,prestamo
6000126,Unknown,12000,25,-1
6000118,Jane Smith,10000,45,ahorro
6000110,John Doe,8000,25,-1
6000116,Steve Rogers,7000,150,hipoteca
6000107,John Doe,7000,25,-1
6000133,Alice Brown,5000,35,prestamo
6000115,Bob Johnson,10000,45,hipoteca
6000134,Diana Prince,10000,40,-1
6000145,John Doe,5000,35,hipoteca
6000141,John Doe,10000,35,prestamo
6000103,John Doe,,45,hipoteca
6000117,Alice Brown,10000,100,unknown
6000106,Diana Prince,8000,25,-1
6000128,Jane Smith,8000,30,-1
6000103,Jane Smith,7000,25,unknown
6000120,Jane Smith,5000,,ahorro
6000109,Alice Brown,,150,hipoteca
6000135,Charlie Green,12000,,prestamo
6000129,Diana Prince,,30,hipoteca
6000130,John Doe,,40,ahorro
6000130,Jane Smith,8000,25,prestamo
6000104,Bob Johnson,12000,30,prestamo
6000144,Steve Rogers,10000,,prestamo
6000120,Jane Smith,,25,prestamo
6000101,John Doe,10000,35,prestamo
6000102,Jane Smith,,150,hipoteca
6000145,Alice Brown,,100,hipoteca
6000136,Jane Smith,7000,40,ahorro
6000122,Alice Brown,10000,45,hipoteca
6000121,Diana Prince,7000,45,prestamo
6000134,Charlie Green,10000,45,prestamo
6000137,Jane Smith,8000,,-1
6000130,Alice Brown,,25,-1
6000116,Alice Brown,12000,40,unknown
6000133,Alice Brown,5000,35,hipoteca
6000126,Bob Johnson,,,ahorro
6000129,Jane Smith,10000,,-1
6000138,Unknown,10000,30,-1
6000148,Unknown,5000,100,ahorro
6000124,Steve Rogers,7000,,hipoteca
6000110,Alice Brown,7000,,-1
6000139,Jane Smith,,100,-1
6000107,Alice Brown,7000,100,prestamo
6000142,Steve Rogers,7000,30,-1
6000113,John Doe,,30,prestamo
6000107,Alice Brown,10000,40,-1
6000140,Charlie Green,5000,,prestamo
6000113,Alice Brown,7000,150,-1
6000114,Bob Johnson,7000,,-1
6000102,Bob Johnson,5000,150,hipoteca
6000138,Jane Smith,7000,45,prestamo
6000143,Charlie Green,,45,-1
6000103,Jane Smith,10000,100,-1
6000107,Alice Brown,7000,,hipoteca
6000112,Bob Johnson,10000,30,ahorro
6000107,Bob Johnson,,35,hipoteca
6000142,Steve Rogers,,25,ahorro
6000148,Charlie Green,8000,,ahorro
6000144,Bob Johnson,10000,,unknown
6000118,Diana Prince,7000,40,prestamo
6000114,Steve Rogers,10000,,unknown
6000103,Jane Smith,5000,,ahorro
6000150,Diana Prince,10000,25,-1
6000125,John Doe,,25,-1
6000150,Jane Smith,8000,150,hipoteca
6000123,John Doe,5000,35,unknown
6000120,John Doe,7000,30,prestamo
6000138,Bob Johnson,10000,30,-1
6000141,John Doe,12000,25,ahorro
6000113,Steve Rogers,7000,45,hipoteca
6000102,Charlie Green,12000,40,ahorro
6000137,Jane Smith,7000,150,ahorro
6000103,Diana Prince,10000,100,-1
6000136,Alice Brown,5000,25,prestamo
6000145,Steve Rogers,,100,-1
6000138,John Doe,10000,25,unknown
6000117,Diana Prince,12000,,hipoteca
6000131,Bob Johnson,10000,,-1
6000132,Unknown,12000,,prestamo
6000146,Bob Johnson,,30,-1
6000108,John Doe,8000,45,prestamo
6000112,Jane Smith,5000,40,unknown
6000119,Steve Rogers,5000,45,unknown
6000137,Alice Brown,8000,,-1
6000127,Charlie Green,7000,30,unknown
6000109,Unknown,,25,-1
6000118,John Doe,,40,hipoteca
6000121,John Doe,,25,ahorro
6000105,Bob Johnson,8000,40,ahorro
6000119,John Doe,8000,,ahorro
6000122,Bob Johnson,5000,40,ahorro
6000122,Diana Prince,7000,,ahorro
6000113,John Doe,12000,,ahorro
6000131,Bob Johnson,7000,35,-1
6000111,Steve Rogers,,,hipoteca
6000114,Diana Prince,,,ahorro
6000139,Charlie Green,5000,35,unknown
6000134,Bob Johnson,5000,25,prestamo
6000150,Alice Brown,7000,35,ahorro
6000103,John Doe,5000,,prestamo
6000108,Alice Brown,5000,30,unknown
6000140,Alice Brown,8000,40,ahorro
6000147,Charlie Green,7000,25,prestamo
6000110,Bob Johnson,7000,35,hipoteca
6000143,Charlie Green,10000,35,-1
6000137,Bob Johnson,5000,40,-1
6000124,John Doe,7000,,hipoteca
6000140,Alice Brown,5000,35,prestamo
6000112,Steve Rogers,8000,30,prestamo
6000102,Alice Brown,8000,45,prestamo
6000131,Diana Prince,5000,45,hipoteca
6000104,Steve Rogers,10000,25,prestamo
6000128,Diana Prince,,35,hipoteca
6000133,Alice Brown,,,hipoteca
6000138,Alice Brown,8000,45,prestamo
6000121,Bob Johnson,8000,35,hipoteca
6000130,John Doe,5000,25,prestamo
6000143,Diana Prince,,35,unknown
6000116,Diana Prince,,30,hipoteca
6000136,Diana Prince,5000,40,prestamo
6000105,Unknown,10000,45,prestamo
6000107,Alice Brown,10000,,hipoteca
6000135,Steve Rogers,12000,25,ahorro
6000126,John Doe,5000,45,ahorro
6000101,Alice Brown,8000,25,hipoteca
6000111,John Doe,,,ahorro
6000121,Steve Rogers,12000,30,-1
6000138,Alice Brown,12000,30,ahorro
6000116,Bob Johnson,,45,-1
6000101,John Doe,8000,30,hipoteca
6000133,John Doe,,25,ahorro
6000129,Diana Prince,8000,45,ahorro
6000138,Jane Smith,12000,30,prestamo
6000127,Diana Prince,7000,40,-1
6000137,Jane Smith,10000,45,hipoteca
6000115,Jane Smith,12000,45,-1
6000123,John Doe,5000,25,ahorro
6000109,Diana Prince,,,hipoteca
6000122,Charlie Green,10000,45,hipoteca
6000135,John Doe,10000,,-1
6000102,Jane Smith,5000,40,prestamo
6000110,Steve Rogers,,,hipoteca
6000112,Jane Smith,10000,,ahorro
6000132,Bob Johnson,10000,100,-1
6000104,Jane Smith,8000,,-1
6000120,Steve Rogers,,30,prestamo
6000126,Alice Brown,8000,,prestamo
6000124,Steve Rogers,,45,-1
6000127,Charlie Green,5000,150,ahorro
6000132,Diana Prince,8000,45,hipoteca
6000131,Jane Smith,10000,40,-1
6000123,Alice Brown,12000,35,hipoteca
6000134,John Doe,8000,40,-1
6000114,Steve Rogers,,45,unknown
6000111,Bob Johnson,,,prestamo
6000139,Charlie Green,10000,40,ahorro
6000133,John Doe,10000,35,-1
6000147,Charlie Green,10000,150,hipoteca
6000145,Bob Johnson,12000,35,hipoteca
6000104,Diana Prince,,30,ahorro
6000115,Diana Prince,,,hipoteca
6000144,Bob Johnson,12000,35,-1
6000101,Charlie Green,12000,35,hipoteca
6000134,Charlie Green,12000,30,-1
6000121,Bob Johnson,7000,30,hipoteca
6000114,Steve Rogers,7000,100,ahorro
6000145,Diana Prince,12000,35,prestamo
6000147,Steve Rogers,8000,30,ahorro
6000117,Alice Brown,5000,25,-1
6000131,Charlie Green,10000,,-1
6000115,Bob Johnson,8000,45,hipoteca
6000109,Jane Smith,5000,100,hipoteca
6000126,Alice Brown,8000,30,-1
6000143,Bob Johnson,10000,30,ahorro
6000114,Diana Prince,,,prestamo
6000139,Steve Rogers,,,ahorro
6000149,Bob Johnson,12000,45,-1
6000119,Steve Rogers,5000,,hipoteca
6000104,Steve Rogers,,45,-1
6000128,John Doe,8000,150,prestamo
6000120,Steve Rogers,7000,30,ahorro
6000110,Steve Rogers,10000,25,hipoteca
6000116,John Doe,12000,,unknown
6000133,Steve Rogers,,150,ahorro
6000135,Bob Johnson,7000,40,-1
6000142,Jane Smith,8000,40,unknown
6000134,Bob Johnson,10000,30,hipoteca
6000118,Charlie Green,12000,150,prestamo
6000134,Alice Brown,,45,-1
6000120,Charlie Green,7000,150,prestamo
6000132,Alice Brown,12000,,ahorro
6000126,Alice Brown,5000,40,prestamo
6000143,Alice Brown,,35,prestamo
6000104,Steve Rogers,,40,-1
6000141,Jane Smith,,40,prestamo
6000106,Alice Brown,5000,45,-1
6000105,Steve Rogers,10000,35,prestamo
6000150,Bob Johnson,12000,100,ahorro
6000133,Steve Rogers,10000,45,prestamo
6000149,Charlie Green,12000,25,-1
6000112,Diana Prince,10000,,-1
6000142,Bob Johnson,,100,hipoteca
6000106,Unknown,8000,25,hipoteca
6000131,Steve Rogers,,30,-1
6000102,John Doe,12000,,-1
6000105,Alice Brown,8000,25,prestamo
6000137,Alice Brown,,25,-1
6000143,Unknown,7000,,ahorro
6000141,Jane Smith,8000,30,prestamo
6000140,Steve Rogers,5000,150,prestamo
6000124,Jane Smith,12000,45,-1
6000143,Alice Brown,8000,40,ahorro
6000110,Alice Brown,5000,25,hipoteca
6000129,Jane Smith,10000,25,prestamo
6000118,John Doe,12000,,hipoteca
6000142,Jane Smith,8000,100,hipoteca
6000114,Diana Prince,5000,25,-1
6000104,Jane Smith,,25,unknown
6000130,Steve Rogers,,35,-1
6000139,Alice Brown,12000,35,unknown
6000150,Bob Johnson,10000,35,hipoteca
6000120,Jane Smith,,40,ahorro
6000119,Unknown,5000,,ahorro
6000128,Alice Brown,5000,40,-1
6000146,Charlie Green,7000,40,ahorro
6000125,John Doe,,40,ahorro
6000108,Alice Brown,8000,35,hipoteca
6000140,Diana Prince,7000,150,-1
6000150,Steve Rogers,7000,30,hipoteca
6000138,Unknown,8000,,prestamo
6000113,Diana Prince,8000,40,-1
6000115,Bob Johnson,8000,45,hipoteca
6000139,Jane Smith,,30,-1
6000147,John Doe,8000,40,unknown
6000109,John Doe,,30,ahorro
6000106,Bob Johnson,7000,100,-1
6000140,Bob Johnson,,150,ahorro
6000137,Diana Prince,8000,,-1
6000133,Steve Rogers,10000,25,prestamo
6000127,John Doe,8000,150,prestamo
6000116,Bob Johnson,12000,,prestamo
6000107,Jane Smith,,,hipoteca
6000117,John Doe,,100,ahorro
6000118,John Doe,,100,hipoteca
6000129,Alice Brown,5000,,ahorro
6000135,Unknown,10000,45,ahorro
6000116,Charlie Green,12000,,ahorro
6000107,Diana Prince,10000,,-1
6000105,Alice Brown,5000,45,-1
6000120,Jane Smith,7000,45,hipoteca
6000149,John Doe,10000,25,ahorro
6000137,Steve Rogers,7000,35,-1
6000138,John Doe,7000,100,ahorro
6000142,Bob Johnson,8000,35,-1
6000136,Alice Brown,,45,-1
6000104,Diana Prince,8000,30,-1
6000138,Charlie Green,7000,,hipoteca
6000123,Bob Johnson,12000,40,hipoteca
6000144,Alice Brown,10000,45,ahorro
6000149,Alice Brown,10000,,prestamo
6000148,Bob Johnson,7000,30,ahorro
6000109,Diana Prince,,30,ahorro
6000116,Diana Prince,5000,45,-1
6000119,John Doe,8000,100,hipoteca
6000139,John Doe,10000,35,ahorro
6000107,Steve Rogers,10000,25,prestamo
6000113,John Doe,8000,45,prestamo
6000114,Alice Brown,5000,,ahorro
6000127,Alice Brown,,,-1
6000116,John Doe,10000,,-1
6000142,Bob Johnson,7000,25,ahorro
6000135,John Doe,12000,40,prestamo
6000125,Diana Prince,5000,45,unknown
6000106,Charlie Green,8000,25,prestamo
6000121,Alice Brown,8000,45,ahorro
6000138,John Doe,10000,30,unknown
6000150,Charlie Green,12000,40,prestamo
6000140,Jane Smith,7000,25,prestamo
6000148,Diana Prince,10000,25,prestamo
6000148,Steve Rogers,,,prestamo
6000141,Bob Johnson,10000,100,ahorro
6000105,John Doe,,35,ahorro
6000105,Diana Prince,,100,prestamo
6000103,Unknown,7000,40,-1
6000148,Steve Rogers,5000,150,-1
6000109,Diana Prince,7000,25,-1
6000111,Alice Brown,5000,45,prestamo
6000113,Bob Johnson,5000,35,prestamo
6000142,Jane Smith,10000,25,prestamo
6000148,Steve Rogers,7000,,ahorro
6000144,Jane Smith,7000,25,-1
6000103,Bob Johnson,,100,-1
6000114,Alice Brown,8000,150,prestamo
6000129,Steve Rogers,5000,,prestamo
6000123,Steve Rogers,12000,,hipoteca
6000107,Jane Smith,10000,,prestamo
6000134,Steve Rogers,,35,-1
6000113,Diana Prince,10000,,hipoteca
6000116,Steve Rogers,7000,40,hipoteca
6000127,Diana Prince,5000,100,ahorro
6000125,Diana Prince,,,prestamo
6000129,Unknown,10000,35,prestamo
6000105,Jane Smith,12000,45,hipoteca
6000114,Alice Brown,7000,35,ahorro
6000145,Diana Prince,7000,45,prestamo
6000106,Bob Johnson,5000,35,-1
6000121,John Doe,12000,45,hipoteca
6000134,Steve Rogers,8000,,hipoteca
6000131,Bob Johnson,10000,,prestamo
6000131,John Doe,10000,100,unknown
6000129,Alice Brown,,30,prestamo
6000111,Steve Rogers,10000,30,ahorro
6000139,Jane Smith,8000,45,hipoteca
6000125,Jane Smith,5000,,ahorro
6000124,Diana Prince,10000,45,unknown
6000119,Unknown,5000,40,prestamo
6000144,John Doe,,25,hipoteca
6000146,Bob Johnson,5000,40,hipoteca
6000114,Alice Brown,7000,25,-1
6000113,Bob Johnson,12000,,hipoteca
6000127,Charlie Green,7000,150,-1
6000124,John Doe,12000,,-1
6000139,Jane Smith,10000,,hipoteca
6000108,Steve Rogers,5000,30,-1
6000136,John Doe,8000,35,-1
6000129,Steve Rogers,10000,45,hipoteca
6000123,John Doe,7000,40,unknown
6000103,John Doe,7000,150,ahorro
6000140,Bob Johnson,,40,unknown
6000129,John Doe,,40,prestamo
6000102,Charlie Green,10000,35,prestamo
6000142,Charlie Green,12000,,hipoteca
6000110,Bob Johnson,5000,45,-1
6000149,Bob Johnson,8000,25,hipoteca
6000142,Alice Brown,12000,,-1
6000130,Unknown,12000,100,ahorro
6000111,Steve Rogers,,,-1
6000107,John Doe,,35,-1
6000144,John Doe,10000,,unknown
6000142,Alice Brown,10000,25,ahorro
6000111,John Doe,,45,prestamo
6000105,Alice Brown,10000,25,prestamo
6000125,Alice Brown,10000,100,ahorro
6000125,Diana Prince,5000,35,prestamo
6000122,Charlie Green,8000,25,-1
6000137,Diana Prince,,100,prestamo
6000123,John Doe,7000,25,prestamo
6000138,Steve Rogers,,40,prestamo
6000137,Alice Brown,7000,40,ahorro
6000123,Unknown,10000,100,ahorro
6000122,Alice Brown,5000,,ahorro
6000139,Charlie Green,,25,hipoteca
6000110,Diana Prince,8000,40,-1
6000137,Jane Smith,8000,100,ahorro
6000139,Charlie Green,7000,150,prestamo
6000132,Charlie Green,5000,100,ahorro
6000143,Steve Rogers,8000,40,prestamo
6000144,Alice Brown,7000,,prestamo
6000148,Alice Brown,8000,100,-1
6000106,Diana Prince,7000,30,-1
6000137,Charlie Green,5000,40,hipoteca
6000106,Charlie Green,,35,hipoteca
6000118,Jane Smith,12000,35,ahorro
6000107,Jane Smith,,40,prestamo
6000143,Bob Johnson,12000,45,-1
6000140,Diana Prince,5000,100,prestamo
6000114,Bob Johnson,7000,,ahorro
6000109,Diana Prince,7000,25,-1
6000132,Unknown,5000,35,hipoteca
6000110,Steve Rogers,,25,hipoteca
6000139,Diana Prince,12000,100,unknown
6000150,Diana Prince,8000,,-1
6000102,Charlie Green,,30,ahorro
6000145,Steve Rogers,12000,30,ahorro
6000107,Jane Smith,,100,hipoteca
6000144,Charlie Green,8000,25,-1
6000116,Steve Rogers,,40,-1
6000135,Bob Johnson,,40,hipoteca
6000139,Charlie Green,10000,,-1
6000138,Bob Johnson,8000,,-1
6000142,Unknown,7000,45,hipoteca
6000123,Jane Smith,8000,40,unknown
6000127,Jane Smith,8000,100,ahorro
6000145,Bob Johnson,12000,25,-1
6000128,Jane Smith,,45,hipoteca
6000133,John Doe,12000,,prestamo
6000145,Jane Smith,7000,100,-1
6000145,Charlie Green,10000,30,unknown
6000124,Steve Rogers,10000,100,hipoteca
6000140,Charlie Green,,35,hipoteca
6000114,Bob Johnson,,,prestamo
6000101,Bob Johnson,8000,,ahorro
6000128,Jane Smith,8000,25,-1
6000128,Diana Prince,8000,40,ahorro
6000111,Jane Smith,7000,,ahorro
6000145,Steve Rogers,12000,100,ahorro
6000114,Steve Rogers,5000,,-1
6000119,John Doe,12000,35,-1
6000101,Bob Johnson,12000,100,hipoteca
6000107,Unknown,10000,30,-1
6000105,Steve Rogers,,35,hipoteca
6000104,John Doe,,45,ahorro
6000122,Bob Johnson,10000,,ahorro
6000128,Steve Rogers,8000,100,ahorro
6000117,Jane Smith,,25,-1
6000135,Alice Brown,8000,100,ahorro
6000149,Alice Brown,,35,ahorro
6000121,Jane Smith,12000,40,hipoteca
6000125,Bob Johnson,10000,30,-1
6000126,John Doe,10000,100,prestamo
6000138,Bob Johnson,,35,prestamo
6000149,Bob Johnson,5000,45,ahorro
6000134,Diana Prince,12000,40,prestamo
6000102,Jane Smith,12000,,hipoteca
6000120,Diana Prince,12000,45,-1
6000101,Bob Johnson,10000,35,-1
6000121,Alice Brown,5000,,-1
6000127,Bob Johnson,,,prestamo
6000140,Charlie Green,8000,30,prestamo
6000122,Unknown,10000,30,ahorro
6000136,John Doe,10000,35,prestamo
6000102,Alice Brown,5000,35,hipoteca
6000117,Unknown,5000,45,ahorro
6000128,Unknown,10000,30,prestamo
6000123,Alice Brown,7000,35,ahorro
6000108,John Doe,,,-1
6000134,John Doe,5000,45,-1
6000105,Alice Brown,,30,ahorro
6000138,Diana Prince,10000,30,-1
6000113,Bob Johnson,5000,100,hipoteca
6000134,Steve Rogers,5000,,prestamo
6000147,Steve Rogers,10000,150,-1
6000149,Steve Rogers,7000,25,ahorro
6000124,Unknown,12000,35,hipoteca
6000149,Alice Brown,10000,100,prestamo
6000106,Unknown,8000,25,ahorro
6000131,Charlie Green,,25,ahorro
6000111,Alice Brown,8000,,-1
6000129,Steve Rogers,5000,35,prestamo
6000121,Charlie Green,,45,prestamo
6000113,Diana Prince,5000,35,ahorro
6000135,Diana Prince,8000,40,prestamo
6000129,Steve Rogers,10000,,prestamo
6000116,John Doe,7000,30,hipoteca
6000147,Diana Prince,8000,45,hipoteca
6000106,Diana Prince,10000,35,ahorro
6000122,Diana Prince,10000,35,ahorro
6000106,John Doe,5000,25,-1
6000114,Diana Prince,12000,40,hipoteca
6000133,Jane Smith,12000,25,prestamo
6000102,Diana Prince,12000,30,hipoteca
6000108,Diana Prince,5000,25,unknown
6000120,Steve Rogers,5000,40,hipoteca
6000104,John Doe,7000,100,prestamo
6000107,Steve Rogers,5000,25,hipoteca
6000117,Bob Johnson,5000,100,prestamo
6000141,Jane Smith,12000,100,prestamo
6000115,Alice Brown,12000,150,prestamo
6000103,Bob Johnson,7000,30,ahorro
6000107,Diana Prince,8000,25,hipoteca
6000113,Steve Rogers,8000,25,-1
6000101,Bob Johnson,,100,prestamo
6000138,Charlie Green,12000,,hipoteca
6000128,Diana Prince,7000,35,prestamo
6000146,Steve Rogers,10000,,-1
6000109,Bob Johnson,10000,,-1
6000108,John Doe,8000,25,prestamo
6000135,Jane Smith,12000,30,unknown
6000108,Jane Smith,5000,35,prestamo
6000142,Bob Johnson,,100,prestamo
6000102,Steve Rogers,7000,40,-1
6000110,Steve Rogers,7000,30,ahorro
6000110,Unknown,10000,,-1
6000114,Unknown,8000,35,ahorro
6000132,John Doe,12000,45,prestamo
6000145,Diana Prince,8000,100,-1
6000108,Diana Prince,7000,30,-1
6000104,Bob Johnson,10000,25,prestamo
6000111,Charlie Green,10000,100,hipoteca
6000125,John Doe,7000,25,prestamo
6000136,Alice Brown,8000,35,hipoteca
6000147,Bob Johnson,5000,,-1
6000116,Steve Rogers,10000,100,hipoteca
6000106,Alice Brown,8000,40,prestamo
6000111,Jane Smith,,,prestamo
6000143,Jane Smith,10000,40,-1
6000123,Diana Prince,,25,ahorro
6000127,Steve Rogers,12000,25,-1
6000137,Diana Prince,10000,,hipoteca
6000121,John Doe,7000,25,-1
6000106,Steve Rogers,,35,ahorro
6000146,Diana Prince,10000,30,-1
6000105,John Doe,,30,-1
6000109,John Doe,7000,40,prestamo
6000142,Alice Brown,8000,25,-1
6000114,Jane Smith,,150,hipoteca
6000126,Diana Prince,5000,45,-1
6000113,Diana Prince,5000,25,-1
6000118,Steve Rogers,,45,ahorro
6000119,Jane Smith,,35,prestamo
6000138,Steve Rogers,5000,,hipoteca
6000135,Alice Brown,,45,prestamo
6000112,Steve Rogers,,40,prestamo
6000115,John Doe,8000,100,-1
6000125,Bob Johnson,7000,150,prestamo
6000131,Bob Johnson,10000,150,-1
6000122,John Doe,12000,100,hipoteca
6000130,Steve Rogers,5000,30,ahorro
6000126,John Doe,10000,,-1
6000106,John Doe,12000,35,prestamo
6000139,Alice Brown,7000,35,unknown
6000136,Bob Johnson,,,hipoteca
6000136,Steve Rogers,,40,-1
6000122,Bob Johnson,10000,40,ahorro
6000101,Jane Smith,10000,30,hipoteca
6000147,Steve Rogers,12000,,-1
6000128,John Doe,5000,30,prestamo
6000142,Charlie Green,7000,,prestamo
6000143,Jane Smith,10000,25,-1
6000119,John Doe,5000,35,prestamo
6000111,John Doe,12000,100,-1
6000108,Alice Brown,5000,45,ahorro
6000121,Alice Brown,8000,30,-1
6000107,John Doe,,45,-1
6000125,Alice Brown,,30,prestamo
6000124,Jane Smith,10000,45,prestamo
6000123,Diana Prince,10000,25,ahorro
6000116,Diana Prince,10000,25,-1
6000146,Unknown,12000,25,hipoteca
6000122,Jane Smith,,35,hipoteca
6000101,Jane Smith,12000,40,-1
6000103,Bob Johnson,7000,,prestamo
6000111,John Doe,12000,100,prestamo
6000121,Bob Johnson,,100,prestamo
6000115,Alice Brown,8000,40,hipoteca
6000135,Bob Johnson,10000,30,prestamo
6000114,Diana Prince,8000,30,-1
6000149,Steve Rogers,8000,25,prestamo
6000108,Diana Prince,10000,35,ahorro
6000141,Steve Rogers,,40,-1
6000129,Steve Rogers,7000,30,-1
6000108,Jane Smith,8000,25,-1
6000115,Charlie Green,5000,35,prestamo
6000142,Diana Prince,8000,,prestamo
6000150,Bob Johnson,8000,25,hipoteca
6000113,Jane Smith,8000,45,hipoteca
6000101,Bob Johnson,12000,30,hipoteca
6000105,Alice Brown,8000,35,-1
6000127,Charlie Green,8000,100,hipoteca
6000149,Bob Johnson,10000,25,-1
6000134,Diana Prince,,45,hipoteca
6000110,Charlie Green,10000,25,prestamo
6000148,Charlie Green,12000,100,ahorro
6000115,Bob Johnson,,30,prestamo
6000135,John Doe,10000,100,hipoteca
6000140,John Doe,7000,30,prestamo
6000113,Jane Smith,8000,35,-1
6000108,Jane Smith,,35,ahorro
6000130,Steve Rogers,12000,45,hipoteca
6000122,Alice Brown,5000,30,ahorro
6000144,John Doe,7000,45,ahorro
6000132,Unknown,5000,,-1
6000108,Charlie Green,8000,,prestamo
6000132,Bob Johnson,5000,25,ahorro
6000130,John Doe,12000,30,unknown
6000104,Bob Johnson,,,prestamo
6000102,Alice Brown,12000,30,-1
6000129,Bob Johnson,7000,,ahorro
6000141,Alice Brown,8000,25,prestamo
6000128,John Doe,12000,40,ahorro
6000122,Steve Rogers,10000,40,ahorro
6000123,Charlie Green,,,prestamo
6000104,Steve Rogers,5000,25,hipoteca
6000107,Diana Prince,5000,45,unknown
6000128,Diana Prince,8000,35,ahorro
6000113,Alice Brown,8000,35,hipoteca
6000117,Alice Brown,,45,hipoteca
6000129,Jane Smith,,30,-1
6000133,John Doe,7000,150,-1
6000113,Jane Smith,,25,prestamo
6000104,Alice Brown,7000,45,hipoteca
6000123,Alice Brown,,25,hipoteca
6000109,Alice Brown,12000,40,hipoteca
6000129,Alice Brown,5000,45,ahorro
6000146,Charlie Green,12000,100,hipoteca
6000141,Bob Johnson,5000,40,prestamo
6000127,Diana Prince,8000,35,-1
6000116,Diana Prince,7000,100,ahorro
6000126,Charlie Green,7000,100,hipoteca
6000135,Alice Brown,7000,,-1
6000111,John Doe,10000,35,hipoteca
6000119,John Doe,10000,100,-1
6000123,Bob Johnson,5000,45,ahorro
6000129,Unknown,7000,35,-1
6000105,Steve Rogers,10000,35,ahorro
6000116,Alice Brown,10000,30,-1
6000101,Charlie Green,8000,100,prestamo
6000117,Diana Prince,12000,30,prestamo
6000106,John Doe,5000,35,ahorro
6000139,Charlie Green,,25,-1
6000114,Steve Rogers,,100,prestamo
6000134,Bob Johnson,10000,35,hipoteca
7000137,Bob Johnson,7000,,prestamo
7000114,Unknown,,30,-1
7000133,Alice Brown,12000,100,hipoteca
7000106,Jane Smith,12000,40,prestamo
7000122,Bob Johnson,7000,40,hipoteca
7000108,Jane Smith,12000,100,prestamo
7000124,Bob Johnson,12000,35,hipoteca
7000138,Steve Rogers,10000,25,-1
7000113,Charlie Green,,35,hipoteca
7000133,Steve Rogers,12000,40,prestamo
7000102,Alice Brown,12000,45,-1
7000130,Diana Prince,12000,45,hipoteca
7000137,Steve Rogers,12000,30,ahorro
7000145,Charlie Green,8000,150,ahorro
7000127,Bob Johnson,5000,30,ahorro
7000117,Steve Rogers,12000,100,ahorro
7000128,Diana Prince,7000,100,prestamo
7000147,Alice Brown,8000,100,hipoteca
7000148,John Doe,7000,,prestamo
7000142,Steve Rogers,5000,,-1
7000109,Charlie Green,7000,45,hipoteca
7000103,Jane Smith,8000,30,-1
7000110,Unknown,5000,35,-1
7000111,Diana Prince,10000,,hipoteca
7000136,Charlie Green,8000,100,-1
7000146,Steve Rogers,,30,ahorro
7000134,Charlie Green,8000,150,-1
7000113,Alice Brown,10000,45,prestamo
7000107,Alice Brown,,25,prestamo
7000111,Diana Prince,5000,30,prestamo
7000103,Jane Smith,7000,40,unknown
7000110,Jane Smith,8000,100,ahorro
7000116,Diana Prince,,,prestamo
7000105,Diana Prince,10000,25,prestamo
7000141,Unknown,7000,,ahorro
7000120,John Doe,,,-1
7000143,Steve Rogers,12000,30,ahorro
7000140,John Doe,,45,-1
7000107,Diana Prince,,25,ahorro
7000133,Alice Brown,10000,45,hipoteca
7000136,Steve Rogers,5000,40,hipoteca
7000150,Charlie Green,,40,hipoteca
7000137,Steve Rogers,,35,prestamo
7000126,Jane Smith,5000,25,-1
7000133,Diana Prince,8000,40,prestamo
7000126,Bob Johnson,12000,35,prestamo
7000104,Steve Rogers,8000,45,-1
7000143,Charlie Green,,150,hipoteca
7000133,Steve Rogers,,100,-1
7000121,Alice Brown,12000,100,-1
7000118,John Doe,8000,40,prestamo
7000104,Jane Smith,12000,150,ahorro
7000127,John Doe,5000,100,hipoteca
7000108,John Doe,8000,45,prestamo
7000123,Diana Prince,7000,,hipoteca
7000138,Alice Brown,5000,,-1
7000121,Steve Rogers,8000,,hipoteca
7000107,Charlie Green,10000,150,hipoteca
7000119,John Doe,10000,100,-1
7000122,Jane Smith,12000,25,prestamo
7000132,Jane Smith,10000,100,hipoteca
7000137,Bob Johnson,8000,,ahorro
7000139,Bob Johnson,,35,prestamo
7000102,Alice Brown,8000,,ahorro
7000133,Steve Rogers,10000,25,hipoteca
7000141,Bob Johnson,,,ahorro
7000140,Bob Johnson,8000,40,-1
7000126,Alice Brown,12000,,prestamo
7000110,Charlie Green,7000,45,hipoteca
7000123,John Doe,12000,100,prestamo
7000140,Steve Rogers,7000,40,ahorro
7000128,Jane Smith,8000,35,ahorro
7000107,Diana Prince,,25,-1
7000107,Unknown,5000,,ahorro
7000120,Bob Johnson,,40,-1
7000111,Charlie Green,12000,40,-1
7000106,Steve Rogers,7000,40,hipoteca
7000120,Unknown,,40,prestamo
7000132,Unknown,10000,30,hipoteca
7000137,Alice Brown,8000,100,hipoteca
7000119,Bob Johnson,10000,25,-1
7000136,Charlie Green,10000,35,-1
7000130,Charlie Green,,25,-1
7000137,John Doe,,40,-1
7000102,Bob Johnson,8000,45,-1
7000114,Charlie Green,10000,,-1
7000112,Steve Rogers,10000,,ahorro
7000140,Jane Smith,,35,-1
7000110,Charlie Green,7000,25,-1
7000105,Jane Smith,8000,40,prestamo
7000111,John Doe,5000,35,hipoteca
7000134,Alice Brown,10000,30,prestamo
7000149,Bob Johnson,8000,,ahorro
7000124,Bob Johnson,10000,25,prestamo
7000147,Alice Brown,12000,40,ahorro
7000122,Bob Johnson,,100,-1
7000102,Jane Smith,7000,,prestamo
7000138,John Doe,12000,150,prestamo
7000121,Steve Rogers,5000,35,prestamo
7000139,Alice Brown,5000,100,unknown
7000136,Alice Brown,10000,,ahorro
7000103,Charlie Green,8000,30,-1
7000147,Bob Johnson,7000,100,hipoteca
7000127,Alice Brown,7000,,-1
7000149,Alice Brown,10000,25,-1
7000115,Charlie Green,8000,45,-1
7000131,Steve Rogers,8000,150,-1
7000148,Bob Johnson,,30,unknown
7000106,Unknown,7000,30,ahorro
7000120,Jane Smith,5000,40,hipoteca
7000108,Jane Smith,10000,100,ahorro
7000130,Steve Rogers,5000,45,prestamo
7000113,Jane Smith,10000,,unknown
7000135,Charlie Green,12000,150,-1
7000150,Steve Rogers,,,hipoteca
7000123,Diana Prince,,30,ahorro
7000146,Jane Smith,12000,100,hipoteca
7000105,Steve Rogers,8000,25,-1
7000127,Diana Prince,,150,-1
7000113,Charlie Green,,30,-1
7000145,Diana Prince,,25,-1
7000123,Bob Johnson,5000,25,ahorro
7000142,John Doe,,35,hipoteca
7000141,Steve Rogers,8000,35,ahorro
7000146,Charlie Green,7000,30,ahorro
7000133,John Doe,12000,35,-1
7000128,John Doe,,35,unknown
7000124,Diana Prince,12000,45,ahorro
7000112,Bob Johnson,8000,25,hipoteca
7000126,Diana Prince,12000,,hipoteca
7000149,Alice Brown,8000,,prestamo
7000116,Unknown,12000,25,prestamo
7000111,Unknown,5000,100,hipoteca
7000107,Unknown,12000,30,hipoteca
7000121,John Doe,,35,hipoteca
7000123,Bob Johnson,12000,45,-1
7000108,Alice Brown,10000,,ahorro
7000121,John Doe,,,-1
7000134,Charlie Green,7000,45,hipoteca
7000108,Jane Smith,12000,45,-1
7000143,Charlie Green,5000,40,hipoteca
7000115,Bob Johnson,7000,25,-1
7000135,Diana Prince,7000,100,-1
7000115,Steve Rogers,7000,25,hipoteca
7000137,Steve Rogers,8000,,-1
7000141,Bob Johnson,8000,30,prestamo
7000112,John Doe,7000,150,-1
7000111,John Doe,,25,-1
7000121,John Doe,,150,ahorro
7000117,Bob Johnson,5000,,prestamo
7000120,Diana Prince,,,ahorro
7000120,Jane Smith,5000,40,prestamo
7000140,Alice Brown,5000,25,ahorro
7000129,John Doe,12000,35,unknown
7000130,Jane Smith,10000,45,prestamo
7000122,Jane Smith,5000,100,unknown
7000138,Diana Prince,5000,,-1
7000130,John Doe,5000,35,hipoteca
7000126,Alice Brown,7000,25,hipoteca
7000145,Steve Rogers,,,ahorro
7000107,Steve Rogers,10000,,ahorro
7000119,Diana Prince,10000,25,hipoteca
7000147,Jane Smith,12000,25,prestamo
7000146,Jane Smith,,25,-1
7000116,Steve Rogers,10000,30,-1
7000123,Alice Brown,,25,hipoteca
7000103,Alice Brown,,150,hipoteca
7000140,John Doe,,30,-1
7000120,Charlie Green,7000,,hipoteca
7000105,Jane Smith,7000,40,unknown
7000150,Bob Johnson,8000,40,ahorro
7000132,Bob Johnson,5000,150,-1
7000122,Unknown,12000,45,prestamo
7000120,Alice Brown,12000,45,-1
7000140,John Doe,7000,30,ahorro
7000143,Charlie Green,5000,100,ahorro
7000123,Steve Rogers,,,prestamo
7000144,Alice Brown,8000,45,ahorro
7000101,Diana Prince,8000,35,ahorro
7000132,John Doe,7000,30,hipoteca
7000123,Bob Johnson,10000,,ahorro
7000135,Steve Rogers,10000,45,unknown
7000119,Steve Rogers,8000,40,prestamo
7000127,Steve Rogers,5000,45,ahorro
7000150,Charlie Green,12000,45,prestamo
7000104,Jane Smith,10000,,hipoteca
7000110,Charlie Green,8000,,prestamo
7000148,Jane Smith,8000,25,ahorro
7000109,Steve Rogers,5000,45,prestamo
7000145,Steve Rogers,,,prestamo
7000109,Steve Rogers,10000,,prestamo
7000132,John Doe,12000,45,-1
7000131,Alice Brown,7000,45,ahorro
7000150,Alice Brown,10000,40,unknown
7000121,Alice Brown,12000,35,hipoteca
7000145,Alice Brown,7000,,ahorro
7000148,Alice Brown,7000,,hipoteca
7000120,Charlie Green,7000,40,-1
7000134,Diana Prince,12000,30,ahorro
7000103,Bob Johnson,10000,,-1
7000137,Alice Brown,,45,ahorro
7000140,Alice Brown,7000,,hipoteca
7000133,Alice Brown,7000,30,ahorro
7000114,Bob Johnson,5000,30,-1
7000114,Steve Rogers,5000,100,prestamo
7000105,Diana Prince,5000,30,-1
7000116,Alice Brown,8000,35,-1
7000140,John Doe,,45,-1
7000142,Alice Brown,,100,prestamo
7000125,Jane Smith,12000,30,-1
7000119,Charlie Green,5000,35,hipoteca
7000114,Charlie Green,7000,100,-1
7000112,John Doe,12000,,ahorro
7000128,Jane Smith,7000,100,hipoteca
7000118,Bob Johnson,10000,45,hipoteca
7000150,Jane Smith,8000,,-1
7000129,Charlie Green,10000,40,-1
7000143,Jane Smith,12000,40,hipoteca
7000124,Steve Rogers,8000,25,hipoteca
7000127,Steve Rogers,,,prestamo
7000125,Charlie Green,12000,25,-1
7000126,Diana Prince,,35,prestamo
7000118,Bob Johnson,8000,,ahorro
7000114,Alice Brown,,,-1
7000114,Charlie Green,10000,150,hipoteca
7000138,Diana Prince,7000,35,-1
7000141,Charlie Green,7000,35,hipoteca
7000140,Jane Smith,8000,30,hipoteca
7000110,Steve Rogers,8000,30,prestamo
7000140,Steve Rogers,12000,,ahorro
7000107,Alice Brown,10000,40,prestamo
7000124,John Doe,7000,30,prestamo
7000123,Steve Rogers,12000,35,hipoteca
7000144,Charlie Green,7000,150,prestamo
7000132,Alice Brown,5000,,ahorro
7000122,Jane Smith,,100,-1
7000116,Alice Brown,12000,30,-1
7000111,Steve Rogers,5000,35,ahorro
7000129,Unknown,,35,-1
7000117,Steve Rogers,10000,,hipoteca
7000126,Jane Smith,7000,40,ahorro
7000101,Diana Prince,12000,40,prestamo
7000147,John Doe,,35,hipoteca
7000119,Diana Prince,10000,40,ahorro
7000144,John Doe,,,prestamo
7000123,Steve Rogers,,,-1
7000122,Charlie Green,5000,,prestamo
7000102,Bob Johnson,12000,35,hipoteca
7000106,Diana Prince,,30,prestamo
7000134,Diana Prince,12000,35,prestamo
7000125,Steve Rogers,,100,ahorro
7000110,Jane Smith,7000,40,ahorro
7000139,Alice Brown,12000,100,unknown
7000115,Alice Brown,7000,,ahorro
7000106,Diana Prince,5000,100,unknown
7000114,Steve Rogers,7000,45,-1
7000117,Bob Johnson,7000,40,ahorro
7000103,Charlie Green,,30,hipoteca
7000109,Diana Prince,,40,hipoteca
7000111,John Doe,12000,40,hipoteca
7000107,John Doe,12000,45,hipoteca
7000102,Jane Smith,5000,,prestamo
7000103,Diana Prince,8000,45,prestamo
7000109,Diana Prince,5000,45,hipoteca
7000122,Diana Prince,8000,30,ahorro
7000137,John Doe,10000,150,prestamo
7000136,Diana Prince,,30,unknown
7000123,John Doe,8000,,ahorro
7000106,Alice Brown,12000,100,ahorro
7000123,Alice Brown,10000,,-1
7000129,Steve Rogers,7000,40,ahorro
7000142,John Doe,8000,100,hipoteca
7000138,Jane Smith,7000,45,ahorro
7000122,Diana Prince,5000,25,-1
7000126,Charlie Green,,35,hipoteca
7000129,Steve Rogers,7000,45,ahorro
7000106,Charlie Green,12000,35,ahorro
7000121,Bob Johnson,5000,25,-1
7000149,Charlie Green,,100,prestamo
7000143,Diana Prince,,40,hipoteca
7000121,Charlie Green,5000,,ahorro
7000116,John Doe,12000,,-1
7000133,Jane Smith,12000,45,ahorro
7000114,Steve Rogers,10000,45,hipoteca
7000135,Alice Brown,12000,45,prestamo
7000102,Alice Brown,12000,30,hipoteca
7000104,Unknown,10000,25,ahorro
7000145,Jane Smith,,25,prestamo
7000138,Alice Brown,,45,ahorro
7000114,John Doe,8000,25,-1
7000141,Steve Rogers,7000,45,hipoteca
7000115,John Doe,5000,35,ahorro
7000101,Steve Rogers,10000,100,ahorro
7000128,Diana Prince,8000,35,-1
7000120,Alice Brown,10000,100,-1
7000150,Unknown,10000,100,-1
7000121,Alice Brown,5000,40,-1
7000114,Bob Johnson,8000,45,unknown
7000117,Alice Brown,5000,,ahorro
7000147,Diana Prince,8000,150,ahorro
7000109,Bob Johnson,,,hipoteca
7000112,Diana Prince,10000,150,-1
7000149,Diana Prince,5000,25,hipoteca
7000120,Alice Brown,5000,45,-1
7000138,Diana Prince,5000,40,ahorro
7000112,Jane Smith,,150,hipoteca
7000149,Charlie Green,12000,40,prestamo
7000141,Alice Brown,5000,,-1
7000149,Steve Rogers,10000,40,-1
7000118,John Doe,7000,35,prestamo
7000132,Bob Johnson,7000,100,-1
7000141,Alice Brown,10000,30,-1
7000123,Unknown,7000,100,prestamo
7000118,John Doe,10000,100,hipoteca
7000138,Jane Smith,,,hipoteca
7000123,Alice Brown,8000,45,-1
7000129,Bob Johnson,12000,45,prestamo
7000144,Charlie Green,7000,30,-1
7000126,Diana Prince,5000,45,ahorro
7000136,Steve Rogers,12000,35,-1
7000105,John Doe,10000,150,ahorro
7000115,Bob Johnson,7000,35,hipoteca
7000147,John Doe,,30,ahorro
7000145,Bob Johnson,,35,ahorro
7000138,Charlie Green,,100,prestamo
7000134,Unknown,7000,45,ahorro
7000123,Charlie Green,5000,40,-1
7000115,John Doe,10000,35,prestamo
7000146,Bob Johnson,10000,40,-1
7000113,John Doe,8000,25,hipoteca
7000132,Steve Rogers,5000,45,hipoteca
7000101,Jane Smith,7000,45,hipoteca
7000123,Unknown,10000,35,prestamo
7000140,Unknown,12000,40,hipoteca
7000105,Diana Prince,7000,100,ahorro
7000128,Steve Rogers,5000,,ahorro
7000113,Unknown,,40,-1
7000106,Charlie Green,10000,100,ahorro
7000116,Diana Prince,8000,100,ahorro
7000140,John Doe,,30,hipoteca
7000127,Diana Prince,8000,30,ahorro
7000110,Alice Brown,7000,,-1
7000115,Diana Prince,,40,-1
7000138,Charlie Green,5000,,-1
7000150,Diana Prince,8000,35,-1
7000101,Steve Rogers,5000,35,-1
7000105,Alice Brown,,25,prestamo
7000150,Steve Rogers,,25,hipoteca
7000137,Charlie Green,7000,150,hipoteca
7000124,John Doe,,35,prestamo
7000132,John Doe,,40,-1
7000113,Alice Brown,,,-1
7000119,Steve Rogers,,35,-1
7000113,Charlie Green,7000,,unknown
7000146,Charlie Green,8000,25,unknown
7000121,Alice Brown,5000,25,hipoteca
7000143,John Doe,12000,35,prestamo
7000118,Jane Smith,5000,25,-1
7000144,Diana Prince,8000,100,prestamo
7000127,John Doe,12000,100,ahorro
7000120,John Doe,,,-1
7000133,Steve Rogers,5000,35,prestamo
7000114,Jane Smith,12000,100,unknown
7000139,Charlie Green,12000,45,-1
7000132,Alice Brown,12000,100,hipoteca
7000108,Alice Brown,5000,25,hipoteca
7000107,John Doe,8000,35,hipoteca
7000107,Bob Johnson,8000,45,-1
7000118,Charlie Green,5000,100,hipoteca
7000149,Steve Rogers,,150,prestamo
7000107,Alice Brown,10000,45,prestamo
7000128,Diana Prince,7000,,hipoteca
7000102,Diana Prince,5000,35,hipoteca
7000127,Charlie Green,7000,30,-1
7000112,Bob Johnson,5000,25,ahorro
7000120,Jane Smith,5000,150,-1
7000146,John Doe,,45,unknown
7000132,Bob Johnson,8000,100,prestamo
7000112,Jane Smith,,100,-1
7000129,Steve Rogers,7000,150,-1
7000136,Bob Johnson,10000,,hipoteca
7000134,Diana Prince,12000,100,ahorro
7000105,Jane Smith,10000,25,-1
7000112,Bob Johnson,,25,ahorro
7000150,John Doe,7000,40,ahorro
7000111,Steve Rogers,10000,,-1
7000149,Unknown,8000,40,ahorro
7000109,John Doe,8000,25,hipoteca
7000147,John Doe,,30,ahorro
7000144,Alice Brown,8000,30,hipoteca
7000120,Bob Johnson,5000,45,-1
7000133,John Doe,10000,,hipoteca
7000114,Jane Smith,5000,35,ahorro
7000114,Steve Rogers,10000,100,-1
7000132,Diana Prince,7000,,-1
7000147,Unknown,5000,45,-1
7000104,Steve Rogers,,,hipoteca
7000108,Alice Brown,,100,prestamo
7000126,Unknown,12000,25,-1
7000118,Jane Smith,10000,45,ahorro
7000110,John Doe,8000,25,-1
7000116,Steve Rogers,7000,150,hipoteca
7000107,John Doe,7000,25,-1
7000133,Alice Brown,5000,35,prestamo
7000115,Bob Johnson,10000,45,hipoteca
7000134,Diana Prince,10000,40,-1
7000145,John Doe,5000,35,hipoteca
7000141,John Doe,10000,35,prestamo
7000103,John Doe,,45,hipoteca
7000117,Alice Brown,10000,100,unknown
7000106,Diana Prince,8000,25,-1
7000128,Jane Smith,8000,30,-1
7000103,Jane Smith,7000,25,unknown
7000120,Jane Smith,5000,,ahorro
7000109,Alice Brown,,150,hipoteca
7000135,Charlie Green,12000,,prestamo
7000129,Diana Prince,,30,hipoteca
7000130,John Doe,,40,ahorro
7000130,Jane Smith,8000,25,prestamo
7000104,Bob Johnson,12000,30,prestamo
7000144,Steve Rogers,10000,,prestamo
7000120,Jane Smith,,25,prestamo
7000101,John Doe,10000,35,prestamo
7000102,Jane Smith,,150,hipoteca
7000145,Alice Brown,,100,hipoteca
7000136,Jane Smith,7000,40,ahorro
7000122,Alice Brown,10000,45,hipoteca
7000121,Diana Prince,7000,45,prestamo
7000134,Charlie Green,10000,45,prestamo
7000137,Jane Smith,8000,,-1
7000130,Alice Brown,,25,-1
7000116,Alice Brown,12000,40,unknown
7000133,Alice Brown,5000,35,hipoteca
7000126,Bob Johnson,,,ahorro
7000129,Jane Smith,10000,,-1
7000138,Unknown,10000,30,-1
7000148,Unknown,5000,100,ahorro
7000124,Steve Rogers,7000,,hipoteca
7000110,Alice Brown,7000,,-1
7000139,Jane Smith,,100,-1
7000107,Alice Brown,7000,100,prestamo
7000142,Steve Rogers,7000,30,-1
7000113,John Doe,,30,prestamo
7000107,Alice Brown,10000,40,-1
7000140,Charlie Green,5000,,prestamo
7000113,Alice Brown,7000,150,-1
7000114,Bob Johnson,7000,,-1
7000102,Bob Johnson,5000,150,hipoteca
7000138,Jane Smith,7000,45,prestamo
7000143,Charlie Green,,45,-1
7000103,Jane Smith,10000,100,-1
7000107,Alice Brown,7000,,hipoteca
7000112,Bob Johnson,10000,30,ahorro
7000107,Bob Johnson,,35,hipoteca
7000142,Steve Rogers,,25,ahorro
7000148,Charlie Green,8000,,ahorro
7000144,Bob Johnson,10000,,unknown
7000118,Diana Prince,7000,40,prestamo
7000114,Steve Rogers,10000,,unknown
7000103,Jane Smith,5000,,ahorro
7000150,Diana Prince,10000,25,-1
7000125,John Doe,,25,-1
7000150,Jane Smith,8000,150,hipoteca
7000123,John Doe,5000,35,unknown
7000120,John Doe,7000,30,prestamo
7000138,Bob Johnson,10000,30,-1
7000141,John Doe,12000,25,ahorro
7000113,Steve Rogers,7000,45,hipoteca
7000102,Charlie Green,12000,40,ahorro
7000137,Jane Smith,7000,150,ahorro
7000103,Diana Prince,10000,100,-1
7000136,Alice Brown,5000,25,prestamo
7000145,Steve Rogers,,100,-1
7000138,John Doe,10000,25,unknown
7000117,Diana Prince,12000,,hipoteca
7000131,Bob Johnson,10000,,-1
7000132,Unknown,12000,,prestamo
7000146,Bob Johnson,,30,-1
7000108,John Doe,8000,45,prestamo
7000112,Jane Smith,5000,40,unknown
7000119,Steve Rogers,5000,45,unknown
7000137,Alice Brown,8000,,-1
7000127,Charlie Green,7000,30,unknown
7000109,Unknown,,25,-1
7000118,John Doe,,40,hipoteca
7000121,John Doe,,25,ahorro
7000105,Bob Johnson,8000,40,ahorro
7000119,John Doe,8000,,ahorro
7000122,Bob Johnson,5000,40,ahorro
7000122,Diana Prince,7000,,ahorro
7000113,John Doe,12000,,ahorro
7000131,Bob Johnson,7000,35,-1
7000111,Steve Rogers,,,hipoteca
7000114,Diana Prince,,,ahorro
7000139,Charlie Green,5000,35,unknown
7000134,Bob Johnson,5000,25,prestamo
7000150,Alice Brown,7000,35,ahorro
7000103,John Doe,5000,,prestamo
7000108,Alice Brown,5000,30,unknown
7000140,Alice Brown,8000,40,ahorro
7000147,Charlie Green,7000,25,prestamo
7000110,Bob Johnson,7000,35,hipoteca
7000143,Charlie Green,10000,35,-1
7000137,Bob Johnson,5000,40,-1
7000124,John Doe,7000,,hipoteca
7000140,Alice Brown,5000,35,prestamo
7000112,Steve Rogers,8000,30,prestamo
7000102,Alice Brown,8000,45,prestamo
7000131,Diana Prince,5000,45,hipoteca
7000104,Steve Rogers,10000,25,prestamo
7000128,Diana Prince,,35,hipoteca
7000133,Alice Brown,,,hipoteca
7000138,Alice Brown,8000,45,prestamo
7000121,Bob Johnson,8000,35,hipoteca
7000130,John Doe,5000,25,prestamo
7000143,Diana Prince,,35,unknown
7000116,Diana Prince,,30,hipoteca
7000136,Diana Prince,5000,40,prestamo
7000105,Unknown,10000,45,prestamo
7000107,Alice Brown,10000,,hipoteca
7000135,Steve Rogers,12000,25,ahorro
7000126,John Doe,5000,45,ahorro
7000101,Alice Brown,8000,25,hipoteca
7000111,John Doe,,,ahorro
7000121,Steve Rogers,12000,30,-1
7000138,Alice Brown,12000,30,ahorro
7000116,Bob Johnson,,45,-1
7000101,John Doe,8000,30,hipoteca
7000133,John Doe,,25,ahorro
7000129,Diana Prince,8000,45,ahorro
7000138,Jane Smith,12000,30,prestamo
7000127,Diana Prince,7000,40,-1
7000137,Jane Smith,10000,45,hipoteca
7000115,Jane Smith,12000,45,-1
7000123,John Doe,5000,25,ahorro
7000109,Diana Prince,,,hipoteca
7000122,Charlie Green,10000,45,hipoteca
7000135,John Doe,10000,,-1
7000102,Jane Smith,5000,40,prestamo
7000110,Steve Rogers,,,hipoteca
7000112,Jane Smith,10000,,ahorro
7000132,Bob Johnson,10000,100,-1
7000104,Jane Smith,8000,,-1
7000120,Steve Rogers,,30,prestamo
7000126,Alice Brown,8000,,prestamo
7000124,Steve Rogers,,45,-1
7000127,Charlie Green,5000,150,ahorro
7000132,Diana Prince,8000,45,hipoteca
7000131,Jane Smith,10000,40,-1
7000123,Alice Brown,12000,35,hipoteca
7000134,John Doe,8000,40,-1
7000114,Steve Rogers,,45,unknown
7000111,Bob Johnson,,,prestamo
7000139,Charlie Green,10000,40,ahorro
7000133,John Doe,10000,35,-1
7000147,Charlie Green,10000,150,hipoteca
7000145,Bob Johnson,12000,35,hipoteca
7000104,Diana Prince,,30,ahorro
7000115,Diana Prince,,,hipoteca
7000144,Bob Johnson,12000,35,-1
7000101,Charlie Green,12000,35,hipoteca
7000134,Charlie Green,12000,30,-1
7000121,Bob Johnson,7000,30,hipoteca
7000114,Steve Rogers,7000,100,ahorro
7000145,Diana Prince,12000,35,prestamo
7000147,Steve Rogers,8000,30,ahorro
7000117,Alice Brown,5000,25,-1
7000131,Charlie Green,10000,,-1
7000115,Bob Johnson,8000,45,hipoteca
7000109,Jane Smith,5000,100,hipoteca
7000126,Alice Brown,8000,30,-1
7000143,Bob Johnson,10000,30,ahorro
7000114,Diana Prince,,,prestamo
7000139,Steve Rogers,,,ahorro
7000149,Bob Johnson,12000,45,-1
7000119,Steve Rogers,5000,,hipoteca
7000104,Steve Rogers,,45,-1
7000128,John Doe,8000,150,prestamo
7000120,Steve Rogers,7000,30,ahorro
7000110,Steve Rogers,10000,25,hipoteca
7000116,John Doe,12000,,unknown
7000133,Steve Rogers,,150,ahorro
7000135,Bob Johnson,7000,40,-1
7000142,Jane Smith,8000,40,unknown
7000134,Bob Johnson,10000,30,hipoteca
7000118,Charlie Green,12000,150,prestamo
7000134,Alice Brown,,45,-1
7000120,Charlie Green,7000,150,prestamo
7000132,Alice Brown,12000,,ahorro
7000126,Alice Brown,5000,40,prestamo
7000143,Alice Brown,,35,prestamo
7000104,Steve Rogers,,40,-1
7000141,Jane Smith,,40,prestamo
7000106,Alice Brown,5000,45,-1
7000105,Steve Rogers,10000,35,prestamo
7000150,Bob Johnson,12000,100,ahorro
7000133,Steve Rogers,10000,45,prestamo
7000149,Charlie Green,12000,25,-1
7000112,Diana Prince,10000,,-1
7000142,Bob Johnson,,100,hipoteca
7000106,Unknown,8000,25,hipoteca
7000131,Steve Rogers,,30,-1
7000102,John Doe,12000,,-1
7000105,Alice Brown,8000,25,prestamo
7000137,Alice Brown,,25,-1
7000143,Unknown,7000,,ahorro
7000141,Jane Smith,8000,30,prestamo
7000140,Steve Rogers,5000,150,prestamo
7000124,Jane Smith,12000,45,-1
7000143,Alice Brown,8000,40,ahorro
7000110,Alice Brown,5000,25,hipoteca
7000129,Jane Smith,10000,25,prestamo
7000118,John Doe,12000,,hipoteca
7000142,Jane Smith,8000,100,hipoteca
7000114,Diana Prince,5000,25,-1
7000104,Jane Smith,,25,unknown
7000130,Steve Rogers,,35,-1
7000139,Alice Brown,12000,35,unknown
7000150,Bob Johnson,10000,35,hipoteca
7000120,Jane Smith,,40,ahorro
7000119,Unknown,5000,,ahorro
7000128,Alice Brown,5000,40,-1
7000146,Charlie Green,7000,40,ahorro
7000125,John Doe,,40,ahorro
7000108,Alice Brown,8000,35,hipoteca
7000140,Diana Prince,7000,150,-1
7000150,Steve Rogers,7000,30,hipoteca
7000138,Unknown,8000,,prestamo
7000113,Diana Prince,8000,40,-1
7000115,Bob Johnson,8000,45,hipoteca
7000139,Jane Smith,,30,-1
7000147,John Doe,8000,40,unknown
7000109,John Doe,,30,ahorro
7000106,Bob Johnson,7000,100,-1
7000140,Bob Johnson,,150,ahorro
7000137,Diana Prince,8000,,-1
7000133,Steve Rogers,10000,25,prestamo
7000127,John Doe,8000,150,prestamo
7000116,Bob Johnson,12000,,prestamo
7000107,Jane Smith,,,hipoteca
7000117,John Doe,,100,ahorro
7000118,John Doe,,100,hipoteca
7000129,Alice Brown,5000,,ahorro
7000135,Unknown,10000,45,ahorro
7000116,Charlie Green,12000,,ahorro
7000107,Diana Prince,10000,,-1
7000105,Alice Brown,5000,45,-1
7000120,Jane Smith,7000,45,hipoteca
7000149,John Doe,10000,25,ahorro
7000137,Steve Rogers,7000,35,-1
7000138,John Doe,7000,100,ahorro
7000142,Bob Johnson,8000,35,-1
7000136,Alice Brown,,45,-1
7000104,Diana Prince,8000,30,-1
7000138,Charlie Green,7000,,hipoteca
7000123,Bob Johnson,12000,40,hipoteca
7000144,Alice Brown,10000,45,ahorro
7000149,Alice Brown,10000,,prestamo
7000148,Bob Johnson,7000,30,ahorro
7000109,Diana Prince,,30,ahorro
7000116,Diana Prince,5000,45,-1
7000119,John Doe,8000,100,hipoteca
7000139,John Doe,10000,35,ahorro
7000107,Steve Rogers,10000,25,prestamo
7000113,John Doe,8000,45,prestamo
7000114,Alice Brown,5000,,ahorro
7000127,Alice Brown,,,-1
7000116,John Doe,10000,,-1
7000142,Bob Johnson,7000,25,ahorro
7000135,John Doe,12000,40,prestamo
7000125,Diana Prince,5000,45,unknown
7000106,Charlie Green,8000,25,prestamo
7000121,Alice Brown,8000,45,ahorro
7000138,John Doe,10000,30,unknown
7000150,Charlie Green,12000,40,prestamo
7000140,Jane Smith,7000,25,prestamo
7000148,Diana Prince,10000,25,prestamo
7000148,Steve Rogers,,,prestamo
7000141,Bob Johnson,10000,100,ahorro
7000105,John Doe,,35,ahorro
7000105,Diana Prince,,100,prestamo
7000103,Unknown,7000,40,-1
7000148,Steve Rogers,5000,150,-1
7000109,Diana Prince,7000,25,-1
7000111,Alice Brown,5000,45,prestamo
7000113,Bob Johnson,5000,35,prestamo
7000142,Jane Smith,10000,25,prestamo
7000148,Steve Rogers,7000,,ahorro
7000144,Jane Smith,7000,25,-1
7000103,Bob Johnson,,100,-1
7000114,Alice Brown,8000,150,prestamo
7000129,Steve Rogers,5000,,prestamo
7000123,Steve Rogers,12000,,hipoteca
7000107,Jane Smith,10000,,prestamo
7000134,Steve Rogers,,35,-1
7000113,Diana Prince,10000,,hipoteca
7000116,Steve Rogers,7000,40,hipoteca
7000127,Diana Prince,5000,100,ahorro
7000125,Diana Prince,,,prestamo
7000129,Unknown,10000,35,prestamo
7000105,Jane Smith,12000,45,hipoteca
7000114,Alice Brown,7000,35,ahorro
7000145,Diana Prince,7000,45,prestamo
7000106,Bob Johnson,5000,35,-1
7000121,John Doe,12000,45,hipoteca
7000134,Steve Rogers,8000,,hipoteca
7000131,Bob Johnson,10000,,prestamo
7000131,John Doe,10000,100,unknown
7000129,Alice Brown,,30,prestamo
7000111,Steve Rogers,10000,30,ahorro
7000139,Jane Smith,8000,45,hipoteca
7000125,Jane Smith,5000,,ahorro
7000124,Diana Prince,10000,45,unknown
7000119,Unknown,5000,40,prestamo
7000144,John Doe,,25,hipoteca
7000146,Bob Johnson,5000,40,hipoteca
7000114,Alice Brown,7000,25,-1
7000113,Bob Johnson,12000,,hipoteca
7000127,Charlie Green,7000,150,-1
7000124,John Doe,12000,,-1
7000139,Jane Smith,10000,,hipoteca
7000108,Steve Rogers,5000,30,-1
7000136,John Doe,8000,35,-1
7000129,Steve Rogers,10000,45,hipoteca
7000123,John Doe,7000,40,unknown
7000103,John Doe,7000,150,ahorro
7000140,Bob Johnson,,40,unknown
7000129,John Doe,,40,prestamo
7000102,Charlie Green,10000,35,prestamo
7000142,Charlie Green,12000,,hipoteca
7000110,Bob Johnson,5000,45,-1
7000149,Bob Johnson,8000,25,hipoteca
7000142,Alice Brown,12000,,-1
7000130,Unknown,12000,100,ahorro
7000111,Steve Rogers,,,-1
7000107,John Doe,,35,-1
7000144,John Doe,10000,,unknown
7000142,Alice Brown,10000,25,ahorro
7000111,John Doe,,45,prestamo
7000105,Alice Brown,10000,25,prestamo
7000125,Alice Brown,10000,100,ahorro
7000125,Diana Prince,5000,35,prestamo
7000122,Charlie Green,8000,25,-1
7000137,Diana Prince,,100,prestamo
7000123,John Doe,7000,25,prestamo
7000138,Steve Rogers,,40,prestamo
7000137,Alice Brown,7000,40,ahorro
7000123,Unknown,10000,100,ahorro
7000122,Alice Brown,5000,,ahorro
7000139,Charlie Green,,25,hipoteca
7000110,Diana Prince,8000,40,-1
7000137,Jane Smith,8000,100,ahorro
7000139,Charlie Green,7000,150,prestamo
7000132,Charlie Green,5000,100,ahorro
7000143,Steve Rogers,8000,40,prestamo
7000144,Alice Brown,7000,,prestamo
7000148,Alice Brown,8000,100,-1
7000106,Diana Prince,7000,30,-1
7000137,Charlie Green,5000,40,hipoteca
7000106,Charlie Green,,35,hipoteca
7000118,Jane Smith,12000,35,ahorro
7000107,Jane Smith,,40,prestamo
7000143,Bob Johnson,12000,45,-1
7000140,Diana Prince,5000,100,prestamo
7000114,Bob Johnson,7000,,ahorro
7000109,Diana Prince,7000,25,-1
7000132,Unknown,5000,35,hipoteca
7000110,Steve Rogers,,25,hipoteca
7000139,Diana Prince,12000,100,unknown
7000150,Diana Prince,8000,,-1
7000102,Charlie Green,,30,ahorro
7000145,Steve Rogers,12000,30,ahorro
7000107,Jane Smith,,100,hipoteca
7000144,Charlie Green,8000,25,-1
7000116,Steve Rogers,,40,-1
7000135,Bob Johnson,,40,hipoteca
7000139,Charlie Green,10000,,-1
7000138,Bob Johnson,8000,,-1
7000142,Unknown,7000,45,hipoteca
7000123,Jane Smith,8000,40,unknown
7000127,Jane Smith,8000,100,ahorro
7000145,Bob Johnson,12000,25,-1
7000128,Jane Smith,,45,hipoteca
7000133,John Doe,12000,,prestamo
7000145,Jane Smith,7000,100,-1
7000145,Charlie Green,10000,30,unknown
7000124,Steve Rogers,10000,100,hipoteca
7000140,Charlie Green,,35,hipoteca
7000114,Bob Johnson,,,prestamo
7000101,Bob Johnson,8000,,ahorro
7000128,Jane Smith,8000,25,-1
7000128,Diana Prince,8000,40,ahorro
7000111,Jane Smith,7000,,ahorro
7000145,Steve Rogers,12000,100,ahorro
7000114,Steve Rogers,5000,,-1
7000119,John Doe,12000,35,-1
7000101,Bob Johnson,12000,100,hipoteca
7000107,Unknown,10000,30,-1
7000105,Steve Rogers,,35,hipoteca
7000104,John Doe,,45,ahorro
7000122,Bob Johnson,10000,,ahorro
7000128,Steve Rogers,8000,100,ahorro
7000117,Jane Smith,,25,-1
7000135,Alice Brown,8000,100,ahorro
7000149,Alice Brown,,35,ahorro
7000121,Jane Smith,12000,40,hipoteca
7000125,Bob Johnson,10000,30,-1
7000126,John Doe,10000,100,prestamo
7000138,Bob Johnson,,35,prestamo
7000149,Bob Johnson,5000,45,ahorro
7000134,Diana Prince,12000,40,prestamo
7000102,Jane Smith,12000,,hipoteca
7000120,Diana Prince,12000,45,-1
7000101,Bob Johnson,10000,35,-1
7000121,Alice Brown,5000,,-1
7000127,Bob Johnson,,,prestamo
7000140,Charlie Green,8000,30,prestamo
7000122,Unknown,10000,30,ahorro
7000136,John Doe,10000,35,prestamo
7000102,Alice Brown,5000,35,hipoteca
7000117,Unknown,5000,45,ahorro
7000128,Unknown,10000,30,prestamo
7000123,Alice Brown,7000,35,ahorro
7000108,John Doe,,,-1
7000134,John Doe,5000,45,-1
7000105,Alice Brown,,30,ahorro
7000138,Diana Prince,10000,30,-1
7000113,Bob Johnson,5000,100,hipoteca
7000134,Steve Rogers,5000,,prestamo
7000147,Steve Rogers,10000,150,-1
7000149,Steve Rogers,7000,25,ahorro
7000124,Unknown,12000,35,hipoteca
7000149,Alice Brown,10000,100,prestamo
7000106,Unknown,8000,25,ahorro
7000131,Charlie Green,,25,ahorro
7000111,Alice Brown,8000,,-1
7000129,Steve Rogers,5000,35,prestamo
7000121,Charlie Green,,45,prestamo
7000113,Diana Prince,5000,35,ahorro
7000135,Diana Prince,8000,40,prestamo
7000129,Steve Rogers,10000,,prestamo
7000116,John Doe,7000,30,hipoteca
7000147,Diana Prince,8000,45,hipoteca
7000106,Diana Prince,10000,35,ahorro
7000122,Diana Prince,10000,35,ahorro
7000106,John Doe,5000,25,-1
7000114,Diana Prince,12000,40,hipoteca
7000133,Jane Smith,12000,25,prestamo
7000102,Diana Prince,12000,30,hipoteca
7000108,Diana Prince,5000,25,unknown
7000120,Steve Rogers,5000,40,hipoteca
7000104,John Doe,7000,100,prestamo
7000107,Steve Rogers,5000,25,hipoteca
7000117,Bob Johnson,5000,100,prestamo
7000141,Jane Smith,12000,100,prestamo
7000115,Alice Brown,12000,150,prestamo
7000103,Bob Johnson,7000,30,ahorro
7000107,Diana Prince,8000,25,hipoteca
7000113,Steve Rogers,8000,25,-1
7000101,Bob Johnson,,100,prestamo
7000138,Charlie Green,12000,,hipoteca
7000128,Diana Prince,7000,35,prestamo
7000146,Steve Rogers,10000,,-1
7000109,Bob Johnson,10000,,-1
7000108,John Doe,8000,25,prestamo
7000135,Jane Smith,12000,30,unknown
7000108,Jane Smith,5000,35,prestamo
7000142,Bob Johnson,,100,prestamo
7000102,Steve Rogers,7000,40,-1
7000110,Steve Rogers,7000,30,ahorro
7000110,Unknown,10000,,-1
7000114,Unknown,8000,35,ahorro
7000132,John Doe,12000,45,prestamo
7000145,Diana Prince,8000,100,-1
7000108,Diana Prince,7000,30,-1
7000104,Bob Johnson,10000,25,prestamo
7000111,Charlie Green,10000,100,hipoteca
7000125,John Doe,7000,25,prestamo
7000136,Alice Brown,8000,35,hipoteca
7000147,Bob Johnson,5000,,-1
7000116,Steve Rogers,10000,100,hipoteca
7000106,Alice Brown,8000,40,prestamo
7000111,Jane Smith,,,prestamo
7000143,Jane Smith,10000,40,-1
7000123,Diana Prince,,25,ahorro
7000127,Steve Rogers,12000,25,-1
7000137,Diana Prince,10000,,hipoteca
7000121,John Doe,7000,25,-1
7000106,Steve Rogers,,35,ahorro
7000146,Diana Prince,10000,30,-1
7000105,John Doe,,30,-1
7000109,John Doe,7000,40,prestamo
7000142,Alice Brown,8000,25,-1
7000114,Jane Smith,,150,hipoteca
7000126,Diana Prince,5000,45,-1
7000113,Diana Prince,5000,25,-1
7000118,Steve Rogers,,45,ahorro
7000119,Jane Smith,,35,prestamo
7000138,Steve Rogers,5000,,hipoteca
7000135,Alice Brown,,45,prestamo
7000112,Steve Rogers,,40,prestamo
7000115,John Doe,8000,100,-1
7000125,Bob Johnson,7000,150,prestamo
7000131,Bob Johnson,10000,150,-1
7000122,John Doe,12000,100,hipoteca
7000130,Steve Rogers,5000,30,ahorro
7000126,John Doe,10000,,-1
7000106,John Doe,12000,35,prestamo
7000139,Alice Brown,7000,35,unknown
7000136,Bob Johnson,,,hipoteca
7000136,Steve Rogers,,40,-1
7000122,Bob Johnson,10000,40,ahorro
7000101,Jane Smith,10000,30,hipoteca
7000147,Steve Rogers,12000,,-1
7000128,John Doe,5000,30,prestamo
7000142,Charlie Green,7000,,prestamo
7000143,Jane Smith,10000,25,-1
7000119,John Doe,5000,35,prestamo
7000111,John Doe,12000,100,-1
7000108,Alice Brown,5000,45,ahorro
7000121,Alice Brown,8000,30,-1
7000107,John Doe,,45,-1
7000125,Alice Brown,,30,prestamo
7000124,Jane Smith,10000,45,prestamo
7000123,Diana Prince,10000,25,ahorro
7000116,Diana Prince,10000,25,-1
7000146,Unknown,12000,25,hipoteca
7000122,Jane Smith,,35,hipoteca
7000101,Jane Smith,12000,40,-1
7000103,Bob Johnson,7000,,prestamo
7000111,John Doe,12000,100,prestamo
7000121,Bob Johnson,,100,prestamo
7000115,Alice Brown,8000,40,hipoteca
7000135,Bob Johnson,10000,30,prestamo
7000114,Diana Prince,8000,30,-1
7000149,Steve Rogers,8000,25,prestamo
7000108,Diana Prince,10000,35,ahorro
7000141,Steve Rogers,,40,-1
7000129,Steve Rogers,7000,30,-1
7000108,Jane Smith,8000,25,-1
7000115,Charlie Green,5000,35,prestamo
7000142,Diana Prince,8000,,prestamo
7000150,Bob Johnson,8000,25,hipoteca
7000113,Jane Smith,8000,45,hipoteca
7000101,Bob Johnson,12000,30,hipoteca
7000105,Alice Brown,8000,35,-1
7000127,Charlie Green,8000,100,hipoteca
7000149,Bob Johnson,10000,25,-1
7000134,Diana Prince,,45,hipoteca
7000110,Charlie Green,10000,25,prestamo
7000148,Charlie Green,12000,100,ahorro
7000115,Bob Johnson,,30,prestamo
7000135,John Doe,10000,100,hipoteca
7000140,John Doe,7000,30,prestamo
7000113,Jane Smith,8000,35,-1
7000108,Jane Smith,,35,ahorro
7000130,Steve Rogers,12000,45,hipoteca
7000122,Alice Brown,5000,30,ahorro
7000144,John Doe,7000,45,ahorro
7000132,Unknown,5000,,-1
7000108,Charlie Green,8000,,prestamo
7000132,Bob Johnson,5000,25,ahorro
7000130,John Doe,12000,30,unknown
7000104,Bob Johnson,,,prestamo
7000102,Alice Brown,12000,30,-1
7000129,Bob Johnson,7000,,ahorro
7000141,Alice Brown,8000,25,prestamo
7000128,John Doe,12000,40,ahorro
7000122,Steve Rogers,10000,40,ahorro
7000123,Charlie Green,,,prestamo
7000104,Steve Rogers,5000,25,hipoteca
7000107,Diana Prince,5000,45,unknown
7000128,Diana Prince,8000,35,ahorro
7000113,Alice Brown,8000,35,hipoteca
7000117,Alice Brown,,45,hipoteca
7000129,Jane Smith,,30,-1
7000133,John Doe,7000,150,-1
7000113,Jane Smith,,25,prestamo
7000104,Alice Brown,7000,45,hipoteca
7000123,Alice Brown,,25,hipoteca
7000109,Alice Brown,12000,40,hipoteca
7000129,Alice Brown,5000,45,ahorro
7000146,Charlie Green,12000,100,hipoteca
7000141,Bob Johnson,5000,40,prestamo
7000127,Diana Prince,8000,35,-1
7000116,Diana Prince,7000,100,ahorro
7000126,Charlie Green,7000,100,hipoteca
7000135,Alice Brown,7000,,-1
7000111,John Doe,10000,35,hipoteca
7000119,John Doe,10000,100,-1
7000123,Bob Johnson,5000,45,ahorro
7000129,Unknown,7000,35,-1
7000105,Steve Rogers,10000,35,ahorro
7000116,Alice Brown,10000,30,-1
7000101,Charlie Green,8000,100,prestamo
7000117,Diana Prince,12000,30,prestamo
7000106,John Doe,5000,35,ahorro
7000139,Charlie Green,,25,-1
7000114,Steve Rogers,,100,prestamo
7000134,Bob Johnson,10000,35,hipoteca
8000137,Bob Johnson,7000,,prestamo
8000114,Unknown,,30,-1
8000133,Alice Brown,12000,100,hipoteca
8000106,Jane Smith,12000,40,prestamo
8000122,Bob Johnson,7000,40,hipoteca
8000108,Jane Smith,12000,100,prestamo
8000124,Bob Johnson,12000,35,hipoteca
8000138,Steve Rogers,10000,25,-1
8000113,Charlie Green,,35,hipoteca
8000133,Steve Rogers,12000,40,prestamo
8000102,Alice Brown,12000,45,-1
8000130,Diana Prince,12000,45,hipoteca
8000137,Steve Rogers,12000,30,ahorro
8000145,Charlie Green,8000,150,ahorro
8000127,Bob Johnson,5000,30,ahorro
8000117,Steve Rogers,12000,100,ahorro
8000128,Diana Prince,7000,100,prestamo
8000147,Alice Brown,8000,100,hipoteca
8000148,John Doe,7000,,prestamo
8000142,Steve Rogers,5000,,-1
8000109,Charlie Green,7000,45,hipoteca
8000103,Jane Smith,8000,30,-1
8000110,Unknown,5000,35,-1
8000111,Diana Prince,10000,,hipoteca
8000136,Charlie Green,8000,100,-1
8000146,Steve Rogers,,30,ahorro
8000134,Charlie Green,8000,150,-1
8000113,Alice Brown,10000,45,prestamo
8000107,Alice Brown,,25,prestamo
8000111,Diana Prince,5000,30,prestamo
8000103,Jane Smith,7000,40,unknown
8000110,Jane Smith,8000,100,ahorro
8000116,Diana Prince,,,prestamo
8000105,Diana Prince,10000,25,prestamo
8000141,Unknown,7000,,ahorro
8000120,John Doe,,,-1
8000143,Steve Rogers,12000,30,ahorro
8000140,John Doe,,45,-1
8000107,Diana Prince,,25,ahorro
8000133,Alice Brown,10000,45,hipoteca
8000136,Steve Rogers,5000,40,hipoteca
8000150,Charlie Green,,40,hipoteca
8000137,Steve Rogers,,35,prestamo
8000126,Jane Smith,5000,25,-1
8000133,Diana Prince,8000,40,prestamo
8000126,Bob Johnson,12000,35,prestamo
8000104,Steve Rogers,8000,45,-1
8000143,Charlie Green,,150,hipoteca
8000133,Steve Rogers,,100,-1
8000121,Alice Brown,12000,100,-1
8000118,John Doe,8000,40,prestamo
8000104,Jane Smith,12000,150,ahorro
8000127,John Doe,5000,100,hipoteca
8000108,John Doe,8000,45,prestamo
8000123,Diana Prince,7000,,hipoteca
8000138,Alice Brown,5000,,-1
8000121,Steve Rogers,8000,,hipoteca
8000107,Charlie Green,10000,150,hipoteca
8000119,John Doe,10000,100,-1
8000122,Jane Smith,12000,25,prestamo
8000132,Jane Smith,10000,100,hipoteca
8000137,Bob Johnson,8000,,ahorro
8000139,Bob Johnson,,35,prestamo
8000102,Alice Brown,8000,,ahorro
8000133,Steve Rogers,10000,25,hipoteca
8000141,Bob Johnson,,,ahorro
8000140,Bob Johnson,8000,40,-1
8000126,Alice Brown,12000,,prestamo
8000110,Charlie Green,7000,45,hipoteca
8000123,John Doe,12000,100,prestamo
8000140,Steve Rogers,7000,40,ahorro
8000128,Jane Smith,8000,35,ahorro
8000107,Diana Prince,,25,-1
8000107,Unknown,5000,,ahorro
8000120,Bob Johnson,,40,-1
8000111,Charlie Green,12000,40,-1
8000106,Steve Rogers,7000,40,hipoteca
8000120,Unknown,,40,prestamo
8000132,Unknown,10000,30,hipoteca
8000137,Alice Brown,8000,100,hipoteca
8000119,Bob Johnson,10000,25,-1
8000136,Charlie Green,10000,35,-1
8000130,Charlie Green,,25,-1
8000137,John Doe,,40,-1
8000102,Bob Johnson,8000,45,-1
8000114,Charlie Green,10000,,-1
8000112,Steve Rogers,10000,,ahorro
8000140,Jane Smith,,35,-1
8000110,Charlie Green,7000,25,-1
8000105,Jane Smith,8000,40,prestamo
8000111,John Doe,5000,35,hipoteca
8000134,Alice Brown,10000,30,prestamo
8000149,Bob Johnson,8000,,ahorro
8000124,Bob Johnson,10000,25,prestamo
8000147,Alice Brown,12000,40,ahorro
8000122,Bob Johnson,,100,-1
8000102,Jane Smith,7000,,prestamo
8000138,John Doe,12000,150,prestamo
8000121,Steve Rogers,5000,35,prestamo
8000139,Alice Brown,5000,100,unknown
8000136,Alice Brown,10000,,ahorro
8000103,Charlie Green,8000,30,-1
8000147,Bob Johnson,7000,100,hipoteca
8000127,Alice Brown,7000,,-1
8000149,Alice Brown,10000,25,-1
8000115,Charlie Green,8000,45,-1
8000131,Steve Rogers,8000,150,-1
8000148,Bob Johnson,,30,unknown
8000106,Unknown,7000,30,ahorro
8000120,Jane Smith,5000,40,hipoteca
8000108,Jane Smith,10000,100,ahorro
8000130,Steve Rogers,5000,45,prestamo
8000113,Jane Smith,10000,,unknown
8000135,Charlie Green,12000,150,-1
8000150,Steve Rogers,,,hipoteca
8000123,Diana Prince,,30,ahorro
8000146,Jane Smith,12000,100,hipoteca
8000105,Steve Rogers,8000,25,-1
8000127,Diana Prince,,150,-1
8000113,Charlie Green,,30,-1
8000145,Diana Prince,,25,-1
8000123,Bob Johnson,5000,25,ahorro
8000142,John Doe,,35,hipoteca
8000141,Steve Rogers,8000,35,ahorro
8000146,Charlie Green,7000,30,ahorro
8000133,John Doe,12000,35,-1
8000128,John Doe,,35,unknown
8000124,Diana Prince,12000,45,ahorro
8000112,Bob Johnson,8000,25,hipoteca
8000126,Diana Prince,12000,,hipoteca
8000149,Alice Brown,8000,,prestamo
8000116,Unknown,12000,25,prestamo
8000111,Unknown,5000,100,hipoteca
8000107,Unknown,12000,30,hipoteca
8000121,John Doe,,35,hipoteca
8000123,Bob Johnson,12000,45,-1
8000108,Alice Brown,10000,,ahorro
8000121,John Doe,,,-1
8000134,Charlie Green,7000,45,hipoteca
8000108,Jane Smith,12000,45,-1
8000143,Charlie Green,5000,40,hipoteca
8000115,Bob Johnson,7000,25,-1
8000135,Diana Prince,7000,100,-1
8000115,Steve Rogers,7000,25,hipoteca
8000137,Steve Rogers,8000,,-1
8000141,Bob Johnson,8000,30,prestamo
8000112,John Doe,7000,150,-1
8000111,John Doe,,25,-1
8000121,John Doe,,150,ahorro
8000117,Bob Johnson,5000,,prestamo
8000120,Diana Prince,,,ahorro
8000120,Jane Smith,5000,40,prestamo
8000140,Alice Brown,5000,25,ahorro
8000129,John Doe,12000,35,unknown
8000130,Jane Smith,10000,45,prestamo
8000122,Jane Smith,5000,100,unknown
8000138,Diana Prince,5000,,-1
8000130,John Doe,5000,35,hipoteca
8000126,Alice Brown,7000,25,hipoteca
8000145,Steve Rogers,,,ahorro
8000107,Steve Rogers,10000,,ahorro
8000119,Diana Prince,10000,25,hipoteca
8000147,Jane Smith,12000,25,prestamo
8000146,Jane Smith,,25,-1
8000116,Steve Rogers,10000,30,-1
8000123,Alice Brown,,25,hipoteca
8000103,Alice Brown,,150,hipoteca
8000140,John Doe,,30,-1
8000120,Charlie Green,7000,,hipoteca
8000105,Jane Smith,7000,40,unknown
8000150,Bob Johnson,8000,40,ahorro
8000132,Bob Johnson,5000,150,-1
8000122,Unknown,12000,45,prestamo
8000120,Alice Brown,12000,45,-1
8000140,John Doe,7000,30,ahorro
8000143,Charlie Green,5000,100,ahorro
8000123,Steve Rogers,,,prestamo
8000144,Alice Brown,8000,45,ahorro
8000101,Diana Prince,8000,35,ahorro
8000132,John Doe,7000,30,hipoteca
8000123,Bob Johnson,10000,,ahorro
8000135,Steve Rogers,10000,45,unknown
8000119,Steve Rogers,8000,40,prestamo
8000127,Steve Rogers,5000,45,ahorro
8000150,Charlie Green,12000,45,prestamo
8000104,Jane Smith,10000,,hipoteca
8000110,Charlie Green,8000,,prestamo
8000148,Jane Smith,8000,25,ahorro
8000109,Steve Rogers,5000,45,prestamo
8000145,Steve Rogers,,,prestamo
8000109,Steve Rogers,10000,,prestamo
8000132,John Doe,12000,45,-1
8000131,Alice Brown,7000,45,ahorro
8000150,Alice Brown,10000,40,unknown
8000121,Alice Brown,12000,35,hipoteca
8000145,Alice Brown,7000,,ahorro
8000148,Alice Brown,7000,,hipoteca
8000120,Charlie Green,7000,40,-1
8000134,Diana Prince,12000,30,ahorro
8000103,Bob Johnson,10000,,-1
8000137,Alice Brown,,45,ahorro
8000140,Alice Brown,7000,,hipoteca
8000133,Alice Brown,7000,30,ahorro
8000114,Bob Johnson,5000,30,-1
8000114,Steve Rogers,5000,100,prestamo
8000105,Diana Prince,5000,30,-1
8000116,Alice Brown,8000,35,-1
8000140,John Doe,,45,-1
8000142,Alice Brown,,100,prestamo
8000125,Jane Smith,12000,30,-1
8000119,Charlie Green,5000,35,hipoteca
8000114,Charlie Green,7000,100,-1
8000112,John Doe,12000,,ahorro
8000128,Jane Smith,7000,100,hipoteca
8000118,Bob Johnson,10000,45,hipoteca
8000150,Jane Smith,8000,,-1
8000129,Charlie Green,10000,40,-1
8000143,Jane Smith,12000,40,hipoteca
8000124,Steve Rogers,8000,25,hipoteca
8000127,Steve Rogers,,,prestamo
8000125,Charlie Green,12000,25,-1
8000126,Diana Prince,,35,prestamo
8000118,Bob Johnson,8000,,ahorro
8000114,Alice Brown,,,-1
8000114,Charlie Green,10000,150,hipoteca
8000138,Diana Prince,7000,35,-1
8000141,Charlie Green,7000,35,hipoteca
8000140,Jane Smith,8000,30,hipoteca
8000110,Steve Rogers,8000,30,prestamo
8000140,Steve Rogers,12000,,ahorro
8000107,Alice Brown,10000,40,prestamo
8000124,John Doe,7000,30,prestamo
8000123,Steve Rogers,12000,35,hipoteca
8000144,Charlie Green,7000,150,prestamo
8000132,Alice Brown,5000,,ahorro
8000122,Jane Smith,,100,-1
8000116,Alice Brown,12000,30,-1
8000111,Steve Rogers,5000,35,ahorro
8000129,Unknown,,35,-1
8000117,Steve Rogers,10000,,hipoteca
8000126,Jane Smith,7000,40,ahorro
8000101,Diana Prince,12000,40,prestamo
8000147,John Doe,,35,hipoteca
8000119,Diana Prince,10000,40,ahorro
8000144,John Doe,,,prestamo
8000123,Steve Rogers,,,-1
8000122,Charlie Green,5000,,prestamo
8000102,Bob Johnson,12000,35,hipoteca
8000106,Diana Prince,,30,prestamo
8000134,Diana Prince,12000,35,prestamo
8000125,Steve Rogers,,100,ahorro
8000110,Jane Smith,7000,40,ahorro
8000139,Alice Brown,12000,100,unknown
8000115,Alice Brown,7000,,ahorro
8000106,Diana Prince,5000,100,unknown
8000114,Steve Rogers,7000,45,-1
8000117,Bob Johnson,7000,40,ahorro
8000103,Charlie Green,,30,hipoteca
8000109,Diana Prince,,40,hipoteca
8000111,John Doe,12000,40,hipoteca
8000107,John Doe,12000,45,hipoteca
8000102,Jane Smith,5000,,prestamo
8000103,Diana Prince,8000,45,prestamo
8000109,Diana Prince,5000,45,hipoteca
8000122,Diana Prince,8000,30,ahorro
8000137,John Doe,10000,150,prestamo
8000136,Diana Prince,,30,unknown
8000123,John Doe,8000,,ahorro
8000106,Alice Brown,12000,100,ahorro
8000123,Alice Brown,10000,,-1
8000129,Steve Rogers,7000,40,ahorro
8000142,John Doe,8000,100,hipoteca
8000138,Jane Smith,7000,45,ahorro
8000122,Diana Prince,5000,25,-1
8000126,Charlie Green,,35,hipoteca
8000129,Steve Rogers,7000,45,ahorro
8000106,Charlie Green,12000,35,ahorro
8000121,Bob Johnson,5000,25,-1
8000149,Charlie Green,,100,prestamo
8000143,Diana Prince,,40,hipoteca
8000121,Charlie Green,5000,,ahorro
8000116,John Doe,12000,,-1
8000133,Jane Smith,12000,45,ahorro
8000114,Steve Rogers,10000,45,hipoteca
8000135,Alice Brown,12000,45,prestamo
8000102,Alice Brown,12000,30,hipoteca
8000104,Unknown,10000,25,ahorro
8000145,Jane Smith,,25,prestamo
8000138,Alice Brown,,45,ahorro
8000114,John Doe,8000,25,-1
8000141,Steve Rogers,7000,45,hipoteca
8000115,John Doe,5000,35,ahorro
8000101,Steve Rogers,10000,100,ahorro
8000128,Diana Prince,8000,35,-1
8000120,Alice Brown,10000,100,-1
8000150,Unknown,10000,100,-1
8000121,Alice Brown,5000,40,-1
8000114,Bob Johnson,8000,45,unknown
8000117,Alice Brown,5000,,ahorro
8000147,Diana Prince,8000,150,ahorro
8000109,Bob Johnson,,,hipoteca
8000112,Diana Prince,10000,150,-1
8000149,Diana Prince,5000,25,hipoteca
8000120,Alice Brown,5000,45,-1
8000138,Diana Prince,5000,40,ahorro
8000112,Jane Smith,,150,hipoteca
8000149,Charlie Green,12000,40,prestamo
8000141,Alice Brown,5000,,-1
8000149,Steve Rogers,10000,40,-1
8000118,John Doe,7000,35,prestamo
8000132,Bob Johnson,7000,100,-1
8000141,Alice Brown,10000,30,-1
8000123,Unknown,7000,100,prestamo
8000118,John Doe,10000,100,hipoteca
8000138,Jane Smith,,,hipoteca
8000123,Alice Brown,8000,45,-1
8000129,Bob Johnson,12000,45,prestamo
8000144,Charlie Green,7000,30,-1
8000126,Diana Prince,5000,45,ahorro
8000136,Steve Rogers,12000,35,-1
8000105,John Doe,10000,150,ahorro
8000115,Bob Johnson,7000,35,hipoteca
8000147,John Doe,,30,ahorro
8000145,Bob Johnson,,35,ahorro
8000138,Charlie Green,,100,prestamo
8000134,Unknown,7000,45,ahorro
8000123,Charlie Green,5000,40,-1
8000115,John Doe,10000,35,prestamo
8000146,Bob Johnson,10000,40,-1
8000113,John Doe,8000,25,hipoteca
8000132,Steve Rogers,5000,45,hipoteca
8000101,Jane Smith,7000,45,hipoteca
8000123,Unknown,10000,35,prestamo
8000140,Unknown,12000,40,hipoteca
8000105,Diana Prince,7000,100,ahorro
8000128,Steve Rogers,5000,,ahorro
8000113,Unknown,,40,-1
8000106,Charlie Green,10000,100,ahorro
8000116,Diana Prince,8000,100,ahorro
8000140,John Doe,,30,hipoteca
8000127,Diana Prince,8000,30,ahorro
8000110,Alice Brown,7000,,-1
8000115,Diana Prince,,40,-1
8000138,Charlie Green,5000,,-1
8000150,Diana Prince,8000,35,-1
8000101,Steve Rogers,5000,35,-1
8000105,Alice Brown,,25,prestamo
8000150,Steve Rogers,,25,hipoteca
8000137,Charlie Green,7000,150,hipoteca
8000124,John Doe,,35,prestamo
8000132,John Doe,,40,-1
8000113,Alice Brown,,,-1
8000119,Steve Rogers,,35,-1
8000113,Charlie Green,7000,,unknown
8000146,Charlie Green,8000,25,unknown
8000121,Alice Brown,5000,25,hipoteca
8000143,John Doe,12000,35,prestamo
8000118,Jane Smith,5000,25,-1
8000144,Diana Prince,8000,100,prestamo
8000127,John Doe,12000,100,ahorro
8000120,John Doe,,,-1
8000133,Steve Rogers,5000,35,prestamo
8000114,Jane Smith,12000,100,unknown
8000139,Charlie Green,12000,45,-1
8000132,Alice Brown,12000,100,hipoteca
8000108,Alice Brown,5000,25,hipoteca
8000107,John Doe,8000,35,hipoteca
8000107,Bob Johnson,8000,45,-1
8000118,Charlie Green,5000,100,hipoteca
8000149,Steve Rogers,,150,prestamo
8000107,Alice Brown,10000,45,prestamo
8000128,Diana Prince,7000,,hipoteca
8000102,Diana Prince,5000,35,hipoteca
8000127,Charlie Green,7000,30,-1
8000112,Bob Johnson,5000,25,ahorro
8000120,Jane Smith,5000,150,-1
8000146,John Doe,,45,unknown
8000132,Bob Johnson,8000,100,prestamo
8000112,Jane Smith,,100,-1
8000129,Steve Rogers,7000,150,-1
8000136,Bob Johnson,10000,,hipoteca
8000134,Diana Prince,12000,100,ahorro
8000105,Jane Smith,10000,25,-1
8000112,Bob Johnson,,25,ahorro
8000150,John Doe,7000,40,ahorro
8000111,Steve Rogers,10000,,-1
8000149,Unknown,8000,40,ahorro
8000109,John Doe,8000,25,hipoteca
8000147,John Doe,,30,ahorro
8000144,Alice Brown,8000,30,hipoteca
8000120,Bob Johnson,5000,45,-1
8000133,John Doe,10000,,hipoteca
8000114,Jane Smith,5000,35,ahorro
8000114,Steve Rogers,10000,100,-1
8000132,Diana Prince,7000,,-1
8000147,Unknown,5000,45,-1
8000104,Steve Rogers,,,hipoteca
8000108,Alice Brown,,100,prestamo
8000126,Unknown,12000,25,-1
8000118,Jane Smith,10000,45,ahorro
8000110,John Doe,8000,25,-1
8000116,Steve Rogers,7000,150,hipoteca
8000107,John Doe,7000,25,-1
8000133,Alice Brown,5000,35,prestamo
8000115,Bob Johnson,10000,45,hipoteca
8000134,Diana Prince,10000,40,-1
8000145,John Doe,5000,35,hipoteca
8000141,John Doe,10000,35,prestamo
8000103,John Doe,,45,hipoteca
8000117,Alice Brown,10000,100,unknown
8000106,Diana Prince,8000,25,-1
8000128,Jane Smith,8000,30,-1
8000103,Jane Smith,7000,25,unknown
8000120,Jane Smith,5000,,ahorro
8000109,Alice Brown,,150,hipoteca
8000135,Charlie Green,12000,,prestamo
8000129,Diana Prince,,30,hipoteca
8000130,John Doe,,40,ahorro
8000130,Jane Smith,8000,25,prestamo
8000104,Bob Johnson,12000,30,prestamo
8000144,Steve Rogers,10000,,prestamo
8000120,Jane Smith,,25,prestamo
8000101,John Doe,10000,35,prestamo
8000102,Jane Smith,,150,hipoteca
8000145,Alice Brown,,100,hipoteca
8000136,Jane Smith,7000,40,ahorro
8000122,Alice Brown,10000,45,hipoteca
8000121,Diana Prince,7000,45,prestamo
8000134,Charlie Green,10000,45,prestamo
8000137,Jane Smith,8000,,-1
8000130,Alice Brown,,25,-1
8000116,Alice Brown,12000,40,unknown
8000133,Alice Brown,5000,35,hipoteca
8000126,Bob Johnson,,,ahorro
8000129,Jane Smith,10000,,-1
8000138,Unknown,10000,30,-1
8000148,Unknown,5000,100,ahorro
8000124,Steve Rogers,7000,,hipoteca
8000110,Alice Brown,7000,,-1
8000139,Jane Smith,,100,-1
8000107,Alice Brown,7000,100,prestamo
8000142,Steve Rogers,7000,30,-1
8000113,John Doe,,30,prestamo
8000107,Alice Brown,10000,40,-1
8000140,Charlie Green,5000,,prestamo
8000113,Alice Brown,7000,150,-1
8000114,Bob Johnson,7000,,-1
8000102,Bob Johnson,5000,150,hipoteca
8000138,Jane Smith,7000,45,prestamo
8000143,Charlie Green,,45,-1
8000103,Jane Smith,10000,100,-1
8000107,Alice Brown,7000,,hipoteca
8000112,Bob Johnson,10000,30,ahorro
8000107,Bob Johnson,,35,hipoteca
8000142,Steve Rogers,,25,ahorro
8000148,Charlie Green,8000,,ahorro
8000144,Bob Johnson,10000,,unknown
8000118,Diana Prince,7000,40,prestamo
8000114,Steve Rogers,10000,,unknown
8000103,Jane Smith,5000,,ahorro
8000150,Diana Prince,10000,25,-1
8000125,John Doe,,25,-1
8000150,Jane Smith,8000,150,hipoteca
8000123,John Doe,5000,35,unknown
8000120,John Doe,7000,30,prestamo
8000138,Bob Johnson,10000,30,-1
8000141,John Doe,12000,25,ahorro
8000113,Steve Rogers,7000,45,hipoteca
8000102,Charlie Green,12000,40,ahorro
8000137,Jane Smith,7000,150,ahorro
8000103,Diana Prince,10000,100,-1
8000136,Alice Brown,5000,25,prestamo
8000145,Steve Rogers,,100,-1
8000138,John Doe,10000,25,unknown
8000117,Diana Prince,12000,,hipoteca
8000131,Bob Johnson,10000,,-1
8000132,Unknown,12000,,prestamo
8000146,Bob Johnson,,30,-1
8000108,John Doe,8000,45,prestamo
8000112,Jane Smith,5000,40,unknown
8000119,Steve Rogers,5000,45,unknown
8000137,Alice Brown,8000,,-1
8000127,Charlie Green,7000,30,unknown
8000109,Unknown,,25,-1
8000118,John Doe,,40,hipoteca
8000121,John Doe,,25,ahorro
8000105,Bob Johnson,8000,40,ahorro
8000119,John Doe,8000,,ahorro
8000122,Bob Johnson,5000,40,ahorro
8000122,Diana Prince,7000,,ahorro
8000113,John Doe,12000,,ahorro
8000131,Bob Johnson,7000,35,-1
8000111,Steve Rogers,,,hipoteca
8000114,Diana Prince,,,ahorro
8000139,Charlie Green,5000,35,unknown
8000134,Bob Johnson,5000,25,prestamo
8000150,Alice Brown,7000,35,ahorro
8000103,John Doe,5000,,prestamo
8000108,Alice Brown,5000,30,unknown
8000140,Alice Brown,8000,40,ahorro
8000147,Charlie Green,7000,25,prestamo
8000110,Bob Johnson,7000,35,hipoteca
8000143,Charlie Green,10000,35,-1
8000137,Bob Johnson,5000,40,-1
8000124,John Doe,7000,,hipoteca
8000140,Alice Brown,5000,35,prestamo
8000112,Steve Rogers,8000,30,prestamo
8000102,Alice Brown,8000,45,prestamo
8000131,Diana Prince,5000,45,hipoteca
8000104,Steve Rogers,10000,25,prestamo
8000128,Diana Prince,,35,hipoteca
8000133,Alice Brown,,,hipoteca
8000138,Alice Brown,8000,45,prestamo
8000121,Bob Johnson,8000,35,hipoteca
8000130,John Doe,5000,25,prestamo
8000143,Diana Prince,,35,unknown
8000116,Diana Prince,,30,hipoteca
8000136,Diana Prince,5000,40,prestamo
8000105,Unknown,10000,45,prestamo
8000107,Alice Brown,10000,,hipoteca
8000135,Steve Rogers,12000,25,ahorro
8000126,John Doe,5000,45,ahorro
8000101,Alice Brown,8000,25,hipoteca
8000111,John Doe,,,ahorro
8000121,Steve Rogers,12000,30,-1
8000138,Alice Brown,12000,30,ahorro
8000116,Bob Johnson,,45,-1
8000101,John Doe,8000,30,hipoteca
8000133,John Doe,,25,ahorro
8000129,Diana Prince,8000,45,ahorro
8000138,Jane Smith,12000,30,prestamo
8000127,Diana Prince,7000,40,-1
8000137,Jane Smith,10000,45,hipoteca
8000115,Jane Smith,12000,45,-1
8000123,John Doe,5000,25,ahorro
8000109,Diana Prince,,,hipoteca
8000122,Charlie Green,10000,45,hipoteca
8000135,John Doe,10000,,-1
8000102,Jane Smith,5000,40,prestamo
8000110,Steve Rogers,,,hipoteca
8000112,Jane Smith,10000,,ahorro
8000132,Bob Johnson,10000,100,-1
8000104,Jane Smith,8000,,-1
8000120,Steve Rogers,,30,prestamo
8000126,Alice Brown,8000,,prestamo
8000124,Steve Rogers,,45,-1
8000127,Charlie Green,5000,150,ahorro
8000132,Diana Prince,8000,45,hipoteca
8000131,Jane Smith,10000,40,-1
8000123,Alice Brown,12000,35,hipoteca
8000134,John Doe,8000,40,-1
8000114,Steve Rogers,,45,unknown
8000111,Bob Johnson,,,prestamo
8000139,Charlie Green,10000,40,ahorro
8000133,John Doe,10000,35,-1
8000147,Charlie Green,10000,150,hipoteca
8000145,Bob Johnson,12000,35,hipoteca
8000104,Diana Prince,,30,ahorro
8000115,Diana Prince,,,hipoteca
8000144,Bob Johnson,12000,35,-1
8000101,Charlie Green,12000,35,hipoteca
8000134,Charlie Green,12000,30,-1
8000121,Bob Johnson,7000,30,hipoteca
8000114,Steve Rogers,7000,100,ahorro
8000145,Diana Prince,12000,35,prestamo
8000147,Steve Rogers,8000,30,ahorro
8000117,Alice Brown,5000,25,-1
8000131,Charlie Green,10000,,-1
8000115,Bob Johnson,8000,45,hipoteca
8000109,Jane Smith,5000,100,hipoteca
8000126,Alice Brown,8000,30,-1
8000143,Bob Johnson,10000,30,ahorro
8000114,Diana Prince,,,prestamo
8000139,Steve Rogers,,,ahorro
8000149,Bob Johnson,12000,45,-1
8000119,Steve Rogers,5000,,hipoteca
8000104,Steve Rogers,,45,-1
8000128,John Doe,8000,150,prestamo
8000120,Steve Rogers,7000,30,ahorro
8000110,Steve Rogers,10000,25,hipoteca
8000116,John Doe,12000,,unknown
8000133,Steve Rogers,,150,ahorro
8000135,Bob Johnson,7000,40,-1
8000142,Jane Smith,8000,40,unknown
8000134,Bob Johnson,10000,30,hipoteca
8000118,Charlie Green,12000,150,prestamo
8000134,Alice Brown,,45,-1
8000120,Charlie Green,7000,150,prestamo
8000132,Alice Brown,12000,,ahorro
8000126,Alice Brown,5000,40,prestamo
8000143,Alice Brown,,35,prestamo
8000104,Steve Rogers,,40,-1
8000141,Jane Smith,,40,prestamo
8000106,Alice Brown,5000,45,-1
8000105,Steve Rogers,10000,35,prestamo
8000150,Bob Johnson,12000,100,ahorro
8000133,Steve Rogers,10000,45,prestamo
8000149,Charlie Green,12000,25,-1
8000112,Diana Prince,10000,,-1
8000142,Bob Johnson,,100,hipoteca
8000106,Unknown,8000,25,hipoteca
8000131,Steve Rogers,,30,-1
8000102,John Doe,12000,,-1
8000105,Alice Brown,8000,25,prestamo
8000137,Alice Brown,,25,-1
8000143,Unknown,7000,,ahorro
8000141,Jane Smith,8000,30,prestamo
8000140,Steve Rogers,5000,150,prestamo
8000124,Jane Smith,12000,45,-1
8000143,Alice Brown,8000,40,ahorro
8000110,Alice Brown,5000,25,hipoteca
8000129,Jane Smith,10000,25,prestamo
8000118,John Doe,12000,,hipoteca
8000142,Jane Smith,8000,100,hipoteca
8000114,Diana Prince,5000,25,-1
8000104,Jane Smith,,25,unknown
8000130,Steve Rogers,,35,-1
8000139,Alice Brown,12000,35,unknown
8000150,Bob Johnson,10000,35,hipoteca
8000120,Jane Smith,,40,ahorro
8000119,Unknown,5000,,ahorro
8000128,Alice Brown,5000,40,-1
8000146,Charlie Green,7000,40,ahorro
8000125,John Doe,,40,ahorro
8000108,Alice Brown,8000,35,hipoteca
8000140,Diana Prince,7000,150,-1
8000150,Steve Rogers,7000,30,hipoteca
8000138,Unknown,8000,,prestamo
8000113,Diana Prince,8000,40,-1
8000115,Bob Johnson,8000,45,hipoteca
8000139,Jane Smith,,30,-1
8000147,John Doe,8000,40,unknown
8000109,John Doe,,30,ahorro
8000106,Bob Johnson,7000,100,-1
8000140,Bob Johnson,,150,ahorro
8000137,Diana Prince,8000,,-1
8000133,Steve Rogers,10000,25,prestamo
8000127,John Doe,8000,150,prestamo
8000116,Bob Johnson,12000,,prestamo
8000107,Jane Smith,,,hipoteca
8000117,John Doe,,100,ahorro
8000118,John Doe,,100,hipoteca
8000129,Alice Brown,5000,,ahorro
8000135,Unknown,10000,45,ahorro
8000116,Charlie Green,12000,,ahorro
8000107,Diana Prince,10000,,-1
8000105,Alice Brown,5000,45,-1
8000120,Jane Smith,7000,45,hipoteca
8000149,John Doe,10000,25,ahorro
8000137,Steve Rogers,7000,35,-1
8000138,John Doe,7000,100,ahorro
8000142,Bob Johnson,8000,35,-1
8000136,Alice Brown,,45,-1
8000104,Diana Prince,8000,30,-1
8000138,Charlie Green,7000,,hipoteca
8000123,Bob Johnson,12000,40,hipoteca
8000144,Alice Brown,10000,45,ahorro
8000149,Alice Brown,10000,,prestamo
8000148,Bob Johnson,7000,30,ahorro
8000109,Diana Prince,,30,ahorro
8000116,Diana Prince,5000,45,-1
8000119,John Doe,8000,100,hipoteca
8000139,John Doe,10000,35,ahorro
8000107,Steve Rogers,10000,25,prestamo
8000113,John Doe,8000,45,prestamo
8000114,Alice Brown,5000,,ahorro
8000127,Alice Brown,,,-1
8000116,John Doe,10000,,-1
8000142,Bob Johnson,7000,25,ahorro
8000135,John Doe,12000,40,prestamo
8000125,Diana Prince,5000,45,unknown
8000106,Charlie Green,8000,25,prestamo
8000121,Alice Brown,8000,45,ahorro
8000138,John Doe,10000,30,unknown
8000150,Charlie Green,12000,40,prestamo
8000140,Jane Smith,7000,25,prestamo
8000148,Diana Prince,10000,25,prestamo
8000148,Steve Rogers,,,prestamo
8000141,Bob Johnson,10000,100,ahorro
8000105,John Doe,,35,ahorro
8000105,Diana Prince,,100,prestamo
8000103,Unknown,7000,40,-1
8000148,Steve Rogers,5000,150,-1
8000109,Diana Prince,7000,25,-1
8000111,Alice Brown,5000,45,prestamo
8000113,Bob Johnson,5000,35,prestamo
8000142,Jane Smith,10000,25,prestamo
8000148,Steve Rogers,7000,,ahorro
8000144,Jane Smith,7000,25,-1
8000103,Bob Johnson,,100,-1
8000114,Alice Brown,8000,150,prestamo
8000129,Steve Rogers,5000,,prestamo
8000123,Steve Rogers,12000,,hipoteca
8000107,Jane Smith,10000,,prestamo
8000134,Steve Rogers,,35,-1
8000113,Diana Prince,10000,,hipoteca
8000116,Steve Rogers,7000,40,hipoteca
8000127,Diana Prince,5000,100,ahorro
8000125,Diana Prince,,,prestamo
8000129,Unknown,10000,35,prestamo
8000105,Jane Smith,12000,45,hipoteca
8000114,Alice Brown,7000,35,ahorro
8000145,Diana Prince,7000,45,prestamo
8000106,Bob Johnson,5000,35,-1
8000121,John Doe,12000,45,hipoteca
8000134,Steve Rogers,8000,,hipoteca
8000131,Bob Johnson,10000,,prestamo
8000131,John Doe,10000,100,unknown
8000129,Alice Brown,,30,prestamo
8000111,Steve Rogers,10000,30,ahorro
8000139,Jane Smith,8000,45,hipoteca
8000125,Jane Smith,5000,,ahorro
8000124,Diana Prince,10000,45,unknown
8000119,Unknown,5000,40,prestamo
8000144,John Doe,,25,hipoteca
8000146,Bob Johnson,5000,40,hipoteca
8000114,Alice Brown,7000,25,-1
8000113,Bob Johnson,12000,,hipoteca
8000127,Charlie Green,7000,150,-1
8000124,John Doe,12000,,-1
8000139,Jane Smith,10000,,hipoteca
8000108,Steve Rogers,5000,30,-1
8000136,John Doe,8000,35,-1
8000129,Steve Rogers,10000,45,hipoteca
8000123,John Doe,7000,40,unknown
8000103,John Doe,7000,150,ahorro
8000140,Bob Johnson,,40,unknown
8000129,John Doe,,40,prestamo
8000102,Charlie Green,10000,35,prestamo
8000142,Charlie Green,12000,,hipoteca
8000110,Bob Johnson,5000,45,-1
8000149,Bob Johnson,8000,25,hipoteca
8000142,Alice Brown,12000,,-1
8000130,Unknown,12000,100,ahorro
8000111,Steve Rogers,,,-1
8000107,John Doe,,35,-1
8000144,John Doe,10000,,unknown
8000142,Alice Brown,10000,25,ahorro
8000111,John Doe,,45,prestamo
8000105,Alice Brown,10000,25,prestamo
8000125,Alice Brown,10000,100,ahorro
8000125,Diana Prince,5000,35,prestamo
8000122,Charlie Green,8000,25,-1
8000137,Diana Prince,,100,prestamo
8000123,John Doe,7000,25,prestamo
8000138,Steve Rogers,,40,prestamo
8000137,Alice Brown,7000,40,ahorro
8000123,Unknown,10000,100,ahorro
8000122,Alice Brown,5000,,ahorro
8000139,Charlie Green,,25,hipoteca
8000110,Diana Prince,8000,40,-1
8000137,Jane Smith,8000,100,ahorro
8000139,Charlie Green,7000,150,prestamo
8000132,Charlie Green,5000,100,ahorro
8000143,Steve Rogers,8000,40,prestamo
8000144,Alice Brown,7000,,prestamo
8000148,Alice Brown,8000,100,-1
8000106,Diana Prince,7000,30,-1
8000137,Charlie Green,5000,40,hipoteca
8000106,Charlie Green,,35,hipoteca
8000118,Jane Smith,12000,35,ahorro
8000107,Jane Smith,,40,prestamo
8000143,Bob Johnson,12000,45,-1
8000140,Diana Prince,5000,100,prestamo
8000114,Bob Johnson,7000,,ahorro
8000109,Diana Prince,7000,25,-1
8000132,Unknown,5000,35,hipoteca
8000110,Steve Rogers,,25,hipoteca
8000139,Diana Prince,12000,100,unknown
8000150,Diana Prince,8000,,-1
8000102,Charlie Green,,30,ahorro
8000145,Steve Rogers,12000,30,ahorro
8000107,Jane Smith,,100,hipoteca
8000144,Charlie Green,8000,25,-1
8000116,Steve Rogers,,40,-1
8000135,Bob Johnson,,40,hipoteca
8000139,Charlie Green,10000,,-1
8000138,Bob Johnson,8000,,-1
8000142,Unknown,7000,45,hipoteca
8000123,Jane Smith,8000,40,unknown
8000127,Jane Smith,8000,100,ahorro
8000145,Bob Johnson,12000,25,-1
8000128,Jane Smith,,45,hipoteca
8000133,John Doe,12000,,prestamo
8000145,Jane Smith,7000,100,-1
8000145,Charlie Green,10000,30,unknown
8000124,Steve Rogers,10000,100,hipoteca
8000140,Charlie Green,,35,hipoteca
8000114,Bob Johnson,,,prestamo
8000101,Bob Johnson,8000,,ahorro
8000128,Jane Smith,8000,25,-1
8000128,Diana Prince,8000,40,ahorro
8000111,Jane Smith,7000,,ahorro
8000145,Steve Rogers,12000,100,ahorro
8000114,Steve Rogers,5000,,-1
8000119,John Doe,12000,35,-1
8000101,Bob Johnson,12000,100,hipoteca
8000107,Unknown,10000,30,-1
8000105,Steve Rogers,,35,hipoteca
8000104,John Doe,,45,ahorro
8000122,Bob Johnson,10000,,ahorro
8000128,Steve Rogers,8000,100,ahorro
8000117,Jane Smith,,25,-1
8000135,Alice Brown,8000,100,ahorro
8000149,Alice Brown,,35,ahorro
8000121,Jane Smith,12000,40,hipoteca
8000125,Bob Johnson,10000,30,-1
8000126,John Doe,10000,100,prestamo
8000138,Bob Johnson,,35,prestamo
8000149,Bob Johnson,5000,45,ahorro
8000134,Diana Prince,12000,40,prestamo
8000102,Jane Smith,12000,,hipoteca
8000120,Diana Prince,12000,45,-1
8000101,Bob Johnson,10000,35,-1
8000121,Alice Brown,5000,,-1
8000127,Bob Johnson,,,prestamo
8000140,Charlie Green,8000,30,prestamo
8000122,Unknown,10000,30,ahorro
8000136,John Doe,10000,35,prestamo
8000102,Alice Brown,5000,35,hipoteca
8000117,Unknown,5000,45,ahorro
8000128,Unknown,10000,30,prestamo
8000123,Alice Brown,7000,35,ahorro
8000108,John Doe,,,-1
8000134,John Doe,5000,45,-1
8000105,Alice Brown,,30,ahorro
8000138,Diana Prince,10000,30,-1
8000113,Bob Johnson,5000,100,hipoteca
8000134,Steve Rogers,5000,,prestamo
8000147,Steve Rogers,10000,150,-1
8000149,Steve Rogers,7000,25,ahorro
8000124,Unknown,12000,35,hipoteca
8000149,Alice Brown,10000,100,prestamo
8000106,Unknown,8000,25,ahorro
8000131,Charlie Green,,25,ahorro
8000111,Alice Brown,8000,,-1
8000129,Steve Rogers,5000,35,prestamo
8000121,Charlie Green,,45,prestamo
8000113,Diana Prince,5000,35,ahorro
8000135,Diana Prince,8000,40,prestamo
8000129,Steve Rogers,10000,,prestamo
8000116,John Doe,7000,30,hipoteca
8000147,Diana Prince,8000,45,hipoteca
8000106,Diana Prince,10000,35,ahorro
8000122,Diana Prince,10000,35,ahorro
8000106,John Doe,5000,25,-1
8000114,Diana Prince,12000,40,hipoteca
8000133,Jane Smith,12000,25,prestamo
8000102,Diana Prince,12000,30,hipoteca
8000108,Diana Prince,5000,25,unknown
8000120,Steve Rogers,5000,40,hipoteca
8000104,John Doe,7000,100,prestamo
8000107,Steve Rogers,5000,25,hipoteca
8000117,Bob Johnson,5000,100,prestamo
8000141,Jane Smith,12000,100,prestamo
8000115,Alice Brown,12000,150,prestamo
8000103,Bob Johnson,7000,30,ahorro
8000107,Diana Prince,8000,25,hipoteca
8000113,Steve Rogers,8000,25,-1
8000101,Bob Johnson,,100,prestamo
8000138,Charlie Green,12000,,hipoteca
8000128,Diana Prince,7000,35,prestamo
8000146,Steve Rogers,10000,,-1
8000109,Bob Johnson,10000,,-1
8000108,John Doe,8000,25,prestamo
8000135,Jane Smith,12000,30,unknown
8000108,Jane Smith,5000,35,prestamo
8000142,Bob Johnson,,100,prestamo
8000102,Steve Rogers,7000,40,-1
8000110,Steve Rogers,7000,30,ahorro
8000110,Unknown,10000,,-1
8000114,Unknown,8000,35,ahorro
8000132,John Doe,12000,45,prestamo
8000145,Diana Prince,8000,100,-1
8000108,Diana Prince,7000,30,-1
8000104,Bob Johnson,10000,25,prestamo
8000111,Charlie Green,10000,100,hipoteca
8000125,John Doe,7000,25,prestamo
8000136,Alice Brown,8000,35,hipoteca
8000147,Bob Johnson,5000,,-1
8000116,Steve Rogers,10000,100,hipoteca
8000106,Alice Brown,8000,40,prestamo
8000111,Jane Smith,,,prestamo
8000143,Jane Smith,10000,40,-1
8000123,Diana Prince,,25,ahorro
8000127,Steve Rogers,12000,25,-1
8000137,Diana Prince,10000,,hipoteca
8000121,John Doe,7000,25,-1
8000106,Steve Rogers,,35,ahorro
8000146,Diana Prince,10000,30,-1
8000105,John Doe,,30,-1
8000109,John Doe,7000,40,prestamo
8000142,Alice Brown,8000,25,-1
8000114,Jane Smith,,150,hipoteca
8000126,Diana Prince,5000,45,-1
8000113,Diana Prince,5000,25,-1
8000118,Steve Rogers,,45,ahorro
8000119,Jane Smith,,35,prestamo
8000138,Steve Rogers,5000,,hipoteca
8000135,Alice Brown,,45,prestamo
8000112,Steve Rogers,,40,prestamo
8000115,John Doe,8000,100,-1
8000125,Bob Johnson,7000,150,prestamo
8000131,Bob Johnson,10000,150,-1
8000122,John Doe,12000,100,hipoteca
8000130,Steve Rogers,5000,30,ahorro
8000126,John Doe,10000,,-1
8000106,John Doe,12000,35,prestamo
8000139,Alice Brown,7000,35,unknown
8000136,Bob Johnson,,,hipoteca
8000136,Steve Rogers,,40,-1
8000122,Bob Johnson,10000,40,ahorro
8000101,Jane Smith,10000,30,hipoteca
8000147,Steve Rogers,12000,,-1
8000128,John Doe,5000,30,prestamo
8000142,Charlie Green,7000,,prestamo
8000143,Jane Smith,10000,25,-1
8000119,John Doe,5000,35,prestamo
8000111,John Doe,12000,100,-1
8000108,Alice Brown,5000,45,ahorro
8000121,Alice Brown,8000,30,-1
8000107,John Doe,,45,-1
8000125,Alice Brown,,30,prestamo
8000124,Jane Smith,10000,45,prestamo
8000123,Diana Prince,10000,25,ahorro
8000116,Diana Prince,10000,25,-1
8000146,Unknown,12000,25,hipoteca
8000122,Jane Smith,,35,hipoteca
8000101,Jane Smith,12000,40,-1
8000103,Bob Johnson,7000,,prestamo
8000111,John Doe,12000,100,prestamo
8000121,Bob Johnson,,100,prestamo
8000115,Alice Brown,8000,40,hipoteca
8000135,Bob Johnson,10000,30,prestamo
8000114,Diana Prince,8000,30,-1
8000149,Steve Rogers,8000,25,prestamo
8000108,Diana Prince,10000,35,ahorro
8000141,Steve Rogers,,40,-1
8000129,Steve Rogers,7000,30,-1
8000108,Jane Smith,8000,25,-1
8000115,Charlie Green,5000,35,prestamo
8000142,Diana Prince,8000,,prestamo
8000150,Bob Johnson,8000,25,hipoteca
8000113,Jane Smith,8000,45,hipoteca
8000101,Bob Johnson,12000,30,hipoteca
8000105,Alice Brown,8000,35,-1
8000127,Charlie Green,8000,100,hipoteca
8000149,Bob Johnson,10000,25,-1
8000134,Diana Prince,,45,hipoteca
8000110,Charlie Green,10000,25,prestamo
8000148,Charlie Green,12000,100,ahorro
8000115,Bob Johnson,,30,prestamo
8000135,John Doe,10000,100,hipoteca
8000140,John Doe,7000,30,prestamo
8000113,Jane Smith,8000,35,-1
8000108,Jane Smith,,35,ahorro
8000130,Steve Rogers,12000,45,hipoteca
8000122,Alice Brown,5000,30,ahorro
8000144,John Doe,7000,45,ahorro
8000132,Unknown,5000,,-1
8000108,Charlie Green,8000,,prestamo
8000132,Bob Johnson,5000,25,ahorro
8000130,John Doe,12000,30,unknown
8000104,Bob Johnson,,,prestamo
8000102,Alice Brown,12000,30,-1
8000129,Bob Johnson,7000,,ahorro
8000141,Alice Brown,8000,25,prestamo
8000128,John Doe,12000,40,ahorro
8000122,Steve Rogers,10000,40,ahorro
8000123,Charlie Green,,,prestamo
8000104,Steve Rogers,5000,25,hipoteca
8000107,Diana Prince,5000,45,unknown
8000128,Diana Prince,8000,35,ahorro
8000113,Alice Brown,8000,35,hipoteca
8000117,Alice Brown,,45,hipoteca
8000129,Jane Smith,,30,-1
8000133,John Doe,7000,150,-1
8000113,Jane Smith,,25,prestamo
8000104,Alice Brown,7000,45,hipoteca
8000123,Alice Brown,,25,hipoteca
8000109,Alice Brown,12000,40,hipoteca
8000129,Alice Brown,5000,45,ahorro
8000146,Charlie Green,12000,100,hipoteca
8000141,Bob Johnson,5000,40,prestamo
8000127,Diana Prince,8000,35,-1
8000116,Diana Prince,7000,100,ahorro
8000126,Charlie Green,7000,100,hipoteca
8000135,Alice Brown,7000,,-1
8000111,John Doe,10000,35,hipoteca
8000119,John Doe,10000,100,-1
8000123,Bob Johnson,5000,45,ahorro
8000129,Unknown,7000,35,-1
8000105,Steve Rogers,10000,35,ahorro
8000116,Alice Brown,10000,30,-1
8000101,Charlie Green,8000,100,prestamo
8000117,Diana Prince,12000,30,prestamo
8000106,John Doe,5000,35,ahorro
8000139,Charlie Green,,25,-1
8000114,Steve Rogers,,100,prestamo
8000134,Bob Johnson,10000,35,hipoteca
9000137,Bob Johnson,7000,,prestamo
9000114,Unknown,,30,-1
9000133,Alice Brown,12000,100,hipoteca
9000106,Jane Smith,12000,40,prestamo
9000122,Bob Johnson,7000,40,hipoteca
9000108,Jane Smith,12000,100,prestamo
9000124,Bob Johnson,12000,35,hipoteca
9000138,Steve Rogers,10000,25,-1
9000113,Charlie Green,,35,hipoteca
9000133,Steve Rogers,12000,40,prestamo
9000102,Alice Brown,12000,45,-1
9000130,Diana Prince,12000,45,hipoteca
9000137,Steve Rogers,12000,30,ahorro
9000145,Charlie Green,8000,150,ahorro
9000127,Bob Johnson,5000,30,ahorro
9000117,Steve Rogers,12000,100,ahorro
9000128,Diana Prince,7000,100,prestamo
9000147,Alice Brown,8000,100,hipoteca
9000148,John Doe,7000,,prestamo
9000142,Steve Rogers,5000,,-1
9000109,Charlie Green,7000,45,hipoteca
9000103,Jane Smith,8000,30,-1
9000110,Unknown,5000,35,-1
9000111,Diana Prince,10000,,hipoteca
9000136,Charlie Green,8000,100,-1
9000146,Steve Rogers,,30,ahorro
9000134,Charlie Green,8000,150,-1
9000113,Alice Brown,10000,45,prestamo
9000107,Alice Brown,,25,prestamo
9000111,Diana Prince,5000,30,prestamo
9000103,Jane Smith,7000,40,unknown
9000110,Jane Smith,8000,100,ahorro
9000116,Diana Prince,,,prestamo
9000105,Diana Prince,10000,25,prestamo
9000141,Unknown,7000,,ahorro
9000120,John Doe,,,-1
9000143,Steve Rogers,12000,30,ahorro
9000140,John Doe,,45,-1
9000107,Diana Prince,,25,ahorro
9000133,Alice Brown,10000,45,hipoteca
9000136,Steve Rogers,5000,40,hipoteca
9000150,Charlie Green,,40,hipoteca
9000137,Steve Rogers,,35,prestamo
9000126,Jane Smith,5000,25,-1
9000133,Diana Prince,8000,40,prestamo
9000126,Bob Johnson,12000,35,prestamo
9000104,Steve Rogers,8000,45,-1
9000143,Charlie Green,,150,hipoteca
9000133,Steve Rogers,,100,-1
9000121,Alice Brown,12000,100,-1
9000118,John Doe,8000,40,prestamo
9000104,Jane Smith,12000,150,ahorro
9000127,John Doe,5000,100,hipoteca
9000108,John Doe,8000,45,prestamo
9000123,Diana Prince,7000,,hipoteca
9000138,Alice Brown,5000,,-1
9000121,Steve Rogers,8000,,hipoteca
9000107,Charlie Green,10000,150,hipoteca
9000119,John Doe,10000,100,-1
9000122,Jane Smith,12000,25,prestamo
9000132,Jane Smith,10000,100,hipoteca
9000137,Bob Johnson,8000,,ahorro
9000139,Bob Johnson,,35,prestamo
9000102,Alice Brown,8000,,ahorro
9000133,Steve Rogers,10000,25,hipoteca
9000141,Bob Johnson,,,ahorro
9000140,Bob Johnson,8000,40,-1
9000126,Alice Brown,12000,,prestamo
9000110,Charlie Green,7000,45,hipoteca
9000123,John Doe,12000,100,prestamo
9000140,Steve Rogers,7000,40,ahorro
9000128,Jane Smith,8000,35,ahorro
9000107,Diana Prince,,25,-1
9000107,Unknown,5000,,ahorro
9000120,Bob Johnson,,40,-1
9000111,Charlie Green,12000,40,-1
9000106,Steve Rogers,7000,40,hipoteca
9000120,Unknown,,40,prestamo
9000132,Unknown,10000,30,hipoteca
9000137,Alice Brown,8000,100,hipoteca
9000119,Bob Johnson,10000,25,-1
9000136,Charlie Green,10000,35,-1
9000130,Charlie Green,,25,-1
9000137,John Doe,,40,-1
9000102,Bob Johnson,8000,45,-1
9000114,Charlie Green,10000,,-1
9000112,Steve Rogers,10000,,ahorro
9000140,Jane Smith,,35,-1
9000110,Charlie Green,7000,25,-1
9000105,Jane Smith,8000,40,prestamo
9000111,John Doe,5000,35,hipoteca
9000134,Alice Brown,10000,30,prestamo
9000149,Bob Johnson,8000,,ahorro
9000124,Bob Johnson,10000,25,prestamo
9000147,Alice Brown,12000,40,ahorro
9000122,Bob Johnson,,100,-1
9000102,Jane Smith,7000,,prestamo
9000138,John Doe,12000,150,prestamo
9000121,Steve Rogers,5000,35,prestamo
9000139,Alice Brown,5000,100,unknown
9000136,Alice Brown,10000,,ahorro
9000103,Charlie Green,8000,30,-1
9000147,Bob Johnson,7000,100,hipoteca
9000127,Alice Brown,7000,,-1
9000149,Alice Brown,10000,25,-1
9000115,Charlie Green,8000,45,-1
9000131,Steve Rogers,8000,150,-1
9000148,Bob Johnson,,30,unknown
9000106,Unknown,7000,30,ahorro
9000120,Jane Smith,5000,40,hipoteca
9000108,Jane Smith,10000,100,ahorro
9000130,Steve Rogers,5000,45,prestamo
9000113,Jane Smith,10000,,unknown
9000135,Charlie Green,12000,150,-1
9000150,Steve Rogers,,,hipoteca
9000123,Diana Prince,,30,ahorro
9000146,Jane Smith,12000,100,hipoteca
9000105,Steve Rogers,8000,25,-1
9000127,Diana Prince,,150,-1
9000113,Charlie Green,,30,-1
9000145,Diana Prince,,25,-1
9000123,Bob Johnson,5000,25,ahorro
9000142,John Doe,,35,hipoteca
9000141,Steve Rogers,8000,35,ahorro
9000146,Charlie Green,7000,30,ahorro
9000133,John Doe,12000,35,-1
9000128,John Doe,,35,unknown
9000124,Diana Prince,12000,45,ahorro
9000112,Bob Johnson,8000,25,hipoteca
9000126,Diana Prince,12000,,hipoteca
9000149,Alice Brown,8000,,prestamo
9000116,Unknown,12000,25,prestamo
9000111,Unknown,5000,100,hipoteca
9000107,Unknown,12000,30,hipoteca
9000121,John Doe,,35,hipoteca
9000123,Bob Johnson,12000,45,-1
9000108,Alice Brown,10000,,ahorro
9000121,John Doe,,,-1
9000134,Charlie Green,7000,45,hipoteca
9000108,Jane Smith,12000,45,-1
9000143,Charlie Green,5000,40,hipoteca
9000115,Bob Johnson,7000,25,-1
9000135,Diana Prince,7000,100,-1
9000115,Steve Rogers,7000,25,hipoteca
9000137,Steve Rogers,8000,,-1
9000141,Bob Johnson,8000,30,prestamo
9000112,John Doe,7000,150,-1
9000111,John Doe,,25,-1
9000121,John Doe,,150,ahorro
9000117,Bob Johnson,5000,,prestamo
9000120,Diana Prince,,,ahorro
9000120,Jane Smith,5000,40,prestamo
9000140,Alice Brown,5000,25,ahorro
9000129,John Doe,12000,35,unknown
9000130,Jane Smith,10000,45,prestamo
9000122,Jane Smith,5000,100,unknown
9000138,Diana Prince,5000,,-1
9000130,John Doe,5000,35,hipoteca
9000126,Alice Brown,7000,25,hipoteca
9000145,Steve Rogers,,,ahorro
9000107,Steve Rogers,10000,,ahorro
9000119,Diana Prince,10000,25,hipoteca
9000147,Jane Smith,12000,25,prestamo
9000146,Jane Smith,,25,-1
9000116,Steve Rogers,10000,30,-1
9000123,Alice Brown,,25,hipoteca
9000103,Alice Brown,,150,hipoteca
9000140,John Doe,,30,-1
9000120,Charlie Green,7000,,hipoteca
9000105,Jane Smith,7000,40,unknown
9000150,Bob Johnson,8000,40,ahorro
9000132,Bob Johnson,5000,150,-1
9000122,Unknown,12000,45,prestamo
9000120,Alice Brown,12000,45,-1
9000140,John Doe,7000,30,ahorro
9000143,Charlie Green,5000,100,ahorro
9000123,Steve Rogers,,,prestamo
9000144,Alice Brown,8000,45,ahorro
9000101,Diana Prince,8000,35,ahorro
9000132,John Doe,7000,30,hipoteca
9000123,Bob Johnson,10000,,ahorro
9000135,Steve Rogers,10000,45,unknown
9000119,Steve Rogers,8000,40,prestamo
9000127,Steve Rogers,5000,45,ahorro
9000150,Charlie Green,12000,45,prestamo
9000104,Jane Smith,10000,,hipoteca
9000110,Charlie Green,8000,,prestamo
9000148,Jane Smith,8000,25,ahorro
9000109,Steve Rogers,5000,45,prestamo
9000145,Steve Rogers,,,prestamo
9000109,Steve Rogers,10000,,prestamo
9000132,John Doe,12000,45,-1
9000131,Alice Brown,7000,45,ahorro
9000150,Alice Brown,10000,40,unknown
9000121,Alice Brown,12000,35,hipoteca
9000145,Alice Brown,7000,,ahorro
9000148,Alice Brown,7000,,hipoteca
9000120,Charlie Green,7000,40,-1
9000134,Diana Prince,12000,30,ahorro
9000103,Bob Johnson,10000,,-1
9000137,Alice Brown,,45,ahorro
9000140,Alice Brown,7000,,hipoteca
9000133,Alice Brown,7000,30,ahorro
9000114,Bob Johnson,5000,30,-1
9000114,Steve Rogers,5000,100,prestamo
9000105,Diana Prince,5000,30,-1
9000116,Alice Brown,8000,35,-1
9000140,John Doe,,45,-1
9000142,Alice Brown,,100,prestamo
9000125,Jane Smith,12000,30,-1
9000119,Charlie Green,5000,35,hipoteca
9000114,Charlie Green,7000,100,-1
9000112,John Doe,12000,,ahorro
9000128,Jane Smith,7000,100,hipoteca
9000118,Bob Johnson,10000,45,hipoteca
9000150,Jane Smith,8000,,-1
9000129,Charlie Green,10000,40,-1
9000143,Jane Smith,12000,40,hipoteca
9000124,Steve Rogers,8000,25,hipoteca
9000127,Steve Rogers,,,prestamo
9000125,Charlie Green,12000,25,-1
9000126,Diana Prince,,35,prestamo
9000118,Bob Johnson,8000,,ahorro
9000114,Alice Brown,,,-1
9000114,Charlie Green,10000,150,hipoteca
9000138,Diana Prince,7000,35,-1
9000141,Charlie Green,7000,35,hipoteca
9000140,Jane Smith,8000,30,hipoteca
9000110,Steve Rogers,8000,30,prestamo
9000140,Steve Rogers,12000,,ahorro
9000107,Alice Brown,10000,40,prestamo
9000124,John Doe,7000,30,prestamo
9000123,Steve Rogers,12000,35,hipoteca
9000144,Charlie Green,7000,150,prestamo
9000132,Alice Brown,5000,,ahorro
9000122,Jane Smith,,100,-1
9000116,Alice Brown,12000,30,-1
9000111,Steve Rogers,5000,35,ahorro
9000129,Unknown,,35,-1
9000117,Steve Rogers,10000,,hipoteca
9000126,Jane Smith,7000,40,ahorro
9000101,Diana Prince,12000,40,prestamo
9000147,John Doe,,35,hipoteca
9000119,Diana Prince,10000,40,ahorro
9000144,John Doe,,,prestamo
9000123,Steve Rogers,,,-1
9000122,Charlie Green,5000,,prestamo
9000102,Bob Johnson,12000,35,hipoteca
9000106,Diana Prince,,30,prestamo
9000134,Diana Prince,12000,35,prestamo
9000125,Steve Rogers,,100,ahorro
9000110,Jane Smith,7000,40,ahorro
9000139,Alice Brown,12000,100,unknown
9000115,Alice Brown,7000,,ahorro
9000106,Diana Prince,5000,100,unknown
9000114,Steve Rogers,7000,45,-1
9000117,Bob Johnson,7000,40,ahorro
9000103,Charlie Green,,30,hipoteca
9000109,Diana Prince,,40,hipoteca
9000111,John Doe,12000,40,hipoteca
9000107,John Doe,12000,45,hipoteca
9000102,Jane Smith,5000,,prestamo
9000103,Diana Prince,8000,45,prestamo
9000109,Diana Prince,5000,45,hipoteca
9000122,Diana Prince,8000,30,ahorro
9000137,John Doe,10000,150,prestamo
9000136,Diana Prince,,30,unknown
9000123,John Doe,8000,,ahorro
9000106,Alice Brown,12000,100,ahorro
9000123,Alice Brown,10000,,-1
9000129,Steve Rogers,7000,40,ahorro
9000142,John Doe,8000,100,hipoteca
9000138,Jane Smith,7000,45,ahorro
9000122,Diana Prince,5000,25,-1
9000126,Charlie Green,,35,hipoteca
9000129,Steve Rogers,7000,45,ahorro
9000106,Charlie Green,12000,35,ahorro
9000121,Bob Johnson,5000,25,-1
9000149,Charlie Green,,100,prestamo
9000143,Diana Prince,,40,hipoteca
9000121,Charlie Green,5000,,ahorro
9000116,John Doe,12000,,-1
9000133,Jane Smith,12000,45,ahorro
9000114,Steve Rogers,10000,45,hipoteca
9000135,Alice Brown,12000,45,prestamo
9000102,Alice Brown,12000,30,hipoteca
9000104,Unknown,10000,25,ahorro
9000145,Jane Smith,,25,prestamo
9000138,Alice Brown,,45,ahorro
9000114,John Doe,8000,25,-1
9000141,Steve Rogers,7000,45,hipoteca
9000115,John Doe,5000,35,ahorro
9000101,Steve Rogers,10000,100,ahorro
9000128,Diana Prince,8000,35,-1
9000120,Alice Brown,10000,100,-1
9000150,Unknown,10000,100,-1
9000121,Alice Brown,5000,40,-1
9000114,Bob Johnson,8000,45,unknown
9000117,Alice Brown,5000,,ahorro
9000147,Diana Prince,8000,150,ahorro
9000109,Bob Johnson,,,hipoteca
9000112,Diana Prince,10000,150,-1
9000149,Diana Prince,5000,25,hipoteca
9000120,Alice Brown,5000,45,-1
9000138,Diana Prince,5000,40,ahorro
9000112,Jane Smith,,150,hipoteca
9000149,Charlie Green,12000,40,prestamo
9000141,Alice Brown,5000,,-1
9000149,Steve Rogers,10000,40,-1
9000118,John Doe,7000,35,prestamo
9000132,Bob Johnson,7000,100,-1
9000141,Alice Brown,10000,30,-1
9000123,Unknown,7000,100,prestamo
9000118,John Doe,10000,100,hipoteca
9000138,Jane Smith,,,hipoteca
9000123,Alice Brown,8000,45,-1
9000129,Bob Johnson,12000,45,prestamo
9000144,Charlie Green,7000,30,-1
9000126,Diana Prince,5000,45,ahorro
9000136,Steve Rogers,12000,35,-1
9000105,John Doe,10000,150,ahorro
9000115,Bob Johnson,7000,35,hipoteca
9000147,John Doe,,30,ahorro
9000145,Bob Johnson,,35,ahorro
9000138,Charlie Green,,100,prestamo
9000134,Unknown,7000,45,ahorro
9000123,Charlie Green,5000,40,-1
9000115,John Doe,10000,35,prestamo
9000146,Bob Johnson,10000,40,-1
9000113,John Doe,8000,25,hipoteca
9000132,Steve Rogers,5000,45,hipoteca
9000101,Jane Smith,7000,45,hipoteca
9000123,Unknown,10000,35,prestamo
9000140,Unknown,12000,40,hipoteca
9000105,Diana Prince,7000,100,ahorro
9000128,Steve Rogers,5000,,ahorro
9000113,Unknown,,40,-1
9000106,Charlie Green,10000,100,ahorro
9000116,Diana Prince,8000,100,ahorro
9000140,John Doe,,30,hipoteca
9000127,Diana Prince,8000,30,ahorro
9000110,Alice Brown,7000,,-1
9000115,Diana Prince,,40,-1
9000138,Charlie Green,5000,,-1
9000150,Diana Prince,8000,35,-1
9000101,Steve Rogers,5000,35,-1
9000105,Alice Brown,,25,prestamo
9000150,Steve Rogers,,25,hipoteca
9000137,Charlie Green,7000,150,hipoteca
9000124,John Doe,,35,prestamo
9000132,John Doe,,40,-1
9000113,Alice Brown,,,-1
9000119,Steve Rogers,,35,-1
9000113,Charlie Green,7000,,unknown
9000146,Charlie Green,8000,25,unknown
9000121,Alice Brown,5000,25,hipoteca
9000143,John Doe,12000,35,prestamo
9000118,Jane Smith,5000,25,-1
9000144,Diana Prince,8000,100,prestamo
9000127,John Doe,12000,100,ahorro
9000120,John Doe,,,-1
9000133,Steve Rogers,5000,35,prestamo
9000114,Jane Smith,12000,100,unknown
9000139,Charlie Green,12000,45,-1
9000132,Alice Brown,12000,100,hipoteca
9000108,Alice Brown,5000,25,hipoteca
9000107,John Doe,8000,35,hipoteca
9000107,Bob Johnson,8000,45,-1
9000118,Charlie Green,5000,100,hipoteca
9000149,Steve Rogers,,150,prestamo
9000107,Alice Brown,10000,45,prestamo
9000128,Diana Prince,7000,,hipoteca
9000102,Diana Prince,5000,35,hipoteca
9000127,Charlie Green,7000,30,-1
9000112,Bob Johnson,5000,25,ahorro
9000120,Jane Smith,5000,150,-1
9000146,John Doe,,45,unknown
9000132,Bob Johnson,8000,100,prestamo
9000112,Jane Smith,,100,-1
9000129,Steve Rogers,7000,150,-1
9000136,Bob Johnson,10000,,hipoteca
9000134,Diana Prince,12000,100,ahorro
9000105,Jane Smith,10000,25,-1
9000112,Bob Johnson,,25,ahorro
9000150,John Doe,7000,40,ahorro
9000111,Steve Rogers,10000,,-1
9000149,Unknown,8000,40,ahorro
9000109,John Doe,8000,25,hipoteca
9000147,John Doe,,30,ahorro
9000144,Alice Brown,8000,30,hipoteca
9000120,Bob Johnson,5000,45,-1
9000133,John Doe,10000,,hipoteca
9000114,Jane Smith,5000,35,ahorro
9000114,Steve Rogers,10000,100,-1
9000132,Diana Prince,7000,,-1
9000147,Unknown,5000,45,-1
9000104,Steve Rogers,,,hipoteca
9000108,Alice Brown,,100,prestamo
9000126,Unknown,12000,25,-1
9000118,Jane Smith,10000,45,ahorro
9000110,John Doe,8000,25,-1
9000116,Steve Rogers,7000,150,hipoteca
9000107,John Doe,7000,25,-1
9000133,Alice Brown,5000,35,prestamo
9000115,Bob Johnson,10000,45,hipoteca
9000134,Diana Prince,10000,40,-1
9000145,John Doe,5000,35,hipoteca
9000141,John Doe,10000,35,prestamo
9000103,John Doe,,45,hipoteca
9000117,Alice Brown,10000,100,unknown
9000106,Diana Prince,8000,25,-1
9000128,Jane Smith,8000,30,-1
9000103,Jane Smith,7000,25,unknown
9000120,Jane Smith,5000,,ahorro
9000109,Alice Brown,,150,hipoteca
9000135,Charlie Green,12000,,prestamo
9000129,Diana Prince,,30,hipoteca
9000130,John Doe,,40,ahorro
9000130,Jane Smith,8000,25,prestamo
9000104,Bob Johnson,12000,30,prestamo
9000144,Steve Rogers,10000,,prestamo
9000120,Jane Smith,,25,prestamo
9000101,John Doe,10000,35,prestamo
9000102,Jane Smith,,150,hipoteca
9000145,Alice Brown,,100,hipoteca
9000136,Jane Smith,7000,40,ahorro
9000122,Alice Brown,10000,45,hipoteca
9000121,Diana Prince,7000,45,prestamo
9000134,Charlie Green,10000,45,prestamo
9000137,Jane Smith,8000,,-1
9000130,Alice Brown,,25,-1
9000116,Alice Brown,12000,40,unknown
9000133,Alice Brown,5000,35,hipoteca
9000126,Bob Johnson,,,ahorro
9000129,Jane Smith,10000,,-1
9000138,Unknown,10000,30,-1
9000148,Unknown,5000,100,ahorro
9000124,Steve Rogers,7000,,hipoteca
9000110,Alice Brown,7000,,-1
9000139,Jane Smith,,100,-1
9000107,Alice Brown,7000,100,prestamo
9000142,Steve Rogers,7000,30,-1
9000113,John Doe,,30,prestamo
9000107,Alice Brown,10000,40,-1
9000140,Charlie Green,5000,,prestamo
9000113,Alice Brown,7000,150,-1
9000114,Bob Johnson,7000,,-1
9000102,Bob Johnson,5000,150,hipoteca
9000138,Jane Smith,7000,45,prestamo
9000143,Charlie Green,,45,-1
9000103,Jane Smith,10000,100,-1
9000107,Alice Brown,7000,,hipoteca
9000112,Bob Johnson,10000,30,ahorro
9000107,Bob Johnson,,35,hipoteca
9000142,Steve Rogers,,25,ahorro
9000148,Charlie Green,8000,,ahorro
9000144,Bob Johnson,10000,,unknown
9000118,Diana Prince,7000,40,prestamo
9000114,Steve Rogers,10000,,unknown
9000103,Jane Smith,5000,,ahorro
9000150,Diana Prince,10000,25,-1
9000125,John Doe,,25,-1
9000150,Jane Smith,8000,150,hipoteca
9000123,John Doe,5000,35,unknown
9000120,John Doe,7000,30,prestamo
9000138,Bob Johnson,10000,30,-1
9000141,John Doe,12000,25,ahorro
9000113,Steve Rogers,7000,45,hipoteca
9000102,Charlie Green,12000,40,ahorro
9000137,Jane Smith,7000,150,ahorro
9000103,Diana Prince,10000,100,-1
9000136,Alice Brown,5000,25,prestamo
9000145,Steve Rogers,,100,-1
9000138,John Doe,10000,25,unknown
9000117,Diana Prince,12000,,hipoteca
9000131,Bob Johnson,10000,,-1
9000132,Unknown,12000,,prestamo
9000146,Bob Johnson,,30,-1
9000108,John Doe,8000,45,prestamo
9000112,Jane Smith,5000,40,unknown
9000119,Steve Rogers,5000,45,unknown
9000137,Alice Brown,8000,,-1
9000127,Charlie Green,7000,30,unknown
9000109,Unknown,,25,-1
9000118,John Doe,,40,hipoteca
9000121,John Doe,,25,ahorro
9000105,Bob Johnson,8000,40,ahorro
9000119,John Doe,8000,,ahorro
9000122,Bob Johnson,5000,40,ahorro
9000122,Diana Prince,7000,,ahorro
9000113,John Doe,12000,,ahorro
9000131,Bob Johnson,7000,35,-1
9000111,Steve Rogers,,,hipoteca
9000114,Diana Prince,,,ahorro
9000139,Charlie Green,5000,35,unknown
9000134,Bob Johnson,5000,25,prestamo
9000150,Alice Brown,7000,35,ahorro
9000103,John Doe,5000,,prestamo
9000108,Alice Brown,5000,30,unknown
9000140,Alice Brown,8000,40,ahorro
9000147,Charlie Green,7000,25,prestamo
9000110,Bob Johnson,7000,35,hipoteca
9000143,Charlie Green,10000,35,-1
9000137,Bob Johnson,5000,40,-1
9000124,John Doe,7000,,hipoteca
9000140,Alice Brown,5000,35,prestamo
9000112,Steve Rogers,8000,30,prestamo
9000102,Alice Brown,8000,45,prestamo
9000131,Diana Prince,5000,45,hipoteca
9000104,Steve Rogers,10000,25,prestamo
9000128,Diana Prince,,35,hipoteca
9000133,Alice Brown,,,hipoteca
9000138,Alice Brown,8000,45,prestamo
9000121,Bob Johnson,8000,35,hipoteca
9000130,John Doe,5000,25,prestamo
9000143,Diana Prince,,35,unknown
9000116,Diana Prince,,30,hipoteca
9000136,Diana Prince,5000,40,prestamo
9000105,Unknown,10000,45,prestamo
9000107,Alice Brown,10000,,hipoteca
9000135,Steve Rogers,12000,25,ahorro
9000126,John Doe,5000,45,ahorro
9000101,Alice Brown,8000,25,hipoteca
9000111,John Doe,,,ahorro
9000121,Steve Rogers,12000,30,-1
9000138,Alice Brown,12000,30,ahorro
9000116,Bob Johnson,,45,-1
9000101,John Doe,8000,30,hipoteca
9000133,John Doe,,25,ahorro
9000129,Diana Prince,8000,45,ahorro
9000138,Jane Smith,12000,30,prestamo
9000127,Diana Prince,7000,40,-1
9000137,Jane Smith,10000,45,hipoteca
9000115,Jane Smith,12000,45,-1
9000123,John Doe,5000,25,ahorro
9000109,Diana Prince,,,hipoteca
9000122,Charlie Green,10000,45,hipoteca
9000135,John Doe,10000,,-1
9000102,Jane Smith,5000,40,prestamo
9000110,Steve Rogers,,,hipoteca
9000112,Jane Smith,10000,,ahorro
9000132,Bob Johnson,10000,100,-1
9000104,Jane Smith,8000,,-1
9000120,Steve Rogers,,30,prestamo
9000126,Alice Brown,8000,,prestamo
9000124,Steve Rogers,,45,-1
9000127,Charlie Green,5000,150,ahorro
9000132,Diana Prince,8000,45,hipoteca
9000131,Jane Smith,10000,40,-1
9000123,Alice Brown,12000,35,hipoteca
9000134,John Doe,8000,40,-1
9000114,Steve Rogers,,45,unknown
9000111,Bob Johnson,,,prestamo
9000139,Charlie Green,10000,40,ahorro
9000133,John Doe,10000,35,-1
9000147,Charlie Green,10000,150,hipoteca
9000145,Bob Johnson,12000,35,hipoteca
9000104,Diana Prince,,30,ahorro
9000115,Diana Prince,,,hipoteca
9000144,Bob Johnson,12000,35,-1
9000101,Charlie Green,12000,35,hipoteca
9000134,Charlie Green,12000,30,-1
9000121,Bob Johnson,7000,30,hipoteca
9000114,Steve Rogers,7000,100,ahorro
9000145,Diana Prince,12000,35,prestamo
9000147,Steve Rogers,8000,30,ahorro
9000117,Alice Brown,5000,25,-1
9000131,Charlie Green,10000,,-1
9000115,Bob Johnson,8000,45,hipoteca
9000109,Jane Smith,5000,100,hipoteca
9000126,Alice Brown,8000,30,-1
9000143,Bob Johnson,10000,30,ahorro
9000114,Diana Prince,,,prestamo
9000139,Steve Rogers,,,ahorro
9000149,Bob Johnson,12000,45,-1
9000119,Steve Rogers,5000,,hipoteca
9000104,Steve Rogers,,45,-1
9000128,John Doe,8000,150,prestamo
9000120,Steve Rogers,7000,30,ahorro
9000110,Steve Rogers,10000,25,hipoteca
9000116,John Doe,12000,,unknown
9000133,Steve Rogers,,150,ahorro
9000135,Bob Johnson,7000,40,-1
9000142,Jane Smith,8000,40,unknown
9000134,Bob Johnson,10000,30,hipoteca
9000118,Charlie Green,12000,150,prestamo
9000134,Alice Brown,,45,-1
9000120,Charlie Green,7000,150,prestamo
9000132,Alice Brown,12000,,ahorro
9000126,Alice Brown,5000,40,prestamo
9000143,Alice Brown,,35,prestamo
9000104,Steve Rogers,,40,-1
9000141,Jane Smith,,40,prestamo
9000106,Alice Brown,5000,45,-1
9000105,Steve Rogers,10000,35,prestamo
9000150,Bob Johnson,12000,100,ahorro
9000133,Steve Rogers,10000,45,prestamo
9000149,Charlie Green,12000,25,-1
9000112,Diana Prince,10000,,-1
9000142,Bob Johnson,,100,hipoteca
9000106,Unknown,8000,25,hipoteca
9000131,Steve Rogers,,30,-1
9000102,John Doe,12000,,-1
9000105,Alice Brown,8000,25,prestamo
9000137,Alice Brown,,25,-1
9000143,Unknown,7000,,ahorro
9000141,Jane Smith,8000,30,prestamo
9000140,Steve Rogers,5000,150,prestamo
9000124,Jane Smith,12000,45,-1
9000143,Alice Brown,8000,40,ahorro
9000110,Alice Brown,5000,25,hipoteca
9000129,Jane Smith,10000,25,prestamo
9000118,John Doe,12000,,hipoteca
9000142,Jane Smith,8000,100,hipoteca
9000114,Diana Prince,5000,25,-1
9000104,Jane Smith,,25,unknown
9000130,Steve Rogers,,35,-1
9000139,Alice Brown,12000,35,unknown
9000150,Bob Johnson,10000,35,hipoteca
9000120,Jane Smith,,40,ahorro
9000119,Unknown,5000,,ahorro
9000128,Alice Brown,5000,40,-1
9000146,Charlie Green,7000,40,ahorro
9000125,John Doe,,40,ahorro
9000108,Alice Brown,8000,35,hipoteca
9000140,Diana Prince,7000,150,-1
9000150,Steve Rogers,7000,30,hipoteca
9000138,Unknown,8000,,prestamo
9000113,Diana Prince,8000,40,-1
9000115,Bob Johnson,8000,45,hipoteca
9000139,Jane Smith,,30,-1
9000147,John Doe,8000,40,unknown
9000109,John Doe,,30,ahorro
9000106,Bob Johnson,7000,100,-1
9000140,Bob Johnson,,150,ahorro
9000137,Diana Prince,8000,,-1
9000133,Steve Rogers,10000,25,prestamo
9000127,John Doe,8000,150,prestamo
9000116,Bob Johnson,12000,,prestamo
9000107,Jane Smith,,,hipoteca
9000117,John Doe,,100,ahorro
9000118,John Doe,,100,hipoteca
9000129,Alice Brown,5000,,ahorro
9000135,Unknown,10000,45,ahorro
9000116,Charlie Green,12000,,ahorro
9000107,Diana Prince,10000,,-1
9000105,Alice Brown,5000,45,-1
9000120,Jane Smith,7000,45,hipoteca
9000149,John Doe,10000,25,ahorro
9000137,Steve Rogers,7000,35,-1
9000138,John Doe,7000,100,ahorro
9000142,Bob Johnson,8000,35,-1
9000136,Alice Brown,,45,-1
9000104,Diana Prince,8000,30,-1
9000138,Charlie Green,7000,,hipoteca
9000123,Bob Johnson,12000,40,hipoteca
9000144,Alice Brown,10000,45,ahorro
9000149,Alice Brown,10000,,prestamo
9000148,Bob Johnson,7000,30,ahorro
9000109,Diana Prince,,30,ahorro
9000116,Diana Prince,5000,45,-1
9000119,John Doe,8000,100,hipoteca
9000139,John Doe,10000,35,ahorro
9000107,Steve Rogers,10000,25,prestamo
9000113,John Doe,8000,45,prestamo
9000114,Alice Brown,5000,,ahorro
9000127,Alice Brown,,,-1
9000116,John Doe,10000,,-1
9000142,Bob Johnson,7000,25,ahorro
9000135,John Doe,12000,40,prestamo
9000125,Diana Prince,5000,45,unknown
9000106,Charlie Green,8000,25,prestamo
9000121,Alice Brown,8000,45,ahorro
9000138,John Doe,10000,30,unknown
9000150,Charlie Green,12000,40,prestamo
9000140,Jane Smith,7000,25,prestamo
9000148,Diana Prince,10000,25,prestamo
9000148,Steve Rogers,,,prestamo
9000141,Bob Johnson,10000,100,ahorro
9000105,John Doe,,35,ahorro
9000105,Diana Prince,,100,prestamo
9000103,Unknown,7000,40,-1
9000148,Steve Rogers,5000,150,-1
9000109,Diana Prince,7000,25,-1
9000111,Alice Brown,5000,45,prestamo
9000113,Bob Johnson,5000,35,prestamo
9000142,Jane Smith,10000,25,prestamo
9000148,Steve Rogers,7000,,ahorro
9000144,Jane Smith,7000,25,-1
9000103,Bob Johnson,,100,-1
9000114,Alice Brown,8000,150,prestamo
9000129,Steve Rogers,5000,,prestamo
9000123,Steve Rogers,12000,,hipoteca
9000107,Jane Smith,10000,,prestamo
9000134,Steve Rogers,,35,-1
9000113,Diana Prince,10000,,hipoteca
9000116,Steve Rogers,7000,40,hipoteca
9000127,Diana Prince,5000,100,ahorro
9000125,Diana Prince,,,prestamo
9000129,Unknown,10000,35,prestamo
9000105,Jane Smith,12000,45,hipoteca
9000114,Alice Brown,7000,35,ahorro
9000145,Diana Prince,7000,45,prestamo
9000106,Bob Johnson,5000,35,-1
9000121,John Doe,12000,45,hipoteca
9000134,Steve Rogers,8000,,hipoteca
9000131,Bob Johnson,10000,,prestamo
9000131,John Doe,10000,100,unknown
9000129,Alice Brown,,30,prestamo
9000111,Steve Rogers,10000,30,ahorro
9000139,Jane Smith,8000,45,hipoteca
9000125,Jane Smith,5000,,ahorro
9000124,Diana Prince,10000,45,unknown
9000119,Unknown,5000,40,prestamo
9000144,John Doe,,25,hipoteca
9000146,Bob Johnson,5000,40,hipoteca
9000114,Alice Brown,7000,25,-1
9000113,Bob Johnson,12000,,hipoteca
9000127,Charlie Green,7000,150,-1
9000124,John Doe,12000,,-1
9000139,Jane Smith,10000,,hipoteca
9000108,Steve Rogers,5000,30,-1
9000136,John Doe,8000,35,-1
9000129,Steve Rogers,10000,45,hipoteca
9000123,John Doe,7000,40,unknown
9000103,John Doe,7000,150,ahorro
9000140,Bob Johnson,,40,unknown
9000129,John Doe,,40,prestamo
9000102,Charlie Green,10000,35,prestamo
9000142,Charlie Green,12000,,hipoteca
9000110,Bob Johnson,5000,45,-1
9000149,Bob Johnson,8000,25,hipoteca
9000142,Alice Brown,12000,,-1
9000130,Unknown,12000,100,ahorro
9000111,Steve Rogers,,,-1
9000107,John Doe,,35,-1
9000144,John Doe,10000,,unknown
9000142,Alice Brown,10000,25,ahorro
9000111,John Doe,,45,prestamo
9000105,Alice Brown,10000,25,prestamo
9000125,Alice Brown,10000,100,ahorro
9000125,Diana Prince,5000,35,prestamo
9000122,Charlie Green,8000,25,-1
9000137,Diana Prince,,100,prestamo
9000123,John Doe,7000,25,prestamo
9000138,Steve Rogers,,40,prestamo
9000137,Alice Brown,7000,40,ahorro
9000123,Unknown,10000,100,ahorro
9000122,Alice Brown,5000,,ahorro
9000139,Charlie Green,,25,hipoteca
9000110,Diana Prince,8000,40,-1
9000137,Jane Smith,8000,100,ahorro
9000139,Charlie Green,7000,150,prestamo
9000132,Charlie Green,5000,100,ahorro
9000143,Steve Rogers,8000,40,prestamo
9000144,Alice Brown,7000,,prestamo
9000148,Alice Brown,8000,100,-1
9000106,Diana Prince,7000,30,-1
9000137,Charlie Green,5000,40,hipoteca
9000106,Charlie Green,,35,hipoteca
9000118,Jane Smith,12000,35,ahorro
9000107,Jane Smith,,40,prestamo
9000143,Bob Johnson,12000,45,-1
9000140,Diana Prince,5000,100,prestamo
9000114,Bob Johnson,7000,,ahorro
9000109,Diana Prince,7000,25,-1
9000132,Unknown,5000,35,hipoteca
9000110,Steve Rogers,,25,hipoteca
9000139,Diana Prince,12000,100,unknown
9000150,Diana Prince,8000,,-1
9000102,Charlie Green,,30,ahorro
9000145,Steve Rogers,12000,30,ahorro
9000107,Jane Smith,,100,hipoteca
9000144,Charlie Green,8000,25,-1
9000116,Steve Rogers,,40,-1
9000135,Bob Johnson,,40,hipoteca
9000139,Charlie Green,10000,,-1
9000138,Bob Johnson,8000,,-1
9000142,Unknown,7000,45,hipoteca
9000123,Jane Smith,8000,40,unknown
9000127,Jane Smith,8000,100,ahorro
9000145,Bob Johnson,12000,25,-1
9000128,Jane Smith,,45,hipoteca
9000133,John Doe,12000,,prestamo
9000145,Jane Smith,7000,100,-1
9000145,Charlie Green,10000,30,unknown
9000124,Steve Rogers,10000,100,hipoteca
9000140,Charlie Green,,35,hipoteca
9000114,Bob Johnson,,,prestamo
9000101,Bob Johnson,8000,,ahorro
9000128,Jane Smith,8000,25,-1
9000128,Diana Prince,8000,40,ahorro
9000111,Jane Smith,7000,,ahorro
9000145,Steve Rogers,12000,100,ahorro
9000114,Steve Rogers,5000,,-1
9000119,John Doe,12000,35,-1
9000101,Bob Johnson,12000,100,hipoteca
9000107,Unknown,10000,30,-1
9000105,Steve Rogers,,35,hipoteca
9000104,John Doe,,45,ahorro
9000122,Bob Johnson,10000,,ahorro
9000128,Steve Rogers,8000,100,ahorro
9000117,Jane Smith,,25,-1
9000135,Alice Brown,8000,100,ahorro
9000149,Alice Brown,,35,ahorro
9000121,Jane Smith,12000,40,hipoteca
9000125,Bob Johnson,10000,30,-1
9000126,John Doe,10000,100,prestamo
9000138,Bob Johnson,,35,prestamo
9000149,Bob Johnson,5000,45,ahorro
9000134,Diana Prince,12000,40,prestamo
9000102,Jane Smith,12000,,hipoteca
9000120,Diana Prince,12000,45,-1
9000101,Bob Johnson,10000,35,-1
9000121,Alice Brown,5000,,-1
9000127,Bob Johnson,,,prestamo
9000140,Charlie Green,8000,30,prestamo
9000122,Unknown,10000,30,ahorro
9000136,John Doe,10000,35,prestamo
9000102,Alice Brown,5000,35,hipoteca
9000117,Unknown,5000,45,ahorro
9000128,Unknown,10000,30,prestamo
9000123,Alice Brown,7000,35,ahorro
9000108,John Doe,,,-1
9000134,John Doe,5000,45,-1
9000105,Alice Brown,,30,ahorro
9000138,Diana Prince,10000,30,-1
9000113,Bob Johnson,5000,100,hipoteca
9000134,Steve Rogers,5000,,prestamo
9000147,Steve Rogers,10000,150,-1
9000149,Steve Rogers,7000,25,ahorro
9000124,Unknown,12000,35,hipoteca
9000149,Alice Brown,10000,100,prestamo
9000106,Unknown,8000,25,ahorro
9000131,Charlie Green,,25,ahorro
9000111,Alice Brown,8000,,-1
9000129,Steve Rogers,5000,35,prestamo
9000121,Charlie Green,,45,prestamo
9000113,Diana Prince,5000,35,ahorro
9000135,Diana Prince,8000,40,prestamo
9000129,Steve Rogers,10000,,prestamo
9000116,John Doe,7000,30,hipoteca
9000147,Diana Prince,8000,45,hipoteca
9000106,Diana Prince,10000,35,ahorro
9000122,Diana Prince,10000,35,ahorro
9000106,John Doe,5000,25,-1
9000114,Diana Prince,12000,40,hipoteca
9000133,Jane Smith,12000,25,prestamo
9000102,Diana Prince,12000,30,hipoteca
9000108,Diana Prince,5000,25,unknown
9000120,Steve Rogers,5000,40,hipoteca
9000104,John Doe,7000,100,prestamo
9000107,Steve Rogers,5000,25,hipoteca
9000117,Bob Johnson,5000,100,prestamo
9000141,Jane Smith,12000,100,prestamo
9000115,Alice Brown,12000,150,prestamo
9000103,Bob Johnson,7000,30,ahorro
9000107,Diana Prince,8000,25,hipoteca
9000113,Steve Rogers,8000,25,-1
9000101,Bob Johnson,,100,prestamo
9000138,Charlie Green,12000,,hipoteca
9000128,Diana Prince,7000,35,prestamo
9000146,Steve Rogers,10000,,-1
9000109,Bob Johnson,10000,,-1
9000108,John Doe,8000,25,prestamo
9000135,Jane Smith,12000,30,unknown
9000108,Jane Smith,5000,35,prestamo
9000142,Bob Johnson,,100,prestamo
9000102,Steve Rogers,7000,40,-1
9000110,Steve Rogers,7000,30,ahorro
9000110,Unknown,10000,,-1
9000114,Unknown,8000,35,ahorro
9000132,John Doe,12000,45,prestamo
9000145,Diana Prince,8000,100,-1
9000108,Diana Prince,7000,30,-1
9000104,Bob Johnson,10000,25,prestamo
9000111,Charlie Green,10000,100,hipoteca
9000125,John Doe,7000,25,prestamo
9000136,Alice Brown,8000,35,hipoteca
9000147,Bob Johnson,5000,,-1
9000116,Steve Rogers,10000,100,hipoteca
9000106,Alice Brown,8000,40,prestamo
9000111,Jane Smith,,,prestamo
9000143,Jane Smith,10000,40,-1
9000123,Diana Prince,,25,ahorro
9000127,Steve Rogers,12000,25,-1
9000137,Diana Prince,10000,,hipoteca
9000121,John Doe,7000,25,-1
9000106,Steve Rogers,,35,ahorro
9000146,Diana Prince,10000,30,-1
9000105,John Doe,,30,-1
9000109,John Doe,7000,40,prestamo
9000142,Alice Brown,8000,25,-1
9000114,Jane Smith,,150,hipoteca
9000126,Diana Prince,5000,45,-1
9000113,Diana Prince,5000,25,-1
9000118,Steve Rogers,,45,ahorro
9000119,Jane Smith,,35,prestamo
9000138,Steve Rogers,5000,,hipoteca
9000135,Alice Brown,,45,prestamo
9000112,Steve Rogers,,40,prestamo
9000115,John Doe,8000,100,-1
9000125,Bob Johnson,7000,150,prestamo
9000131,Bob Johnson,10000,150,-1
9000122,John Doe,12000,100,hipoteca
9000130,Steve Rogers,5000,30,ahorro
9000126,John Doe,10000,,-1
9000106,John Doe,12000,35,prestamo
9000139,Alice Brown,7000,35,unknown
9000136,Bob Johnson,,,hipoteca
9000136,Steve Rogers,,40,-1
9000122,Bob Johnson,10000,40,ahorro
9000101,Jane Smith,10000,30,hipoteca
9000147,Steve Rogers,12000,,-1
9000128,John Doe,5000,30,prestamo
9000142,Charlie Green,7000,,prestamo
9000143,Jane Smith,10000,25,-1
9000119,John Doe,5000,35,prestamo
9000111,John Doe,12000,100,-1
9000108,Alice Brown,5000,45,ahorro
9000121,Alice Brown,8000,30,-1
9000107,John Doe,,45,-1
9000125,Alice Brown,,30,prestamo
9000124,Jane Smith,10000,45,prestamo
9000123,Diana Prince,10000,25,ahorro
9000116,Diana Prince,10000,25,-1
9000146,Unknown,12000,25,hipoteca
9000122,Jane Smith,,35,hipoteca
9000101,Jane Smith,12000,40,-1
9000103,Bob Johnson,7000,,prestamo
9000111,John Doe,12000,100,prestamo
9000121,Bob Johnson,,100,prestamo
9000115,Alice Brown,8000,40,hipoteca
9000135,Bob Johnson,10000,30,prestamo
9000114,Diana Prince,8000,30,-1
9000149,Steve Rogers,8000,25,prestamo
9000108,Diana Prince,10000,35,ahorro
9000141,Steve Rogers,,40,-1
9000129,Steve Rogers,7000,30,-1
9000108,Jane Smith,8000,25,-1
9000115,Charlie Green,5000,35,prestamo
9000142,Diana Prince,8000,,prestamo
9000150,Bob Johnson,8000,25,hipoteca
9000113,Jane Smith,8000,45,hipoteca
9000101,Bob Johnson,12000,30,hipoteca
9000105,Alice Brown,8000,35,-1
9000127,Charlie Green,8000,100,hipoteca
9000149,Bob Johnson,10000,25,-1
9000134,Diana Prince,,45,hipoteca
9000110,Charlie Green,10000,25,prestamo
9000148,Charlie Green,12000,100,ahorro
9000115,Bob Johnson,,30,prestamo
9000135,John Doe,10000,100,hipoteca
9000140,John Doe,7000,30,prestamo
9000113,Jane Smith,8000,35,-1
9000108,Jane Smith,,35,ahorro
9000130,Steve Rogers,12000,45,hipoteca
9000122,Alice Brown,5000,30,ahorro
9000144,John Doe,7000,45,ahorro
9000132,Unknown,5000,,-1
9000108,Charlie Green,8000,,prestamo
9000132,Bob Johnson,5000,25,ahorro
9000130,John Doe,12000,30,unknown
9000104,Bob Johnson,,,prestamo
9000102,Alice Brown,12000,30,-1
9000129,Bob Johnson,7000,,ahorro
9000141,Alice Brown,8000,25,prestamo
9000128,John Doe,12000,40,ahorro
9000122,Steve Rogers,10000,40,ahorro
9000123,Charlie Green,,,prestamo
9000104,Steve Rogers,5000,25,hipoteca
9000107,Diana Prince,5000,45,unknown
9000128,Diana Prince,8000,35,ahorro
9000113,Alice Brown,8000,35,hipoteca
9000117,Alice Brown,,45,hipoteca
9000129,Jane Smith,,30,-1
9000133,John Doe,7000,150,-1
9000113,Jane Smith,,25,prestamo
9000104,Alice Brown,7000,45,hipoteca
9000123,Alice Brown,,25,hipoteca
9000109,Alice Brown,12000,40,hipoteca
9000129,Alice Brown,5000,45,ahorro
9000146,Charlie Green,12000,100,hipoteca
9000141,Bob Johnson,5000,40,prestamo
9000127,Diana Prince,8000,35,-1
9000116,Diana Prince,7000,100,ahorro
9000126,Charlie Green,7000,100,hipoteca
9000135,Alice Brown,7000,,-1
9000111,John Doe,10000,35,hipoteca
9000119,John Doe,10000,100,-1
9000123,Bob Johnson,5000,45,ahorro
9000129,Unknown,7000,35,-1
9000105,Steve Rogers,10000,35,ahorro
9000116,Alice Brown,10000,30,-1
9000101,Charlie Green,8000,100,prestamo
9000117,Diana Prince,12000,30,prestamo
9000106,John Doe,5000,35,ahorro
9000139,Charlie Green,,25,-1
9000114,Steve Rogers,,100,prestamo
9000134,Bob Johnson,10000,35,hipoteca
