id,fecha,monto,tipo
1,2024-06-30,3000,credito
2,03-04-2024,1200,credito
3,2024-04-09,800,invalid
4,04/05/2024,,invalid
5,17-06-2024,800,debito
6,11/11/2024,1500,credito
7,2024-13-01,700,debito
8,30-07-2024,3000,debito
9,07-04-2024,3000,invalid
10,2024/10/15,1500,invalid
11,2024/10/05,1200,debito
12,20/07/2024,1200,debito
13,2024-04-13,3000,credito
14,17/07/2024,500,debito
15,01/06/2024,,desconocido
16,2024-04-27,1000,invalid
17,18/12/2024,-200,invalid
18,2024-11-30,-100,credito
19,16/08/2024,800,credito
20,2024-07-28,3000,debito
21,12-06-2024,700,credito
22,2024/06/05,1000,invalid
23,2024-13-01,1000,credito
24,18/02/2024,0,credito
25,09/11/2024,,debito
26,19/05/2024,1200,debito
27,2024-12-11,1200,credito
28,2024-09-03,,desconocido
29,27-05-2024,,debito
30,09/02/2024,-200,invalid
31,2024/04/11,800,invalid
32,2024/01/01,1500,invalid
33,30/12/2024,1500,credito
34,13-11-2024,-200,credito
35,2024/12/12,-100,credito
36,25-07-2024,1500,credito
37,2024-08-20,800,credito
38,2024/02/15,1500,debito
39,18/11/2024,1200,invalid
40,2024-13-01,3000,credito
41,01/08/2024,800,credito
42,29/07/2024,500,credito
43,2024-12-06,-100,invalid
44,2024/07/11,1000,credito
45,23/08/2024,,credito
46,2024/06/29,1200,debito
47,30-11-2024,1200,invalid
48,2024-08-09,1500,credito
49,2024/10/26,3000,debito
50,2024-13-01,1200,debito
51,02/07/2024,-200,credito
52,16/03/2024,1000,invalid
53,02/07/2024,,debito
54,21-02-2024,800,desconocido
55,27-01-2024,3000,credito
56,06-09-2024,1000,debito
57,27/07/2024,-200,invalid
58,2024/02/27,1000,credito
59,08/02/2024,800,credito
60,2024-04-04,-200,invalid
61,2024-01-09,3000,debito
62,2024-06-09,1000,credito
63,2024-08-14,700,credito
64,13-03-2024,1000,credito
65,16/10/2024,,debito
66,2024-05-28,1500,invalid
67,10-11-2024,800,credito
68,2024-01-11,3000,desconocido
69,29/09/2024,1500,invalid
70,2024/09/18,,desconocido
71,2024/07/31,700,debito
72,2024-03-01,-200,invalid
73,29-07-2024,1000,credito
74,30/07/2024,1000,invalid
75,28-01-2024,1500,debito
76,16/11/2024,-200,credito
77,2024-13-01,3000,invalid
78,2024/11/25,-200,credito
79,02/06/2024,,invalid
80,16-04-2024,1200,invalid
81,2024/06/18,,invalid
82,13/09/2024,700,credito
83,10-05-2024,800,credito
84,2024-09-17,3000,debito
85,2024/03/16,1000,debito
86,2024-11-04,1500,invalid
87,2024/10/22,1200,invalid
88,2024/04/24,3000,credito
89,27/07/2024,800,debito
90,28/07/2024,700,invalid
91,01-01-2024,800,credito
92,27/01/2024,1200,debito
93,07-11-2024,3000,debito
94,01-08-2024,-200,credito
95,22/12/2024,1000,credito
96,2024/12/18,800,credito
97,17/08/2024,500,debito
98,2024-07-05,1200,invalid
99,2024/03/09,-200,credito
100,15-06-2024,,debito
101,12-05-2024,800,debito
102,13-11-2024,-200,debito
103,2024/04/02,1500,credito
104,2024-04-16,1000,credito
105,2024-12-13,3000,invalid
106,2024/01/21,1000,credito
107,16/01/2024,700,invalid
108,2024/02/28,-200,invalid
109,2024-09-15,1200,invalid
110,05/07/2024,800,debito
111,25-09-2024,1000,credito
112,2024-03-07,800,credito
113,21/07/2024,1500,credito
114,01-02-2024,700,invalid
115,2024/07/20,700,debito
116,2024-10-03,1500,invalid
117,10-11-2024,700,credito
118,27/08/2024,,invalid
119,06-12-2024,,debito
120,21-09-2024,-200,credito
121,2024/08/19,700,debito
122,2024-08-26,800,invalid
123,2024/05/27,3000,debito
124,2024/08/22,,invalid
125,2024/01/29,-200,credito
126,2024/03/11,800,debito
127,2024-04-09,700,invalid
128,2024-07-26,1500,invalid
129,14-11-2024,700,invalid
130,2024/07/24,1200,debito
131,2024-07-25,1000,debito
132,2024-12-10,0,invalid
133,21-07-2024,500,invalid
134,2024/04/06,800,credito
135,02/03/2024,,debito
136,2024/10/27,0,invalid
137,17-06-2024,1200,desconocido
138,2024-13-01,1000,invalid
139,2024-09-16,700,debito
140,22/08/2024,1200,debito
141,14/07/2024,3000,debito
142,19-11-2024,3000,debito
143,2024-09-29,700,credito
144,30/12/2024,3000,debito
145,2024/01/01,1200,debito
146,01-07-2024,,debito
147,2024/03/29,3000,credito
148,2024-03-30,1000,invalid
149,02/11/2024,3000,desconocido
150,2024-13-01,1500,debito
151,2024-12-18,3000,credito
152,25/10/2024,1500,invalid
153,2024/07/28,1000,credito
154,2024-03-04,800,credito
155,22/12/2024,-200,desconocido
156,2024-03-02,1500,debito
157,2024-08-17,3000,debito
158,26-05-2024,500,debito
159,01/09/2024,1200,debito
160,03/08/2024,1500,invalid
161,28/07/2024,1500,credito
162,11-12-2024,3000,debito
163,30-11-2024,3000,desconocido
164,04-03-2024,3000,invalid
165,2024-08-30,1000,invalid
166,2024/04/06,800,credito
167,23/02/2024,,credito
168,2024-10-24,1200,credito
169,2024/03/05,800,invalid
170,2024/09/07,1200,invalid
171,14-05-2024,,debito
172,2024-02-07,0,debito
173,24-08-2024,-100,debito
174,2024-10-26,,invalid
175,24-09-2024,1500,invalid
176,2024-06-07,1000,invalid
177,22/10/2024,3000,debito
178,2024/05/17,3000,credito
179,2024/07/11,3000,credito
180,28/05/2024,1000,desconocido
181,2024/09/08,800,invalid
182,2024/03/02,800,credito
183,21-01-2024,3000,credito
184,01-11-2024,1500,debito
185,2024-13-01,1000,debito
186,2024-01-04,3000,invalid
187,2024/05/25,800,debito
188,2024/03/15,500,debito
189,2024-01-17,800,invalid
190,26/07/2024,1500,debito
191,26-07-2024,,invalid
192,2024-09-19,700,debito
193,2024-01-16,1500,invalid
194,2024/12/29,-200,credito
195,13-06-2024,800,debito
196,08-08-2024,-200,credito
197,18-02-2024,1200,credito
198,2024-12-04,800,debito
199,01/06/2024,700,invalid
200,2024/10/13,,invalid
201,15-11-2024,-200,credito
202,09-01-2024,,debito
203,2024-13-01,1200,debito
204,2024/04/16,1200,debito
205,07-08-2024,1000,invalid
206,2024/11/20,3000,debito
207,08/02/2024,3000,debito
208,2024/01/29,,invalid
209,2024-13-01,1200,debito
210,2024/02/09,700,debito
211,2024-04-18,800,invalid
212,23/04/2024,1200,debito
213,30/07/2024,3000,debito
214,2024/04/15,,desconocido
215,01/03/2024,1500,debito
216,2024-03-05,-200,desconocido
217,2024-03-16,700,credito
218,2024/02/16,1200,credito
219,2024-09-28,0,credito
220,28/08/2024,500,credito
221,19-06-2024,1200,invalid
222,2024-03-10,-100,debito
223,2024/10/01,3000,credito
224,2024/12/20,500,credito
225,2024/04/01,,desconocido
226,2024/04/29,-200,debito
227,25-04-2024,800,debito
228,2024-07-12,1500,invalid
229,22-10-2024,,invalid
230,13/01/2024,-100,invalid
231,2024/12/25,0,invalid
232,04/02/2024,1500,invalid
233,15-06-2024,1000,debito
234,2024/07/03,-200,credito
235,07-04-2024,800,invalid
236,2024-06-29,1000,debito
237,21-02-2024,1200,debito
238,2024/10/09,1200,credito
239,04-03-2024,800,debito
240,2024-06-17,3000,debito
241,07/03/2024,1000,credito
242,24-07-2024,,credito
243,2024/10/17,800,debito
244,2024-07-23,3000,desconocido
245,02-06-2024,800,credito
246,10-02-2024,1200,debito
247,13/05/2024,,debito
248,10-12-2024,,invalid
249,19/06/2024,1200,invalid
250,2024/02/09,1200,debito
251,14/07/2024,-200,debito
252,2024/05/25,700,debito
253,02-09-2024,,invalid
254,2024/10/26,1200,invalid
255,02-07-2024,-100,credito
256,2024-04-22,1500,credito
257,26/11/2024,1000,credito
258,2024/01/06,,credito
259,04-05-2024,,credito
260,2024-03-23,3000,desconocido
261,26/06/2024,500,debito
262,02/09/2024,,debito
263,02-07-2024,3000,invalid
264,2024-13-01,1500,invalid
265,16/12/2024,3000,debito
266,02-11-2024,-200,invalid
267,2024/04/06,,invalid
268,2024-05-24,800,credito
269,2024/07/27,1200,desconocido
270,2024-13-01,1200,invalid
271,2024-03-18,,desconocido
272,2024/09/04,3000,invalid
273,26/04/2024,1000,invalid
274,21/01/2024,1500,credito
275,2024/08/09,700,credito
276,16/10/2024,700,debito
277,12-08-2024,-100,credito
278,25/05/2024,-200,debito
279,2024-02-24,800,invalid
280,27-07-2024,1200,credito
281,2024/07/08,800,credito
282,08/08/2024,,debito
283,08/08/2024,0,debito
284,25-07-2024,1500,credito
285,13/12/2024,1500,desconocido
286,27-09-2024,800,credito
287,2024/11/17,800,debito
288,2024-09-03,-200,debito
289,2024/08/14,3000,debito
290,2024-06-15,1500,debito
291,2024-04-17,1000,invalid
292,2024/09/20,1000,credito
293,18/10/2024,1500,invalid
294,2024/07/01,700,desconocido
295,2024-06-12,,invalid
296,09/12/2024,,debito
297,2024-08-19,1000,desconocido
298,2024-13-01,700,debito
299,2024-10-10,700,invalid
300,2024-03-28,1500,invalid
301,2024-10-03,1500,credito
302,16/10/2024,,debito
303,19-10-2024,3000,credito
304,03-03-2024,1000,invalid
305,18-10-2024,700,invalid
306,2024-07-08,,invalid
307,02/01/2024,,credito
308,2024-13-01,,invalid
309,2024/03/23,1000,debito
310,14/12/2024,1000,invalid
311,2024-13-01,1000,credito
312,24/06/2024,1200,desconocido
313,16/10/2024,-200,invalid
314,22/03/2024,-200,invalid
315,2024-13-01,1200,debito
316,2024/04/01,,credito
317,19-01-2024,800,invalid
318,2024-06-04,1500,invalid
319,2024-05-08,-200,invalid
320,29/02/2024,700,invalid
321,2024-03-30,-200,debito
322,2024-01-28,,invalid
323,27/07/2024,700,credito
324,23/09/2024,800,invalid
325,22/03/2024,700,debito
326,2024/12/15,1200,invalid
327,30-04-2024,-200,desconocido
328,2024-11-10,1000,debito
329,2024-05-02,700,invalid
330,04/12/2024,,credito
331,13-11-2024,700,debito
332,2024/10/16,-200,credito
333,22-02-2024,,debito
334,16-08-2024,3000,debito
335,2024/08/17,1000,debito
336,2024/03/14,800,invalid
337,08-10-2024,3000,debito
338,2024/06/19,800,invalid
339,06-06-2024,,invalid
340,2024/03/05,-200,debito
341,2024-01-28,-200,invalid
342,08-07-2024,,debito
343,08-01-2024,3000,invalid
344,2024-10-21,700,credito
345,19/11/2024,700,invalid
346,2024/10/12,1500,invalid
347,20-05-2024,3000,invalid
348,13/07/2024,1500,credito
349,31/03/2024,800,credito
350,02-02-2024,1200,debito
351,31-08-2024,1200,debito
352,02/02/2024,-200,invalid
353,18-04-2024,,credito
354,10/01/2024,,debito
355,2024/03/15,800,credito
356,17-12-2024,-200,debito
357,2024-13-01,1000,credito
358,2024/10/10,,invalid
359,04/08/2024,,debito
360,23-04-2024,700,invalid
361,08/05/2024,,invalid
362,06/11/2024,1500,debito
363,2024/01/09,1000,invalid
364,04-09-2024,700,debito
365,2024/10/01,1200,credito
366,22-07-2024,700,debito
367,14-03-2024,1500,debito
368,26-07-2024,800,debito
369,2024/09/29,800,desconocido
370,02/10/2024,3000,debito
371,10-12-2024,1000,debito
372,2024-08-20,1200,debito
373,30-09-2024,800,debito
374,2024/07/25,800,desconocido
375,02-12-2024,1000,credito
376,2024-07-09,1200,credito
377,25/05/2024,,credito
378,19-05-2024,800,credito
379,2024/03/09,1000,invalid
380,26-12-2024,1200,debito
381,25/06/2024,,credito
382,04/07/2024,500,invalid
383,26-01-2024,800,invalid
384,2024/05/30,700,invalid
385,27-07-2024,1500,invalid
386,2024/01/01,-200,desconocido
387,2024/07/10,3000,invalid
388,2024/09/14,,debito
389,2024-11-19,,credito
390,2024-12-20,1200,credito
391,09/09/2024,500,credito
392,2024-04-10,1000,debito
393,2024-13-01,800,credito
394,2024/03/14,1500,credito
395,2024-07-09,-200,debito
396,23-05-2024,,debito
397,2024-02-16,700,debito
398,2024-05-09,1000,invalid
399,01/06/2024,1500,credito
400,03/07/2024,1000,debito
401,2024/12/12,700,debito
402,2024/07/16,,credito
403,29-06-2024,500,credito
404,2024-10-13,,credito
405,03-08-2024,1500,credito
406,24/03/2024,700,desconocido
407,2024-09-21,-200,desconocido
408,2024-12-30,-200,debito
409,22/01/2024,800,debito
410,23-11-2024,1500,invalid
411,12-12-2024,-200,debito
412,06-12-2024,1000,invalid
413,2024/10/21,1500,invalid
414,2024-08-07,,debito
415,2024/06/29,,credito
416,2024-11-17,,desconocido
417,2024/06/19,,debito
418,2024-12-28,,credito
419,2024-01-19,800,credito
420,30/05/2024,1000,credito
421,09-09-2024,-200,credito
422,2024-09-09,-200,credito
423,2024/08/28,800,invalid
424,2024/11/12,700,credito
425,09/01/2024,1200,invalid
426,2024-08-28,800,credito
427,2024/12/27,,invalid
428,2024-08-09,700,debito
429,2024-09-27,,invalid
430,2024-05-07,1000,invalid
431,2024/05/04,-200,desconocido
432,30-06-2024,1000,debito
433,2024-11-18,1500,invalid
434,2024/05/03,1500,desconocido
435,2024/11/20,,credito
436,21-08-2024,-100,debito
437,2024/02/28,,credito
438,2024-10-18,1500,invalid
439,15-03-2024,1200,credito
440,28/07/2024,,invalid
441,2024-12-04,1000,debito
442,06-08-2024,1200,debito
443,11/05/2024,,credito
444,2024-04-19,1200,desconocido
445,2024-13-01,1200,debito
446,2024-07-11,700,invalid
447,08-02-2024,1000,credito
448,08-06-2024,,debito
449,2024/05/19,-200,credito
450,2024/03/07,1500,debito
451,02/07/2024,700,invalid
452,31/05/2024,700,credito
453,2024-13-01,800,invalid
454,2024-10-23,-200,debito
455,29/02/2024,800,invalid
456,18-10-2024,1200,invalid
457,26/03/2024,1200,credito
458,02-10-2024,-100,debito
459,31/01/2024,1000,credito
460,21-08-2024,0,invalid
461,2024-13-01,700,invalid
462,2024-13-01,1500,invalid
463,2024/04/01,-100,debito
464,2024/07/24,1000,debito
465,2024-03-04,700,credito
466,2024/11/30,,credito
467,2024-04-30,1500,credito
468,17-03-2024,-200,debito
469,2024/12/03,1000,invalid
470,2024/09/19,,debito
471,04/12/2024,1000,desconocido
472,2024-13-01,,invalid
473,15/08/2024,700,invalid
474,2024-13-01,1200,invalid
475,2024/12/28,0,invalid
476,2024/07/06,,invalid
477,09-07-2024,800,credito
478,06/07/2024,0,credito
479,07-12-2024,,invalid
480,2024/06/09,700,debito
481,15/09/2024,-100,credito
482,2024-02-04,800,invalid
483,2024-11-07,1000,credito
484,2024-04-15,700,credito
485,17-11-2024,1000,desconocido
486,17-09-2024,800,invalid
487,04-01-2024,800,credito
488,11/12/2024,,debito
489,15/11/2024,3000,debito
490,26/07/2024,700,invalid
491,2024/03/31,,credito
492,2024/11/07,-200,invalid
493,2024-08-29,0,invalid
494,26-11-2024,-200,debito
495,18/11/2024,1500,credito
496,2024/09/14,,invalid
497,2024/04/20,-200,desconocido
498,2024-13-01,1500,invalid
499,16-05-2024,1200,credito
500,2024/04/24,,invalid
501,2024-03-24,,credito
502,10/02/2024,-100,credito
503,14-02-2024,1500,invalid
504,16-09-2024,500,credito
505,2024-07-08,1000,debito
506,2024-06-10,-200,invalid
507,05-04-2024,0,invalid
508,06-11-2024,700,credito
509,2024/10/31,500,debito
510,21/02/2024,3000,credito
511,22/02/2024,-200,invalid
512,2024/08/14,700,credito
513,2024/01/10,3000,desconocido
514,20/10/2024,-200,invalid
515,14-07-2024,700,debito
516,21/08/2024,-200,desconocido
517,17/04/2024,,debito
518,02/03/2024,,invalid
519,24-08-2024,-200,invalid
520,2024/09/02,1200,debito
521,01-10-2024,1500,credito
522,2024-06-12,1500,invalid
523,2024/02/03,1000,invalid
524,2024-11-12,1200,invalid
525,2024-13-01,700,invalid
526,26/03/2024,700,invalid
527,17/05/2024,1200,credito
528,13/06/2024,3000,invalid
529,08/11/2024,-100,credito
530,2024/07/10,700,invalid
531,2024-01-07,700,credito
532,15/10/2024,3000,credito
533,18/11/2024,1500,credito
534,2024-05-15,3000,invalid
535,19-10-2024,1000,desconocido
536,2024/09/30,700,credito
537,2024/08/25,,credito
538,22-08-2024,-200,credito
539,26-08-2024,1500,debito
540,18-04-2024,800,credito
541,2024-06-22,3000,debito
542,07/01/2024,,debito
543,2024-13-01,1500,invalid
544,2024-10-04,800,debito
545,23-11-2024,1000,debito
546,26-04-2024,1200,debito
547,2024/09/25,1200,credito
548,2024-08-17,1500,debito
549,05/11/2024,,credito
550,25/05/2024,800,debito
551,11-03-2024,,credito
552,2024-06-01,800,invalid
553,16-10-2024,1500,debito
554,2024-06-29,1200,credito
555,2024-05-29,700,credito
556,2024-06-16,-200,credito
557,06/09/2024,,debito
558,2024-10-21,700,invalid
559,2024-12-26,-200,desconocido
560,2024-13-01,-200,credito
561,2024-01-05,1500,invalid
562,19-01-2024,800,credito
563,2024/08/17,1200,debito
564,06/07/2024,800,credito
565,2024/11/11,,invalid
566,2024/07/12,1200,debito
567,2024-01-15,700,credito
568,2024-03-11,1200,debito
569,05-06-2024,1200,desconocido
570,2024-03-20,1200,desconocido
571,12-06-2024,1200,debito
572,2024/11/05,3000,credito
573,29-06-2024,1200,credito
574,2024-10-18,3000,debito
575,06-01-2024,3000,debito
576,11/04/2024,1000,invalid
577,2024/02/17,800,debito
578,05-12-2024,-200,invalid
579,2024-05-01,,invalid
580,2024/11/28,700,invalid
581,21-01-2024,3000,debito
582,20/03/2024,1500,invalid
583,22-02-2024,3000,invalid
584,09/01/2024,700,invalid
585,2024/11/17,1200,debito
586,31-01-2024,-200,credito
587,2024/07/10,1200,credito
588,22/11/2024,1200,debito
589,2024/12/30,800,debito
590,05-10-2024,1500,credito
591,10-08-2024,3000,credito
592,14-04-2024,1500,credito
593,05-03-2024,1200,credito
594,2024-12-17,,debito
595,2024-13-01,1000,debito
596,2024-09-27,700,invalid
597,2024-01-30,500,credito
598,06-04-2024,,credito
599,2024-13-01,700,debito
600,09/02/2024,1500,invalid
601,2024-11-16,1200,invalid
602,29-06-2024,-200,credito
603,2024-13-01,-200,credito
604,2024-05-15,1000,credito
605,2024/07/30,,invalid
606,16-05-2024,1000,desconocido
607,2024-10-02,700,debito
608,27/05/2024,1000,debito
609,2024/11/14,3000,credito
610,2024-13-01,,debito
611,2024-11-24,,debito
612,2024-01-15,500,credito
613,2024-11-17,700,debito
614,2024-01-05,,debito
615,2024-11-25,1500,invalid
616,2024-08-03,500,invalid
617,17/09/2024,-200,invalid
618,15/06/2024,-100,credito
619,2024/09/30,1000,credito
620,2024-01-13,1000,credito
621,2024-03-23,1200,debito
622,2024-07-08,700,invalid
623,2024-03-01,800,debito
624,04-04-2024,3000,credito
625,2024-05-15,,debito
626,2024/04/12,,invalid
627,2024/12/29,700,credito
628,28-06-2024,,invalid
629,26/12/2024,-200,invalid
630,20/10/2024,1500,desconocido
631,16/09/2024,1500,credito
632,2024/02/11,800,invalid
633,2024-10-27,1500,debito
634,15-06-2024,1500,debito
635,2024-13-01,1500,credito
636,07/08/2024,1500,credito
637,2024-07-01,700,desconocido
638,20-11-2024,-200,invalid
639,26-09-2024,-200,credito
640,2024-10-09,3000,debito
641,29-11-2024,1200,debito
642,2024/03/14,700,credito
643,27-06-2024,,invalid
644,18/05/2024,,invalid
645,26/08/2024,,invalid
646,2024/07/20,700,credito
647,2024-08-09,1000,debito
648,2024-02-21,700,invalid
649,16/04/2024,-200,debito
650,2024-10-31,3000,credito
651,2024-13-01,,invalid
652,28/04/2024,-200,debito
653,2024-08-29,1500,debito
654,16/04/2024,800,debito
655,14-01-2024,-200,credito
656,21/10/2024,700,debito
657,30-04-2024,1000,invalid
658,14-10-2024,1200,invalid
659,2024/01/26,1000,credito
660,2024-07-17,-200,invalid
661,27/06/2024,1200,debito
662,2024-03-07,700,credito
663,25-02-2024,,invalid
664,2024-02-17,800,desconocido
665,2024-04-13,800,invalid
666,2024/04/25,,debito
667,2024-07-14,700,credito
668,2024-02-21,,credito
669,16/10/2024,1500,debito
670,2024-12-07,1200,credito
671,17-05-2024,800,desconocido
672,2024-13-01,-200,credito
673,2024-04-30,-200,credito
674,08/10/2024,3000,desconocido
675,10/11/2024,700,invalid
676,07-08-2024,,debito
677,2024/09/02,700,invalid
678,26-08-2024,800,invalid
679,19-04-2024,,credito
680,2024-13-01,1500,debito
681,2024-13-01,1000,credito
682,2024/01/22,700,credito
683,2024-03-03,500,credito
684,2024/11/04,,credito
685,2024-12-20,1000,desconocido
686,2024/11/01,0,invalid
687,12-12-2024,,debito
688,2024/08/17,1000,desconocido
689,2024-06-22,1000,debito
690,2024/01/27,-200,debito
691,09/02/2024,800,debito
692,15-09-2024,,credito
693,2024/02/13,,credito
694,2024-04-06,1000,credito
695,2024/10/20,-200,invalid
696,11-05-2024,700,invalid
697,2024-02-01,800,invalid
698,29-09-2024,700,invalid
699,2024-12-10,800,desconocido
700,30/04/2024,1000,debito
701,01/02/2024,3000,desconocido
702,2024-13-01,,debito
703,2024-05-05,1500,invalid
704,2024-02-19,800,invalid
705,16/10/2024,700,credito
706,20-03-2024,1000,credito
707,2024-01-14,800,debito
708,2024/06/14,700,credito
709,01/05/2024,1500,invalid
710,24/10/2024,700,debito
711,2024/12/06,,invalid
712,2024/09/11,,debito
713,2024/07/12,,invalid
714,21/06/2024,700,invalid
715,2024/07/07,700,invalid
716,2024-13-01,-200,debito
717,2024/03/22,1200,desconocido
718,2024/08/25,700,invalid
719,2024/09/04,1000,invalid
720,27-11-2024,1500,desconocido
721,2024-05-25,,debito
722,2024-13-01,1200,credito
723,03-04-2024,-200,debito
724,2024-13-01,1200,debito
725,06/02/2024,1000,desconocido
726,10-10-2024,1500,credito
727,12-01-2024,1000,debito
728,09/12/2024,1500,invalid
729,2024-04-06,0,credito
730,18-03-2024,800,debito
731,2024/09/04,,credito
732,2024/11/11,1000,credito
733,18-03-2024,1000,desconocido
734,2024-04-13,1500,credito
735,23/09/2024,1000,debito
736,11-05-2024,1500,desconocido
737,17/03/2024,800,invalid
738,30/06/2024,3000,invalid
739,2024-03-20,3000,invalid
740,2024-06-08,700,debito
741,2024-13-01,1200,credito
742,14-05-2024,3000,invalid
743,2024-01-15,700,debito
744,24-02-2024,800,debito
745,2024/12/23,,invalid
746,2024/06/08,1500,invalid
747,31-03-2024,1000,credito
748,06/10/2024,800,credito
749,2024/06/20,1200,invalid
750,03-03-2024,-200,debito
751,2024-11-13,3000,invalid
752,02-05-2024,,invalid
753,13/10/2024,3000,debito
754,01-09-2024,1500,debito
755,2024-13-01,1200,invalid
756,15/07/2024,800,debito
757,11-10-2024,1000,credito
758,2024-06-14,1200,invalid
759,2024-03-31,1500,debito
760,2024-07-28,800,debito
761,2024/06/10,3000,debito
762,2024/08/15,1500,debito
763,2024/07/23,3000,invalid
764,09-11-2024,1000,credito
765,2024-06-26,,credito
766,11/04/2024,1200,credito
767,2024-01-22,1500,credito
768,25/12/2024,700,invalid
769,25-11-2024,-200,invalid
770,2024-08-27,1500,credito
771,24/12/2024,,debito
772,05-09-2024,1500,invalid
773,19/03/2024,,debito
774,08/04/2024,1000,credito
775,06-04-2024,-200,invalid
776,13-07-2024,800,credito
777,25/01/2024,3000,credito
778,2024-08-11,800,debito
779,31-03-2024,-200,debito
780,2024-02-16,1200,desconocido
781,2024/01/12,700,invalid
782,18-11-2024,,credito
783,28/02/2024,1000,credito
784,2024-08-09,,credito
785,07-05-2024,,debito
786,2024-08-25,,invalid
787,2024-05-19,1000,credito
788,31/10/2024,,debito
789,27/05/2024,1000,credito
790,2024-11-11,1000,credito
791,28/06/2024,-200,credito
792,2024-07-08,-200,invalid
793,2024/12/04,1200,desconocido
794,30-12-2024,,credito
795,29-11-2024,800,debito
796,2024/01/16,-200,invalid
797,08-09-2024,800,debito
798,07-12-2024,1000,debito
799,2024-13-01,3000,debito
800,2024/01/27,-100,invalid
801,14/01/2024,,invalid
802,29-02-2024,1200,credito
803,12-02-2024,1200,desconocido
804,11/07/2024,-200,invalid
805,17-10-2024,,debito
806,14/01/2024,-200,invalid
807,2024-12-01,700,debito
808,2024-01-04,-200,debito
809,2024-01-18,-200,invalid
810,13/10/2024,,credito
811,2024/07/24,1200,debito
812,20-05-2024,,invalid
813,2024-03-17,1200,invalid
814,2024-10-22,700,credito
815,2024/11/19,,debito
816,2024/01/28,,invalid
817,2024/07/10,3000,invalid
818,19/06/2024,-100,debito
819,13/06/2024,700,invalid
820,2024/08/12,3000,credito
821,2024-04-07,,debito
822,2024/09/18,1200,credito
823,2024-01-28,-200,debito
824,2024/04/16,3000,credito
825,2024-05-14,700,invalid
826,15/10/2024,500,debito
827,06/02/2024,-200,debito
828,2024-05-23,1500,invalid
829,2024-13-01,3000,debito
830,10/10/2024,3000,debito
831,03/08/2024,1000,debito
832,2024-06-26,700,debito
833,16-05-2024,700,debito
834,02/02/2024,3000,credito
835,2024-13-01,1500,credito
836,2024-06-08,1500,credito
837,2024/07/10,1200,invalid
838,2024-13-01,,credito
839,2024/04/23,-200,credito
840,2024/08/12,800,debito
841,2024/08/15,0,invalid
842,2024/10/30,1500,credito
843,12-03-2024,1500,credito
844,23-11-2024,-200,debito
845,31-08-2024,1500,invalid
846,2024-08-30,,credito
847,2024/10/14,1000,debito
848,07-06-2024,1200,credito
849,2024/05/01,-200,debito
850,2024/12/20,3000,credito
851,23/03/2024,,credito
852,2024-13-01,1000,invalid
853,03-07-2024,700,desconocido
854,27-06-2024,500,debito
855,20-08-2024,-200,credito
856,22-07-2024,-200,credito
857,2024-10-29,800,debito
858,12-11-2024,,credito
859,2024-04-08,3000,debito
860,2024/02/08,-200,invalid
861,13/09/2024,-200,debito
862,24/07/2024,,debito
863,2024-13-01,-200,invalid
864,2024-10-31,0,credito
865,2024/05/29,-200,credito
866,08-02-2024,800,debito
867,12-03-2024,-200,invalid
868,2024/11/20,,invalid
869,2024/09/26,3000,credito
870,2024-06-23,1200,desconocido
871,27-07-2024,3000,debito
872,2024-04-01,-200,debito
873,2024-12-23,,credito
874,2024-12-20,-200,invalid
875,01/09/2024,,invalid
876,2024/06/27,700,credito
877,19-03-2024,,credito
878,2024-01-08,,invalid
879,2024/07/05,,debito
880,14-01-2024,800,credito
881,06/11/2024,-100,invalid
882,2024-07-08,,credito
883,2024/04/03,-200,invalid
884,08-01-2024,800,credito
885,29/05/2024,1000,debito
886,2024-12-27,1200,debito
887,19-02-2024,3000,credito
888,2024/12/25,,debito
889,2024/10/10,1500,debito
890,2024/02/29,3000,debito
891,2024/12/24,3000,invalid
892,2024-06-05,500,debito
893,2024-11-06,1000,invalid
894,30/10/2024,,credito
895,04-11-2024,1500,credito
896,2024-13-01,1500,debito
897,04/05/2024,3000,credito
898,12/12/2024,500,debito
899,14-12-2024,1500,credito
900,2024/01/19,1000,debito
901,2024/06/22,-200,invalid
902,30/01/2024,1200,invalid
903,29-10-2024,1500,debito
904,28/05/2024,700,debito
905,11/02/2024,1000,debito
906,19/01/2024,,invalid
907,2024-05-29,1200,debito
908,2024/02/27,700,debito
909,2024-13-01,800,credito
910,08/08/2024,3000,invalid
911,29-09-2024,700,debito
912,10/10/2024,1000,debito
913,06/04/2024,500,invalid
914,09/07/2024,700,credito
915,2024/01/21,-200,invalid
916,2024-12-24,700,invalid
917,2024-13-01,800,credito
918,22-01-2024,-200,invalid
919,2024/05/31,1500,credito
920,30-05-2024,800,debito
921,24/09/2024,,credito
922,29/04/2024,1200,debito
923,20-12-2024,,desconocido
924,30-10-2024,,debito
925,04/11/2024,,credito
926,2024-01-23,700,invalid
927,2024-13-01,,credito
928,2024/04/14,1500,invalid
929,06-07-2024,800,debito
930,17/01/2024,800,credito
931,08-12-2024,,debito
932,2024/11/22,1500,debito
933,01-08-2024,-200,invalid
934,02/08/2024,,credito
935,26/08/2024,1000,invalid
936,2024-06-11,1500,credito
937,07-03-2024,500,debito
938,08-10-2024,800,invalid
939,2024-04-20,-200,debito
940,09/12/2024,1000,credito
941,14-01-2024,,invalid
942,15/03/2024,1500,credito
943,19-02-2024,-200,credito
944,2024/07/20,,credito
945,13/08/2024,-100,credito
946,04/06/2024,3000,credito
947,02/06/2024,0,credito
948,24/07/2024,-200,credito
949,15-09-2024,1000,desconocido
950,2024/10/14,1000,debito
951,2024-06-07,3000,invalid
952,30-11-2024,-200,credito
953,23-06-2024,3000,credito
954,2024/02/10,1000,invalid
955,2024/01/02,700,credito
956,2024/12/01,,credito
957,30/12/2024,700,invalid
958,2024/07/25,1200,credito
959,2024-06-25,-200,invalid
960,2024/03/29,-200,invalid
961,20-10-2024,-200,invalid
962,2024/08/11,-200,debito
963,25-10-2024,-200,credito
964,2024-07-27,1200,debito
965,2024/08/12,3000,invalid
966,19-09-2024,3000,credito
967,22-06-2024,500,credito
968,05-05-2024,-100,credito
969,2024/04/15,3000,invalid
970,2024-02-14,3000,invalid
971,2024-03-04,-200,credito
972,03/12/2024,1000,invalid
973,2024-13-01,,debito
974,02/08/2024,1200,debito
975,2024-04-07,1200,desconocido
976,2024-02-09,800,invalid
977,2024-05-21,3000,invalid
978,2024/04/08,1500,invalid
979,22-11-2024,-200,credito
980,2024-06-22,700,invalid
981,20/01/2024,-200,debito
982,2024-06-08,,invalid
983,2024-05-23,1500,invalid
984,07/05/2024,,debito
985,2024/09/06,700,credito
986,13/05/2024,700,invalid
987,13/10/2024,,debito
988,11-12-2024,1200,invalid
989,22-08-2024,800,debito
990,2024-04-27,1500,debito
991,2024-04-08,0,debito
992,15/03/2024,1000,credito
993,2024-13-01,700,invalid
994,2024-06-09,700,invalid
995,2024-02-08,-200,credito
996,23-07-2024,700,debito
997,2024-06-14,-200,invalid
998,14-01-2024,,invalid
999,19/06/2024,1500,debito
1000,30-12-2024,1500,credito
1000001,2024-06-30,3000,credito
1000002,03-04-2024,1200,credito
1000003,2024-04-09,800,invalid
1000004,04/05/2024,,invalid
1000005,17-06-2024,800,debito
1000006,11/11/2024,1500,credito
1000007,2024-13-01,700,debito
1000008,30-07-2024,3000,debito
1000009,07-04-2024,3000,invalid
1000010,2024/10/15,1500,invalid
1000011,2024/10/05,1200,debito
1000012,20/07/2024,1200,debito
1000013,2024-04-13,3000,credito
1000014,17/07/2024,500,debito
1000015,01/06/2024,,desconocido
1000016,2024-04-27,1000,invalid
1000017,18/12/2024,-200,invalid
1000018,2024-11-30,-100,credito
1000019,16/08/2024,800,credito
1000020,2024-07-28,3000,debito
1000021,12-06-2024,700,credito
1000022,2024/06/05,1000,invalid
1000023,2024-13-01,1000,credito
1000024,18/02/2024,0,credito
1000025,09/11/2024,,debito
1000026,19/05/2024,1200,debito
1000027,2024-12-11,1200,credito
1000028,2024-09-03,,desconocido
1000029,27-05-2024,,debito
1000030,09/02/2024,-200,invalid
1000031,2024/04/11,800,invalid
1000032,2024/01/01,1500,invalid
1000033,30/12/2024,1500,credito
1000034,13-11-2024,-200,credito
1000035,2024/12/12,-100,credito
1000036,25-07-2024,1500,credito
1000037,2024-08-20,800,credito
1000038,2024/02/15,1500,debito
1000039,18/11/2024,1200,invalid
1000040,2024-13-01,3000,credito
1000041,01/08/2024,800,credito
1000042,29/07/2024,500,credito
1000043,2024-12-06,-100,invalid
1000044,2024/07/11,1000,credito
1000045,23/08/2024,,credito
1000046,2024/06/29,1200,debito
1000047,30-11-2024,1200,invalid
1000048,2024-08-09,1500,credito
1000049,2024/10/26,3000,debito
1000050,2024-13-01,1200,debito
1000051,02/07/2024,-200,credito
1000052,16/03/2024,1000,invalid
1000053,02/07/2024,,debito
1000054,21-02-2024,800,desconocido
1000055,27-01-2024,3000,credito
1000056,06-09-2024,1000,debito
1000057,27/07/2024,-200,invalid
1000058,2024/02/27,1000,credito
1000059,08/02/2024,800,credito
1000060,2024-04-04,-200,invalid
1000061,2024-01-09,3000,debito
1000062,2024-06-09,1000,credito
1000063,2024-08-14,700,credito
1000064,13-03-2024,1000,credito
1000065,16/10/2024,,debito
1000066,2024-05-28,1500,invalid
1000067,10-11-2024,800,credito
1000068,2024-01-11,3000,desconocido
1000069,29/09/2024,1500,invalid
1000070,2024/09/18,,desconocido
1000071,2024/07/31,700,debito
1000072,2024-03-01,-200,invalid
1000073,29-07-2024,1000,credito
1000074,30/07/2024,1000,invalid
1000075,28-01-2024,1500,debito
1000076,16/11/2024,-200,credito
1000077,2024-13-01,3000,invalid
1000078,2024/11/25,-200,credito
1000079,02/06/2024,,invalid
1000080,16-04-2024,1200,invalid
1000081,2024/06/18,,invalid
1000082,13/09/2024,700,credito
1000083,10-05-2024,800,credito
1000084,2024-09-17,3000,debito
1000085,2024/03/16,1000,debito
1000086,2024-11-04,1500,invalid
1000087,2024/10/22,1200,invalid
1000088,2024/04/24,3000,credito
1000089,27/07/2024,800,debito
1000090,28/07/2024,700,invalid
1000091,01-01-2024,800,credito
1000092,27/01/2024,1200,debito
1000093,07-11-2024,3000,debito
1000094,01-08-2024,-200,credito
1000095,22/12/2024,1000,credito
1000096,2024/12/18,800,credito
1000097,17/08/2024,500,debito
1000098,2024-07-05,1200,invalid
1000099,2024/03/09,-200,credito
1000100,15-06-2024,,debito
1000101,12-05-2024,800,debito
1000102,13-11-2024,-200,debito
1000103,2024/04/02,1500,credito
1000104,2024-04-16,1000,credito
1000105,2024-12-13,3000,invalid
1000106,2024/01/21,1000,credito
1000107,16/01/2024,700,invalid
1000108,2024/02/28,-200,invalid
1000109,2024-09-15,1200,invalid
1000110,05/07/2024,800,debito
1000111,25-09-2024,1000,credito
1000112,2024-03-07,800,credito
1000113,21/07/2024,1500,credito
1000114,01-02-2024,700,invalid
1000115,2024/07/20,700,debito
1000116,2024-10-03,1500,invalid
1000117,10-11-2024,700,credito
1000118,27/08/2024,,invalid
1000119,06-12-2024,,debito
1000120,21-09-2024,-200,credito
1000121,2024/08/19,700,debito
1000122,2024-08-26,800,invalid
1000123,2024/05/27,3000,debito
1000124,2024/08/22,,invalid
1000125,2024/01/29,-200,credito
1000126,2024/03/11,800,debito
1000127,2024-04-09,700,invalid
1000128,2024-07-26,1500,invalid
1000129,14-11-2024,700,invalid
1000130,2024/07/24,1200,debito
1000131,2024-07-25,1000,debito
1000132,2024-12-10,0,invalid
1000133,21-07-2024,500,invalid
1000134,2024/04/06,800,credito
1000135,02/03/2024,,debito
1000136,2024/10/27,0,invalid
1000137,17-06-2024,1200,desconocido
1000138,2024-13-01,1000,invalid
1000139,2024-09-16,700,debito
1000140,22/08/2024,1200,debito
1000141,14/07/2024,3000,debito
1000142,19-11-2024,3000,debito
1000143,2024-09-29,700,credito
1000144,30/12/2024,3000,debito
1000145,2024/01/01,1200,debito
1000146,01-07-2024,,debito
1000147,2024/03/29,3000,credito
1000148,2024-03-30,1000,invalid
1000149,02/11/2024,3000,desconocido
1000150,2024-13-01,1500,debito
1000151,2024-12-18,3000,credito
1000152,25/10/2024,1500,invalid
1000153,2024/07/28,1000,credito
1000154,2024-03-04,800,credito
1000155,22/12/2024,-200,desconocido
1000156,2024-03-02,1500,debito
1000157,2024-08-17,3000,debito
1000158,26-05-2024,500,debito
1000159,01/09/2024,1200,debito
1000160,03/08/2024,1500,invalid
1000161,28/07/2024,1500,credito
1000162,11-12-2024,3000,debito
1000163,30-11-2024,3000,desconocido
1000164,04-03-2024,3000,invalid
1000165,2024-08-30,1000,invalid
1000166,2024/04/06,800,credito
1000167,23/02/2024,,credito
1000168,2024-10-24,1200,credito
1000169,2024/03/05,800,invalid
1000170,2024/09/07,1200,invalid
1000171,14-05-2024,,debito
1000172,2024-02-07,0,debito
1000173,24-08-2024,-100,debito
1000174,2024-10-26,,invalid
1000175,24-09-2024,1500,invalid
1000176,2024-06-07,1000,invalid
1000177,22/10/2024,3000,debito
1000178,2024/05/17,3000,credito
1000179,2024/07/11,3000,credito
1000180,28/05/2024,1000,desconocido
1000181,2024/09/08,800,invalid
1000182,2024/03/02,800,credito
1000183,21-01-2024,3000,credito
1000184,01-11-2024,1500,debito
1000185,2024-13-01,1000,debito
1000186,2024-01-04,3000,invalid
1000187,2024/05/25,800,debito
1000188,2024/03/15,500,debito
1000189,2024-01-17,800,invalid
1000190,26/07/2024,1500,debito
1000191,26-07-2024,,invalid
1000192,2024-09-19,700,debito
1000193,2024-01-16,1500,invalid
1000194,2024/12/29,-200,credito
1000195,13-06-2024,800,debito
1000196,08-08-2024,-200,credito
1000197,18-02-2024,1200,credito
1000198,2024-12-04,800,debito
1000199,01/06/2024,700,invalid
1000200,2024/10/13,,invalid
1000201,15-11-2024,-200,credito
1000202,09-01-2024,,debito
1000203,2024-13-01,1200,debito
1000204,2024/04/16,1200,debito
1000205,07-08-2024,1000,invalid
1000206,2024/11/20,3000,debito
1000207,08/02/2024,3000,debito
1000208,2024/01/29,,invalid
1000209,2024-13-01,1200,debito
1000210,2024/02/09,700,debito
1000211,2024-04-18,800,invalid
1000212,23/04/2024,1200,debito
1000213,30/07/2024,3000,debito
1000214,2024/04/15,,desconocido
1000215,01/03/2024,1500,debito
1000216,2024-03-05,-200,desconocido
1000217,2024-03-16,700,credito
1000218,2024/02/16,1200,credito
1000219,2024-09-28,0,credito
1000220,28/08/2024,500,credito
1000221,19-06-2024,1200,invalid
1000222,2024-03-10,-100,debito
1000223,2024/10/01,3000,credito
1000224,2024/12/20,500,credito
1000225,2024/04/01,,desconocido
1000226,2024/04/29,-200,debito
1000227,25-04-2024,800,debito
1000228,2024-07-12,1500,invalid
1000229,22-10-2024,,invalid
1000230,13/01/2024,-100,invalid
1000231,2024/12/25,0,invalid
1000232,04/02/2024,1500,invalid
1000233,15-06-2024,1000,debito
1000234,2024/07/03,-200,credito
1000235,07-04-2024,800,invalid
1000236,2024-06-29,1000,debito
1000237,21-02-2024,1200,debito
1000238,2024/10/09,1200,credito
1000239,04-03-2024,800,debito
1000240,2024-06-17,3000,debito
1000241,07/03/2024,1000,credito
1000242,24-07-2024,,credito
1000243,2024/10/17,800,debito
1000244,2024-07-23,3000,desconocido
1000245,02-06-2024,800,credito
1000246,10-02-2024,1200,debito
1000247,13/05/2024,,debito
1000248,10-12-2024,,invalid
1000249,19/06/2024,1200,invalid
1000250,2024/02/09,1200,debito
1000251,14/07/2024,-200,debito
1000252,2024/05/25,700,debito
1000253,02-09-2024,,invalid
1000254,2024/10/26,1200,invalid
1000255,02-07-2024,-100,credito
1000256,2024-04-22,1500,credito
1000257,26/11/2024,1000,credito
1000258,2024/01/06,,credito
1000259,04-05-2024,,credito
1000260,2024-03-23,3000,desconocido
1000261,26/06/2024,500,debito
1000262,02/09/2024,,debito
1000263,02-07-2024,3000,invalid
1000264,2024-13-01,1500,invalid
1000265,16/12/2024,3000,debito
1000266,02-11-2024,-200,invalid
1000267,2024/04/06,,invalid
1000268,2024-05-24,800,credito
1000269,2024/07/27,1200,desconocido
1000270,2024-13-01,1200,invalid
1000271,2024-03-18,,desconocido
1000272,2024/09/04,3000,invalid
1000273,26/04/2024,1000,invalid
1000274,21/01/2024,1500,credito
1000275,2024/08/09,700,credito
1000276,16/10/2024,700,debito
1000277,12-08-2024,-100,credito
1000278,25/05/2024,-200,debito
1000279,2024-02-24,800,invalid
1000280,27-07-2024,1200,credito
1000281,2024/07/08,800,credito
1000282,08/08/2024,,debito
1000283,08/08/2024,0,debito
1000284,25-07-2024,1500,credito
1000285,13/12/2024,1500,desconocido
1000286,27-09-2024,800,credito
1000287,2024/11/17,800,debito
1000288,2024-09-03,-200,debito
1000289,2024/08/14,3000,debito
1000290,2024-06-15,1500,debito
1000291,2024-04-17,1000,invalid
1000292,2024/09/20,1000,credito
1000293,18/10/2024,1500,invalid
1000294,2024/07/01,700,desconocido
1000295,2024-06-12,,invalid
1000296,09/12/2024,,debito
1000297,2024-08-19,1000,desconocido
1000298,2024-13-01,700,debito
1000299,2024-10-10,700,invalid
1000300,2024-03-28,1500,invalid
1000301,2024-10-03,1500,credito
1000302,16/10/2024,,debito
1000303,19-10-2024,3000,credito
1000304,03-03-2024,1000,invalid
1000305,18-10-2024,700,invalid
1000306,2024-07-08,,invalid
1000307,02/01/2024,,credito
1000308,2024-13-01,,invalid
1000309,2024/03/23,1000,debito
1000310,14/12/2024,1000,invalid
1000311,2024-13-01,1000,credito
1000312,24/06/2024,1200,desconocido
1000313,16/10/2024,-200,invalid
1000314,22/03/2024,-200,invalid
1000315,2024-13-01,1200,debito
1000316,2024/04/01,,credito
1000317,19-01-2024,800,invalid
1000318,2024-06-04,1500,invalid
1000319,2024-05-08,-200,invalid
1000320,29/02/2024,700,invalid
1000321,2024-03-30,-200,debito
1000322,2024-01-28,,invalid
1000323,27/07/2024,700,credito
1000324,23/09/2024,800,invalid
1000325,22/03/2024,700,debito
1000326,2024/12/15,1200,invalid
1000327,30-04-2024,-200,desconocido
1000328,2024-11-10,1000,debito
1000329,2024-05-02,700,invalid
1000330,04/12/2024,,credito
1000331,13-11-2024,700,debito
1000332,2024/10/16,-200,credito
1000333,22-02-2024,,debito
1000334,16-08-2024,3000,debito
1000335,2024/08/17,1000,debito
1000336,2024/03/14,800,invalid
1000337,08-10-2024,3000,debito
1000338,2024/06/19,800,invalid
1000339,06-06-2024,,invalid
1000340,2024/03/05,-200,debito
1000341,2024-01-28,-200,invalid
1000342,08-07-2024,,debito
1000343,08-01-2024,3000,invalid
1000344,2024-10-21,700,credito
1000345,19/11/2024,700,invalid
1000346,2024/10/12,1500,invalid
1000347,20-05-2024,3000,invalid
1000348,13/07/2024,1500,credito
1000349,31/03/2024,800,credito
1000350,02-02-2024,1200,debito
1000351,31-08-2024,1200,debito
1000352,02/02/2024,-200,invalid
1000353,18-04-2024,,credito
1000354,10/01/2024,,debito
1000355,2024/03/15,800,credito
1000356,17-12-2024,-200,debito
1000357,2024-13-01,1000,credito
1000358,2024/10/10,,invalid
1000359,04/08/2024,,debito
1000360,23-04-2024,700,invalid
1000361,08/05/2024,,invalid
1000362,06/11/2024,1500,debito
1000363,2024/01/09,1000,invalid
1000364,04-09-2024,700,debito
1000365,2024/10/01,1200,credito
1000366,22-07-2024,700,debito
1000367,14-03-2024,1500,debito
1000368,26-07-2024,800,debito
1000369,2024/09/29,800,desconocido
1000370,02/10/2024,3000,debito
1000371,10-12-2024,1000,debito
1000372,2024-08-20,1200,debito
1000373,30-09-2024,800,debito
1000374,2024/07/25,800,desconocido
1000375,02-12-2024,1000,credito
1000376,2024-07-09,1200,credito
1000377,25/05/2024,,credito
1000378,19-05-2024,800,credito
1000379,2024/03/09,1000,invalid
1000380,26-12-2024,1200,debito
1000381,25/06/2024,,credito
1000382,04/07/2024,500,invalid
1000383,26-01-2024,800,invalid
1000384,2024/05/30,700,invalid
1000385,27-07-2024,1500,invalid
1000386,2024/01/01,-200,desconocido
1000387,2024/07/10,3000,invalid
1000388,2024/09/14,,debito
1000389,2024-11-19,,credito
1000390,2024-12-20,1200,credito
1000391,09/09/2024,500,credito
1000392,2024-04-10,1000,debito
1000393,2024-13-01,800,credito
1000394,2024/03/14,1500,credito
1000395,2024-07-09,-200,debito
1000396,23-05-2024,,debito
1000397,2024-02-16,700,debito
1000398,2024-05-09,1000,invalid
1000399,01/06/2024,1500,credito
1000400,03/07/2024,1000,debito
1000401,2024/12/12,700,debito
1000402,2024/07/16,,credito
1000403,29-06-2024,500,credito
1000404,2024-10-13,,credito
1000405,03-08-2024,1500,credito
1000406,24/03/2024,700,desconocido
1000407,2024-09-21,-200,desconocido
1000408,2024-12-30,-200,debito
1000409,22/01/2024,800,debito
1000410,23-11-2024,1500,invalid
1000411,12-12-2024,-200,debito
1000412,06-12-2024,1000,invalid
1000413,2024/10/21,1500,invalid
1000414,2024-08-07,,debito
1000415,2024/06/29,,credito
1000416,2024-11-17,,desconocido
1000417,2024/06/19,,debito
1000418,2024-12-28,,credito
1000419,2024-01-19,800,credito
1000420,30/05/2024,1000,credito
1000421,09-09-2024,-200,credito
1000422,2024-09-09,-200,credito
1000423,2024/08/28,800,invalid
1000424,2024/11/12,700,credito
1000425,09/01/2024,1200,invalid
1000426,2024-08-28,800,credito
1000427,2024/12/27,,invalid
1000428,2024-08-09,700,debito
1000429,2024-09-27,,invalid
1000430,2024-05-07,1000,invalid
1000431,2024/05/04,-200,desconocido
1000432,30-06-2024,1000,debito
1000433,2024-11-18,1500,invalid
1000434,2024/05/03,1500,desconocido
1000435,2024/11/20,,credito
1000436,21-08-2024,-100,debito
1000437,2024/02/28,,credito
1000438,2024-10-18,1500,invalid
1000439,15-03-2024,1200,credito
1000440,28/07/2024,,invalid
1000441,2024-12-04,1000,debito
1000442,06-08-2024,1200,debito
1000443,11/05/2024,,credito
1000444,2024-04-19,1200,desconocido
1000445,2024-13-01,1200,debito
1000446,2024-07-11,700,invalid
1000447,08-02-2024,1000,credito
1000448,08-06-2024,,debito
1000449,2024/05/19,-200,credito
1000450,2024/03/07,1500,debito
1000451,02/07/2024,700,invalid
1000452,31/05/2024,700,credito
1000453,2024-13-01,800,invalid
1000454,2024-10-23,-200,debito
1000455,29/02/2024,800,invalid
1000456,18-10-2024,1200,invalid
1000457,26/03/2024,1200,credito
1000458,02-10-2024,-100,debito
1000459,31/01/2024,1000,credito
1000460,21-08-2024,0,invalid
1000461,2024-13-01,700,invalid
1000462,2024-13-01,1500,invalid
1000463,2024/04/01,-100,debito
1000464,2024/07/24,1000,debito
1000465,2024-03-04,700,credito
1000466,2024/11/30,,credito
1000467,2024-04-30,1500,credito
1000468,17-03-2024,-200,debito
1000469,2024/12/03,1000,invalid
1000470,2024/09/19,,debito
1000471,04/12/2024,1000,desconocido
1000472,2024-13-01,,invalid
1000473,15/08/2024,700,invalid
1000474,2024-13-01,1200,invalid
1000475,2024/12/28,0,invalid
1000476,2024/07/06,,invalid
1000477,09-07-2024,800,credito
1000478,06/07/2024,0,credito
1000479,07-12-2024,,invalid
1000480,2024/06/09,700,debito
1000481,15/09/2024,-100,credito
1000482,2024-02-04,800,invalid
1000483,2024-11-07,1000,credito
1000484,2024-04-15,700,credito
1000485,17-11-2024,1000,desconocido
1000486,17-09-2024,800,invalid
1000487,04-01-2024,800,credito
1000488,11/12/2024,,debito
1000489,15/11/2024,3000,debito
1000490,26/07/2024,700,invalid
1000491,2024/03/31,,credito
1000492,2024/11/07,-200,invalid
1000493,2024-08-29,0,invalid
1000494,26-11-2024,-200,debito
1000495,18/11/2024,1500,credito
1000496,2024/09/14,,invalid
1000497,2024/04/20,-200,desconocido
1000498,2024-13-01,1500,invalid
1000499,16-05-2024,1200,credito
1000500,2024/04/24,,invalid
1000501,2024-03-24,,credito
1000502,10/02/2024,-100,credito
1000503,14-02-2024,1500,invalid
1000504,16-09-2024,500,credito
1000505,2024-07-08,1000,debito
1000506,2024-06-10,-200,invalid
1000507,05-04-2024,0,invalid
1000508,06-11-2024,700,credito
1000509,2024/10/31,500,debito
1000510,21/02/2024,3000,credito
1000511,22/02/2024,-200,invalid
1000512,2024/08/14,700,credito
1000513,2024/01/10,3000,desconocido
1000514,20/10/2024,-200,invalid
1000515,14-07-2024,700,debito
1000516,21/08/2024,-200,desconocido
1000517,17/04/2024,,debito
1000518,02/03/2024,,invalid
1000519,24-08-2024,-200,invalid
1000520,2024/09/02,1200,debito
1000521,01-10-2024,1500,credito
1000522,2024-06-12,1500,invalid
1000523,2024/02/03,1000,invalid
1000524,2024-11-12,1200,invalid
1000525,2024-13-01,700,invalid
1000526,26/03/2024,700,invalid
1000527,17/05/2024,1200,credito
1000528,13/06/2024,3000,invalid
1000529,08/11/2024,-100,credito
1000530,2024/07/10,700,invalid
1000531,2024-01-07,700,credito
1000532,15/10/2024,3000,credito
1000533,18/11/2024,1500,credito
1000534,2024-05-15,3000,invalid
1000535,19-10-2024,1000,desconocido
1000536,2024/09/30,700,credito
1000537,2024/08/25,,credito
1000538,22-08-2024,-200,credito
1000539,26-08-2024,1500,debito
1000540,18-04-2024,800,credito
1000541,2024-06-22,3000,debito
1000542,07/01/2024,,debito
1000543,2024-13-01,1500,invalid
1000544,2024-10-04,800,debito
1000545,23-11-2024,1000,debito
1000546,26-04-2024,1200,debito
1000547,2024/09/25,1200,credito
1000548,2024-08-17,1500,debito
1000549,05/11/2024,,credito
1000550,25/05/2024,800,debito
1000551,11-03-2024,,credito
1000552,2024-06-01,800,invalid
1000553,16-10-2024,1500,debito
1000554,2024-06-29,1200,credito
1000555,2024-05-29,700,credito
1000556,2024-06-16,-200,credito
1000557,06/09/2024,,debito
1000558,2024-10-21,700,invalid
1000559,2024-12-26,-200,desconocido
1000560,2024-13-01,-200,credito
1000561,2024-01-05,1500,invalid
1000562,19-01-2024,800,credito
1000563,2024/08/17,1200,debito
1000564,06/07/2024,800,credito
1000565,2024/11/11,,invalid
1000566,2024/07/12,1200,debito
1000567,2024-01-15,700,credito
1000568,2024-03-11,1200,debito
1000569,05-06-2024,1200,desconocido
1000570,2024-03-20,1200,desconocido
1000571,12-06-2024,1200,debito
1000572,2024/11/05,3000,credito
1000573,29-06-2024,1200,credito
1000574,2024-10-18,3000,debito
1000575,06-01-2024,3000,debito
1000576,11/04/2024,1000,invalid
1000577,2024/02/17,800,debito
1000578,05-12-2024,-200,invalid
1000579,2024-05-01,,invalid
1000580,2024/11/28,700,invalid
1000581,21-01-2024,3000,debito
1000582,20/03/2024,1500,invalid
1000583,22-02-2024,3000,invalid
1000584,09/01/2024,700,invalid
1000585,2024/11/17,1200,debito
1000586,31-01-2024,-200,credito
1000587,2024/07/10,1200,credito
1000588,22/11/2024,1200,debito
1000589,2024/12/30,800,debito
1000590,05-10-2024,1500,credito
1000591,10-08-2024,3000,credito
1000592,14-04-2024,1500,credito
1000593,05-03-2024,1200,credito
1000594,2024-12-17,,debito
1000595,2024-13-01,1000,debito
1000596,2024-09-27,700,invalid
1000597,2024-01-30,500,credito
1000598,06-04-2024,,credito
1000599,2024-13-01,700,debito
1000600,09/02/2024,1500,invalid
1000601,2024-11-16,1200,invalid
1000602,29-06-2024,-200,credito
1000603,2024-13-01,-200,credito
1000604,2024-05-15,1000,credito
1000605,2024/07/30,,invalid
1000606,16-05-2024,1000,desconocido
1000607,2024-10-02,700,debito
1000608,27/05/2024,1000,debito
1000609,2024/11/14,3000,credito
1000610,2024-13-01,,debito
1000611,2024-11-24,,debito
1000612,2024-01-15,500,credito
1000613,2024-11-17,700,debito
1000614,2024-01-05,,debito
1000615,2024-11-25,1500,invalid
1000616,2024-08-03,500,invalid
1000617,17/09/2024,-200,invalid
1000618,15/06/2024,-100,credito
1000619,2024/09/30,1000,credito
1000620,2024-01-13,1000,credito
1000621,2024-03-23,1200,debito
1000622,2024-07-08,700,invalid
1000623,2024-03-01,800,debito
1000624,04-04-2024,3000,credito
1000625,2024-05-15,,debito
1000626,2024/04/12,,invalid
1000627,2024/12/29,700,credito
1000628,28-06-2024,,invalid
1000629,26/12/2024,-200,invalid
1000630,20/10/2024,1500,desconocido
1000631,16/09/2024,1500,credito
1000632,2024/02/11,800,invalid
1000633,2024-10-27,1500,debito
1000634,15-06-2024,1500,debito
1000635,2024-13-01,1500,credito
1000636,07/08/2024,1500,credito
1000637,2024-07-01,700,desconocido
1000638,20-11-2024,-200,invalid
1000639,26-09-2024,-200,credito
1000640,2024-10-09,3000,debito
1000641,29-11-2024,1200,debito
1000642,2024/03/14,700,credito
1000643,27-06-2024,,invalid
1000644,18/05/2024,,invalid
1000645,26/08/2024,,invalid
1000646,2024/07/20,700,credito
1000647,2024-08-09,1000,debito
1000648,2024-02-21,700,invalid
1000649,16/04/2024,-200,debito
1000650,2024-10-31,3000,credito
1000651,2024-13-01,,invalid
1000652,28/04/2024,-200,debito
1000653,2024-08-29,1500,debito
1000654,16/04/2024,800,debito
1000655,14-01-2024,-200,credito
1000656,21/10/2024,700,debito
1000657,30-04-2024,1000,invalid
1000658,14-10-2024,1200,invalid
1000659,2024/01/26,1000,credito
1000660,2024-07-17,-200,invalid
1000661,27/06/2024,1200,debito
1000662,2024-03-07,700,credito
1000663,25-02-2024,,invalid
1000664,2024-02-17,800,desconocido
1000665,2024-04-13,800,invalid
1000666,2024/04/25,,debito
1000667,2024-07-14,700,credito
1000668,2024-02-21,,credito
1000669,16/10/2024,1500,debito
1000670,2024-12-07,1200,credito
1000671,17-05-2024,800,desconocido
1000672,2024-13-01,-200,credito
1000673,2024-04-30,-200,credito
1000674,08/10/2024,3000,desconocido
1000675,10/11/2024,700,invalid
1000676,07-08-2024,,debito
1000677,2024/09/02,700,invalid
1000678,26-08-2024,800,invalid
1000679,19-04-2024,,credito
1000680,2024-13-01,1500,debito
1000681,2024-13-01,1000,credito
1000682,2024/01/22,700,credito
1000683,2024-03-03,500,credito
1000684,2024/11/04,,credito
1000685,2024-12-20,1000,desconocido
1000686,2024/11/01,0,invalid
1000687,12-12-2024,,debito
1000688,2024/08/17,1000,desconocido
1000689,2024-06-22,1000,debito
1000690,2024/01/27,-200,debito
1000691,09/02/2024,800,debito
1000692,15-09-2024,,credito
1000693,2024/02/13,,credito
1000694,2024-04-06,1000,credito
1000695,2024/10/20,-200,invalid
1000696,11-05-2024,700,invalid
1000697,2024-02-01,800,invalid
1000698,29-09-2024,700,invalid
1000699,2024-12-10,800,desconocido
1000700,30/04/2024,1000,debito
1000701,01/02/2024,3000,desconocido
1000702,2024-13-01,,debito
1000703,2024-05-05,1500,invalid
1000704,2024-02-19,800,invalid
1000705,16/10/2024,700,credito
1000706,20-03-2024,1000,credito
1000707,2024-01-14,800,debito
1000708,2024/06/14,700,credito
1000709,01/05/2024,1500,invalid
1000710,24/10/2024,700,debito
1000711,2024/12/06,,invalid
1000712,2024/09/11,,debito
1000713,2024/07/12,,invalid
1000714,21/06/2024,700,invalid
1000715,2024/07/07,700,invalid
1000716,2024-13-01,-200,debito
1000717,2024/03/22,1200,desconocido
1000718,2024/08/25,700,invalid
1000719,2024/09/04,1000,invalid
1000720,27-11-2024,1500,desconocido
1000721,2024-05-25,,debito
1000722,2024-13-01,1200,credito
1000723,03-04-2024,-200,debito
1000724,2024-13-01,1200,debito
1000725,06/02/2024,1000,desconocido
1000726,10-10-2024,1500,credito
1000727,12-01-2024,1000,debito
1000728,09/12/2024,1500,invalid
1000729,2024-04-06,0,credito
1000730,18-03-2024,800,debito
1000731,2024/09/04,,credito
1000732,2024/11/11,1000,credito
1000733,18-03-2024,1000,desconocido
1000734,2024-04-13,1500,credito
1000735,23/09/2024,1000,debito
1000736,11-05-2024,1500,desconocido
1000737,17/03/2024,800,invalid
1000738,30/06/2024,3000,invalid
1000739,2024-03-20,3000,invalid
1000740,2024-06-08,700,debito
1000741,2024-13-01,1200,credito
1000742,14-05-2024,3000,invalid
1000743,2024-01-15,700,debito
1000744,24-02-2024,800,debito
1000745,2024/12/23,,invalid
1000746,2024/06/08,1500,invalid
1000747,31-03-2024,1000,credito
1000748,06/10/2024,800,credito
1000749,2024/06/20,1200,invalid
1000750,03-03-2024,-200,debito
1000751,2024-11-13,3000,invalid
1000752,02-05-2024,,invalid
1000753,13/10/2024,3000,debito
1000754,01-09-2024,1500,debito
1000755,2024-13-01,1200,invalid
1000756,15/07/2024,800,debito
1000757,11-10-2024,1000,credito
1000758,2024-06-14,1200,invalid
1000759,2024-03-31,1500,debito
1000760,2024-07-28,800,debito
1000761,2024/06/10,3000,debito
1000762,2024/08/15,1500,debito
1000763,2024/07/23,3000,invalid
1000764,09-11-2024,1000,credito
1000765,2024-06-26,,credito
1000766,11/04/2024,1200,credito
1000767,2024-01-22,1500,credito
1000768,25/12/2024,700,invalid
1000769,25-11-2024,-200,invalid
1000770,2024-08-27,1500,credito
1000771,24/12/2024,,debito
1000772,05-09-2024,1500,invalid
1000773,19/03/2024,,debito
1000774,08/04/2024,1000,credito
1000775,06-04-2024,-200,invalid
1000776,13-07-2024,800,credito
1000777,25/01/2024,3000,credito
1000778,2024-08-11,800,debito
1000779,31-03-2024,-200,debito
1000780,2024-02-16,1200,desconocido
1000781,2024/01/12,700,invalid
1000782,18-11-2024,,credito
1000783,28/02/2024,1000,credito
1000784,2024-08-09,,credito
1000785,07-05-2024,,debito
1000786,2024-08-25,,invalid
1000787,2024-05-19,1000,credito
1000788,31/10/2024,,debito
1000789,27/05/2024,1000,credito
1000790,2024-11-11,1000,credito
1000791,28/06/2024,-200,credito
1000792,2024-07-08,-200,invalid
1000793,2024/12/04,1200,desconocido
1000794,30-12-2024,,credito
1000795,29-11-2024,800,debito
1000796,2024/01/16,-200,invalid
1000797,08-09-2024,800,debito
1000798,07-12-2024,1000,debito
1000799,2024-13-01,3000,debito
1000800,2024/01/27,-100,invalid
1000801,14/01/2024,,invalid
1000802,29-02-2024,1200,credito
1000803,12-02-2024,1200,desconocido
1000804,11/07/2024,-200,invalid
1000805,17-10-2024,,debito
1000806,14/01/2024,-200,invalid
1000807,2024-12-01,700,debito
1000808,2024-01-04,-200,debito
1000809,2024-01-18,-200,invalid
1000810,13/10/2024,,credito
1000811,2024/07/24,1200,debito
1000812,20-05-2024,,invalid
1000813,2024-03-17,1200,invalid
1000814,2024-10-22,700,credito
1000815,2024/11/19,,debito
1000816,2024/01/28,,invalid
1000817,2024/07/10,3000,invalid
1000818,19/06/2024,-100,debito
1000819,13/06/2024,700,invalid
1000820,2024/08/12,3000,credito
1000821,2024-04-07,,debito
1000822,2024/09/18,1200,credito
1000823,2024-01-28,-200,debito
1000824,2024/04/16,3000,credito
1000825,2024-05-14,700,invalid
1000826,15/10/2024,500,debito
1000827,06/02/2024,-200,debito
1000828,2024-05-23,1500,invalid
1000829,2024-13-01,3000,debito
1000830,10/10/2024,3000,debito
1000831,03/08/2024,1000,debito
1000832,2024-06-26,700,debito
1000833,16-05-2024,700,debito
1000834,02/02/2024,3000,credito
1000835,2024-13-01,1500,credito
1000836,2024-06-08,1500,credito
1000837,2024/07/10,1200,invalid
1000838,2024-13-01,,credito
1000839,2024/04/23,-200,credito
1000840,2024/08/12,800,debito
1000841,2024/08/15,0,invalid
1000842,2024/10/30,1500,credito
1000843,12-03-2024,1500,credito
1000844,23-11-2024,-200,debito
1000845,31-08-2024,1500,invalid
1000846,2024-08-30,,credito
1000847,2024/10/14,1000,debito
1000848,07-06-2024,1200,credito
1000849,2024/05/01,-200,debito
1000850,2024/12/20,3000,credito
1000851,23/03/2024,,credito
1000852,2024-13-01,1000,invalid
1000853,03-07-2024,700,desconocido
1000854,27-06-2024,500,debito
1000855,20-08-2024,-200,credito
1000856,22-07-2024,-200,credito
1000857,2024-10-29,800,debito
1000858,12-11-2024,,credito
1000859,2024-04-08,3000,debito
1000860,2024/02/08,-200,invalid
1000861,13/09/2024,-200,debito
1000862,24/07/2024,,debito
1000863,2024-13-01,-200,invalid
1000864,2024-10-31,0,credito
1000865,2024/05/29,-200,credito
1000866,08-02-2024,800,debito
1000867,12-03-2024,-200,invalid
1000868,2024/11/20,,invalid
1000869,2024/09/26,3000,credito
1000870,2024-06-23,1200,desconocido
1000871,27-07-2024,3000,debito
1000872,2024-04-01,-200,debito
1000873,2024-12-23,,credito
1000874,2024-12-20,-200,invalid
1000875,01/09/2024,,invalid
1000876,2024/06/27,700,credito
1000877,19-03-2024,,credito
1000878,2024-01-08,,invalid
1000879,2024/07/05,,debito
1000880,14-01-2024,800,credito
1000881,06/11/2024,-100,invalid
1000882,2024-07-08,,credito
1000883,2024/04/03,-200,invalid
1000884,08-01-2024,800,credito
1000885,29/05/2024,1000,debito
1000886,2024-12-27,1200,debito
1000887,19-02-2024,3000,credito
1000888,2024/12/25,,debito
1000889,2024/10/10,1500,debito
1000890,2024/02/29,3000,debito
1000891,2024/12/24,3000,invalid
1000892,2024-06-05,500,debito
1000893,2024-11-06,1000,invalid
1000894,30/10/2024,,credito
1000895,04-11-2024,1500,credito
1000896,2024-13-01,1500,debito
1000897,04/05/2024,3000,credito
1000898,12/12/2024,500,debito
1000899,14-12-2024,1500,credito
1000900,2024/01/19,1000,debito
1000901,2024/06/22,-200,invalid
1000902,30/01/2024,1200,invalid
1000903,29-10-2024,1500,debito
1000904,28/05/2024,700,debito
1000905,11/02/2024,1000,debito
1000906,19/01/2024,,invalid
1000907,2024-05-29,1200,debito
1000908,2024/02/27,700,debito
1000909,2024-13-01,800,credito
1000910,08/08/2024,3000,invalid
1000911,29-09-2024,700,debito
1000912,10/10/2024,1000,debito
1000913,06/04/2024,500,invalid
1000914,09/07/2024,700,credito
1000915,2024/01/21,-200,invalid
1000916,2024-12-24,700,invalid
1000917,2024-13-01,800,credito
1000918,22-01-2024,-200,invalid
1000919,2024/05/31,1500,credito
1000920,30-05-2024,800,debito
1000921,24/09/2024,,credito
1000922,29/04/2024,1200,debito
1000923,20-12-2024,,desconocido
1000924,30-10-2024,,debito
1000925,04/11/2024,,credito
1000926,2024-01-23,700,invalid
1000927,2024-13-01,,credito
1000928,2024/04/14,1500,invalid
1000929,06-07-2024,800,debito
1000930,17/01/2024,800,credito
1000931,08-12-2024,,debito
1000932,2024/11/22,1500,debito
1000933,01-08-2024,-200,invalid
1000934,02/08/2024,,credito
1000935,26/08/2024,1000,invalid
1000936,2024-06-11,1500,credito
1000937,07-03-2024,500,debito
1000938,08-10-2024,800,invalid
1000939,2024-04-20,-200,debito
1000940,09/12/2024,1000,credito
1000941,14-01-2024,,invalid
1000942,15/03/2024,1500,credito
1000943,19-02-2024,-200,credito
1000944,2024/07/20,,credito
1000945,13/08/2024,-100,credito
1000946,04/06/2024,3000,credito
1000947,02/06/2024,0,credito
1000948,24/07/2024,-200,credito
1000949,15-09-2024,1000,desconocido
1000950,2024/10/14,1000,debito
1000951,2024-06-07,3000,invalid
1000952,30-11-2024,-200,credito
1000953,23-06-2024,3000,credito
1000954,2024/02/10,1000,invalid
1000955,2024/01/02,700,credito
1000956,2024/12/01,,credito
1000957,30/12/2024,700,invalid
1000958,2024/07/25,1200,credito
1000959,2024-06-25,-200,invalid
1000960,2024/03/29,-200,invalid
1000961,20-10-2024,-200,invalid
1000962,2024/08/11,-200,debito
1000963,25-10-2024,-200,credito
1000964,2024-07-27,1200,debito
1000965,2024/08/12,3000,invalid
1000966,19-09-2024,3000,credito
1000967,22-06-2024,500,credito
1000968,05-05-2024,-100,credito
1000969,2024/04/15,3000,invalid
1000970,2024-02-14,3000,invalid
1000971,2024-03-04,-200,credito
1000972,03/12/2024,1000,invalid
1000973,2024-13-01,,debito
1000974,02/08/2024,1200,debito
1000975,2024-04-07,1200,desconocido
1000976,2024-02-09,800,invalid
1000977,2024-05-21,3000,invalid
1000978,2024/04/08,1500,invalid
1000979,22-11-2024,-200,credito
1000980,2024-06-22,700,invalid
1000981,20/01/2024,-200,debito
1000982,2024-06-08,,invalid
1000983,2024-05-23,1500,invalid
1000984,07/05/2024,,debito
1000985,2024/09/06,700,credito
1000986,13/05/2024,700,invalid
1000987,13/10/2024,,debito
1000988,11-12-2024,1200,invalid
1000989,22-08-2024,800,debito
1000990,2024-04-27,1500,debito
1000991,2024-04-08,0,debito
1000992,15/03/2024,1000,credito
1000993,2024-13-01,700,invalid
1000994,2024-06-09,700,invalid
1000995,2024-02-08,-200,credito
1000996,23-07-2024,700,debito
1000997,2024-06-14,-200,invalid
1000998,14-01-2024,,invalid
1000999,19/06/2024,1500,debito
1001000,30-12-2024,1500,credito
2000001,2024-06-30,3000,credito
2000002,03-04-2024,1200,credito
2000003,2024-04-09,800,invalid
2000004,04/05/2024,,invalid
2000005,17-06-2024,800,debito
2000006,11/11/2024,1500,credito
2000007,2024-13-01,700,debito
2000008,30-07-2024,3000,debito
2000009,07-04-2024,3000,invalid
2000010,2024/10/15,1500,invalid
2000011,2024/10/05,1200,debito
2000012,20/07/2024,1200,debito
2000013,2024-04-13,3000,credito
2000014,17/07/2024,500,debito
2000015,01/06/2024,,desconocido
2000016,2024-04-27,1000,invalid
2000017,18/12/2024,-200,invalid
2000018,2024-11-30,-100,credito
2000019,16/08/2024,800,credito
2000020,2024-07-28,3000,debito
2000021,12-06-2024,700,credito
2000022,2024/06/05,1000,invalid
2000023,2024-13-01,1000,credito
2000024,18/02/2024,0,credito
2000025,09/11/2024,,debito
2000026,19/05/2024,1200,debito
2000027,2024-12-11,1200,credito
2000028,2024-09-03,,desconocido
2000029,27-05-2024,,debito
2000030,09/02/2024,-200,invalid
2000031,2024/04/11,800,invalid
2000032,2024/01/01,1500,invalid
2000033,30/12/2024,1500,credito
2000034,13-11-2024,-200,credito
2000035,2024/12/12,-100,credito
2000036,25-07-2024,1500,credito
2000037,2024-08-20,800,credito
2000038,2024/02/15,1500,debito
2000039,18/11/2024,1200,invalid
2000040,2024-13-01,3000,credito
2000041,01/08/2024,800,credito
2000042,29/07/2024,500,credito
2000043,2024-12-06,-100,invalid
2000044,2024/07/11,1000,credito
2000045,23/08/2024,,credito
2000046,2024/06/29,1200,debito
2000047,30-11-2024,1200,invalid
2000048,2024-08-09,1500,credito
2000049,2024/10/26,3000,debito
2000050,2024-13-01,1200,debito
2000051,02/07/2024,-200,credito
2000052,16/03/2024,1000,invalid
2000053,02/07/2024,,debito
2000054,21-02-2024,800,desconocido
2000055,27-01-2024,3000,credito
2000056,06-09-2024,1000,debito
2000057,27/07/2024,-200,invalid
2000058,2024/02/27,1000,credito
2000059,08/02/2024,800,credito
2000060,2024-04-04,-200,invalid
2000061,2024-01-09,3000,debito
2000062,2024-06-09,1000,credito
2000063,2024-08-14,700,credito
2000064,13-03-2024,1000,credito
2000065,16/10/2024,,debito
2000066,2024-05-28,1500,invalid
2000067,10-11-2024,800,credito
2000068,2024-01-11,3000,desconocido
2000069,29/09/2024,1500,invalid
2000070,2024/09/18,,desconocido
2000071,2024/07/31,700,debito
2000072,2024-03-01,-200,invalid
2000073,29-07-2024,1000,credito
2000074,30/07/2024,1000,invalid
2000075,28-01-2024,1500,debito
2000076,16/11/2024,-200,credito
2000077,2024-13-01,3000,invalid
2000078,2024/11/25,-200,credito
2000079,02/06/2024,,invalid
2000080,16-04-2024,1200,invalid
2000081,2024/06/18,,invalid
2000082,13/09/2024,700,credito
2000083,10-05-2024,800,credito
2000084,2024-09-17,3000,debito
2000085,2024/03/16,1000,debito
2000086,2024-11-04,1500,invalid
2000087,2024/10/22,1200,invalid
2000088,2024/04/24,3000,credito
2000089,27/07/2024,800,debito
2000090,28/07/2024,700,invalid
2000091,01-01-2024,800,credito
2000092,27/01/2024,1200,debito
2000093,07-11-2024,3000,debito
2000094,01-08-2024,-200,credito
2000095,22/12/2024,1000,credito
2000096,2024/12/18,800,credito
2000097,17/08/2024,500,debito
2000098,2024-07-05,1200,invalid
2000099,2024/03/09,-200,credito
2000100,15-06-2024,,debito
2000101,12-05-2024,800,debito
2000102,13-11-2024,-200,debito
2000103,2024/04/02,1500,credito
2000104,2024-04-16,1000,credito
2000105,2024-12-13,3000,invalid
2000106,2024/01/21,1000,credito
2000107,16/01/2024,700,invalid
2000108,2024/02/28,-200,invalid
2000109,2024-09-15,1200,invalid
2000110,05/07/2024,800,debito
2000111,25-09-2024,1000,credito
2000112,2024-03-07,800,credito
2000113,21/07/2024,1500,credito
2000114,01-02-2024,700,invalid
2000115,2024/07/20,700,debito
2000116,2024-10-03,1500,invalid
2000117,10-11-2024,700,credito
2000118,27/08/2024,,invalid
2000119,06-12-2024,,debito
2000120,21-09-2024,-200,credito
2000121,2024/08/19,700,debito
2000122,2024-08-26,800,invalid
2000123,2024/05/27,3000,debito
2000124,2024/08/22,,invalid
2000125,2024/01/29,-200,credito
2000126,2024/03/11,800,debito
2000127,2024-04-09,700,invalid
2000128,2024-07-26,1500,invalid
2000129,14-11-2024,700,invalid
2000130,2024/07/24,1200,debito
2000131,2024-07-25,1000,debito
2000132,2024-12-10,0,invalid
2000133,21-07-2024,500,invalid
2000134,2024/04/06,800,credito
2000135,02/03/2024,,debito
2000136,2024/10/27,0,invalid
2000137,17-06-2024,1200,desconocido
2000138,2024-13-01,1000,invalid
2000139,2024-09-16,700,debito
2000140,22/08/2024,1200,debito
2000141,14/07/2024,3000,debito
2000142,19-11-2024,3000,debito
2000143,2024-09-29,700,credito
2000144,30/12/2024,3000,debito
2000145,2024/01/01,1200,debito
2000146,01-07-2024,,debito
2000147,2024/03/29,3000,credito
2000148,2024-03-30,1000,invalid
2000149,02/11/2024,3000,desconocido
2000150,2024-13-01,1500,debito
2000151,2024-12-18,3000,credito
2000152,25/10/2024,1500,invalid
2000153,2024/07/28,1000,credito
2000154,2024-03-04,800,credito
2000155,22/12/2024,-200,desconocido
2000156,2024-03-02,1500,debito
2000157,2024-08-17,3000,debito
2000158,26-05-2024,500,debito
2000159,01/09/2024,1200,debito
2000160,03/08/2024,1500,invalid
2000161,28/07/2024,1500,credito
2000162,11-12-2024,3000,debito
2000163,30-11-2024,3000,desconocido
2000164,04-03-2024,3000,invalid
2000165,2024-08-30,1000,invalid
2000166,2024/04/06,800,credito
2000167,23/02/2024,,credito
2000168,2024-10-24,1200,credito
2000169,2024/03/05,800,invalid
2000170,2024/09/07,1200,invalid
2000171,14-05-2024,,debito
2000172,2024-02-07,0,debito
2000173,24-08-2024,-100,debito
2000174,2024-10-26,,invalid
2000175,24-09-2024,1500,invalid
2000176,2024-06-07,1000,invalid
2000177,22/10/2024,3000,debito
2000178,2024/05/17,3000,credito
2000179,2024/07/11,3000,credito
2000180,28/05/2024,1000,desconocido
2000181,2024/09/08,800,invalid
2000182,2024/03/02,800,credito
2000183,21-01-2024,3000,credito
2000184,01-11-2024,1500,debito
2000185,2024-13-01,1000,debito
2000186,2024-01-04,3000,invalid
2000187,2024/05/25,800,debito
2000188,2024/03/15,500,debito
2000189,2024-01-17,800,invalid
2000190,26/07/2024,1500,debito
2000191,26-07-2024,,invalid
2000192,2024-09-19,700,debito
2000193,2024-01-16,1500,invalid
2000194,2024/12/29,-200,credito
2000195,13-06-2024,800,debito
2000196,08-08-2024,-200,credito
2000197,18-02-2024,1200,credito
2000198,2024-12-04,800,debito
2000199,01/06/2024,700,invalid
2000200,2024/10/13,,invalid
2000201,15-11-2024,-200,credito
2000202,09-01-2024,,debito
2000203,2024-13-01,1200,debito
2000204,2024/04/16,1200,debito
2000205,07-08-2024,1000,invalid
2000206,2024/11/20,3000,debito
2000207,08/02/2024,3000,debito
2000208,2024/01/29,,invalid
2000209,2024-13-01,1200,debito
2000210,2024/02/09,700,debito
2000211,2024-04-18,800,invalid
2000212,23/04/2024,1200,debito
2000213,30/07/2024,3000,debito
2000214,2024/04/15,,desconocido
2000215,01/03/2024,1500,debito
2000216,2024-03-05,-200,desconocido
2000217,2024-03-16,700,credito
2000218,2024/02/16,1200,credito
2000219,2024-09-28,0,credito
2000220,28/08/2024,500,credito
2000221,19-06-2024,1200,invalid
2000222,2024-03-10,-100,debito
2000223,2024/10/01,3000,credito
2000224,2024/12/20,500,credito
2000225,2024/04/01,,desconocido
2000226,2024/04/29,-200,debito
2000227,25-04-2024,800,debito
2000228,2024-07-12,1500,invalid
2000229,22-10-2024,,invalid
2000230,13/01/2024,-100,invalid
2000231,2024/12/25,0,invalid
2000232,04/02/2024,1500,invalid
2000233,15-06-2024,1000,debito
2000234,2024/07/03,-200,credito
2000235,07-04-2024,800,invalid
2000236,2024-06-29,1000,debito
2000237,21-02-2024,1200,debito
2000238,2024/10/09,1200,credito
2000239,04-03-2024,800,debito
2000240,2024-06-17,3000,debito
2000241,07/03/2024,1000,credito
2000242,24-07-2024,,credito
2000243,2024/10/17,800,debito
2000244,2024-07-23,3000,desconocido
2000245,02-06-2024,800,credito
2000246,10-02-2024,1200,debito
2000247,13/05/2024,,debito
2000248,10-12-2024,,invalid
2000249,19/06/2024,1200,invalid
2000250,2024/02/09,1200,debito
2000251,14/07/2024,-200,debito
2000252,2024/05/25,700,debito
2000253,02-09-2024,,invalid
2000254,2024/10/26,1200,invalid
2000255,02-07-2024,-100,credito
2000256,2024-04-22,1500,credito
2000257,26/11/2024,1000,credito
2000258,2024/01/06,,credito
2000259,04-05-2024,,credito
2000260,2024-03-23,3000,desconocido
2000261,26/06/2024,500,debito
2000262,02/09/2024,,debito
2000263,02-07-2024,3000,invalid
2000264,2024-13-01,1500,invalid
2000265,16/12/2024,3000,debito
2000266,02-11-2024,-200,invalid
2000267,2024/04/06,,invalid
2000268,2024-05-24,800,credito
2000269,2024/07/27,1200,desconocido
2000270,2024-13-01,1200,invalid
2000271,2024-03-18,,desconocido
2000272,2024/09/04,3000,invalid
2000273,26/04/2024,1000,invalid
2000274,21/01/2024,1500,credito
2000275,2024/08/09,700,credito
2000276,16/10/2024,700,debito
2000277,12-08-2024,-100,credito
2000278,25/05/2024,-200,debito
2000279,2024-02-24,800,invalid
2000280,27-07-2024,1200,credito
2000281,2024/07/08,800,credito
2000282,08/08/2024,,debito
2000283,08/08/2024,0,debito
2000284,25-07-2024,1500,credito
2000285,13/12/2024,1500,desconocido
2000286,27-09-2024,800,credito
2000287,2024/11/17,800,debito
2000288,2024-09-03,-200,debito
2000289,2024/08/14,3000,debito
2000290,2024-06-15,1500,debito
2000291,2024-04-17,1000,invalid
2000292,2024/09/20,1000,credito
2000293,18/10/2024,1500,invalid
2000294,2024/07/01,700,desconocido
2000295,2024-06-12,,invalid
2000296,09/12/2024,,debito
2000297,2024-08-19,1000,desconocido
2000298,2024-13-01,700,debito
2000299,2024-10-10,700,invalid
2000300,2024-03-28,1500,invalid
2000301,2024-10-03,1500,credito
2000302,16/10/2024,,debito
2000303,19-10-2024,3000,credito
2000304,03-03-2024,1000,invalid
2000305,18-10-2024,700,invalid
2000306,2024-07-08,,invalid
2000307,02/01/2024,,credito
2000308,2024-13-01,,invalid
2000309,2024/03/23,1000,debito
2000310,14/12/2024,1000,invalid
2000311,2024-13-01,1000,credito
2000312,24/06/2024,1200,desconocido
2000313,16/10/2024,-200,invalid
2000314,22/03/2024,-200,invalid
2000315,2024-13-01,1200,debito
2000316,2024/04/01,,credito
2000317,19-01-2024,800,invalid
2000318,2024-06-04,1500,invalid
2000319,2024-05-08,-200,invalid
2000320,29/02/2024,700,invalid
2000321,2024-03-30,-200,debito
2000322,2024-01-28,,invalid
2000323,27/07/2024,700,credito
2000324,23/09/2024,800,invalid
2000325,22/03/2024,700,debito
2000326,2024/12/15,1200,invalid
2000327,30-04-2024,-200,desconocido
2000328,2024-11-10,1000,debito
2000329,2024-05-02,700,invalid
2000330,04/12/2024,,credito
2000331,13-11-2024,700,debito
2000332,2024/10/16,-200,credito
2000333,22-02-2024,,debito
2000334,16-08-2024,3000,debito
2000335,2024/08/17,1000,debito
2000336,2024/03/14,800,invalid
2000337,08-10-2024,3000,debito
2000338,2024/06/19,800,invalid
2000339,06-06-2024,,invalid
2000340,2024/03/05,-200,debito
2000341,2024-01-28,-200,invalid
2000342,08-07-2024,,debito
2000343,08-01-2024,3000,invalid
2000344,2024-10-21,700,credito
2000345,19/11/2024,700,invalid
2000346,2024/10/12,1500,invalid
2000347,20-05-2024,3000,invalid
2000348,13/07/2024,1500,credito
2000349,31/03/2024,800,credito
2000350,02-02-2024,1200,debito
2000351,31-08-2024,1200,debito
2000352,02/02/2024,-200,invalid
2000353,18-04-2024,,credito
2000354,10/01/2024,,debito
2000355,2024/03/15,800,credito
2000356,17-12-2024,-200,debito
2000357,2024-13-01,1000,credito
2000358,2024/10/10,,invalid
2000359,04/08/2024,,debito
2000360,23-04-2024,700,invalid
2000361,08/05/2024,,invalid
2000362,06/11/2024,1500,debito
2000363,2024/01/09,1000,invalid
2000364,04-09-2024,700,debito
2000365,2024/10/01,1200,credito
2000366,22-07-2024,700,debito
2000367,14-03-2024,1500,debito
2000368,26-07-2024,800,debito
2000369,2024/09/29,800,desconocido
2000370,02/10/2024,3000,debito
2000371,10-12-2024,1000,debito
2000372,2024-08-20,1200,debito
2000373,30-09-2024,800,debito
2000374,2024/07/25,800,desconocido
2000375,02-12-2024,1000,credito
2000376,2024-07-09,1200,credito
2000377,25/05/2024,,credito
2000378,19-05-2024,800,credito
2000379,2024/03/09,1000,invalid
2000380,26-12-2024,1200,debito
2000381,25/06/2024,,credito
2000382,04/07/2024,500,invalid
2000383,26-01-2024,800,invalid
2000384,2024/05/30,700,invalid
2000385,27-07-2024,1500,invalid
2000386,2024/01/01,-200,desconocido
2000387,2024/07/10,3000,invalid
2000388,2024/09/14,,debito
2000389,2024-11-19,,credito
2000390,2024-12-20,1200,credito
2000391,09/09/2024,500,credito
2000392,2024-04-10,1000,debito
2000393,2024-13-01,800,credito
2000394,2024/03/14,1500,credito
2000395,2024-07-09,-200,debito
2000396,23-05-2024,,debito
2000397,2024-02-16,700,debito
2000398,2024-05-09,1000,invalid
2000399,01/06/2024,1500,credito
2000400,03/07/2024,1000,debito
2000401,2024/12/12,700,debito
2000402,2024/07/16,,credito
2000403,29-06-2024,500,credito
2000404,2024-10-13,,credito
2000405,03-08-2024,1500,credito
2000406,24/03/2024,700,desconocido
2000407,2024-09-21,-200,desconocido
2000408,2024-12-30,-200,debito
2000409,22/01/2024,800,debito
2000410,23-11-2024,1500,invalid
2000411,12-12-2024,-200,debito
2000412,06-12-2024,1000,invalid
2000413,2024/10/21,1500,invalid
2000414,2024-08-07,,debito
2000415,2024/06/29,,credito
2000416,2024-11-17,,desconocido
2000417,2024/06/19,,debito
2000418,2024-12-28,,credito
2000419,2024-01-19,800,credito
2000420,30/05/2024,1000,credito
2000421,09-09-2024,-200,credito
2000422,2024-09-09,-200,credito
2000423,2024/08/28,800,invalid
2000424,2024/11/12,700,credito
2000425,09/01/2024,1200,invalid
2000426,2024-08-28,800,credito
2000427,2024/12/27,,invalid
2000428,2024-08-09,700,debito
2000429,2024-09-27,,invalid
2000430,2024-05-07,1000,invalid
2000431,2024/05/04,-200,desconocido
2000432,30-06-2024,1000,debito
2000433,2024-11-18,1500,invalid
2000434,2024/05/03,1500,desconocido
2000435,2024/11/20,,credito
2000436,21-08-2024,-100,debito
2000437,2024/02/28,,credito
2000438,2024-10-18,1500,invalid
2000439,15-03-2024,1200,credito
2000440,28/07/2024,,invalid
2000441,2024-12-04,1000,debito
2000442,06-08-2024,1200,debito
2000443,11/05/2024,,credito
2000444,2024-04-19,1200,desconocido
2000445,2024-13-01,1200,debito
2000446,2024-07-11,700,invalid
2000447,08-02-2024,1000,credito
2000448,08-06-2024,,debito
2000449,2024/05/19,-200,credito
2000450,2024/03/07,1500,debito
2000451,02/07/2024,700,invalid
2000452,31/05/2024,700,credito
2000453,2024-13-01,800,invalid
2000454,2024-10-23,-200,debito
2000455,29/02/2024,800,invalid
2000456,18-10-2024,1200,invalid
2000457,26/03/2024,1200,credito
2000458,02-10-2024,-100,debito
2000459,31/01/2024,1000,credito
2000460,21-08-2024,0,invalid
2000461,2024-13-01,700,invalid
2000462,2024-13-01,1500,invalid
2000463,2024/04/01,-100,debito
2000464,2024/07/24,1000,debito
2000465,2024-03-04,700,credito
2000466,2024/11/30,,credito
2000467,2024-04-30,1500,credito
2000468,17-03-2024,-200,debito
2000469,2024/12/03,1000,invalid
2000470,2024/09/19,,debito
2000471,04/12/2024,1000,desconocido
2000472,2024-13-01,,invalid
2000473,15/08/2024,700,invalid
2000474,2024-13-01,1200,invalid
2000475,2024/12/28,0,invalid
2000476,2024/07/06,,invalid
2000477,09-07-2024,800,credito
2000478,06/07/2024,0,credito
2000479,07-12-2024,,invalid
2000480,2024/06/09,700,debito
2000481,15/09/2024,-100,credito
2000482,2024-02-04,800,invalid
2000483,2024-11-07,1000,credito
2000484,2024-04-15,700,credito
2000485,17-11-2024,1000,desconocido
2000486,17-09-2024,800,invalid
2000487,04-01-2024,800,credito
2000488,11/12/2024,,debito
2000489,15/11/2024,3000,debito
2000490,26/07/2024,700,invalid
2000491,2024/03/31,,credito
2000492,2024/11/07,-200,invalid
2000493,2024-08-29,0,invalid
2000494,26-11-2024,-200,debito
2000495,18/11/2024,1500,credito
2000496,2024/09/14,,invalid
2000497,2024/04/20,-200,desconocido
2000498,2024-13-01,1500,invalid
2000499,16-05-2024,1200,credito
2000500,2024/04/24,,invalid
2000501,2024-03-24,,credito
2000502,10/02/2024,-100,credito
2000503,14-02-2024,1500,invalid
2000504,16-09-2024,500,credito
2000505,2024-07-08,1000,debito
2000506,2024-06-10,-200,invalid
2000507,05-04-2024,0,invalid
2000508,06-11-2024,700,credito
2000509,2024/10/31,500,debito
2000510,21/02/2024,3000,credito
2000511,22/02/2024,-200,invalid
2000512,2024/08/14,700,credito
2000513,2024/01/10,3000,desconocido
2000514,20/10/2024,-200,invalid
2000515,14-07-2024,700,debito
2000516,21/08/2024,-200,desconocido
2000517,17/04/2024,,debito
2000518,02/03/2024,,invalid
2000519,24-08-2024,-200,invalid
2000520,2024/09/02,1200,debito
2000521,01-10-2024,1500,credito
2000522,2024-06-12,1500,invalid
2000523,2024/02/03,1000,invalid
2000524,2024-11-12,1200,invalid
2000525,2024-13-01,700,invalid
2000526,26/03/2024,700,invalid
2000527,17/05/2024,1200,credito
2000528,13/06/2024,3000,invalid
2000529,08/11/2024,-100,credito
2000530,2024/07/10,700,invalid
2000531,2024-01-07,700,credito
2000532,15/10/2024,3000,credito
2000533,18/11/2024,1500,credito
2000534,2024-05-15,3000,invalid
2000535,19-10-2024,1000,desconocido
2000536,2024/09/30,700,credito
2000537,2024/08/25,,credito
2000538,22-08-2024,-200,credito
2000539,26-08-2024,1500,debito
2000540,18-04-2024,800,credito
2000541,2024-06-22,3000,debito
2000542,07/01/2024,,debito
2000543,2024-13-01,1500,invalid
2000544,2024-10-04,800,debito
2000545,23-11-2024,1000,debito
2000546,26-04-2024,1200,debito
2000547,2024/09/25,1200,credito
2000548,2024-08-17,1500,debito
2000549,05/11/2024,,credito
2000550,25/05/2024,800,debito
2000551,11-03-2024,,credito
2000552,2024-06-01,800,invalid
2000553,16-10-2024,1500,debito
2000554,2024-06-29,1200,credito
2000555,2024-05-29,700,credito
2000556,2024-06-16,-200,credito
2000557,06/09/2024,,debito
2000558,2024-10-21,700,invalid
2000559,2024-12-26,-200,desconocido
2000560,2024-13-01,-200,credito
2000561,2024-01-05,1500,invalid
2000562,19-01-2024,800,credito
2000563,2024/08/17,1200,debito
2000564,06/07/2024,800,credito
2000565,2024/11/11,,invalid
2000566,2024/07/12,1200,debito
2000567,2024-01-15,700,credito
2000568,2024-03-11,1200,debito
2000569,05-06-2024,1200,desconocido
2000570,2024-03-20,1200,desconocido
2000571,12-06-2024,1200,debito
2000572,2024/11/05,3000,credito
2000573,29-06-2024,1200,credito
2000574,2024-10-18,3000,debito
2000575,06-01-2024,3000,debito
2000576,11/04/2024,1000,invalid
2000577,2024/02/17,800,debito
2000578,05-12-2024,-200,invalid
2000579,2024-05-01,,invalid
2000580,2024/11/28,700,invalid
2000581,21-01-2024,3000,debito
2000582,20/03/2024,1500,invalid
2000583,22-02-2024,3000,invalid
2000584,09/01/2024,700,invalid
2000585,2024/11/17,1200,debito
2000586,31-01-2024,-200,credito
2000587,2024/07/10,1200,credito
2000588,22/11/2024,1200,debito
2000589,2024/12/30,800,debito
2000590,05-10-2024,1500,credito
2000591,10-08-2024,3000,credito
2000592,14-04-2024,1500,credito
2000593,05-03-2024,1200,credito
2000594,2024-12-17,,debito
2000595,2024-13-01,1000,debito
2000596,2024-09-27,700,invalid
2000597,2024-01-30,500,credito
2000598,06-04-2024,,credito
2000599,2024-13-01,700,debito
2000600,09/02/2024,1500,invalid
2000601,2024-11-16,1200,invalid
2000602,29-06-2024,-200,credito
2000603,2024-13-01,-200,credito
2000604,2024-05-15,1000,credito
2000605,2024/07/30,,invalid
2000606,16-05-2024,1000,desconocido
2000607,2024-10-02,700,debito
2000608,27/05/2024,1000,debito
2000609,2024/11/14,3000,credito
2000610,2024-13-01,,debito
2000611,2024-11-24,,debito
2000612,2024-01-15,500,credito
2000613,2024-11-17,700,debito
2000614,2024-01-05,,debito
2000615,2024-11-25,1500,invalid
2000616,2024-08-03,500,invalid
2000617,17/09/2024,-200,invalid
2000618,15/06/2024,-100,credito
2000619,2024/09/30,1000,credito
2000620,2024-01-13,1000,credito
2000621,2024-03-23,1200,debito
2000622,2024-07-08,700,invalid
2000623,2024-03-01,800,debito
2000624,04-04-2024,3000,credito
2000625,2024-05-15,,debito
2000626,2024/04/12,,invalid
2000627,2024/12/29,700,credito
2000628,28-06-2024,,invalid
2000629,26/12/2024,-200,invalid
2000630,20/10/2024,1500,desconocido
2000631,16/09/2024,1500,credito
2000632,2024/02/11,800,invalid
2000633,2024-10-27,1500,debito
2000634,15-06-2024,1500,debito
2000635,2024-13-01,1500,credito
2000636,07/08/2024,1500,credito
2000637,2024-07-01,700,desconocido
2000638,20-11-2024,-200,invalid
2000639,26-09-2024,-200,credito
2000640,2024-10-09,3000,debito
2000641,29-11-2024,1200,debito
2000642,2024/03/14,700,credito
2000643,27-06-2024,,invalid
2000644,18/05/2024,,invalid
2000645,26/08/2024,,invalid
2000646,2024/07/20,700,credito
2000647,2024-08-09,1000,debito
2000648,2024-02-21,700,invalid
2000649,16/04/2024,-200,debito
2000650,2024-10-31,3000,credito
2000651,2024-13-01,,invalid
2000652,28/04/2024,-200,debito
2000653,2024-08-29,1500,debito
2000654,16/04/2024,800,debito
2000655,14-01-2024,-200,credito
2000656,21/10/2024,700,debito
2000657,30-04-2024,1000,invalid
2000658,14-10-2024,1200,invalid
2000659,2024/01/26,1000,credito
2000660,2024-07-17,-200,invalid
2000661,27/06/2024,1200,debito
2000662,2024-03-07,700,credito
2000663,25-02-2024,,invalid
2000664,2024-02-17,800,desconocido
2000665,2024-04-13,800,invalid
2000666,2024/04/25,,debito
2000667,2024-07-14,700,credito
2000668,2024-02-21,,credito
2000669,16/10/2024,1500,debito
2000670,2024-12-07,1200,credito
2000671,17-05-2024,800,desconocido
2000672,2024-13-01,-200,credito
2000673,2024-04-30,-200,credito
2000674,08/10/2024,3000,desconocido
2000675,10/11/2024,700,invalid
2000676,07-08-2024,,debito
2000677,2024/09/02,700,invalid
2000678,26-08-2024,800,invalid
2000679,19-04-2024,,credito
2000680,2024-13-01,1500,debito
2000681,2024-13-01,1000,credito
2000682,2024/01/22,700,credito
2000683,2024-03-03,500,credito
2000684,2024/11/04,,credito
2000685,2024-12-20,1000,desconocido
2000686,2024/11/01,0,invalid
2000687,12-12-2024,,debito
2000688,2024/08/17,1000,desconocido
2000689,2024-06-22,1000,debito
2000690,2024/01/27,-200,debito
2000691,09/02/2024,800,debito
2000692,15-09-2024,,credito
2000693,2024/02/13,,credito
2000694,2024-04-06,1000,credito
2000695,2024/10/20,-200,invalid
2000696,11-05-2024,700,invalid
2000697,2024-02-01,800,invalid
2000698,29-09-2024,700,invalid
2000699,2024-12-10,800,desconocido
2000700,30/04/2024,1000,debito
2000701,01/02/2024,3000,desconocido
2000702,2024-13-01,,debito
2000703,2024-05-05,1500,invalid
2000704,2024-02-19,800,invalid
2000705,16/10/2024,700,credito
2000706,20-03-2024,1000,credito
2000707,2024-01-14,800,debito
2000708,2024/06/14,700,credito
2000709,01/05/2024,1500,invalid
2000710,24/10/2024,700,debito
2000711,2024/12/06,,invalid
2000712,2024/09/11,,debito
2000713,2024/07/12,,invalid
2000714,21/06/2024,700,invalid
2000715,2024/07/07,700,invalid
2000716,2024-13-01,-200,debito
2000717,2024/03/22,1200,desconocido
2000718,2024/08/25,700,invalid
2000719,2024/09/04,1000,invalid
2000720,27-11-2024,1500,desconocido
2000721,2024-05-25,,debito
2000722,2024-13-01,1200,credito
2000723,03-04-2024,-200,debito
2000724,2024-13-01,1200,debito
2000725,06/02/2024,1000,desconocido
2000726,10-10-2024,1500,credito
2000727,12-01-2024,1000,debito
2000728,09/12/2024,1500,invalid
2000729,2024-04-06,0,credito
2000730,18-03-2024,800,debito
2000731,2024/09/04,,credito
2000732,2024/11/11,1000,credito
2000733,18-03-2024,1000,desconocido
2000734,2024-04-13,1500,credito
2000735,23/09/2024,1000,debito
2000736,11-05-2024,1500,desconocido
2000737,17/03/2024,800,invalid
2000738,30/06/2024,3000,invalid
2000739,2024-03-20,3000,invalid
2000740,2024-06-08,700,debito
2000741,2024-13-01,1200,credito
2000742,14-05-2024,3000,invalid
2000743,2024-01-15,700,debito
2000744,24-02-2024,800,debito
2000745,2024/12/23,,invalid
2000746,2024/06/08,1500,invalid
2000747,31-03-2024,1000,credito
2000748,06/10/2024,800,credito
2000749,2024/06/20,1200,invalid
2000750,03-03-2024,-200,debito
2000751,2024-11-13,3000,invalid
2000752,02-05-2024,,invalid
2000753,13/10/2024,3000,debito
2000754,01-09-2024,1500,debito
2000755,2024-13-01,1200,invalid
2000756,15/07/2024,800,debito
2000757,11-10-2024,1000,credito
2000758,2024-06-14,1200,invalid
2000759,2024-03-31,1500,debito
2000760,2024-07-28,800,debito
2000761,2024/06/10,3000,debito
2000762,2024/08/15,1500,debito
2000763,2024/07/23,3000,invalid
2000764,09-11-2024,1000,credito
2000765,2024-06-26,,credito
2000766,11/04/2024,1200,credito
2000767,2024-01-22,1500,credito
2000768,25/12/2024,700,invalid
2000769,25-11-2024,-200,invalid
2000770,2024-08-27,1500,credito
2000771,24/12/2024,,debito
2000772,05-09-2024,1500,invalid
2000773,19/03/2024,,debito
2000774,08/04/2024,1000,credito
2000775,06-04-2024,-200,invalid
2000776,13-07-2024,800,credito
2000777,25/01/2024,3000,credito
2000778,2024-08-11,800,debito
2000779,31-03-2024,-200,debito
2000780,2024-02-16,1200,desconocido
2000781,2024/01/12,700,invalid
2000782,18-11-2024,,credito
2000783,28/02/2024,1000,credito
2000784,2024-08-09,,credito
2000785,07-05-2024,,debito
2000786,2024-08-25,,invalid
2000787,2024-05-19,1000,credito
2000788,31/10/2024,,debito
2000789,27/05/2024,1000,credito
2000790,2024-11-11,1000,credito
2000791,28/06/2024,-200,credito
2000792,2024-07-08,-200,invalid
2000793,2024/12/04,1200,desconocido
2000794,30-12-2024,,credito
2000795,29-11-2024,800,debito
2000796,2024/01/16,-200,invalid
2000797,08-09-2024,800,debito
2000798,07-12-2024,1000,debito
2000799,2024-13-01,3000,debito
2000800,2024/01/27,-100,invalid
2000801,14/01/2024,,invalid
2000802,29-02-2024,1200,credito
2000803,12-02-2024,1200,desconocido
2000804,11/07/2024,-200,invalid
2000805,17-10-2024,,debito
2000806,14/01/2024,-200,invalid
2000807,2024-12-01,700,debito
2000808,2024-01-04,-200,debito
2000809,2024-01-18,-200,invalid
2000810,13/10/2024,,credito
2000811,2024/07/24,1200,debito
2000812,20-05-2024,,invalid
2000813,2024-03-17,1200,invalid
2000814,2024-10-22,700,credito
2000815,2024/11/19,,debito
2000816,2024/01/28,,invalid
2000817,2024/07/10,3000,invalid
2000818,19/06/2024,-100,debito
2000819,13/06/2024,700,invalid
2000820,2024/08/12,3000,credito
2000821,2024-04-07,,debito
2000822,2024/09/18,1200,credito
2000823,2024-01-28,-200,debito
2000824,2024/04/16,3000,credito
2000825,2024-05-14,700,invalid
2000826,15/10/2024,500,debito
2000827,06/02/2024,-200,debito
2000828,2024-05-23,1500,invalid
2000829,2024-13-01,3000,debito
2000830,10/10/2024,3000,debito
2000831,03/08/2024,1000,debito
2000832,2024-06-26,700,debito
2000833,16-05-2024,700,debito
2000834,02/02/2024,3000,credito
2000835,2024-13-01,1500,credito
2000836,2024-06-08,1500,credito
2000837,2024/07/10,1200,invalid
2000838,2024-13-01,,credito
2000839,2024/04/23,-200,credito
2000840,2024/08/12,800,debito
2000841,2024/08/15,0,invalid
2000842,2024/10/30,1500,credito
2000843,12-03-2024,1500,credito
2000844,23-11-2024,-200,debito
2000845,31-08-2024,1500,invalid
2000846,2024-08-30,,credito
2000847,2024/10/14,1000,debito
2000848,07-06-2024,1200,credito
2000849,2024/05/01,-200,debito
2000850,2024/12/20,3000,credito
2000851,23/03/2024,,credito
2000852,2024-13-01,1000,invalid
2000853,03-07-2024,700,desconocido
2000854,27-06-2024,500,debito
2000855,20-08-2024,-200,credito
2000856,22-07-2024,-200,credito
2000857,2024-10-29,800,debito
2000858,12-11-2024,,credito
2000859,2024-04-08,3000,debito
2000860,2024/02/08,-200,invalid
2000861,13/09/2024,-200,debito
2000862,24/07/2024,,debito
2000863,2024-13-01,-200,invalid
2000864,2024-10-31,0,credito
2000865,2024/05/29,-200,credito
2000866,08-02-2024,800,debito
2000867,12-03-2024,-200,invalid
2000868,2024/11/20,,invalid
2000869,2024/09/26,3000,credito
2000870,2024-06-23,1200,desconocido
2000871,27-07-2024,3000,debito
2000872,2024-04-01,-200,debito
2000873,2024-12-23,,credito
2000874,2024-12-20,-200,invalid
2000875,01/09/2024,,invalid
2000876,2024/06/27,700,credito
2000877,19-03-2024,,credito
2000878,2024-01-08,,invalid
2000879,2024/07/05,,debito
2000880,14-01-2024,800,credito
2000881,06/11/2024,-100,invalid
2000882,2024-07-08,,credito
2000883,2024/04/03,-200,invalid
2000884,08-01-2024,800,credito
2000885,29/05/2024,1000,debito
2000886,2024-12-27,1200,debito
2000887,19-02-2024,3000,credito
2000888,2024/12/25,,debito
2000889,2024/10/10,1500,debito
2000890,2024/02/29,3000,debito
2000891,2024/12/24,3000,invalid
2000892,2024-06-05,500,debito
2000893,2024-11-06,1000,invalid
2000894,30/10/2024,,credito
2000895,04-11-2024,1500,credito
2000896,2024-13-01,1500,debito
2000897,04/05/2024,3000,credito
2000898,12/12/2024,500,debito
2000899,14-12-2024,1500,credito
2000900,2024/01/19,1000,debito
2000901,2024/06/22,-200,invalid
2000902,30/01/2024,1200,invalid
2000903,29-10-2024,1500,debito
2000904,28/05/2024,700,debito
2000905,11/02/2024,1000,debito
2000906,19/01/2024,,invalid
2000907,2024-05-29,1200,debito
2000908,2024/02/27,700,debito
2000909,2024-13-01,800,credito
2000910,08/08/2024,3000,invalid
2000911,29-09-2024,700,debito
2000912,10/10/2024,1000,debito
2000913,06/04/2024,500,invalid
2000914,09/07/2024,700,credito
2000915,2024/01/21,-200,invalid
2000916,2024-12-24,700,invalid
2000917,2024-13-01,800,credito
2000918,22-01-2024,-200,invalid
2000919,2024/05/31,1500,credito
2000920,30-05-2024,800,debito
2000921,24/09/2024,,credito
2000922,29/04/2024,1200,debito
2000923,20-12-2024,,desconocido
2000924,30-10-2024,,debito
2000925,04/11/2024,,credito
2000926,2024-01-23,700,invalid
2000927,2024-13-01,,credito
2000928,2024/04/14,1500,invalid
2000929,06-07-2024,800,debito
2000930,17/01/2024,800,credito
2000931,08-12-2024,,debito
2000932,2024/11/22,1500,debito
2000933,01-08-2024,-200,invalid
2000934,02/08/2024,,credito
2000935,26/08/2024,1000,invalid
2000936,2024-06-11,1500,credito
2000937,07-03-2024,500,debito
2000938,08-10-2024,800,invalid
2000939,2024-04-20,-200,debito
2000940,09/12/2024,1000,credito
2000941,14-01-2024,,invalid
2000942,15/03/2024,1500,credito
2000943,19-02-2024,-200,credito
2000944,2024/07/20,,credito
2000945,13/08/2024,-100,credito
2000946,04/06/2024,3000,credito
2000947,02/06/2024,0,credito
2000948,24/07/2024,-200,credito
2000949,15-09-2024,1000,desconocido
2000950,2024/10/14,1000,debito
2000951,2024-06-07,3000,invalid
2000952,30-11-2024,-200,credito
2000953,23-06-2024,3000,credito
2000954,2024/02/10,1000,invalid
2000955,2024/01/02,700,credito
2000956,2024/12/01,,credito
2000957,30/12/2024,700,invalid
2000958,2024/07/25,1200,credito
2000959,2024-06-25,-200,invalid
2000960,2024/03/29,-200,invalid
2000961,20-10-2024,-200,invalid
2000962,2024/08/11,-200,debito
2000963,25-10-2024,-200,credito
2000964,2024-07-27,1200,debito
2000965,2024/08/12,3000,invalid
2000966,19-09-2024,3000,credito
2000967,22-06-2024,500,credito
2000968,05-05-2024,-100,credito
2000969,2024/04/15,3000,invalid
2000970,2024-02-14,3000,invalid
2000971,2024-03-04,-200,credito
2000972,03/12/2024,1000,invalid
2000973,2024-13-01,,debito
2000974,02/08/2024,1200,debito
2000975,2024-04-07,1200,desconocido
2000976,2024-02-09,800,invalid
2000977,2024-05-21,3000,invalid
2000978,2024/04/08,1500,invalid
2000979,22-11-2024,-200,credito
2000980,2024-06-22,700,invalid
2000981,20/01/2024,-200,debito
2000982,2024-06-08,,invalid
2000983,2024-05-23,1500,invalid
2000984,07/05/2024,,debito
2000985,2024/09/06,700,credito
2000986,13/05/2024,700,invalid
2000987,13/10/2024,,debito
2000988,11-12-2024,1200,invalid
2000989,22-08-2024,800,debito
2000990,2024-04-27,1500,debito
2000991,2024-04-08,0,debito
2000992,15/03/2024,1000,credito
2000993,2024-13-01,700,invalid
2000994,2024-06-09,700,invalid
2000995,2024-02-08,-200,credito
2000996,23-07-2024,700,debito
2000997,2024-06-14,-200,invalid
2000998,14-01-2024,,invalid
2000999,19/06/2024,1500,debito
2001000,30-12-2024,1500,credito
3000001,2024-06-30,3000,credito
3000002,03-04-2024,1200,credito
3000003,2024-04-09,800,invalid
3000004,04/05/2024,,invalid
3000005,17-06-2024,800,debito
3000006,11/11/2024,1500,credito
3000007,2024-13-01,700,debito
3000008,30-07-2024,3000,debito
3000009,07-04-2024,3000,invalid
3000010,2024/10/15,1500,invalid
3000011,2024/10/05,1200,debito
3000012,20/07/2024,1200,debito
3000013,2024-04-13,3000,credito
3000014,17/07/2024,500,debito
3000015,01/06/2024,,desconocido
3000016,2024-04-27,1000,invalid
3000017,18/12/2024,-200,invalid
3000018,2024-11-30,-100,credito
3000019,16/08/2024,800,credito
3000020,2024-07-28,3000,debito
3000021,12-06-2024,700,credito
3000022,2024/06/05,1000,invalid
3000023,2024-13-01,1000,credito
3000024,18/02/2024,0,credito
3000025,09/11/2024,,debito
3000026,19/05/2024,1200,debito
3000027,2024-12-11,1200,credito
3000028,2024-09-03,,desconocido
3000029,27-05-2024,,debito
3000030,09/02/2024,-200,invalid
3000031,2024/04/11,800,invalid
3000032,2024/01/01,1500,invalid
3000033,30/12/2024,1500,credito
3000034,13-11-2024,-200,credito
3000035,2024/12/12,-100,credito
3000036,25-07-2024,1500,credito
3000037,2024-08-20,800,credito
3000038,2024/02/15,1500,debito
3000039,18/11/2024,1200,invalid
3000040,2024-13-01,3000,credito
3000041,01/08/2024,800,credito
3000042,29/07/2024,500,credito
3000043,2024-12-06,-100,invalid
3000044,2024/07/11,1000,credito
3000045,23/08/2024,,credito
3000046,2024/06/29,1200,debito
3000047,30-11-2024,1200,invalid
3000048,2024-08-09,1500,credito
3000049,2024/10/26,3000,debito
3000050,2024-13-01,1200,debito
3000051,02/07/2024,-200,credito
3000052,16/03/2024,1000,invalid
3000053,02/07/2024,,debito
3000054,21-02-2024,800,desconocido
3000055,27-01-2024,3000,credito
3000056,06-09-2024,1000,debito
3000057,27/07/2024,-200,invalid
3000058,2024/02/27,1000,credito
3000059,08/02/2024,800,credito
3000060,2024-04-04,-200,invalid
3000061,2024-01-09,3000,debito
3000062,2024-06-09,1000,credito
3000063,2024-08-14,700,credito
3000064,13-03-2024,1000,credito
3000065,16/10/2024,,debito
3000066,2024-05-28,1500,invalid
3000067,10-11-2024,800,credito
3000068,2024-01-11,3000,desconocido
3000069,29/09/2024,1500,invalid
3000070,2024/09/18,,desconocido
3000071,2024/07/31,700,debito
3000072,2024-03-01,-200,invalid
3000073,29-07-2024,1000,credito
3000074,30/07/2024,1000,invalid
3000075,28-01-2024,1500,debito
3000076,16/11/2024,-200,credito
3000077,2024-13-01,3000,invalid
3000078,2024/11/25,-200,credito
3000079,02/06/2024,,invalid
3000080,16-04-2024,1200,invalid
3000081,2024/06/18,,invalid
3000082,13/09/2024,700,credito
3000083,10-05-2024,800,credito
3000084,2024-09-17,3000,debito
3000085,2024/03/16,1000,debito
3000086,2024-11-04,1500,invalid
3000087,2024/10/22,1200,invalid
3000088,2024/04/24,3000,credito
3000089,27/07/2024,800,debito
3000090,28/07/2024,700,invalid
3000091,01-01-2024,800,credito
3000092,27/01/2024,1200,debito
3000093,07-11-2024,3000,debito
3000094,01-08-2024,-200,credito
3000095,22/12/2024,1000,credito
3000096,2024/12/18,800,credito
3000097,17/08/2024,500,debito
3000098,2024-07-05,1200,invalid
3000099,2024/03/09,-200,credito
3000100,15-06-2024,,debito
3000101,12-05-2024,800,debito
3000102,13-11-2024,-200,debito
3000103,2024/04/02,1500,credito
3000104,2024-04-16,1000,credito
3000105,2024-12-13,3000,invalid
3000106,2024/01/21,1000,credito
3000107,16/01/2024,700,invalid
3000108,2024/02/28,-200,invalid
3000109,2024-09-15,1200,invalid
3000110,05/07/2024,800,debito
3000111,25-09-2024,1000,credito
3000112,2024-03-07,800,credito
3000113,21/07/2024,1500,credito
3000114,01-02-2024,700,invalid
3000115,2024/07/20,700,debito
3000116,2024-10-03,1500,invalid
3000117,10-11-2024,700,credito
3000118,27/08/2024,,invalid
3000119,06-12-2024,,debito
3000120,21-09-2024,-200,credito
3000121,2024/08/19,700,debito
3000122,2024-08-26,800,invalid
3000123,2024/05/27,3000,debito
3000124,2024/08/22,,invalid
3000125,2024/01/29,-200,credito
3000126,2024/03/11,800,debito
3000127,2024-04-09,700,invalid
3000128,2024-07-26,1500,invalid
3000129,14-11-2024,700,invalid
3000130,2024/07/24,1200,debito
3000131,2024-07-25,1000,debito
3000132,2024-12-10,0,invalid
3000133,21-07-2024,500,invalid
3000134,2024/04/06,800,credito
3000135,02/03/2024,,debito
3000136,2024/10/27,0,invalid
3000137,17-06-2024,1200,desconocido
3000138,2024-13-01,1000,invalid
3000139,2024-09-16,700,debito
3000140,22/08/2024,1200,debito
3000141,14/07/2024,3000,debito
3000142,19-11-2024,3000,debito
3000143,2024-09-29,700,credito
3000144,30/12/2024,3000,debito
3000145,2024/01/01,1200,debito
3000146,01-07-2024,,debito
3000147,2024/03/29,3000,credito
3000148,2024-03-30,1000,invalid
3000149,02/11/2024,3000,desconocido
3000150,2024-13-01,1500,debito
3000151,2024-12-18,3000,credito
3000152,25/10/2024,1500,invalid
3000153,2024/07/28,1000,credito
3000154,2024-03-04,800,credito
3000155,22/12/2024,-200,desconocido
3000156,2024-03-02,1500,debito
3000157,2024-08-17,3000,debito
3000158,26-05-2024,500,debito
3000159,01/09/2024,1200,debito
3000160,03/08/2024,1500,invalid
3000161,28/07/2024,1500,credito
3000162,11-12-2024,3000,debito
3000163,30-11-2024,3000,desconocido
3000164,04-03-2024,3000,invalid
3000165,2024-08-30,1000,invalid
3000166,2024/04/06,800,credito
3000167,23/02/2024,,credito
3000168,2024-10-24,1200,credito
3000169,2024/03/05,800,invalid
3000170,2024/09/07,1200,invalid
3000171,14-05-2024,,debito
3000172,2024-02-07,0,debito
3000173,24-08-2024,-100,debito
3000174,2024-10-26,,invalid
3000175,24-09-2024,1500,invalid
3000176,2024-06-07,1000,invalid
3000177,22/10/2024,3000,debito
3000178,2024/05/17,3000,credito
3000179,2024/07/11,3000,credito
3000180,28/05/2024,1000,desconocido
3000181,2024/09/08,800,invalid
3000182,2024/03/02,800,credito
3000183,21-01-2024,3000,credito
3000184,01-11-2024,1500,debito
3000185,2024-13-01,1000,debito
3000186,2024-01-04,3000,invalid
3000187,2024/05/25,800,debito
3000188,2024/03/15,500,debito
3000189,2024-01-17,800,invalid
3000190,26/07/2024,1500,debito
3000191,26-07-2024,,invalid
3000192,2024-09-19,700,debito
3000193,2024-01-16,1500,invalid
3000194,2024/12/29,-200,credito
3000195,13-06-2024,800,debito
3000196,08-08-2024,-200,credito
3000197,18-02-2024,1200,credito
3000198,2024-12-04,800,debito
3000199,01/06/2024,700,invalid
3000200,2024/10/13,,invalid
3000201,15-11-2024,-200,credito
3000202,09-01-2024,,debito
3000203,2024-13-01,1200,debito
3000204,2024/04/16,1200,debito
3000205,07-08-2024,1000,invalid
3000206,2024/11/20,3000,debito
3000207,08/02/2024,3000,debito
3000208,2024/01/29,,invalid
3000209,2024-13-01,1200,debito
3000210,2024/02/09,700,debito
3000211,2024-04-18,800,invalid
3000212,23/04/2024,1200,debito
3000213,30/07/2024,3000,debito
3000214,2024/04/15,,desconocido
3000215,01/03/2024,1500,debito
3000216,2024-03-05,-200,desconocido
3000217,2024-03-16,700,credito
3000218,2024/02/16,1200,credito
3000219,2024-09-28,0,credito
3000220,28/08/2024,500,credito
3000221,19-06-2024,1200,invalid
3000222,2024-03-10,-100,debito
3000223,2024/10/01,3000,credito
3000224,2024/12/20,500,credito
3000225,2024/04/01,,desconocido
3000226,2024/04/29,-200,debito
3000227,25-04-2024,800,debito
3000228,2024-07-12,1500,invalid
3000229,22-10-2024,,invalid
3000230,13/01/2024,-100,invalid
3000231,2024/12/25,0,invalid
3000232,04/02/2024,1500,invalid
3000233,15-06-2024,1000,debito
3000234,2024/07/03,-200,credito
3000235,07-04-2024,800,invalid
3000236,2024-06-29,1000,debito
3000237,21-02-2024,1200,debito
3000238,2024/10/09,1200,credito
3000239,04-03-2024,800,debito
3000240,2024-06-17,3000,debito
3000241,07/03/2024,1000,credito
3000242,24-07-2024,,credito
3000243,2024/10/17,800,debito
3000244,2024-07-23,3000,desconocido
3000245,02-06-2024,800,credito
3000246,10-02-2024,1200,debito
3000247,13/05/2024,,debito
3000248,10-12-2024,,invalid
3000249,19/06/2024,1200,invalid
3000250,2024/02/09,1200,debito
3000251,14/07/2024,-200,debito
3000252,2024/05/25,700,debito
3000253,02-09-2024,,invalid
3000254,2024/10/26,1200,invalid
3000255,02-07-2024,-100,credito
3000256,2024-04-22,1500,credito
3000257,26/11/2024,1000,credito
3000258,2024/01/06,,credito
3000259,04-05-2024,,credito
3000260,2024-03-23,3000,desconocido
3000261,26/06/2024,500,debito
3000262,02/09/2024,,debito
3000263,02-07-2024,3000,invalid
3000264,2024-13-01,1500,invalid
3000265,16/12/2024,3000,debito
3000266,02-11-2024,-200,invalid
3000267,2024/04/06,,invalid
3000268,2024-05-24,800,credito
3000269,2024/07/27,1200,desconocido
3000270,2024-13-01,1200,invalid
3000271,2024-03-18,,desconocido
3000272,2024/09/04,3000,invalid
3000273,26/04/2024,1000,invalid
3000274,21/01/2024,1500,credito
3000275,2024/08/09,700,credito
3000276,16/10/2024,700,debito
3000277,12-08-2024,-100,credito
3000278,25/05/2024,-200,debito
3000279,2024-02-24,800,invalid
3000280,27-07-2024,1200,credito
3000281,2024/07/08,800,credito
3000282,08/08/2024,,debito
3000283,08/08/2024,0,debito
3000284,25-07-2024,1500,credito
3000285,13/12/2024,1500,desconocido
3000286,27-09-2024,800,credito
3000287,2024/11/17,800,debito
3000288,2024-09-03,-200,debito
3000289,2024/08/14,3000,debito
3000290,2024-06-15,1500,debito
3000291,2024-04-17,1000,invalid
3000292,2024/09/20,1000,credito
3000293,18/10/2024,1500,invalid
3000294,2024/07/01,700,desconocido
3000295,2024-06-12,,invalid
3000296,09/12/2024,,debito
3000297,2024-08-19,1000,desconocido
3000298,2024-13-01,700,debito
3000299,2024-10-10,700,invalid
3000300,2024-03-28,1500,invalid
3000301,2024-10-03,1500,credito
3000302,16/10/2024,,debito
3000303,19-10-2024,3000,credito
3000304,03-03-2024,1000,invalid
3000305,18-10-2024,700,invalid
3000306,2024-07-08,,invalid
3000307,02/01/2024,,credito
3000308,2024-13-01,,invalid
3000309,2024/03/23,1000,debito
3000310,14/12/2024,1000,invalid
3000311,2024-13-01,1000,credito
3000312,24/06/2024,1200,desconocido
3000313,16/10/2024,-200,invalid
3000314,22/03/2024,-200,invalid
3000315,2024-13-01,1200,debito
3000316,2024/04/01,,credito
3000317,19-01-2024,800,invalid
3000318,2024-06-04,1500,invalid
3000319,2024-05-08,-200,invalid
3000320,29/02/2024,700,invalid
3000321,2024-03-30,-200,debito
3000322,2024-01-28,,invalid
3000323,27/07/2024,700,credito
3000324,23/09/2024,800,invalid
3000325,22/03/2024,700,debito
3000326,2024/12/15,1200,invalid
3000327,30-04-2024,-200,desconocido
3000328,2024-11-10,1000,debito
3000329,2024-05-02,700,invalid
3000330,04/12/2024,,credito
3000331,13-11-2024,700,debito
3000332,2024/10/16,-200,credito
3000333,22-02-2024,,debito
3000334,16-08-2024,3000,debito
3000335,2024/08/17,1000,debito
3000336,2024/03/14,800,invalid
3000337,08-10-2024,3000,debito
3000338,2024/06/19,800,invalid
3000339,06-06-2024,,invalid
3000340,2024/03/05,-200,debito
3000341,2024-01-28,-200,invalid
3000342,08-07-2024,,debito
3000343,08-01-2024,3000,invalid
3000344,2024-10-21,700,credito
3000345,19/11/2024,700,invalid
3000346,2024/10/12,1500,invalid
3000347,20-05-2024,3000,invalid
3000348,13/07/2024,1500,credito
3000349,31/03/2024,800,credito
3000350,02-02-2024,1200,debito
3000351,31-08-2024,1200,debito
3000352,02/02/2024,-200,invalid
3000353,18-04-2024,,credito
3000354,10/01/2024,,debito
3000355,2024/03/15,800,credito
3000356,17-12-2024,-200,debito
3000357,2024-13-01,1000,credito
3000358,2024/10/10,,invalid
3000359,04/08/2024,,debito
3000360,23-04-2024,700,invalid
3000361,08/05/2024,,invalid
3000362,06/11/2024,1500,debito
3000363,2024/01/09,1000,invalid
3000364,04-09-2024,700,debito
3000365,2024/10/01,1200,credito
3000366,22-07-2024,700,debito
3000367,14-03-2024,1500,debito
3000368,26-07-2024,800,debito
3000369,2024/09/29,800,desconocido
3000370,02/10/2024,3000,debito
3000371,10-12-2024,1000,debito
3000372,2024-08-20,1200,debito
3000373,30-09-2024,800,debito
3000374,2024/07/25,800,desconocido
3000375,02-12-2024,1000,credito
3000376,2024-07-09,1200,credito
3000377,25/05/2024,,credito
3000378,19-05-2024,800,credito
3000379,2024/03/09,1000,invalid
3000380,26-12-2024,1200,debito
3000381,25/06/2024,,credito
3000382,04/07/2024,500,invalid
3000383,26-01-2024,800,invalid
3000384,2024/05/30,700,invalid
3000385,27-07-2024,1500,invalid
3000386,2024/01/01,-200,desconocido
3000387,2024/07/10,3000,invalid
3000388,2024/09/14,,debito
3000389,2024-11-19,,credito
3000390,2024-12-20,1200,credito
3000391,09/09/2024,500,credito
3000392,2024-04-10,1000,debito
3000393,2024-13-01,800,credito
3000394,2024/03/14,1500,credito
3000395,2024-07-09,-200,debito
3000396,23-05-2024,,debito
3000397,2024-02-16,700,debito
3000398,2024-05-09,1000,invalid
3000399,01/06/2024,1500,credito
3000400,03/07/2024,1000,debito
3000401,2024/12/12,700,debito
3000402,2024/07/16,,credito
3000403,29-06-2024,500,credito
3000404,2024-10-13,,credito
3000405,03-08-2024,1500,credito
3000406,24/03/2024,700,desconocido
3000407,2024-09-21,-200,desconocido
3000408,2024-12-30,-200,debito
3000409,22/01/2024,800,debito
3000410,23-11-2024,1500,invalid
3000411,12-12-2024,-200,debito
3000412,06-12-2024,1000,invalid
3000413,2024/10/21,1500,invalid
3000414,2024-08-07,,debito
3000415,2024/06/29,,credito
3000416,2024-11-17,,desconocido
3000417,2024/06/19,,debito
3000418,2024-12-28,,credito
3000419,2024-01-19,800,credito
3000420,30/05/2024,1000,credito
3000421,09-09-2024,-200,credito
3000422,2024-09-09,-200,credito
3000423,2024/08/28,800,invalid
3000424,2024/11/12,700,credito
3000425,09/01/2024,1200,invalid
3000426,2024-08-28,800,credito
3000427,2024/12/27,,invalid
3000428,2024-08-09,700,debito
3000429,2024-09-27,,invalid
3000430,2024-05-07,1000,invalid
3000431,2024/05/04,-200,desconocido
3000432,30-06-2024,1000,debito
3000433,2024-11-18,1500,invalid
3000434,2024/05/03,1500,desconocido
3000435,2024/11/20,,credito
3000436,21-08-2024,-100,debito
3000437,2024/02/28,,credito
3000438,2024-10-18,1500,invalid
3000439,15-03-2024,1200,credito
3000440,28/07/2024,,invalid
3000441,2024-12-04,1000,debito
3000442,06-08-2024,1200,debito
3000443,11/05/2024,,credito
3000444,2024-04-19,1200,desconocido
3000445,2024-13-01,1200,debito
3000446,2024-07-11,700,invalid
3000447,08-02-2024,1000,credito
3000448,08-06-2024,,debito
3000449,2024/05/19,-200,credito
3000450,2024/03/07,1500,debito
3000451,02/07/2024,700,invalid
3000452,31/05/2024,700,credito
3000453,2024-13-01,800,invalid
3000454,2024-10-23,-200,debito
3000455,29/02/2024,800,invalid
3000456,18-10-2024,1200,invalid
3000457,26/03/2024,1200,credito
3000458,02-10-2024,-100,debito
3000459,31/01/2024,1000,credito
3000460,21-08-2024,0,invalid
3000461,2024-13-01,700,invalid
3000462,2024-13-01,1500,invalid
3000463,2024/04/01,-100,debito
3000464,2024/07/24,1000,debito
3000465,2024-03-04,700,credito
3000466,2024/11/30,,credito
3000467,2024-04-30,1500,credito
3000468,17-03-2024,-200,debito
3000469,2024/12/03,1000,invalid
3000470,2024/09/19,,debito
3000471,04/12/2024,1000,desconocido
3000472,2024-13-01,,invalid
3000473,15/08/2024,700,invalid
3000474,2024-13-01,1200,invalid
3000475,2024/12/28,0,invalid
3000476,2024/07/06,,invalid
3000477,09-07-2024,800,credito
3000478,06/07/2024,0,credito
3000479,07-12-2024,,invalid
3000480,2024/06/09,700,debito
3000481,15/09/2024,-100,credito
3000482,2024-02-04,800,invalid
3000483,2024-11-07,1000,credito
3000484,2024-04-15,700,credito
3000485,17-11-2024,1000,desconocido
3000486,17-09-2024,800,invalid
3000487,04-01-2024,800,credito
3000488,11/12/2024,,debito
3000489,15/11/2024,3000,debito
3000490,26/07/2024,700,invalid
3000491,2024/03/31,,credito
3000492,2024/11/07,-200,invalid
3000493,2024-08-29,0,invalid
3000494,26-11-2024,-200,debito
3000495,18/11/2024,1500,credito
3000496,2024/09/14,,invalid
3000497,2024/04/20,-200,desconocido
3000498,2024-13-01,1500,invalid
3000499,16-05-2024,1200,credito
3000500,2024/04/24,,invalid
3000501,2024-03-24,,credito
3000502,10/02/2024,-100,credito
3000503,14-02-2024,1500,invalid
3000504,16-09-2024,500,credito
3000505,2024-07-08,1000,debito
3000506,2024-06-10,-200,invalid
3000507,05-04-2024,0,invalid
3000508,06-11-2024,700,credito
3000509,2024/10/31,500,debito
3000510,21/02/2024,3000,credito
3000511,22/02/2024,-200,invalid
3000512,2024/08/14,700,credito
3000513,2024/01/10,3000,desconocido
3000514,20/10/2024,-200,invalid
3000515,14-07-2024,700,debito
3000516,21/08/2024,-200,desconocido
3000517,17/04/2024,,debito
3000518,02/03/2024,,invalid
3000519,24-08-2024,-200,invalid
3000520,2024/09/02,1200,debito
3000521,01-10-2024,1500,credito
3000522,2024-06-12,1500,invalid
3000523,2024/02/03,1000,invalid
3000524,2024-11-12,1200,invalid
3000525,2024-13-01,700,invalid
3000526,26/03/2024,700,invalid
3000527,17/05/2024,1200,credito
3000528,13/06/2024,3000,invalid
3000529,08/11/2024,-100,credito
3000530,2024/07/10,700,invalid
3000531,2024-01-07,700,credito
3000532,15/10/2024,3000,credito
3000533,18/11/2024,1500,credito
3000534,2024-05-15,3000,invalid
3000535,19-10-2024,1000,desconocido
3000536,2024/09/30,700,credito
3000537,2024/08/25,,credito
3000538,22-08-2024,-200,credito
3000539,26-08-2024,1500,debito
3000540,18-04-2024,800,credito
3000541,2024-06-22,3000,debito
3000542,07/01/2024,,debito
3000543,2024-13-01,1500,invalid
3000544,2024-10-04,800,debito
3000545,23-11-2024,1000,debito
3000546,26-04-2024,1200,debito
3000547,2024/09/25,1200,credito
3000548,2024-08-17,1500,debito
3000549,05/11/2024,,credito
3000550,25/05/2024,800,debito
3000551,11-03-2024,,credito
3000552,2024-06-01,800,invalid
3000553,16-10-2024,1500,debito
3000554,2024-06-29,1200,credito
3000555,2024-05-29,700,credito
3000556,2024-06-16,-200,credito
3000557,06/09/2024,,debito
3000558,2024-10-21,700,invalid
3000559,2024-12-26,-200,desconocido
3000560,2024-13-01,-200,credito
3000561,2024-01-05,1500,invalid
3000562,19-01-2024,800,credito
3000563,2024/08/17,1200,debito
3000564,06/07/2024,800,credito
3000565,2024/11/11,,invalid
3000566,2024/07/12,1200,debito
3000567,2024-01-15,700,credito
3000568,2024-03-11,1200,debito
3000569,05-06-2024,1200,desconocido
3000570,2024-03-20,1200,desconocido
3000571,12-06-2024,1200,debito
3000572,2024/11/05,3000,credito
3000573,29-06-2024,1200,credito
3000574,2024-10-18,3000,debito
3000575,06-01-2024,3000,debito
3000576,11/04/2024,1000,invalid
3000577,2024/02/17,800,debito
3000578,05-12-2024,-200,invalid
3000579,2024-05-01,,invalid
3000580,2024/11/28,700,invalid
3000581,21-01-2024,3000,debito
3000582,20/03/2024,1500,invalid
3000583,22-02-2024,3000,invalid
3000584,09/01/2024,700,invalid
3000585,2024/11/17,1200,debito
3000586,31-01-2024,-200,credito
3000587,2024/07/10,1200,credito
3000588,22/11/2024,1200,debito
3000589,2024/12/30,800,debito
3000590,05-10-2024,1500,credito
3000591,10-08-2024,3000,credito
3000592,14-04-2024,1500,credito
3000593,05-03-2024,1200,credito
3000594,2024-12-17,,debito
3000595,2024-13-01,1000,debito
3000596,2024-09-27,700,invalid
3000597,2024-01-30,500,credito
3000598,06-04-2024,,credito
3000599,2024-13-01,700,debito
3000600,09/02/2024,1500,invalid
3000601,2024-11-16,1200,invalid
3000602,29-06-2024,-200,credito
3000603,2024-13-01,-200,credito
3000604,2024-05-15,1000,credito
3000605,2024/07/30,,invalid
3000606,16-05-2024,1000,desconocido
3000607,2024-10-02,700,debito
3000608,27/05/2024,1000,debito
3000609,2024/11/14,3000,credito
3000610,2024-13-01,,debito
3000611,2024-11-24,,debito
3000612,2024-01-15,500,credito
3000613,2024-11-17,700,debito
3000614,2024-01-05,,debito
3000615,2024-11-25,1500,invalid
3000616,2024-08-03,500,invalid
3000617,17/09/2024,-200,invalid
3000618,15/06/2024,-100,credito
3000619,2024/09/30,1000,credito
3000620,2024-01-13,1000,credito
3000621,2024-03-23,1200,debito
3000622,2024-07-08,700,invalid
3000623,2024-03-01,800,debito
3000624,04-04-2024,3000,credito
3000625,2024-05-15,,debito
3000626,2024/04/12,,invalid
3000627,2024/12/29,700,credito
3000628,28-06-2024,,invalid
3000629,26/12/2024,-200,invalid
3000630,20/10/2024,1500,desconocido
3000631,16/09/2024,1500,credito
3000632,2024/02/11,800,invalid
3000633,2024-10-27,1500,debito
3000634,15-06-2024,1500,debito
3000635,2024-13-01,1500,credito
3000636,07/08/2024,1500,credito
3000637,2024-07-01,700,desconocido
3000638,20-11-2024,-200,invalid
3000639,26-09-2024,-200,credito
3000640,2024-10-09,3000,debito
3000641,29-11-2024,1200,debito
3000642,2024/03/14,700,credito
3000643,27-06-2024,,invalid
3000644,18/05/2024,,invalid
3000645,26/08/2024,,invalid
3000646,2024/07/20,700,credito
3000647,2024-08-09,1000,debito
3000648,2024-02-21,700,invalid
3000649,16/04/2024,-200,debito
3000650,2024-10-31,3000,credito
3000651,2024-13-01,,invalid
3000652,28/04/2024,-200,debito
3000653,2024-08-29,1500,debito
3000654,16/04/2024,800,debito
3000655,14-01-2024,-200,credito
3000656,21/10/2024,700,debito
3000657,30-04-2024,1000,invalid
3000658,14-10-2024,1200,invalid
3000659,2024/01/26,1000,credito
3000660,2024-07-17,-200,invalid
3000661,27/06/2024,1200,debito
3000662,2024-03-07,700,credito
3000663,25-02-2024,,invalid
3000664,2024-02-17,800,desconocido
3000665,2024-04-13,800,invalid
3000666,2024/04/25,,debito
3000667,2024-07-14,700,credito
3000668,2024-02-21,,credito
3000669,16/10/2024,1500,debito
3000670,2024-12-07,1200,credito
3000671,17-05-2024,800,desconocido
3000672,2024-13-01,-200,credito
3000673,2024-04-30,-200,credito
3000674,08/10/2024,3000,desconocido
3000675,10/11/2024,700,invalid
3000676,07-08-2024,,debito
3000677,2024/09/02,700,invalid
3000678,26-08-2024,800,invalid
3000679,19-04-2024,,credito
3000680,2024-13-01,1500,debito
3000681,2024-13-01,1000,credito
3000682,2024/01/22,700,credito
3000683,2024-03-03,500,credito
3000684,2024/11/04,,credito
3000685,2024-12-20,1000,desconocido
3000686,2024/11/01,0,invalid
3000687,12-12-2024,,debito
3000688,2024/08/17,1000,desconocido
3000689,2024-06-22,1000,debito
3000690,2024/01/27,-200,debito
3000691,09/02/2024,800,debito
3000692,15-09-2024,,credito
3000693,2024/02/13,,credito
3000694,2024-04-06,1000,credito
3000695,2024/10/20,-200,invalid
3000696,11-05-2024,700,invalid
3000697,2024-02-01,800,invalid
3000698,29-09-2024,700,invalid
3000699,2024-12-10,800,desconocido
3000700,30/04/2024,1000,debito
3000701,01/02/2024,3000,desconocido
3000702,2024-13-01,,debito
3000703,2024-05-05,1500,invalid
3000704,2024-02-19,800,invalid
3000705,16/10/2024,700,credito
3000706,20-03-2024,1000,credito
3000707,2024-01-14,800,debito
3000708,2024/06/14,700,credito
3000709,01/05/2024,1500,invalid
3000710,24/10/2024,700,debito
3000711,2024/12/06,,invalid
3000712,2024/09/11,,debito
3000713,2024/07/12,,invalid
3000714,21/06/2024,700,invalid
3000715,2024/07/07,700,invalid
3000716,2024-13-01,-200,debito
3000717,2024/03/22,1200,desconocido
3000718,2024/08/25,700,invalid
3000719,2024/09/04,1000,invalid
3000720,27-11-2024,1500,desconocido
3000721,2024-05-25,,debito
3000722,2024-13-01,1200,credito
3000723,03-04-2024,-200,debito
3000724,2024-13-01,1200,debito
3000725,06/02/2024,1000,desconocido
3000726,10-10-2024,1500,credito
3000727,12-01-2024,1000,debito
3000728,09/12/2024,1500,invalid
3000729,2024-04-06,0,credito
3000730,18-03-2024,800,debito
3000731,2024/09/04,,credito
3000732,2024/11/11,1000,credito
3000733,18-03-2024,1000,desconocido
3000734,2024-04-13,1500,credito
3000735,23/09/2024,1000,debito
3000736,11-05-2024,1500,desconocido
3000737,17/03/2024,800,invalid
3000738,30/06/2024,3000,invalid
3000739,2024-03-20,3000,invalid
3000740,2024-06-08,700,debito
3000741,2024-13-01,1200,credito
3000742,14-05-2024,3000,invalid
3000743,2024-01-15,700,debito
3000744,24-02-2024,800,debito
3000745,2024/12/23,,invalid
3000746,2024/06/08,1500,invalid
3000747,31-03-2024,1000,credito
3000748,06/10/2024,800,credito
3000749,2024/06/20,1200,invalid
3000750,03-03-2024,-200,debito
3000751,2024-11-13,3000,invalid
3000752,02-05-2024,,invalid
3000753,13/10/2024,3000,debito
3000754,01-09-2024,1500,debito
3000755,2024-13-01,1200,invalid
3000756,15/07/2024,800,debito
3000757,11-10-2024,1000,credito
3000758,2024-06-14,1200,invalid
3000759,2024-03-31,1500,debito
3000760,2024-07-28,800,debito
3000761,2024/06/10,3000,debito
3000762,2024/08/15,1500,debito
3000763,2024/07/23,3000,invalid
3000764,09-11-2024,1000,credito
3000765,2024-06-26,,credito
3000766,11/04/2024,1200,credito
3000767,2024-01-22,1500,credito
3000768,25/12/2024,700,invalid
3000769,25-11-2024,-200,invalid
3000770,2024-08-27,1500,credito
3000771,24/12/2024,,debito
3000772,05-09-2024,1500,invalid
3000773,19/03/2024,,debito
3000774,08/04/2024,1000,credito
3000775,06-04-2024,-200,invalid
3000776,13-07-2024,800,credito
3000777,25/01/2024,3000,credito
3000778,2024-08-11,800,debito
3000779,31-03-2024,-200,debito
3000780,2024-02-16,1200,desconocido
3000781,2024/01/12,700,invalid
3000782,18-11-2024,,credito
3000783,28/02/2024,1000,credito
3000784,2024-08-09,,credito
3000785,07-05-2024,,debito
3000786,2024-08-25,,invalid
3000787,2024-05-19,1000,credito
3000788,31/10/2024,,debito
3000789,27/05/2024,1000,credito
3000790,2024-11-11,1000,credito
3000791,28/06/2024,-200,credito
3000792,2024-07-08,-200,invalid
3000793,2024/12/04,1200,desconocido
3000794,30-12-2024,,credito
3000795,29-11-2024,800,debito
3000796,2024/01/16,-200,invalid
3000797,08-09-2024,800,debito
3000798,07-12-2024,1000,debito
3000799,2024-13-01,3000,debito
3000800,2024/01/27,-100,invalid
3000801,14/01/2024,,invalid
3000802,29-02-2024,1200,credito
3000803,12-02-2024,1200,desconocido
3000804,11/07/2024,-200,invalid
3000805,17-10-2024,,debito
3000806,14/01/2024,-200,invalid
3000807,2024-12-01,700,debito
3000808,2024-01-04,-200,debito
3000809,2024-01-18,-200,invalid
3000810,13/10/2024,,credito
3000811,2024/07/24,1200,debito
3000812,20-05-2024,,invalid
3000813,2024-03-17,1200,invalid
3000814,2024-10-22,700,credito
3000815,2024/11/19,,debito
3000816,2024/01/28,,invalid
3000817,2024/07/10,3000,invalid
3000818,19/06/2024,-100,debito
3000819,13/06/2024,700,invalid
3000820,2024/08/12,3000,credito
3000821,2024-04-07,,debito
3000822,2024/09/18,1200,credito
3000823,2024-01-28,-200,debito
3000824,2024/04/16,3000,credito
3000825,2024-05-14,700,invalid
3000826,15/10/2024,500,debito
3000827,06/02/2024,-200,debito
3000828,2024-05-23,1500,invalid
3000829,2024-13-01,3000,debito
3000830,10/10/2024,3000,debito
3000831,03/08/2024,1000,debito
3000832,2024-06-26,700,debito
3000833,16-05-2024,700,debito
3000834,02/02/2024,3000,credito
3000835,2024-13-01,1500,credito
3000836,2024-06-08,1500,credito
3000837,2024/07/10,1200,invalid
3000838,2024-13-01,,credito
3000839,2024/04/23,-200,credito
3000840,2024/08/12,800,debito
3000841,2024/08/15,0,invalid
3000842,2024/10/30,1500,credito
3000843,12-03-2024,1500,credito
3000844,23-11-2024,-200,debito
3000845,31-08-2024,1500,invalid
3000846,2024-08-30,,credito
3000847,2024/10/14,1000,debito
3000848,07-06-2024,1200,credito
3000849,2024/05/01,-200,debito
3000850,2024/12/20,3000,credito
3000851,23/03/2024,,credito
3000852,2024-13-01,1000,invalid
3000853,03-07-2024,700,desconocido
3000854,27-06-2024,500,debito
3000855,20-08-2024,-200,credito
3000856,22-07-2024,-200,credito
3000857,2024-10-29,800,debito
3000858,12-11-2024,,credito
3000859,2024-04-08,3000,debito
3000860,2024/02/08,-200,invalid
3000861,13/09/2024,-200,debito
3000862,24/07/2024,,debito
3000863,2024-13-01,-200,invalid
3000864,2024-10-31,0,credito
3000865,2024/05/29,-200,credito
3000866,08-02-2024,800,debito
3000867,12-03-2024,-200,invalid
3000868,2024/11/20,,invalid
3000869,2024/09/26,3000,credito
3000870,2024-06-23,1200,desconocido
3000871,27-07-2024,3000,debito
3000872,2024-04-01,-200,debito
3000873,2024-12-23,,credito
3000874,2024-12-20,-200,invalid
3000875,01/09/2024,,invalid
3000876,2024/06/27,700,credito
3000877,19-03-2024,,credito
3000878,2024-01-08,,invalid
3000879,2024/07/05,,debito
3000880,14-01-2024,800,credito
3000881,06/11/2024,-100,invalid
3000882,2024-07-08,,credito
3000883,2024/04/03,-200,invalid
3000884,08-01-2024,800,credito
3000885,29/05/2024,1000,debito
3000886,2024-12-27,1200,debito
3000887,19-02-2024,3000,credito
3000888,2024/12/25,,debito
3000889,2024/10/10,1500,debito
3000890,2024/02/29,3000,debito
3000891,2024/12/24,3000,invalid
3000892,2024-06-05,500,debito
3000893,2024-11-06,1000,invalid
3000894,30/10/2024,,credito
3000895,04-11-2024,1500,credito
3000896,2024-13-01,1500,debito
3000897,04/05/2024,3000,credito
3000898,12/12/2024,500,debito
3000899,14-12-2024,1500,credito
3000900,2024/01/19,1000,debito
3000901,2024/06/22,-200,invalid
3000902,30/01/2024,1200,invalid
3000903,29-10-2024,1500,debito
3000904,28/05/2024,700,debito
3000905,11/02/2024,1000,debito
3000906,19/01/2024,,invalid
3000907,2024-05-29,1200,debito
3000908,2024/02/27,700,debito
3000909,2024-13-01,800,credito
3000910,08/08/2024,3000,invalid
3000911,29-09-2024,700,debito
3000912,10/10/2024,1000,debito
3000913,06/04/2024,500,invalid
3000914,09/07/2024,700,credito
3000915,2024/01/21,-200,invalid
3000916,2024-12-24,700,invalid
3000917,2024-13-01,800,credito
3000918,22-01-2024,-200,invalid
3000919,2024/05/31,1500,credito
3000920,30-05-2024,800,debito
3000921,24/09/2024,,credito
3000922,29/04/2024,1200,debito
3000923,20-12-2024,,desconocido
3000924,30-10-2024,,debito
3000925,04/11/2024,,credito
3000926,2024-01-23,700,invalid
3000927,2024-13-01,,credito
3000928,2024/04/14,1500,invalid
3000929,06-07-2024,800,debito
3000930,17/01/2024,800,credito
3000931,08-12-2024,,debito
3000932,2024/11/22,1500,debito
3000933,01-08-2024,-200,invalid
3000934,02/08/2024,,credito
3000935,26/08/2024,1000,invalid
3000936,2024-06-11,1500,credito
3000937,07-03-2024,500,debito
3000938,08-10-2024,800,invalid
3000939,2024-04-20,-200,debito
3000940,09/12/2024,1000,credito
3000941,14-01-2024,,invalid
3000942,15/03/2024,1500,credito
3000943,19-02-2024,-200,credito
3000944,2024/07/20,,credito
3000945,13/08/2024,-100,credito
3000946,04/06/2024,3000,credito
3000947,02/06/2024,0,credito
3000948,24/07/2024,-200,credito
3000949,15-09-2024,1000,desconocido
3000950,2024/10/14,1000,debito
3000951,2024-06-07,3000,invalid
3000952,30-11-2024,-200,credito
3000953,23-06-2024,3000,credito
3000954,2024/02/10,1000,invalid
3000955,2024/01/02,700,credito
3000956,2024/12/01,,credito
3000957,30/12/2024,700,invalid
3000958,2024/07/25,1200,credito
3000959,2024-06-25,-200,invalid
3000960,2024/03/29,-200,invalid
3000961,20-10-2024,-200,invalid
3000962,2024/08/11,-200,debito
3000963,25-10-2024,-200,credito
3000964,2024-07-27,1200,debito
3000965,2024/08/12,3000,invalid
3000966,19-09-2024,3000,credito
3000967,22-06-2024,500,credito
3000968,05-05-2024,-100,credito
3000969,2024/04/15,3000,invalid
3000970,2024-02-14,3000,invalid
3000971,2024-03-04,-200,credito
3000972,03/12/2024,1000,invalid
3000973,2024-13-01,,debito
3000974,02/08/2024,1200,debito
3000975,2024-04-07,1200,desconocido
3000976,2024-02-09,800,invalid
3000977,2024-05-21,3000,invalid
3000978,2024/04/08,1500,invalid
3000979,22-11-2024,-200,credito
3000980,2024-06-22,700,invalid
3000981,20/01/2024,-200,debito
3000982,2024-06-08,,invalid
3000983,2024-05-23,1500,invalid
3000984,07/05/2024,,debito
3000985,2024/09/06,700,credito
3000986,13/05/2024,700,invalid
3000987,13/10/2024,,debito
3000988,11-12-2024,1200,invalid
3000989,22-08-2024,800,debito
3000990,2024-04-27,1500,debito
3000991,2024-04-08,0,debito
3000992,15/03/2024,1000,credito
3000993,2024-13-01,700,invalid
3000994,2024-06-09,700,invalid
3000995,2024-02-08,-200,credito
3000996,23-07-2024,700,debito
3000997,2024-06-14,-200,invalid
3000998,14-01-2024,,invalid
3000999,19/06/2024,1500,debito
3001000,30-12-2024,1500,credito
4000001,2024-06-30,3000,credito
4000002,03-04-2024,1200,credito
4000003,2024-04-09,800,invalid
4000004,04/05/2024,,invalid
4000005,17-06-2024,800,debito
4000006,11/11/2024,1500,credito
4000007,2024-13-01,700,debito
4000008,30-07-2024,3000,debito
4000009,07-04-2024,3000,invalid
4000010,2024/10/15,1500,invalid
4000011,2024/10/05,1200,debito
4000012,20/07/2024,1200,debito
4000013,2024-04-13,3000,credito
4000014,17/07/2024,500,debito
4000015,01/06/2024,,desconocido
4000016,2024-04-27,1000,invalid
4000017,18/12/2024,-200,invalid
4000018,2024-11-30,-100,credito
4000019,16/08/2024,800,credito
4000020,2024-07-28,3000,debito
4000021,12-06-2024,700,credito
4000022,2024/06/05,1000,invalid
4000023,2024-13-01,1000,credito
4000024,18/02/2024,0,credito
4000025,09/11/2024,,debito
4000026,19/05/2024,1200,debito
4000027,2024-12-11,1200,credito
4000028,2024-09-03,,desconocido
4000029,27-05-2024,,debito
4000030,09/02/2024,-200,invalid
4000031,2024/04/11,800,invalid
4000032,2024/01/01,1500,invalid
4000033,30/12/2024,1500,credito
4000034,13-11-2024,-200,credito
4000035,2024/12/12,-100,credito
4000036,25-07-2024,1500,credito
4000037,2024-08-20,800,credito
4000038,2024/02/15,1500,debito
4000039,18/11/2024,1200,invalid
4000040,2024-13-01,3000,credito
4000041,01/08/2024,800,credito
4000042,29/07/2024,500,credito
4000043,2024-12-06,-100,invalid
4000044,2024/07/11,1000,credito
4000045,23/08/2024,,credito
4000046,2024/06/29,1200,debito
4000047,30-11-2024,1200,invalid
4000048,2024-08-09,1500,credito
4000049,2024/10/26,3000,debito
4000050,2024-13-01,1200,debito
4000051,02/07/2024,-200,credito
4000052,16/03/2024,1000,invalid
4000053,02/07/2024,,debito
4000054,21-02-2024,800,desconocido
4000055,27-01-2024,3000,credito
4000056,06-09-2024,1000,debito
4000057,27/07/2024,-200,invalid
4000058,2024/02/27,1000,credito
4000059,08/02/2024,800,credito
4000060,2024-04-04,-200,invalid
4000061,2024-01-09,3000,debito
4000062,2024-06-09,1000,credito
4000063,2024-08-14,700,credito
4000064,13-03-2024,1000,credito
4000065,16/10/2024,,debito
4000066,2024-05-28,1500,invalid
4000067,10-11-2024,800,credito
4000068,2024-01-11,3000,desconocido
4000069,29/09/2024,1500,invalid
4000070,2024/09/18,,desconocido
4000071,2024/07/31,700,debito
4000072,2024-03-01,-200,invalid
4000073,29-07-2024,1000,credito
4000074,30/07/2024,1000,invalid
4000075,28-01-2024,1500,debito
4000076,16/11/2024,-200,credito
4000077,2024-13-01,3000,invalid
4000078,2024/11/25,-200,credito
4000079,02/06/2024,,invalid
4000080,16-04-2024,1200,invalid
4000081,2024/06/18,,invalid
4000082,13/09/2024,700,credito
4000083,10-05-2024,800,credito
4000084,2024-09-17,3000,debito
4000085,2024/03/16,1000,debito
4000086,2024-11-04,1500,invalid
4000087,2024/10/22,1200,invalid
4000088,2024/04/24,3000,credito
4000089,27/07/2024,800,debito
4000090,28/07/2024,700,invalid
4000091,01-01-2024,800,credito
4000092,27/01/2024,1200,debito
4000093,07-11-2024,3000,debito
4000094,01-08-2024,-200,credito
4000095,22/12/2024,1000,credito
4000096,2024/12/18,800,credito
4000097,17/08/2024,500,debito
4000098,2024-07-05,1200,invalid
4000099,2024/03/09,-200,credito
4000100,15-06-2024,,debito
4000101,12-05-2024,800,debito
4000102,13-11-2024,-200,debito
4000103,2024/04/02,1500,credito
4000104,2024-04-16,1000,credito
4000105,2024-12-13,3000,invalid
4000106,2024/01/21,1000,credito
4000107,16/01/2024,700,invalid
4000108,2024/02/28,-200,invalid
4000109,2024-09-15,1200,invalid
4000110,05/07/2024,800,debito
4000111,25-09-2024,1000,credito
4000112,2024-03-07,800,credito
4000113,21/07/2024,1500,credito
4000114,01-02-2024,700,invalid
4000115,2024/07/20,700,debito
4000116,2024-10-03,1500,invalid
4000117,10-11-2024,700,credito
4000118,27/08/2024,,invalid
4000119,06-12-2024,,debito
4000120,21-09-2024,-200,credito
4000121,2024/08/19,700,debito
4000122,2024-08-26,800,invalid
4000123,2024/05/27,3000,debito
4000124,2024/08/22,,invalid
4000125,2024/01/29,-200,credito
4000126,2024/03/11,800,debito
4000127,2024-04-09,700,invalid
4000128,2024-07-26,1500,invalid
4000129,14-11-2024,700,invalid
4000130,2024/07/24,1200,debito
4000131,2024-07-25,1000,debito
4000132,2024-12-10,0,invalid
4000133,21-07-2024,500,invalid
4000134,2024/04/06,800,credito
4000135,02/03/2024,,debito
4000136,2024/10/27,0,invalid
4000137,17-06-2024,1200,desconocido
4000138,2024-13-01,1000,invalid
4000139,2024-09-16,700,debito
4000140,22/08/2024,1200,debito
4000141,14/07/2024,3000,debito
4000142,19-11-2024,3000,debito
4000143,2024-09-29,700,credito
4000144,30/12/2024,3000,debito
4000145,2024/01/01,1200,debito
4000146,01-07-2024,,debito
4000147,2024/03/29,3000,credito
4000148,2024-03-30,1000,invalid
4000149,02/11/2024,3000,desconocido
4000150,2024-13-01,1500,debito
4000151,2024-12-18,3000,credito
4000152,25/10/2024,1500,invalid
4000153,2024/07/28,1000,credito
4000154,2024-03-04,800,credito
4000155,22/12/2024,-200,desconocido
4000156,2024-03-02,1500,debito
4000157,2024-08-17,3000,debito
4000158,26-05-2024,500,debito
4000159,01/09/2024,1200,debito
4000160,03/08/2024,1500,invalid
4000161,28/07/2024,1500,credito
4000162,11-12-2024,3000,debito
4000163,30-11-2024,3000,desconocido
4000164,04-03-2024,3000,invalid
4000165,2024-08-30,1000,invalid
4000166,2024/04/06,800,credito
4000167,23/02/2024,,credito
4000168,2024-10-24,1200,credito
4000169,2024/03/05,800,invalid
4000170,2024/09/07,1200,invalid
4000171,14-05-2024,,debito
4000172,2024-02-07,0,debito
4000173,24-08-2024,-100,debito
4000174,2024-10-26,,invalid
4000175,24-09-2024,1500,invalid
4000176,2024-06-07,1000,invalid
4000177,22/10/2024,3000,debito
4000178,2024/05/17,3000,credito
4000179,2024/07/11,3000,credito
4000180,28/05/2024,1000,desconocido
4000181,2024/09/08,800,invalid
4000182,2024/03/02,800,credito
4000183,21-01-2024,3000,credito
4000184,01-11-2024,1500,debito
4000185,2024-13-01,1000,debito
4000186,2024-01-04,3000,invalid
4000187,2024/05/25,800,debito
4000188,2024/03/15,500,debito
4000189,2024-01-17,800,invalid
4000190,26/07/2024,1500,debito
4000191,26-07-2024,,invalid
4000192,2024-09-19,700,debito
4000193,2024-01-16,1500,invalid
4000194,2024/12/29,-200,credito
4000195,13-06-2024,800,debito
4000196,08-08-2024,-200,credito
4000197,18-02-2024,1200,credito
4000198,2024-12-04,800,debito
4000199,01/06/2024,700,invalid
4000200,2024/10/13,,invalid
4000201,15-11-2024,-200,credito
4000202,09-01-2024,,debito
4000203,2024-13-01,1200,debito
4000204,2024/04/16,1200,debito
4000205,07-08-2024,1000,invalid
4000206,2024/11/20,3000,debito
4000207,08/02/2024,3000,debito
4000208,2024/01/29,,invalid
4000209,2024-13-01,1200,debito
4000210,2024/02/09,700,debito
4000211,2024-04-18,800,invalid
4000212,23/04/2024,1200,debito
4000213,30/07/2024,3000,debito
4000214,2024/04/15,,desconocido
4000215,01/03/2024,1500,debito
4000216,2024-03-05,-200,desconocido
4000217,2024-03-16,700,credito
4000218,2024/02/16,1200,credito
4000219,2024-09-28,0,credito
4000220,28/08/2024,500,credito
4000221,19-06-2024,1200,invalid
4000222,2024-03-10,-100,debito
4000223,2024/10/01,3000,credito
4000224,2024/12/20,500,credito
4000225,2024/04/01,,desconocido
4000226,2024/04/29,-200,debito
4000227,25-04-2024,800,debito
4000228,2024-07-12,1500,invalid
4000229,22-10-2024,,invalid
4000230,13/01/2024,-100,invalid
4000231,2024/12/25,0,invalid
4000232,04/02/2024,1500,invalid
4000233,15-06-2024,1000,debito
4000234,2024/07/03,-200,credito
4000235,07-04-2024,800,invalid
4000236,2024-06-29,1000,debito
4000237,21-02-2024,1200,debito
4000238,2024/10/09,1200,credito
4000239,04-03-2024,800,debito
4000240,2024-06-17,3000,debito
4000241,07/03/2024,1000,credito
4000242,24-07-2024,,credito
4000243,2024/10/17,800,debito
4000244,2024-07-23,3000,desconocido
4000245,02-06-2024,800,credito
4000246,10-02-2024,1200,debito
4000247,13/05/2024,,debito
4000248,10-12-2024,,invalid
4000249,19/06/2024,1200,invalid
4000250,2024/02/09,1200,debito
4000251,14/07/2024,-200,debito
4000252,2024/05/25,700,debito
4000253,02-09-2024,,invalid
4000254,2024/10/26,1200,invalid
4000255,02-07-2024,-100,credito
4000256,2024-04-22,1500,credito
4000257,26/11/2024,1000,credito
4000258,2024/01/06,,credito
4000259,04-05-2024,,credito
4000260,2024-03-23,3000,desconocido
4000261,26/06/2024,500,debito
4000262,02/09/2024,,debito
4000263,02-07-2024,3000,invalid
4000264,2024-13-01,1500,invalid
4000265,16/12/2024,3000,debito
4000266,02-11-2024,-200,invalid
4000267,2024/04/06,,invalid
4000268,2024-05-24,800,credito
4000269,2024/07/27,1200,desconocido
4000270,2024-13-01,1200,invalid
4000271,2024-03-18,,desconocido
4000272,2024/09/04,3000,invalid
4000273,26/04/2024,1000,invalid
4000274,21/01/2024,1500,credito
4000275,2024/08/09,700,credito
4000276,16/10/2024,700,debito
4000277,12-08-2024,-100,credito
4000278,25/05/2024,-200,debito
4000279,2024-02-24,800,invalid
4000280,27-07-2024,1200,credito
4000281,2024/07/08,800,credito
4000282,08/08/2024,,debito
4000283,08/08/2024,0,debito
4000284,25-07-2024,1500,credito
4000285,13/12/2024,1500,desconocido
4000286,27-09-2024,800,credito
4000287,2024/11/17,800,debito
4000288,2024-09-03,-200,debito
4000289,2024/08/14,3000,debito
4000290,2024-06-15,1500,debito
4000291,2024-04-17,1000,invalid
4000292,2024/09/20,1000,credito
4000293,18/10/2024,1500,invalid
4000294,2024/07/01,700,desconocido
4000295,2024-06-12,,invalid
4000296,09/12/2024,,debito
4000297,2024-08-19,1000,desconocido
4000298,2024-13-01,700,debito
4000299,2024-10-10,700,invalid
4000300,2024-03-28,1500,invalid
4000301,2024-10-03,1500,credito
4000302,16/10/2024,,debito
4000303,19-10-2024,3000,credito
4000304,03-03-2024,1000,invalid
4000305,18-10-2024,700,invalid
4000306,2024-07-08,,invalid
4000307,02/01/2024,,credito
4000308,2024-13-01,,invalid
4000309,2024/03/23,1000,debito
4000310,14/12/2024,1000,invalid
4000311,2024-13-01,1000,credito
4000312,24/06/2024,1200,desconocido
4000313,16/10/2024,-200,invalid
4000314,22/03/2024,-200,invalid
4000315,2024-13-01,1200,debito
4000316,2024/04/01,,credito
4000317,19-01-2024,800,invalid
4000318,2024-06-04,1500,invalid
4000319,2024-05-08,-200,invalid
4000320,29/02/2024,700,invalid
4000321,2024-03-30,-200,debito
4000322,2024-01-28,,invalid
4000323,27/07/2024,700,credito
4000324,23/09/2024,800,invalid
4000325,22/03/2024,700,debito
4000326,2024/12/15,1200,invalid
4000327,30-04-2024,-200,desconocido
4000328,2024-11-10,1000,debito
4000329,2024-05-02,700,invalid
4000330,04/12/2024,,credito
4000331,13-11-2024,700,debito
4000332,2024/10/16,-200,credito
4000333,22-02-2024,,debito
4000334,16-08-2024,3000,debito
4000335,2024/08/17,1000,debito
4000336,2024/03/14,800,invalid
4000337,08-10-2024,3000,debito
4000338,2024/06/19,800,invalid
4000339,06-06-2024,,invalid
4000340,2024/03/05,-200,debito
4000341,2024-01-28,-200,invalid
4000342,08-07-2024,,debito
4000343,08-01-2024,3000,invalid
4000344,2024-10-21,700,credito
4000345,19/11/2024,700,invalid
4000346,2024/10/12,1500,invalid
4000347,20-05-2024,3000,invalid
4000348,13/07/2024,1500,credito
4000349,31/03/2024,800,credito
4000350,02-02-2024,1200,debito
4000351,31-08-2024,1200,debito
4000352,02/02/2024,-200,invalid
4000353,18-04-2024,,credito
4000354,10/01/2024,,debito
4000355,2024/03/15,800,credito
4000356,17-12-2024,-200,debito
4000357,2024-13-01,1000,credito
4000358,2024/10/10,,invalid
4000359,04/08/2024,,debito
4000360,23-04-2024,700,invalid
4000361,08/05/2024,,invalid
4000362,06/11/2024,1500,debito
4000363,2024/01/09,1000,invalid
4000364,04-09-2024,700,debito
4000365,2024/10/01,1200,credito
4000366,22-07-2024,700,debito
4000367,14-03-2024,1500,debito
4000368,26-07-2024,800,debito
4000369,2024/09/29,800,desconocido
4000370,02/10/2024,3000,debito
4000371,10-12-2024,1000,debito
4000372,2024-08-20,1200,debito
4000373,30-09-2024,800,debito
4000374,2024/07/25,800,desconocido
4000375,02-12-2024,1000,credito
4000376,2024-07-09,1200,credito
4000377,25/05/2024,,credito
4000378,19-05-2024,800,credito
4000379,2024/03/09,1000,invalid
4000380,26-12-2024,1200,debito
4000381,25/06/2024,,credito
4000382,04/07/2024,500,invalid
4000383,26-01-2024,800,invalid
4000384,2024/05/30,700,invalid
4000385,27-07-2024,1500,invalid
4000386,2024/01/01,-200,desconocido
4000387,2024/07/10,3000,invalid
4000388,2024/09/14,,debito
4000389,2024-11-19,,credito
4000390,2024-12-20,1200,credito
4000391,09/09/2024,500,credito
4000392,2024-04-10,1000,debito
4000393,2024-13-01,800,credito
4000394,2024/03/14,1500,credito
4000395,2024-07-09,-200,debito
4000396,23-05-2024,,debito
4000397,2024-02-16,700,debito
4000398,2024-05-09,1000,invalid
4000399,01/06/2024,1500,credito
4000400,03/07/2024,1000,debito
4000401,2024/12/12,700,debito
4000402,2024/07/16,,credito
4000403,29-06-2024,500,credito
4000404,2024-10-13,,credito
4000405,03-08-2024,1500,credito
4000406,24/03/2024,700,desconocido
4000407,2024-09-21,-200,desconocido
4000408,2024-12-30,-200,debito
4000409,22/01/2024,800,debito
4000410,23-11-2024,1500,invalid
4000411,12-12-2024,-200,debito
4000412,06-12-2024,1000,invalid
4000413,2024/10/21,1500,invalid
4000414,2024-08-07,,debito
4000415,2024/06/29,,credito
4000416,2024-11-17,,desconocido
4000417,2024/06/19,,debito
4000418,2024-12-28,,credito
4000419,2024-01-19,800,credito
4000420,30/05/2024,1000,credito
4000421,09-09-2024,-200,credito
4000422,2024-09-09,-200,credito
4000423,2024/08/28,800,invalid
4000424,2024/11/12,700,credito
4000425,09/01/2024,1200,invalid
4000426,2024-08-28,800,credito
4000427,2024/12/27,,invalid
4000428,2024-08-09,700,debito
4000429,2024-09-27,,invalid
4000430,2024-05-07,1000,invalid
4000431,2024/05/04,-200,desconocido
4000432,30-06-2024,1000,debito
4000433,2024-11-18,1500,invalid
4000434,2024/05/03,1500,desconocido
4000435,2024/11/20,,credito
4000436,21-08-2024,-100,debito
4000437,2024/02/28,,credito
4000438,2024-10-18,1500,invalid
4000439,15-03-2024,1200,credito
4000440,28/07/2024,,invalid
4000441,2024-12-04,1000,debito
4000442,06-08-2024,1200,debito
4000443,11/05/2024,,credito
4000444,2024-04-19,1200,desconocido
4000445,2024-13-01,1200,debito
4000446,2024-07-11,700,invalid
4000447,08-02-2024,1000,credito
4000448,08-06-2024,,debito
4000449,2024/05/19,-200,credito
4000450,2024/03/07,1500,debito
4000451,02/07/2024,700,invalid
4000452,31/05/2024,700,credito
4000453,2024-13-01,800,invalid
4000454,2024-10-23,-200,debito
4000455,29/02/2024,800,invalid
4000456,18-10-2024,1200,invalid
4000457,26/03/2024,1200,credito
4000458,02-10-2024,-100,debito
4000459,31/01/2024,1000,credito
4000460,21-08-2024,0,invalid
4000461,2024-13-01,700,invalid
4000462,2024-13-01,1500,invalid
4000463,2024/04/01,-100,debito
4000464,2024/07/24,1000,debito
4000465,2024-03-04,700,credito
4000466,2024/11/30,,credito
4000467,2024-04-30,1500,credito
4000468,17-03-2024,-200,debito
4000469,2024/12/03,1000,invalid
4000470,2024/09/19,,debito
4000471,04/12/2024,1000,desconocido
4000472,2024-13-01,,invalid
4000473,15/08/2024,700,invalid
4000474,2024-13-01,1200,invalid
4000475,2024/12/28,0,invalid
4000476,2024/07/06,,invalid
4000477,09-07-2024,800,credito
4000478,06/07/2024,0,credito
4000479,07-12-2024,,invalid
4000480,2024/06/09,700,debito
4000481,15/09/2024,-100,credito
4000482,2024-02-04,800,invalid
4000483,2024-11-07,1000,credito
4000484,2024-04-15,700,credito
4000485,17-11-2024,1000,desconocido
4000486,17-09-2024,800,invalid
4000487,04-01-2024,800,credito
4000488,11/12/2024,,debito
4000489,15/11/2024,3000,debito
4000490,26/07/2024,700,invalid
4000491,2024/03/31,,credito
4000492,2024/11/07,-200,invalid
4000493,2024-08-29,0,invalid
4000494,26-11-2024,-200,debito
4000495,18/11/2024,1500,credito
4000496,2024/09/14,,invalid
4000497,2024/04/20,-200,desconocido
4000498,2024-13-01,1500,invalid
4000499,16-05-2024,1200,credito
4000500,2024/04/24,,invalid
4000501,2024-03-24,,credito
4000502,10/02/2024,-100,credito
4000503,14-02-2024,1500,invalid
4000504,16-09-2024,500,credito
4000505,2024-07-08,1000,debito
4000506,2024-06-10,-200,invalid
4000507,05-04-2024,0,invalid
4000508,06-11-2024,700,credito
4000509,2024/10/31,500,debito
4000510,21/02/2024,3000,credito
4000511,22/02/2024,-200,invalid
4000512,2024/08/14,700,credito
4000513,2024/01/10,3000,desconocido
4000514,20/10/2024,-200,invalid
4000515,14-07-2024,700,debito
4000516,21/08/2024,-200,desconocido
4000517,17/04/2024,,debito
4000518,02/03/2024,,invalid
4000519,24-08-2024,-200,invalid
4000520,2024/09/02,1200,debito
4000521,01-10-2024,1500,credito
4000522,2024-06-12,1500,invalid
4000523,2024/02/03,1000,invalid
4000524,2024-11-12,1200,invalid
4000525,2024-13-01,700,invalid
4000526,26/03/2024,700,invalid
4000527,17/05/2024,1200,credito
4000528,13/06/2024,3000,invalid
4000529,08/11/2024,-100,credito
4000530,2024/07/10,700,invalid
4000531,2024-01-07,700,credito
4000532,15/10/2024,3000,credito
4000533,18/11/2024,1500,credito
4000534,2024-05-15,3000,invalid
4000535,19-10-2024,1000,desconocido
4000536,2024/09/30,700,credito
4000537,2024/08/25,,credito
4000538,22-08-2024,-200,credito
4000539,26-08-2024,1500,debito
4000540,18-04-2024,800,credito
4000541,2024-06-22,3000,debito
4000542,07/01/2024,,debito
4000543,2024-13-01,1500,invalid
4000544,2024-10-04,800,debito
4000545,23-11-2024,1000,debito
4000546,26-04-2024,1200,debito
4000547,2024/09/25,1200,credito
4000548,2024-08-17,1500,debito
4000549,05/11/2024,,credito
4000550,25/05/2024,800,debito
4000551,11-03-2024,,credito
4000552,2024-06-01,800,invalid
4000553,16-10-2024,1500,debito
4000554,2024-06-29,1200,credito
4000555,2024-05-29,700,credito
4000556,2024-06-16,-200,credito
4000557,06/09/2024,,debito
4000558,2024-10-21,700,invalid
4000559,2024-12-26,-200,desconocido
4000560,2024-13-01,-200,credito
4000561,2024-01-05,1500,invalid
4000562,19-01-2024,800,credito
4000563,2024/08/17,1200,debito
4000564,06/07/2024,800,credito
4000565,2024/11/11,,invalid
4000566,2024/07/12,1200,debito
4000567,2024-01-15,700,credito
4000568,2024-03-11,1200,debito
4000569,05-06-2024,1200,desconocido
4000570,2024-03-20,1200,desconocido
4000571,12-06-2024,1200,debito
4000572,2024/11/05,3000,credito
4000573,29-06-2024,1200,credito
4000574,2024-10-18,3000,debito
4000575,06-01-2024,3000,debito
4000576,11/04/2024,1000,invalid
4000577,2024/02/17,800,debito
4000578,05-12-2024,-200,invalid
4000579,2024-05-01,,invalid
4000580,2024/11/28,700,invalid
4000581,21-01-2024,3000,debito
4000582,20/03/2024,1500,invalid
4000583,22-02-2024,3000,invalid
4000584,09/01/2024,700,invalid
4000585,2024/11/17,1200,debito
4000586,31-01-2024,-200,credito
4000587,2024/07/10,1200,credito
4000588,22/11/2024,1200,debito
4000589,2024/12/30,800,debito
4000590,05-10-2024,1500,credito
4000591,10-08-2024,3000,credito
4000592,14-04-2024,1500,credito
4000593,05-03-2024,1200,credito
4000594,2024-12-17,,debito
4000595,2024-13-01,1000,debito
4000596,2024-09-27,700,invalid
4000597,2024-01-30,500,credito
4000598,06-04-2024,,credito
4000599,2024-13-01,700,debito
4000600,09/02/2024,1500,invalid
4000601,2024-11-16,1200,invalid
4000602,29-06-2024,-200,credito
4000603,2024-13-01,-200,credito
4000604,2024-05-15,1000,credito
4000605,2024/07/30,,invalid
4000606,16-05-2024,1000,desconocido
4000607,2024-10-02,700,debito
4000608,27/05/2024,1000,debito
4000609,2024/11/14,3000,credito
4000610,2024-13-01,,debito
4000611,2024-11-24,,debito
4000612,2024-01-15,500,credito
4000613,2024-11-17,700,debito
4000614,2024-01-05,,debito
4000615,2024-11-25,1500,invalid
4000616,2024-08-03,500,invalid
4000617,17/09/2024,-200,invalid
4000618,15/06/2024,-100,credito
4000619,2024/09/30,1000,credito
4000620,2024-01-13,1000,credito
4000621,2024-03-23,1200,debito
4000622,2024-07-08,700,invalid
4000623,2024-03-01,800,debito
4000624,04-04-2024,3000,credito
4000625,2024-05-15,,debito
4000626,2024/04/12,,invalid
4000627,2024/12/29,700,credito
4000628,28-06-2024,,invalid
4000629,26/12/2024,-200,invalid
4000630,20/10/2024,1500,desconocido
4000631,16/09/2024,1500,credito
4000632,2024/02/11,800,invalid
4000633,2024-10-27,1500,debito
4000634,15-06-2024,1500,debito
4000635,2024-13-01,1500,credito
4000636,07/08/2024,1500,credito
4000637,2024-07-01,700,desconocido
4000638,20-11-2024,-200,invalid
4000639,26-09-2024,-200,credito
4000640,2024-10-09,3000,debito
4000641,29-11-2024,1200,debito
4000642,2024/03/14,700,credito
4000643,27-06-2024,,invalid
4000644,18/05/2024,,invalid
4000645,26/08/2024,,invalid
4000646,2024/07/20,700,credito
4000647,2024-08-09,1000,debito
4000648,2024-02-21,700,invalid
4000649,16/04/2024,-200,debito
4000650,2024-10-31,3000,credito
4000651,2024-13-01,,invalid
4000652,28/04/2024,-200,debito
4000653,2024-08-29,1500,debito
4000654,16/04/2024,800,debito
4000655,14-01-2024,-200,credito
4000656,21/10/2024,700,debito
4000657,30-04-2024,1000,invalid
4000658,14-10-2024,1200,invalid
4000659,2024/01/26,1000,credito
4000660,2024-07-17,-200,invalid
4000661,27/06/2024,1200,debito
4000662,2024-03-07,700,credito
4000663,25-02-2024,,invalid
4000664,2024-02-17,800,desconocido
4000665,2024-04-13,800,invalid
4000666,2024/04/25,,debito
4000667,2024-07-14,700,credito
4000668,2024-02-21,,credito
4000669,16/10/2024,1500,debito
4000670,2024-12-07,1200,credito
4000671,17-05-2024,800,desconocido
4000672,2024-13-01,-200,credito
4000673,2024-04-30,-200,credito
4000674,08/10/2024,3000,desconocido
4000675,10/11/2024,700,invalid
4000676,07-08-2024,,debito
4000677,2024/09/02,700,invalid
4000678,26-08-2024,800,invalid
4000679,19-04-2024,,credito
4000680,2024-13-01,1500,debito
4000681,2024-13-01,1000,credito
4000682,2024/01/22,700,credito
4000683,2024-03-03,500,credito
4000684,2024/11/04,,credito
4000685,2024-12-20,1000,desconocido
4000686,2024/11/01,0,invalid
4000687,12-12-2024,,debito
4000688,2024/08/17,1000,desconocido
4000689,2024-06-22,1000,debito
4000690,2024/01/27,-200,debito
4000691,09/02/2024,800,debito
4000692,15-09-2024,,credito
4000693,2024/02/13,,credito
4000694,2024-04-06,1000,credito
4000695,2024/10/20,-200,invalid
4000696,11-05-2024,700,invalid
4000697,2024-02-01,800,invalid
4000698,29-09-2024,700,invalid
4000699,2024-12-10,800,desconocido
4000700,30/04/2024,1000,debito
4000701,01/02/2024,3000,desconocido
4000702,2024-13-01,,debito
4000703,2024-05-05,1500,invalid
4000704,2024-02-19,800,invalid
4000705,16/10/2024,700,credito
4000706,20-03-2024,1000,credito
4000707,2024-01-14,800,debito
4000708,2024/06/14,700,credito
4000709,01/05/2024,1500,invalid
4000710,24/10/2024,700,debito
4000711,2024/12/06,,invalid
4000712,2024/09/11,,debito
4000713,2024/07/12,,invalid
4000714,21/06/2024,700,invalid
4000715,2024/07/07,700,invalid
4000716,2024-13-01,-200,debito
4000717,2024/03/22,1200,desconocido
4000718,2024/08/25,700,invalid
4000719,2024/09/04,1000,invalid
4000720,27-11-2024,1500,desconocido
4000721,2024-05-25,,debito
4000722,2024-13-01,1200,credito
4000723,03-04-2024,-200,debito
4000724,2024-13-01,1200,debito
4000725,06/02/2024,1000,desconocido
4000726,10-10-2024,1500,credito
4000727,12-01-2024,1000,debito
4000728,09/12/2024,1500,invalid
4000729,2024-04-06,0,credito
4000730,18-03-2024,800,debito
4000731,2024/09/04,,credito
4000732,2024/11/11,1000,credito
4000733,18-03-2024,1000,desconocido
4000734,2024-04-13,1500,credito
4000735,23/09/2024,1000,debito
4000736,11-05-2024,1500,desconocido
4000737,17/03/2024,800,invalid
4000738,30/06/2024,3000,invalid
4000739,2024-03-20,3000,invalid
4000740,2024-06-08,700,debito
4000741,2024-13-01,1200,credito
4000742,14-05-2024,3000,invalid
4000743,2024-01-15,700,debito
4000744,24-02-2024,800,debito
4000745,2024/12/23,,invalid
4000746,2024/06/08,1500,invalid
4000747,31-03-2024,1000,credito
4000748,06/10/2024,800,credito
4000749,2024/06/20,1200,invalid
4000750,03-03-2024,-200,debito
4000751,2024-11-13,3000,invalid
4000752,02-05-2024,,invalid
4000753,13/10/2024,3000,debito
4000754,01-09-2024,1500,debito
4000755,2024-13-01,1200,invalid
4000756,15/07/2024,800,debito
4000757,11-10-2024,1000,credito
4000758,2024-06-14,1200,invalid
4000759,2024-03-31,1500,debito
4000760,2024-07-28,800,debito
4000761,2024/06/10,3000,debito
4000762,2024/08/15,1500,debito
4000763,2024/07/23,3000,invalid
4000764,09-11-2024,1000,credito
4000765,2024-06-26,,credito
4000766,11/04/2024,1200,credito
4000767,2024-01-22,1500,credito
4000768,25/12/2024,700,invalid
4000769,25-11-2024,-200,invalid
4000770,2024-08-27,1500,credito
4000771,24/12/2024,,debito
4000772,05-09-2024,1500,invalid
4000773,19/03/2024,,debito
4000774,08/04/2024,1000,credito
4000775,06-04-2024,-200,invalid
4000776,13-07-2024,800,credito
4000777,25/01/2024,3000,credito
4000778,2024-08-11,800,debito
4000779,31-03-2024,-200,debito
4000780,2024-02-16,1200,desconocido
4000781,2024/01/12,700,invalid
4000782,18-11-2024,,credito
4000783,28/02/2024,1000,credito
4000784,2024-08-09,,credito
4000785,07-05-2024,,debito
4000786,2024-08-25,,invalid
4000787,2024-05-19,1000,credito
4000788,31/10/2024,,debito
4000789,27/05/2024,1000,credito
4000790,2024-11-11,1000,credito
4000791,28/06/2024,-200,credito
4000792,2024-07-08,-200,invalid
4000793,2024/12/04,1200,desconocido
4000794,30-12-2024,,credito
4000795,29-11-2024,800,debito
4000796,2024/01/16,-200,invalid
4000797,08-09-2024,800,debito
4000798,07-12-2024,1000,debito
4000799,2024-13-01,3000,debito
4000800,2024/01/27,-100,invalid
4000801,14/01/2024,,invalid
4000802,29-02-2024,1200,credito
4000803,12-02-2024,1200,desconocido
4000804,11/07/2024,-200,invalid
4000805,17-10-2024,,debito
4000806,14/01/2024,-200,invalid
4000807,2024-12-01,700,debito
4000808,2024-01-04,-200,debito
4000809,2024-01-18,-200,invalid
4000810,13/10/2024,,credito
4000811,2024/07/24,1200,debito
4000812,20-05-2024,,invalid
4000813,2024-03-17,1200,invalid
4000814,2024-10-22,700,credito
4000815,2024/11/19,,debito
4000816,2024/01/28,,invalid
4000817,2024/07/10,3000,invalid
4000818,19/06/2024,-100,debito
4000819,13/06/2024,700,invalid
4000820,2024/08/12,3000,credito
4000821,2024-04-07,,debito
4000822,2024/09/18,1200,credito
4000823,2024-01-28,-200,debito
4000824,2024/04/16,3000,credito
4000825,2024-05-14,700,invalid
4000826,15/10/2024,500,debito
4000827,06/02/2024,-200,debito
4000828,2024-05-23,1500,invalid
4000829,2024-13-01,3000,debito
4000830,10/10/2024,3000,debito
4000831,03/08/2024,1000,debito
4000832,2024-06-26,700,debito
4000833,16-05-2024,700,debito
4000834,02/02/2024,3000,credito
4000835,2024-13-01,1500,credito
4000836,2024-06-08,1500,credito
4000837,2024/07/10,1200,invalid
4000838,2024-13-01,,credito
4000839,2024/04/23,-200,credito
4000840,2024/08/12,800,debito
4000841,2024/08/15,0,invalid
4000842,2024/10/30,1500,credito
4000843,12-03-2024,1500,credito
4000844,23-11-2024,-200,debito
4000845,31-08-2024,1500,invalid
4000846,2024-08-30,,credito
4000847,2024/10/14,1000,debito
4000848,07-06-2024,1200,credito
4000849,2024/05/01,-200,debito
4000850,2024/12/20,3000,credito
4000851,23/03/2024,,credito
4000852,2024-13-01,1000,invalid
4000853,03-07-2024,700,desconocido
4000854,27-06-2024,500,debito
4000855,20-08-2024,-200,credito
4000856,22-07-2024,-200,credito
4000857,2024-10-29,800,debito
4000858,12-11-2024,,credito
4000859,2024-04-08,3000,debito
4000860,2024/02/08,-200,invalid
4000861,13/09/2024,-200,debito
4000862,24/07/2024,,debito
4000863,2024-13-01,-200,invalid
4000864,2024-10-31,0,credito
4000865,2024/05/29,-200,credito
4000866,08-02-2024,800,debito
4000867,12-03-2024,-200,invalid
4000868,2024/11/20,,invalid
4000869,2024/09/26,3000,credito
4000870,2024-06-23,1200,desconocido
4000871,27-07-2024,3000,debito
4000872,2024-04-01,-200,debito
4000873,2024-12-23,,credito
4000874,2024-12-20,-200,invalid
4000875,01/09/2024,,invalid
4000876,2024/06/27,700,credito
4000877,19-03-2024,,credito
4000878,2024-01-08,,invalid
4000879,2024/07/05,,debito
4000880,14-01-2024,800,credito
4000881,06/11/2024,-100,invalid
4000882,2024-07-08,,credito
4000883,2024/04/03,-200,invalid
4000884,08-01-2024,800,credito
4000885,29/05/2024,1000,debito
4000886,2024-12-27,1200,debito
4000887,19-02-2024,3000,credito
4000888,2024/12/25,,debito
4000889,2024/10/10,1500,debito
4000890,2024/02/29,3000,debito
4000891,2024/12/24,3000,invalid
4000892,2024-06-05,500,debito
4000893,2024-11-06,1000,invalid
4000894,30/10/2024,,credito
4000895,04-11-2024,1500,credito
4000896,2024-13-01,1500,debito
4000897,04/05/2024,3000,credito
4000898,12/12/2024,500,debito
4000899,14-12-2024,1500,credito
4000900,2024/01/19,1000,debito
4000901,2024/06/22,-200,invalid
4000902,30/01/2024,1200,invalid
4000903,29-10-2024,1500,debito
4000904,28/05/2024,700,debito
4000905,11/02/2024,1000,debito
4000906,19/01/2024,,invalid
4000907,2024-05-29,1200,debito
4000908,2024/02/27,700,debito
4000909,2024-13-01,800,credito
4000910,08/08/2024,3000,invalid
4000911,29-09-2024,700,debito
4000912,10/10/2024,1000,debito
4000913,06/04/2024,500,invalid
4000914,09/07/2024,700,credito
4000915,2024/01/21,-200,invalid
4000916,2024-12-24,700,invalid
4000917,2024-13-01,800,credito
4000918,22-01-2024,-200,invalid
4000919,2024/05/31,1500,credito
4000920,30-05-2024,800,debito
4000921,24/09/2024,,credito
4000922,29/04/2024,1200,debito
4000923,20-12-2024,,desconocido
4000924,30-10-2024,,debito
4000925,04/11/2024,,credito
4000926,2024-01-23,700,invalid
4000927,2024-13-01,,credito
4000928,2024/04/14,1500,invalid
4000929,06-07-2024,800,debito
4000930,17/01/2024,800,credito
4000931,08-12-2024,,debito
4000932,2024/11/22,1500,debito
4000933,01-08-2024,-200,invalid
4000934,02/08/2024,,credito
4000935,26/08/2024,1000,invalid
4000936,2024-06-11,1500,credito
4000937,07-03-2024,500,debito
4000938,08-10-2024,800,invalid
4000939,2024-04-20,-200,debito
4000940,09/12/2024,1000,credito
4000941,14-01-2024,,invalid
4000942,15/03/2024,1500,credito
4000943,19-02-2024,-200,credito
4000944,2024/07/20,,credito
4000945,13/08/2024,-100,credito
4000946,04/06/2024,3000,credito
4000947,02/06/2024,0,credito
4000948,24/07/2024,-200,credito
4000949,15-09-2024,1000,desconocido
4000950,2024/10/14,1000,debito
4000951,2024-06-07,3000,invalid
4000952,30-11-2024,-200,credito
4000953,23-06-2024,3000,credito
4000954,2024/02/10,1000,invalid
4000955,2024/01/02,700,credito
4000956,2024/12/01,,credito
4000957,30/12/2024,700,invalid
4000958,2024/07/25,1200,credito
4000959,2024-06-25,-200,invalid
4000960,2024/03/29,-200,invalid
4000961,20-10-2024,-200,invalid
4000962,2024/08/11,-200,debito
4000963,25-10-2024,-200,credito
4000964,2024-07-27,1200,debito
4000965,2024/08/12,3000,invalid
4000966,19-09-2024,3000,credito
4000967,22-06-2024,500,credito
4000968,05-05-2024,-100,credito
4000969,2024/04/15,3000,invalid
4000970,2024-02-14,3000,invalid
4000971,2024-03-04,-200,credito
4000972,03/12/2024,1000,invalid
4000973,2024-13-01,,debito
4000974,02/08/2024,1200,debito
4000975,2024-04-07,1200,desconocido
4000976,2024-02-09,800,invalid
4000977,2024-05-21,3000,invalid
4000978,2024/04/08,1500,invalid
4000979,22-11-2024,-200,credito
4000980,2024-06-22,700,invalid
4000981,20/01/2024,-200,debito
4000982,2024-06-08,,invalid
4000983,2024-05-23,1500,invalid
4000984,07/05/2024,,debito
4000985,2024/09/06,700,credito
4000986,13/05/2024,700,invalid
4000987,13/10/2024,,debito
4000988,11-12-2024,1200,invalid
4000989,22-08-2024,800,debito
4000990,2024-04-27,1500,debito
4000991,2024-04-08,0,debito
4000992,15/03/2024,1000,credito
4000993,2024-13-01,700,invalid
4000994,2024-06-09,700,invalid
4000995,2024-02-08,-200,credito
4000996,23-07-2024,700,debito
4000997,2024-06-14,-200,invalid
4000998,14-01-2024,,invalid
4000999,19/06/2024,1500,debito
4001000,30-12-2024,1500,credito
5000001,2024-06-30,3000,credito
5000002,03-04-2024,1200,credito
5000003,2024-04-09,800,invalid
5000004,04/05/2024,,invalid
5000005,17-06-2024,800,debito
5000006,11/11/2024,1500,credito
5000007,2024-13-01,700,debito
5000008,30-07-2024,3000,debito
5000009,07-04-2024,3000,invalid
5000010,2024/10/15,1500,invalid
5000011,2024/10/05,1200,debito
5000012,20/07/2024,1200,debito
5000013,2024-04-13,3000,credito
5000014,17/07/2024,500,debito
5000015,01/06/2024,,desconocido
5000016,2024-04-27,1000,invalid
5000017,18/12/2024,-200,invalid
5000018,2024-11-30,-100,credito
5000019,16/08/2024,800,credito
5000020,2024-07-28,3000,debito
5000021,12-06-2024,700,credito
5000022,2024/06/05,1000,invalid
5000023,2024-13-01,1000,credito
5000024,18/02/2024,0,credito
5000025,09/11/2024,,debito
5000026,19/05/2024,1200,debito
5000027,2024-12-11,1200,credito
5000028,2024-09-03,,desconocido
5000029,27-05-2024,,debito
5000030,09/02/2024,-200,invalid
5000031,2024/04/11,800,invalid
5000032,2024/01/01,1500,invalid
5000033,30/12/2024,1500,credito
5000034,13-11-2024,-200,credito
5000035,2024/12/12,-100,credito
5000036,25-07-2024,1500,credito
5000037,2024-08-20,800,credito
5000038,2024/02/15,1500,debito
5000039,18/11/2024,1200,invalid
5000040,2024-13-01,3000,credito
5000041,01/08/2024,800,credito
5000042,29/07/2024,500,credito
5000043,2024-12-06,-100,invalid
5000044,2024/07/11,1000,credito
5000045,23/08/2024,,credito
5000046,2024/06/29,1200,debito
5000047,30-11-2024,1200,invalid
5000048,2024-08-09,1500,credito
5000049,2024/10/26,3000,debito
5000050,2024-13-01,1200,debito
5000051,02/07/2024,-200,credito
5000052,16/03/2024,1000,invalid
5000053,02/07/2024,,debito
5000054,21-02-2024,800,desconocido
5000055,27-01-2024,3000,credito
5000056,06-09-2024,1000,debito
5000057,27/07/2024,-200,invalid
5000058,2024/02/27,1000,credito
5000059,08/02/2024,800,credito
5000060,2024-04-04,-200,invalid
5000061,2024-01-09,3000,debito
5000062,2024-06-09,1000,credito
5000063,2024-08-14,700,credito
5000064,13-03-2024,1000,credito
5000065,16/10/2024,,debito
5000066,2024-05-28,1500,invalid
5000067,10-11-2024,800,credito
5000068,2024-01-11,3000,desconocido
5000069,29/09/2024,1500,invalid
5000070,2024/09/18,,desconocido
5000071,2024/07/31,700,debito
5000072,2024-03-01,-200,invalid
5000073,29-07-2024,1000,credito
5000074,30/07/2024,1000,invalid
5000075,28-01-2024,1500,debito
5000076,16/11/2024,-200,credito
5000077,2024-13-01,3000,invalid
5000078,2024/11/25,-200,credito
5000079,02/06/2024,,invalid
5000080,16-04-2024,1200,invalid
5000081,2024/06/18,,invalid
5000082,13/09/2024,700,credito
5000083,10-05-2024,800,credito
5000084,2024-09-17,3000,debito
5000085,2024/03/16,1000,debito
5000086,2024-11-04,1500,invalid
5000087,2024/10/22,1200,invalid
5000088,2024/04/24,3000,credito
5000089,27/07/2024,800,debito
5000090,28/07/2024,700,invalid
5000091,01-01-2024,800,credito
5000092,27/01/2024,1200,debito
5000093,07-11-2024,3000,debito
5000094,01-08-2024,-200,credito
5000095,22/12/2024,1000,credito
5000096,2024/12/18,800,credito
5000097,17/08/2024,500,debito
5000098,2024-07-05,1200,invalid
5000099,2024/03/09,-200,credito
5000100,15-06-2024,,debito
5000101,12-05-2024,800,debito
5000102,13-11-2024,-200,debito
5000103,2024/04/02,1500,credito
5000104,2024-04-16,1000,credito
5000105,2024-12-13,3000,invalid
5000106,2024/01/21,1000,credito
5000107,16/01/2024,700,invalid
5000108,2024/02/28,-200,invalid
5000109,2024-09-15,1200,invalid
5000110,05/07/2024,800,debito
5000111,25-09-2024,1000,credito
5000112,2024-03-07,800,credito
5000113,21/07/2024,1500,credito
5000114,01-02-2024,700,invalid
5000115,2024/07/20,700,debito
5000116,2024-10-03,1500,invalid
5000117,10-11-2024,700,credito
5000118,27/08/2024,,invalid
5000119,06-12-2024,,debito
5000120,21-09-2024,-200,credito
5000121,2024/08/19,700,debito
5000122,2024-08-26,800,invalid
5000123,2024/05/27,3000,debito
5000124,2024/08/22,,invalid
5000125,2024/01/29,-200,credito
5000126,2024/03/11,800,debito
5000127,2024-04-09,700,invalid
5000128,2024-07-26,1500,invalid
5000129,14-11-2024,700,invalid
5000130,2024/07/24,1200,debito
5000131,2024-07-25,1000,debito
5000132,2024-12-10,0,invalid
5000133,21-07-2024,500,invalid
5000134,2024/04/06,800,credito
5000135,02/03/2024,,debito
5000136,2024/10/27,0,invalid
5000137,17-06-2024,1200,desconocido
5000138,2024-13-01,1000,invalid
5000139,2024-09-16,700,debito
5000140,22/08/2024,1200,debito
5000141,14/07/2024,3000,debito
5000142,19-11-2024,3000,debito
5000143,2024-09-29,700,credito
5000144,30/12/2024,3000,debito
5000145,2024/01/01,1200,debito
5000146,01-07-2024,,debito
5000147,2024/03/29,3000,credito
5000148,2024-03-30,1000,invalid
5000149,02/11/2024,3000,desconocido
5000150,2024-13-01,1500,debito
5000151,2024-12-18,3000,credito
5000152,25/10/2024,1500,invalid
5000153,2024/07/28,1000,credito
5000154,2024-03-04,800,credito
5000155,22/12/2024,-200,desconocido
5000156,2024-03-02,1500,debito
5000157,2024-08-17,3000,debito
5000158,26-05-2024,500,debito
5000159,01/09/2024,1200,debito
5000160,03/08/2024,1500,invalid
5000161,28/07/2024,1500,credito
5000162,11-12-2024,3000,debito
5000163,30-11-2024,3000,desconocido
5000164,04-03-2024,3000,invalid
5000165,2024-08-30,1000,invalid
5000166,2024/04/06,800,credito
5000167,23/02/2024,,credito
5000168,2024-10-24,1200,credito
5000169,2024/03/05,800,invalid
5000170,2024/09/07,1200,invalid
5000171,14-05-2024,,debito
5000172,2024-02-07,0,debito
5000173,24-08-2024,-100,debito
5000174,2024-10-26,,invalid
5000175,24-09-2024,1500,invalid
5000176,2024-06-07,1000,invalid
5000177,22/10/2024,3000,debito
5000178,2024/05/17,3000,credito
5000179,2024/07/11,3000,credito
5000180,28/05/2024,1000,desconocido
5000181,2024/09/08,800,invalid
5000182,2024/03/02,800,credito
5000183,21-01-2024,3000,credito
5000184,01-11-2024,1500,debito
5000185,2024-13-01,1000,debito
5000186,2024-01-04,3000,invalid
5000187,2024/05/25,800,debito
5000188,2024/03/15,500,debito
5000189,2024-01-17,800,invalid
5000190,26/07/2024,1500,debito
5000191,26-07-2024,,invalid
5000192,2024-09-19,700,debito
5000193,2024-01-16,1500,invalid
5000194,2024/12/29,-200,credito
5000195,13-06-2024,800,debito
5000196,08-08-2024,-200,credito
5000197,18-02-2024,1200,credito
5000198,2024-12-04,800,debito
5000199,01/06/2024,700,invalid
5000200,2024/10/13,,invalid
5000201,15-11-2024,-200,credito
5000202,09-01-2024,,debito
5000203,2024-13-01,1200,debito
5000204,2024/04/16,1200,debito
5000205,07-08-2024,1000,invalid
5000206,2024/11/20,3000,debito
5000207,08/02/2024,3000,debito
5000208,2024/01/29,,invalid
5000209,2024-13-01,1200,debito
5000210,2024/02/09,700,debito
5000211,2024-04-18,800,invalid
5000212,23/04/2024,1200,debito
5000213,30/07/2024,3000,debito
5000214,2024/04/15,,desconocido
5000215,01/03/2024,1500,debito
5000216,2024-03-05,-200,desconocido
5000217,2024-03-16,700,credito
5000218,2024/02/16,1200,credito
5000219,2024-09-28,0,credito
5000220,28/08/2024,500,credito
5000221,19-06-2024,1200,invalid
5000222,2024-03-10,-100,debito
5000223,2024/10/01,3000,credito
5000224,2024/12/20,500,credito
5000225,2024/04/01,,desconocido
5000226,2024/04/29,-200,debito
5000227,25-04-2024,800,debito
5000228,2024-07-12,1500,invalid
5000229,22-10-2024,,invalid
5000230,13/01/2024,-100,invalid
5000231,2024/12/25,0,invalid
5000232,04/02/2024,1500,invalid
5000233,15-06-2024,1000,debito
5000234,2024/07/03,-200,credito
5000235,07-04-2024,800,invalid
5000236,2024-06-29,1000,debito
5000237,21-02-2024,1200,debito
5000238,2024/10/09,1200,credito
5000239,04-03-2024,800,debito
5000240,2024-06-17,3000,debito
5000241,07/03/2024,1000,credito
5000242,24-07-2024,,credito
5000243,2024/10/17,800,debito
5000244,2024-07-23,3000,desconocido
5000245,02-06-2024,800,credito
5000246,10-02-2024,1200,debito
5000247,13/05/2024,,debito
5000248,10-12-2024,,invalid
5000249,19/06/2024,1200,invalid
5000250,2024/02/09,1200,debito
5000251,14/07/2024,-200,debito
5000252,2024/05/25,700,debito
5000253,02-09-2024,,invalid
5000254,2024/10/26,1200,invalid
5000255,02-07-2024,-100,credito
5000256,2024-04-22,1500,credito
5000257,26/11/2024,1000,credito
5000258,2024/01/06,,credito
5000259,04-05-2024,,credito
5000260,2024-03-23,3000,desconocido
5000261,26/06/2024,500,debito
5000262,02/09/2024,,debito
5000263,02-07-2024,3000,invalid
5000264,2024-13-01,1500,invalid
5000265,16/12/2024,3000,debito
5000266,02-11-2024,-200,invalid
5000267,2024/04/06,,invalid
5000268,2024-05-24,800,credito
5000269,2024/07/27,1200,desconocido
5000270,2024-13-01,1200,invalid
5000271,2024-03-18,,desconocido
5000272,2024/09/04,3000,invalid
5000273,26/04/2024,1000,invalid
5000274,21/01/2024,1500,credito
5000275,2024/08/09,700,credito
5000276,16/10/2024,700,debito
5000277,12-08-2024,-100,credito
5000278,25/05/2024,-200,debito
5000279,2024-02-24,800,invalid
5000280,27-07-2024,1200,credito
5000281,2024/07/08,800,credito
5000282,08/08/2024,,debito
5000283,08/08/2024,0,debito
5000284,25-07-2024,1500,credito
5000285,13/12/2024,1500,desconocido
5000286,27-09-2024,800,credito
5000287,2024/11/17,800,debito
5000288,2024-09-03,-200,debito
5000289,2024/08/14,3000,debito
5000290,2024-06-15,1500,debito
5000291,2024-04-17,1000,invalid
5000292,2024/09/20,1000,credito
5000293,18/10/2024,1500,invalid
5000294,2024/07/01,700,desconocido
5000295,2024-06-12,,invalid
5000296,09/12/2024,,debito
5000297,2024-08-19,1000,desconocido
5000298,2024-13-01,700,debito
5000299,2024-10-10,700,invalid
5000300,2024-03-28,1500,invalid
5000301,2024-10-03,1500,credito
5000302,16/10/2024,,debito
5000303,19-10-2024,3000,credito
5000304,03-03-2024,1000,invalid
5000305,18-10-2024,700,invalid
5000306,2024-07-08,,invalid
5000307,02/01/2024,,credito
5000308,2024-13-01,,invalid
5000309,2024/03/23,1000,debito
5000310,14/12/2024,1000,invalid
5000311,2024-13-01,1000,credito
5000312,24/06/2024,1200,desconocido
5000313,16/10/2024,-200,invalid
5000314,22/03/2024,-200,invalid
5000315,2024-13-01,1200,debito
5000316,2024/04/01,,credito
5000317,19-01-2024,800,invalid
5000318,2024-06-04,1500,invalid
5000319,2024-05-08,-200,invalid
5000320,29/02/2024,700,invalid
5000321,2024-03-30,-200,debito
5000322,2024-01-28,,invalid
5000323,27/07/2024,700,credito
5000324,23/09/2024,800,invalid
5000325,22/03/2024,700,debito
5000326,2024/12/15,1200,invalid
5000327,30-04-2024,-200,desconocido
5000328,2024-11-10,1000,debito
5000329,2024-05-02,700,invalid
5000330,04/12/2024,,credito
5000331,13-11-2024,700,debito
5000332,2024/10/16,-200,credito
5000333,22-02-2024,,debito
5000334,16-08-2024,3000,debito
5000335,2024/08/17,1000,debito
5000336,2024/03/14,800,invalid
5000337,08-10-2024,3000,debito
5000338,2024/06/19,800,invalid
5000339,06-06-2024,,invalid
5000340,2024/03/05,-200,debito
5000341,2024-01-28,-200,invalid
5000342,08-07-2024,,debito
5000343,08-01-2024,3000,invalid
5000344,2024-10-21,700,credito
5000345,19/11/2024,700,invalid
5000346,2024/10/12,1500,invalid
5000347,20-05-2024,3000,invalid
5000348,13/07/2024,1500,credito
5000349,31/03/2024,800,credito
5000350,02-02-2024,1200,debito
5000351,31-08-2024,1200,debito
5000352,02/02/2024,-200,invalid
5000353,18-04-2024,,credito
5000354,10/01/2024,,debito
5000355,2024/03/15,800,credito
5000356,17-12-2024,-200,debito
5000357,2024-13-01,1000,credito
5000358,2024/10/10,,invalid
5000359,04/08/2024,,debito
5000360,23-04-2024,700,invalid
5000361,08/05/2024,,invalid
5000362,06/11/2024,1500,debito
5000363,2024/01/09,1000,invalid
5000364,04-09-2024,700,debito
5000365,2024/10/01,1200,credito
5000366,22-07-2024,700,debito
5000367,14-03-2024,1500,debito
5000368,26-07-2024,800,debito
5000369,2024/09/29,800,desconocido
5000370,02/10/2024,3000,debito
5000371,10-12-2024,1000,debito
5000372,2024-08-20,1200,debito
5000373,30-09-2024,800,debito
5000374,2024/07/25,800,desconocido
5000375,02-12-2024,1000,credito
5000376,2024-07-09,1200,credito
5000377,25/05/2024,,credito
5000378,19-05-2024,800,credito
5000379,2024/03/09,1000,invalid
5000380,26-12-2024,1200,debito
5000381,25/06/2024,,credito
5000382,04/07/2024,500,invalid
5000383,26-01-2024,800,invalid
5000384,2024/05/30,700,invalid
5000385,27-07-2024,1500,invalid
5000386,2024/01/01,-200,desconocido
5000387,2024/07/10,3000,invalid
5000388,2024/09/14,,debito
5000389,2024-11-19,,credito
5000390,2024-12-20,1200,credito
5000391,09/09/2024,500,credito
5000392,2024-04-10,1000,debito
5000393,2024-13-01,800,credito
5000394,2024/03/14,1500,credito
5000395,2024-07-09,-200,debito
5000396,23-05-2024,,debito
5000397,2024-02-16,700,debito
5000398,2024-05-09,1000,invalid
5000399,01/06/2024,1500,credito
5000400,03/07/2024,1000,debito
5000401,2024/12/12,700,debito
5000402,2024/07/16,,credito
5000403,29-06-2024,500,credito
5000404,2024-10-13,,credito
5000405,03-08-2024,1500,credito
5000406,24/03/2024,700,desconocido
5000407,2024-09-21,-200,desconocido
5000408,2024-12-30,-200,debito
5000409,22/01/2024,800,debito
5000410,23-11-2024,1500,invalid
5000411,12-12-2024,-200,debito
5000412,06-12-2024,1000,invalid
5000413,2024/10/21,1500,invalid
5000414,2024-08-07,,debito
5000415,2024/06/29,,credito
5000416,2024-11-17,,desconocido
5000417,2024/06/19,,debito
5000418,2024-12-28,,credito
5000419,2024-01-19,800,credito
5000420,30/05/2024,1000,credito
5000421,09-09-2024,-200,credito
5000422,2024-09-09,-200,credito
5000423,2024/08/28,800,invalid
5000424,2024/11/12,700,credito
5000425,09/01/2024,1200,invalid
5000426,2024-08-28,800,credito
5000427,2024/12/27,,invalid
5000428,2024-08-09,700,debito
5000429,2024-09-27,,invalid
5000430,2024-05-07,1000,invalid
5000431,2024/05/04,-200,desconocido
5000432,30-06-2024,1000,debito
5000433,2024-11-18,1500,invalid
5000434,2024/05/03,1500,desconocido
5000435,2024/11/20,,credito
5000436,21-08-2024,-100,debito
5000437,2024/02/28,,credito
5000438,2024-10-18,1500,invalid
5000439,15-03-2024,1200,credito
5000440,28/07/2024,,invalid
5000441,2024-12-04,1000,debito
5000442,06-08-2024,1200,debito
5000443,11/05/2024,,credito
5000444,2024-04-19,1200,desconocido
5000445,2024-13-01,1200,debito
5000446,2024-07-11,700,invalid
5000447,08-02-2024,1000,credito
5000448,08-06-2024,,debito
5000449,2024/05/19,-200,credito
5000450,2024/03/07,1500,debito
5000451,02/07/2024,700,invalid
5000452,31/05/2024,700,credito
5000453,2024-13-01,800,invalid
5000454,2024-10-23,-200,debito
5000455,29/02/2024,800,invalid
5000456,18-10-2024,1200,invalid
5000457,26/03/2024,1200,credito
5000458,02-10-2024,-100,debito
5000459,31/01/2024,1000,credito
5000460,21-08-2024,0,invalid
5000461,2024-13-01,700,invalid
5000462,2024-13-01,1500,invalid
5000463,2024/04/01,-100,debito
5000464,2024/07/24,1000,debito
5000465,2024-03-04,700,credito
5000466,2024/11/30,,credito
5000467,2024-04-30,1500,credito
5000468,17-03-2024,-200,debito
5000469,2024/12/03,1000,invalid
5000470,2024/09/19,,debito
5000471,04/12/2024,1000,desconocido
5000472,2024-13-01,,invalid
5000473,15/08/2024,700,invalid
5000474,2024-13-01,1200,invalid
5000475,2024/12/28,0,invalid
5000476,2024/07/06,,invalid
5000477,09-07-2024,800,credito
5000478,06/07/2024,0,credito
5000479,07-12-2024,,invalid
5000480,2024/06/09,700,debito
5000481,15/09/2024,-100,credito
5000482,2024-02-04,800,invalid
5000483,2024-11-07,1000,credito
5000484,2024-04-15,700,credito
5000485,17-11-2024,1000,desconocido
5000486,17-09-2024,800,invalid
5000487,04-01-2024,800,credito
5000488,11/12/2024,,debito
5000489,15/11/2024,3000,debito
5000490,26/07/2024,700,invalid
5000491,2024/03/31,,credito
5000492,2024/11/07,-200,invalid
5000493,2024-08-29,0,invalid
5000494,26-11-2024,-200,debito
5000495,18/11/2024,1500,credito
5000496,2024/09/14,,invalid
5000497,2024/04/20,-200,desconocido
5000498,2024-13-01,1500,invalid
5000499,16-05-2024,1200,credito
5000500,2024/04/24,,invalid
5000501,2024-03-24,,credito
5000502,10/02/2024,-100,credito
5000503,14-02-2024,1500,invalid
5000504,16-09-2024,500,credito
5000505,2024-07-08,1000,debito
5000506,2024-06-10,-200,invalid
5000507,05-04-2024,0,invalid
5000508,06-11-2024,700,credito
5000509,2024/10/31,500,debito
5000510,21/02/2024,3000,credito
5000511,22/02/2024,-200,invalid
5000512,2024/08/14,700,credito
5000513,2024/01/10,3000,desconocido
5000514,20/10/2024,-200,invalid
5000515,14-07-2024,700,debito
5000516,21/08/2024,-200,desconocido
5000517,17/04/2024,,debito
5000518,02/03/2024,,invalid
5000519,24-08-2024,-200,invalid
5000520,2024/09/02,1200,debito
5000521,01-10-2024,1500,credito
5000522,2024-06-12,1500,invalid
5000523,2024/02/03,1000,invalid
5000524,2024-11-12,1200,invalid
5000525,2024-13-01,700,invalid
5000526,26/03/2024,700,invalid
5000527,17/05/2024,1200,credito
5000528,13/06/2024,3000,invalid
5000529,08/11/2024,-100,credito
5000530,2024/07/10,700,invalid
5000531,2024-01-07,700,credito
5000532,15/10/2024,3000,credito
5000533,18/11/2024,1500,credito
5000534,2024-05-15,3000,invalid
5000535,19-10-2024,1000,desconocido
5000536,2024/09/30,700,credito
5000537,2024/08/25,,credito
5000538,22-08-2024,-200,credito
5000539,26-08-2024,1500,debito
5000540,18-04-2024,800,credito
5000541,2024-06-22,3000,debito
5000542,07/01/2024,,debito
5000543,2024-13-01,1500,invalid
5000544,2024-10-04,800,debito
5000545,23-11-2024,1000,debito
5000546,26-04-2024,1200,debito
5000547,2024/09/25,1200,credito
5000548,2024-08-17,1500,debito
5000549,05/11/2024,,credito
5000550,25/05/2024,800,debito
5000551,11-03-2024,,credito
5000552,2024-06-01,800,invalid
5000553,16-10-2024,1500,debito
5000554,2024-06-29,1200,credito
5000555,2024-05-29,700,credito
5000556,2024-06-16,-200,credito
5000557,06/09/2024,,debito
5000558,2024-10-21,700,invalid
5000559,2024-12-26,-200,desconocido
5000560,2024-13-01,-200,credito
5000561,2024-01-05,1500,invalid
5000562,19-01-2024,800,credito
5000563,2024/08/17,1200,debito
5000564,06/07/2024,800,credito
5000565,2024/11/11,,invalid
5000566,2024/07/12,1200,debito
5000567,2024-01-15,700,credito
5000568,2024-03-11,1200,debito
5000569,05-06-2024,1200,desconocido
5000570,2024-03-20,1200,desconocido
5000571,12-06-2024,1200,debito
5000572,2024/11/05,3000,credito
5000573,29-06-2024,1200,credito
5000574,2024-10-18,3000,debito
5000575,06-01-2024,3000,debito
5000576,11/04/2024,1000,invalid
5000577,2024/02/17,800,debito
5000578,05-12-2024,-200,invalid
5000579,2024-05-01,,invalid
5000580,2024/11/28,700,invalid
5000581,21-01-2024,3000,debito
5000582,20/03/2024,1500,invalid
5000583,22-02-2024,3000,invalid
5000584,09/01/2024,700,invalid
5000585,2024/11/17,1200,debito
5000586,31-01-2024,-200,credito
5000587,2024/07/10,1200,credito
5000588,22/11/2024,1200,debito
5000589,2024/12/30,800,debito
5000590,05-10-2024,1500,credito
5000591,10-08-2024,3000,credito
5000592,14-04-2024,1500,credito
5000593,05-03-2024,1200,credito
5000594,2024-12-17,,debito
5000595,2024-13-01,1000,debito
5000596,2024-09-27,700,invalid
5000597,2024-01-30,500,credito
5000598,06-04-2024,,credito
5000599,2024-13-01,700,debito
5000600,09/02/2024,1500,invalid
5000601,2024-11-16,1200,invalid
5000602,29-06-2024,-200,credito
5000603,2024-13-01,-200,credito
5000604,2024-05-15,1000,credito
5000605,2024/07/30,,invalid
5000606,16-05-2024,1000,desconocido
5000607,2024-10-02,700,debito
5000608,27/05/2024,1000,debito
5000609,2024/11/14,3000,credito
5000610,2024-13-01,,debito
5000611,2024-11-24,,debito
5000612,2024-01-15,500,credito
5000613,2024-11-17,700,debito
5000614,2024-01-05,,debito
5000615,2024-11-25,1500,invalid
5000616,2024-08-03,500,invalid
5000617,17/09/2024,-200,invalid
5000618,15/06/2024,-100,credito
5000619,2024/09/30,1000,credito
5000620,2024-01-13,1000,credito
5000621,2024-03-23,1200,debito
5000622,2024-07-08,700,invalid
5000623,2024-03-01,800,debito
5000624,04-04-2024,3000,credito
5000625,2024-05-15,,debito
5000626,2024/04/12,,invalid
5000627,2024/12/29,700,credito
5000628,28-06-2024,,invalid
5000629,26/12/2024,-200,invalid
5000630,20/10/2024,1500,desconocido
5000631,16/09/2024,1500,credito
5000632,2024/02/11,800,invalid
5000633,2024-10-27,1500,debito
5000634,15-06-2024,1500,debito
5000635,2024-13-01,1500,credito
5000636,07/08/2024,1500,credito
5000637,2024-07-01,700,desconocido
5000638,20-11-2024,-200,invalid
5000639,26-09-2024,-200,credito
5000640,2024-10-09,3000,debito
5000641,29-11-2024,1200,debito
5000642,2024/03/14,700,credito
5000643,27-06-2024,,invalid
5000644,18/05/2024,,invalid
5000645,26/08/2024,,invalid
5000646,2024/07/20,700,credito
5000647,2024-08-09,1000,debito
5000648,2024-02-21,700,invalid
5000649,16/04/2024,-200,debito
5000650,2024-10-31,3000,credito
5000651,2024-13-01,,invalid
5000652,28/04/2024,-200,debito
5000653,2024-08-29,1500,debito
5000654,16/04/2024,800,debito
5000655,14-01-2024,-200,credito
5000656,21/10/2024,700,debito
5000657,30-04-2024,1000,invalid
5000658,14-10-2024,1200,invalid
5000659,2024/01/26,1000,credito
5000660,2024-07-17,-200,invalid
5000661,27/06/2024,1200,debito
5000662,2024-03-07,700,credito
5000663,25-02-2024,,invalid
5000664,2024-02-17,800,desconocido
5000665,2024-04-13,800,invalid
5000666,2024/04/25,,debito
5000667,2024-07-14,700,credito
5000668,2024-02-21,,credito
5000669,16/10/2024,1500,debito
5000670,2024-12-07,1200,credito
5000671,17-05-2024,800,desconocido
5000672,2024-13-01,-200,credito
5000673,2024-04-30,-200,credito
5000674,08/10/2024,3000,desconocido
5000675,10/11/2024,700,invalid
5000676,07-08-2024,,debito
5000677,2024/09/02,700,invalid
5000678,26-08-2024,800,invalid
5000679,19-04-2024,,credito
5000680,2024-13-01,1500,debito
5000681,2024-13-01,1000,credito
5000682,2024/01/22,700,credito
5000683,2024-03-03,500,credito
5000684,2024/11/04,,credito
5000685,2024-12-20,1000,desconocido
5000686,2024/11/01,0,invalid
5000687,12-12-2024,,debito
5000688,2024/08/17,1000,desconocido
5000689,2024-06-22,1000,debito
5000690,2024/01/27,-200,debito
5000691,09/02/2024,800,debito
5000692,15-09-2024,,credito
5000693,2024/02/13,,credito
5000694,2024-04-06,1000,credito
5000695,2024/10/20,-200,invalid
5000696,11-05-2024,700,invalid
5000697,2024-02-01,800,invalid
5000698,29-09-2024,700,invalid
5000699,2024-12-10,800,desconocido
5000700,30/04/2024,1000,debito
5000701,01/02/2024,3000,desconocido
5000702,2024-13-01,,debito
5000703,2024-05-05,1500,invalid
5000704,2024-02-19,800,invalid
5000705,16/10/2024,700,credito
5000706,20-03-2024,1000,credito
5000707,2024-01-14,800,debito
5000708,2024/06/14,700,credito
5000709,01/05/2024,1500,invalid
5000710,24/10/2024,700,debito
5000711,2024/12/06,,invalid
5000712,2024/09/11,,debito
5000713,2024/07/12,,invalid
5000714,21/06/2024,700,invalid
5000715,2024/07/07,700,invalid
5000716,2024-13-01,-200,debito
5000717,2024/03/22,1200,desconocido
5000718,2024/08/25,700,invalid
5000719,2024/09/04,1000,invalid
5000720,27-11-2024,1500,desconocido
5000721,2024-05-25,,debito
5000722,2024-13-01,1200,credito
5000723,03-04-2024,-200,debito
5000724,2024-13-01,1200,debito
5000725,06/02/2024,1000,desconocido
5000726,10-10-2024,1500,credito
5000727,12-01-2024,1000,debito
5000728,09/12/2024,1500,invalid
5000729,2024-04-06,0,credito
5000730,18-03-2024,800,debito
5000731,2024/09/04,,credito
5000732,2024/11/11,1000,credito
5000733,18-03-2024,1000,desconocido
5000734,2024-04-13,1500,credito
5000735,23/09/2024,1000,debito
5000736,11-05-2024,1500,desconocido
5000737,17/03/2024,800,invalid
5000738,30/06/2024,3000,invalid
5000739,2024-03-20,3000,invalid
5000740,2024-06-08,700,debito
5000741,2024-13-01,1200,credito
5000742,14-05-2024,3000,invalid
5000743,2024-01-15,700,debito
5000744,24-02-2024,800,debito
5000745,2024/12/23,,invalid
5000746,2024/06/08,1500,invalid
5000747,31-03-2024,1000,credito
5000748,06/10/2024,800,credito
5000749,2024/06/20,1200,invalid
5000750,03-03-2024,-200,debito
5000751,2024-11-13,3000,invalid
5000752,02-05-2024,,invalid
5000753,13/10/2024,3000,debito
5000754,01-09-2024,1500,debito
5000755,2024-13-01,1200,invalid
5000756,15/07/2024,800,debito
5000757,11-10-2024,1000,credito
5000758,2024-06-14,1200,invalid
5000759,2024-03-31,1500,debito
5000760,2024-07-28,800,debito
5000761,2024/06/10,3000,debito
5000762,2024/08/15,1500,debito
5000763,2024/07/23,3000,invalid
5000764,09-11-2024,1000,credito
5000765,2024-06-26,,credito
5000766,11/04/2024,1200,credito
5000767,2024-01-22,1500,credito
5000768,25/12/2024,700,invalid
5000769,25-11-2024,-200,invalid
5000770,2024-08-27,1500,credito
5000771,24/12/2024,,debito
5000772,05-09-2024,1500,invalid
5000773,19/03/2024,,debito
5000774,08/04/2024,1000,credito
5000775,06-04-2024,-200,invalid
5000776,13-07-2024,800,credito
5000777,25/01/2024,3000,credito
5000778,2024-08-11,800,debito
5000779,31-03-2024,-200,debito
5000780,2024-02-16,1200,desconocido
5000781,2024/01/12,700,invalid
5000782,18-11-2024,,credito
5000783,28/02/2024,1000,credito
5000784,2024-08-09,,credito
5000785,07-05-2024,,debito
5000786,2024-08-25,,invalid
5000787,2024-05-19,1000,credito
5000788,31/10/2024,,debito
5000789,27/05/2024,1000,credito
5000790,2024-11-11,1000,credito
5000791,28/06/2024,-200,credito
5000792,2024-07-08,-200,invalid
5000793,2024/12/04,1200,desconocido
5000794,30-12-2024,,credito
5000795,29-11-2024,800,debito
5000796,2024/01/16,-200,invalid
5000797,08-09-2024,800,debito
5000798,07-12-2024,1000,debito
5000799,2024-13-01,3000,debito
5000800,2024/01/27,-100,invalid
5000801,14/01/2024,,invalid
5000802,29-02-2024,1200,credito
5000803,12-02-2024,1200,desconocido
5000804,11/07/2024,-200,invalid
5000805,17-10-2024,,debito
5000806,14/01/2024,-200,invalid
5000807,2024-12-01,700,debito
5000808,2024-01-04,-200,debito
5000809,2024-01-18,-200,invalid
5000810,13/10/2024,,credito
5000811,2024/07/24,1200,debito
5000812,20-05-2024,,invalid
5000813,2024-03-17,1200,invalid
5000814,2024-10-22,700,credito
5000815,2024/11/19,,debito
5000816,2024/01/28,,invalid
5000817,2024/07/10,3000,invalid
5000818,19/06/2024,-100,debito
5000819,13/06/2024,700,invalid
5000820,2024/08/12,3000,credito
5000821,2024-04-07,,debito
5000822,2024/09/18,1200,credito
5000823,2024-01-28,-200,debito
5000824,2024/04/16,3000,credito
5000825,2024-05-14,700,invalid
5000826,15/10/2024,500,debito
5000827,06/02/2024,-200,debito
5000828,2024-05-23,1500,invalid
5000829,2024-13-01,3000,debito
5000830,10/10/2024,3000,debito
5000831,03/08/2024,1000,debito
5000832,2024-06-26,700,debito
5000833,16-05-2024,700,debito
5000834,02/02/2024,3000,credito
5000835,2024-13-01,1500,credito
5000836,2024-06-08,1500,credito
5000837,2024/07/10,1200,invalid
5000838,2024-13-01,,credito
5000839,2024/04/23,-200,credito
5000840,2024/08/12,800,debito
5000841,2024/08/15,0,invalid
5000842,2024/10/30,1500,credito
5000843,12-03-2024,1500,credito
5000844,23-11-2024,-200,debito
5000845,31-08-2024,1500,invalid
5000846,2024-08-30,,credito
5000847,2024/10/14,1000,debito
5000848,07-06-2024,1200,credito
5000849,2024/05/01,-200,debito
5000850,2024/12/20,3000,credito
5000851,23/03/2024,,credito
5000852,2024-13-01,1000,invalid
5000853,03-07-2024,700,desconocido
5000854,27-06-2024,500,debito
5000855,20-08-2024,-200,credito
5000856,22-07-2024,-200,credito
5000857,2024-10-29,800,debito
5000858,12-11-2024,,credito
5000859,2024-04-08,3000,debito
5000860,2024/02/08,-200,invalid
5000861,13/09/2024,-200,debito
5000862,24/07/2024,,debito
5000863,2024-13-01,-200,invalid
5000864,2024-10-31,0,credito
5000865,2024/05/29,-200,credito
5000866,08-02-2024,800,debito
5000867,12-03-2024,-200,invalid
5000868,2024/11/20,,invalid
5000869,2024/09/26,3000,credito
5000870,2024-06-23,1200,desconocido
5000871,27-07-2024,3000,debito
5000872,2024-04-01,-200,debito
5000873,2024-12-23,,credito
5000874,2024-12-20,-200,invalid
5000875,01/09/2024,,invalid
5000876,2024/06/27,700,credito
5000877,19-03-2024,,credito
5000878,2024-01-08,,invalid
5000879,2024/07/05,,debito
5000880,14-01-2024,800,credito
5000881,06/11/2024,-100,invalid
5000882,2024-07-08,,credito
5000883,2024/04/03,-200,invalid
5000884,08-01-2024,800,credito
5000885,29/05/2024,1000,debito
5000886,2024-12-27,1200,debito
5000887,19-02-2024,3000,credito
5000888,2024/12/25,,debito
5000889,2024/10/10,1500,debito
5000890,2024/02/29,3000,debito
5000891,2024/12/24,3000,invalid
5000892,2024-06-05,500,debito
5000893,2024-11-06,1000,invalid
5000894,30/10/2024,,credito
5000895,04-11-2024,1500,credito
5000896,2024-13-01,1500,debito
5000897,04/05/2024,3000,credito
5000898,12/12/2024,500,debito
5000899,14-12-2024,1500,credito
5000900,2024/01/19,1000,debito
5000901,2024/06/22,-200,invalid
5000902,30/01/2024,1200,invalid
5000903,29-10-2024,1500,debito
5000904,28/05/2024,700,debito
5000905,11/02/2024,1000,debito
5000906,19/01/2024,,invalid
5000907,2024-05-29,1200,debito
5000908,2024/02/27,700,debito
5000909,2024-13-01,800,credito
5000910,08/08/2024,3000,invalid
5000911,29-09-2024,700,debito
5000912,10/10/2024,1000,debito
5000913,06/04/2024,500,invalid
5000914,09/07/2024,700,credito
5000915,2024/01/21,-200,invalid
5000916,2024-12-24,700,invalid
5000917,2024-13-01,800,credito
5000918,22-01-2024,-200,invalid
5000919,2024/05/31,1500,credito
5000920,30-05-2024,800,debito
5000921,24/09/2024,,credito
5000922,29/04/2024,1200,debito
5000923,20-12-2024,,desconocido
5000924,30-10-2024,,debito
5000925,04/11/2024,,credito
5000926,2024-01-23,700,invalid
5000927,2024-13-01,,credito
5000928,2024/04/14,1500,invalid
5000929,06-07-2024,800,debito
5000930,17/01/2024,800,credito
5000931,08-12-2024,,debito
5000932,2024/11/22,1500,debito
5000933,01-08-2024,-200,invalid
5000934,02/08/2024,,credito
5000935,26/08/2024,1000,invalid
5000936,2024-06-11,1500,credito
5000937,07-03-2024,500,debito
5000938,08-10-2024,800,invalid
5000939,2024-04-20,-200,debito
5000940,09/12/2024,1000,credito
5000941,14-01-2024,,invalid
5000942,15/03/2024,1500,credito
5000943,19-02-2024,-200,credito
5000944,2024/07/20,,credito
5000945,13/08/2024,-100,credito
5000946,04/06/2024,3000,credito
5000947,02/06/2024,0,credito
5000948,24/07/2024,-200,credito
5000949,15-09-2024,1000,desconocido
5000950,2024/10/14,1000,debito
5000951,2024-06-07,3000,invalid
5000952,30-11-2024,-200,credito
5000953,23-06-2024,3000,credito
5000954,2024/02/10,1000,invalid
5000955,2024/01/02,700,credito
5000956,2024/12/01,,credito
5000957,30/12/2024,700,invalid
5000958,2024/07/25,1200,credito
5000959,2024-06-25,-200,invalid
5000960,2024/03/29,-200,invalid
5000961,20-10-2024,-200,invalid
5000962,2024/08/11,-200,debito
5000963,25-10-2024,-200,credito
5000964,2024-07-27,1200,debito
5000965,2024/08/12,3000,invalid
5000966,19-09-2024,3000,credito
5000967,22-06-2024,500,credito
5000968,05-05-2024,-100,credito
5000969,2024/04/15,3000,invalid
5000970,2024-02-14,3000,invalid
5000971,2024-03-04,-200,credito
5000972,03/12/2024,1000,invalid
5000973,2024-13-01,,debito
5000974,02/08/2024,1200,debito
5000975,2024-04-07,1200,desconocido
5000976,2024-02-09,800,invalid
5000977,2024-05-21,3000,invalid
5000978,2024/04/08,1500,invalid
5000979,22-11-2024,-200,credito
5000980,2024-06-22,700,invalid
5000981,20/01/2024,-200,debito
5000982,2024-06-08,,invalid
5000983,2024-05-23,1500,invalid
5000984,07/05/2024,,debito
5000985,2024/09/06,700,credito
5000986,13/05/2024,700,invalid
5000987,13/10/2024,,debito
5000988,11-12-2024,1200,invalid
5000989,22-08-2024,800,debito
5000990,2024-04-27,1500,debito
5000991,2024-04-08,0,debito
5000992,15/03/2024,1000,credito
5000993,2024-13-01,700,invalid
5000994,2024-06-09,700,invalid
5000995,2024-02-08,-200,credito
5000996,23-07-2024,700,debito
5000997,2024-06-14,-200,invalid
5000998,14-01-2024,,invalid
5000999,19/06/2024,1500,debito
5001000,30-12-2024,1500,credito
6000001,2024-06-30,3000,credito
6000002,03-04-2024,1200,credito
6000003,2024-04-09,800,invalid
6000004,04/05/2024,,invalid
6000005,17-06-2024,800,debito
6000006,11/11/2024,1500,credito
6000007,2024-13-01,700,debito
6000008,30-07-2024,3000,debito
6000009,07-04-2024,3000,invalid
6000010,2024/10/15,1500,invalid
6000011,2024/10/05,1200,debito
6000012,20/07/2024,1200,debito
6000013,2024-04-13,3000,credito
6000014,17/07/2024,500,debito
6000015,01/06/2024,,desconocido
6000016,2024-04-27,1000,invalid
6000017,18/12/2024,-200,invalid
6000018,2024-11-30,-100,credito
6000019,16/08/2024,800,credito
6000020,2024-07-28,3000,debito
6000021,12-06-2024,700,credito
6000022,2024/06/05,1000,invalid
6000023,2024-13-01,1000,credito
6000024,18/02/2024,0,credito
6000025,09/11/2024,,debito
6000026,19/05/2024,1200,debito
6000027,2024-12-11,1200,credito
6000028,2024-09-03,,desconocido
6000029,27-05-2024,,debito
6000030,09/02/2024,-200,invalid
6000031,2024/04/11,800,invalid
6000032,2024/01/01,1500,invalid
6000033,30/12/2024,1500,credito
6000034,13-11-2024,-200,credito
6000035,2024/12/12,-100,credito
6000036,25-07-2024,1500,credito
6000037,2024-08-20,800,credito
6000038,2024/02/15,1500,debito
6000039,18/11/2024,1200,invalid
6000040,2024-13-01,3000,credito
6000041,01/08/2024,800,credito
6000042,29/07/2024,500,credito
6000043,2024-12-06,-100,invalid
6000044,2024/07/11,1000,credito
6000045,23/08/2024,,credito
6000046,2024/06/29,1200,debito
6000047,30-11-2024,1200,invalid
6000048,2024-08-09,1500,credito
6000049,2024/10/26,3000,debito
6000050,2024-13-01,1200,debito
6000051,02/07/2024,-200,credito
6000052,16/03/2024,1000,invalid
6000053,02/07/2024,,debito
6000054,21-02-2024,800,desconocido
6000055,27-01-2024,3000,credito
6000056,06-09-2024,1000,debito
6000057,27/07/2024,-200,invalid
6000058,2024/02/27,1000,credito
6000059,08/02/2024,800,credito
6000060,2024-04-04,-200,invalid
6000061,2024-01-09,3000,debito
6000062,2024-06-09,1000,credito
6000063,2024-08-14,700,credito
6000064,13-03-2024,1000,credito
6000065,16/10/2024,,debito
6000066,2024-05-28,1500,invalid
6000067,10-11-2024,800,credito
6000068,2024-01-11,3000,desconocido
6000069,29/09/2024,1500,invalid
6000070,2024/09/18,,desconocido
6000071,2024/07/31,700,debito
6000072,2024-03-01,-200,invalid
6000073,29-07-2024,1000,credito
6000074,30/07/2024,1000,invalid
6000075,28-01-2024,1500,debito
6000076,16/11/2024,-200,credito
6000077,2024-13-01,3000,invalid
6000078,2024/11/25,-200,credito
6000079,02/06/2024,,invalid
6000080,16-04-2024,1200,invalid
6000081,2024/06/18,,invalid
6000082,13/09/2024,700,credito
6000083,10-05-2024,800,credito
6000084,2024-09-17,3000,debito
6000085,2024/03/16,1000,debito
6000086,2024-11-04,1500,invalid
6000087,2024/10/22,1200,invalid
6000088,2024/04/24,3000,credito
6000089,27/07/2024,800,debito
6000090,28/07/2024,700,invalid
6000091,01-01-2024,800,credito
6000092,27/01/2024,1200,debito
6000093,07-11-2024,3000,debito
6000094,01-08-2024,-200,credito
6000095,22/12/2024,1000,credito
6000096,2024/12/18,800,credito
6000097,17/08/2024,500,debito
6000098,2024-07-05,1200,invalid
6000099,2024/03/09,-200,credito
6000100,15-06-2024,,debito
6000101,12-05-2024,800,debito
6000102,13-11-2024,-200,debito
6000103,2024/04/02,1500,credito
6000104,2024-04-16,1000,credito
6000105,2024-12-13,3000,invalid
6000106,2024/01/21,1000,credito
6000107,16/01/2024,700,invalid
6000108,2024/02/28,-200,invalid
6000109,2024-09-15,1200,invalid
6000110,05/07/2024,800,debito
6000111,25-09-2024,1000,credito
6000112,2024-03-07,800,credito
6000113,21/07/2024,1500,credito
6000114,01-02-2024,700,invalid
6000115,2024/07/20,700,debito
6000116,2024-10-03,1500,invalid
6000117,10-11-2024,700,credito
6000118,27/08/2024,,invalid
6000119,06-12-2024,,debito
6000120,21-09-2024,-200,credito
6000121,2024/08/19,700,debito
6000122,2024-08-26,800,invalid
6000123,2024/05/27,3000,debito
6000124,2024/08/22,,invalid
6000125,2024/01/29,-200,credito
6000126,2024/03/11,800,debito
6000127,2024-04-09,700,invalid
6000128,2024-07-26,1500,invalid
6000129,14-11-2024,700,invalid
6000130,2024/07/24,1200,debito
6000131,2024-07-25,1000,debito
6000132,2024-12-10,0,invalid
6000133,21-07-2024,500,invalid
6000134,2024/04/06,800,credito
6000135,02/03/2024,,debito
6000136,2024/10/27,0,invalid
6000137,17-06-2024,1200,desconocido
6000138,2024-13-01,1000,invalid
6000139,2024-09-16,700,debito
6000140,22/08/2024,1200,debito
6000141,14/07/2024,3000,debito
6000142,19-11-2024,3000,debito
6000143,2024-09-29,700,credito
6000144,30/12/2024,3000,debito
6000145,2024/01/01,1200,debito
6000146,01-07-2024,,debito
6000147,2024/03/29,3000,credito
6000148,2024-03-30,1000,invalid
6000149,02/11/2024,3000,desconocido
6000150,2024-13-01,1500,debito
6000151,2024-12-18,3000,credito
6000152,25/10/2024,1500,invalid
6000153,2024/07/28,1000,credito
6000154,2024-03-04,800,credito
6000155,22/12/2024,-200,desconocido
6000156,2024-03-02,1500,debito
6000157,2024-08-17,3000,debito
6000158,26-05-2024,500,debito
6000159,01/09/2024,1200,debito
6000160,03/08/2024,1500,invalid
6000161,28/07/2024,1500,credito
6000162,11-12-2024,3000,debito
6000163,30-11-2024,3000,desconocido
6000164,04-03-2024,3000,invalid
6000165,2024-08-30,1000,invalid
6000166,2024/04/06,800,credito
6000167,23/02/2024,,credito
6000168,2024-10-24,1200,credito
6000169,2024/03/05,800,invalid
6000170,2024/09/07,1200,invalid
6000171,14-05-2024,,debito
6000172,2024-02-07,0,debito
6000173,24-08-2024,-100,debito
6000174,2024-10-26,,invalid
6000175,24-09-2024,1500,invalid
6000176,2024-06-07,1000,invalid
6000177,22/10/2024,3000,debito
6000178,2024/05/17,3000,credito
6000179,2024/07/11,3000,credito
6000180,28/05/2024,1000,desconocido
6000181,2024/09/08,800,invalid
6000182,2024/03/02,800,credito
6000183,21-01-2024,3000,credito
6000184,01-11-2024,1500,debito
6000185,2024-13-01,1000,debito
6000186,2024-01-04,3000,invalid
6000187,2024/05/25,800,debito
6000188,2024/03/15,500,debito
6000189,2024-01-17,800,invalid
6000190,26/07/2024,1500,debito
6000191,26-07-2024,,invalid
6000192,2024-09-19,700,debito
6000193,2024-01-16,1500,invalid
6000194,2024/12/29,-200,credito
6000195,13-06-2024,800,debito
6000196,08-08-2024,-200,credito
6000197,18-02-2024,1200,credito
6000198,2024-12-04,800,debito
6000199,01/06/2024,700,invalid
6000200,2024/10/13,,invalid
6000201,15-11-2024,-200,credito
6000202,09-01-2024,,debito
6000203,2024-13-01,1200,debito
6000204,2024/04/16,1200,debito
6000205,07-08-2024,1000,invalid
6000206,2024/11/20,3000,debito
6000207,08/02/2024,3000,debito
6000208,2024/01/29,,invalid
6000209,2024-13-01,1200,debito
6000210,2024/02/09,700,debito
6000211,2024-04-18,800,invalid
6000212,23/04/2024,1200,debito
6000213,30/07/2024,3000,debito
6000214,2024/04/15,,desconocido
6000215,01/03/2024,1500,debito
6000216,2024-03-05,-200,desconocido
6000217,2024-03-16,700,credito
6000218,2024/02/16,1200,credito
6000219,2024-09-28,0,credito
6000220,28/08/2024,500,credito
6000221,19-06-2024,1200,invalid
6000222,2024-03-10,-100,debito
6000223,2024/10/01,3000,credito
6000224,2024/12/20,500,credito
6000225,2024/04/01,,desconocido
6000226,2024/04/29,-200,debito
6000227,25-04-2024,800,debito
6000228,2024-07-12,1500,invalid
6000229,22-10-2024,,invalid
6000230,13/01/2024,-100,invalid
6000231,2024/12/25,0,invalid
6000232,04/02/2024,1500,invalid
6000233,15-06-2024,1000,debito
6000234,2024/07/03,-200,credito
6000235,07-04-2024,800,invalid
6000236,2024-06-29,1000,debito
6000237,21-02-2024,1200,debito
6000238,2024/10/09,1200,credito
6000239,04-03-2024,800,debito
6000240,2024-06-17,3000,debito
6000241,07/03/2024,1000,credito
6000242,24-07-2024,,credito
6000243,2024/10/17,800,debito
6000244,2024-07-23,3000,desconocido
6000245,02-06-2024,800,credito
6000246,10-02-2024,1200,debito
6000247,13/05/2024,,debito
6000248,10-12-2024,,invalid
6000249,19/06/2024,1200,invalid
6000250,2024/02/09,1200,debito
6000251,14/07/2024,-200,debito
6000252,2024/05/25,700,debito
6000253,02-09-2024,,invalid
6000254,2024/10/26,1200,invalid
6000255,02-07-2024,-100,credito
6000256,2024-04-22,1500,credito
6000257,26/11/2024,1000,credito
6000258,2024/01/06,,credito
6000259,04-05-2024,,credito
6000260,2024-03-23,3000,desconocido
6000261,26/06/2024,500,debito
6000262,02/09/2024,,debito
6000263,02-07-2024,3000,invalid
6000264,2024-13-01,1500,invalid
6000265,16/12/2024,3000,debito
6000266,02-11-2024,-200,invalid
6000267,2024/04/06,,invalid
6000268,2024-05-24,800,credito
6000269,2024/07/27,1200,desconocido
6000270,2024-13-01,1200,invalid
6000271,2024-03-18,,desconocido
6000272,2024/09/04,3000,invalid
6000273,26/04/2024,1000,invalid
6000274,21/01/2024,1500,credito
6000275,2024/08/09,700,credito
6000276,16/10/2024,700,debito
6000277,12-08-2024,-100,credito
6000278,25/05/2024,-200,debito
6000279,2024-02-24,800,invalid
6000280,27-07-2024,1200,credito
6000281,2024/07/08,800,credito
6000282,08/08/2024,,debito
6000283,08/08/2024,0,debito
6000284,25-07-2024,1500,credito
6000285,13/12/2024,1500,desconocido
6000286,27-09-2024,800,credito
6000287,2024/11/17,800,debito
6000288,2024-09-03,-200,debito
6000289,2024/08/14,3000,debito
6000290,2024-06-15,1500,debito
6000291,2024-04-17,1000,invalid
6000292,2024/09/20,1000,credito
6000293,18/10/2024,1500,invalid
6000294,2024/07/01,700,desconocido
6000295,2024-06-12,,invalid
6000296,09/12/2024,,debito
6000297,2024-08-19,1000,desconocido
6000298,2024-13-01,700,debito
6000299,2024-10-10,700,invalid
6000300,2024-03-28,1500,invalid
6000301,2024-10-03,1500,credito
6000302,16/10/2024,,debito
6000303,19-10-2024,3000,credito
6000304,03-03-2024,1000,invalid
6000305,18-10-2024,700,invalid
6000306,2024-07-08,,invalid
6000307,02/01/2024,,credito
6000308,2024-13-01,,invalid
6000309,2024/03/23,1000,debito
6000310,14/12/2024,1000,invalid
6000311,2024-13-01,1000,credito
6000312,24/06/2024,1200,desconocido
6000313,16/10/2024,-200,invalid
6000314,22/03/2024,-200,invalid
6000315,2024-13-01,1200,debito
6000316,2024/04/01,,credito
6000317,19-01-2024,800,invalid
6000318,2024-06-04,1500,invalid
6000319,2024-05-08,-200,invalid
6000320,29/02/2024,700,invalid
6000321,2024-03-30,-200,debito
6000322,2024-01-28,,invalid
6000323,27/07/2024,700,credito
6000324,23/09/2024,800,invalid
6000325,22/03/2024,700,debito
6000326,2024/12/15,1200,invalid
6000327,30-04-2024,-200,desconocido
6000328,2024-11-10,1000,debito
6000329,2024-05-02,700,invalid
6000330,04/12/2024,,credito
6000331,13-11-2024,700,debito
6000332,2024/10/16,-200,credito
6000333,22-02-2024,,debito
6000334,16-08-2024,3000,debito
6000335,2024/08/17,1000,debito
6000336,2024/03/14,800,invalid
6000337,08-10-2024,3000,debito
6000338,2024/06/19,800,invalid
6000339,06-06-2024,,invalid
6000340,2024/03/05,-200,debito
6000341,2024-01-28,-200,invalid
6000342,08-07-2024,,debito
6000343,08-01-2024,3000,invalid
6000344,2024-10-21,700,credito
6000345,19/11/2024,700,invalid
6000346,2024/10/12,1500,invalid
6000347,20-05-2024,3000,invalid
6000348,13/07/2024,1500,credito
6000349,31/03/2024,800,credito
6000350,02-02-2024,1200,debito
6000351,31-08-2024,1200,debito
6000352,02/02/2024,-200,invalid
6000353,18-04-2024,,credito
6000354,10/01/2024,,debito
6000355,2024/03/15,800,credito
6000356,17-12-2024,-200,debito
6000357,2024-13-01,1000,credito
6000358,2024/10/10,,invalid
6000359,04/08/2024,,debito
6000360,23-04-2024,700,invalid
6000361,08/05/2024,,invalid
6000362,06/11/2024,1500,debito
6000363,2024/01/09,1000,invalid
6000364,04-09-2024,700,debito
6000365,2024/10/01,1200,credito
6000366,22-07-2024,700,debito
6000367,14-03-2024,1500,debito
6000368,26-07-2024,800,debito
6000369,2024/09/29,800,desconocido
6000370,02/10/2024,3000,debito
6000371,10-12-2024,1000,debito
6000372,2024-08-20,1200,debito
6000373,30-09-2024,800,debito
6000374,2024/07/25,800,desconocido
6000375,02-12-2024,1000,credito
6000376,2024-07-09,1200,credito
6000377,25/05/2024,,credito
6000378,19-05-2024,800,credito
6000379,2024/03/09,1000,invalid
6000380,26-12-2024,1200,debito
6000381,25/06/2024,,credito
6000382,04/07/2024,500,invalid
6000383,26-01-2024,800,invalid
6000384,2024/05/30,700,invalid
6000385,27-07-2024,1500,invalid
6000386,2024/01/01,-200,desconocido
6000387,2024/07/10,3000,invalid
6000388,2024/09/14,,debito
6000389,2024-11-19,,credito
6000390,2024-12-20,1200,credito
6000391,09/09/2024,500,credito
6000392,2024-04-10,1000,debito
6000393,2024-13-01,800,credito
6000394,2024/03/14,1500,credito
6000395,2024-07-09,-200,debito
6000396,23-05-2024,,debito
6000397,2024-02-16,700,debito
6000398,2024-05-09,1000,invalid
6000399,01/06/2024,1500,credito
6000400,03/07/2024,1000,debito
6000401,2024/12/12,700,debito
6000402,2024/07/16,,credito
6000403,29-06-2024,500,credito
6000404,2024-10-13,,credito
6000405,03-08-2024,1500,credito
6000406,24/03/2024,700,desconocido
6000407,2024-09-21,-200,desconocido
6000408,2024-12-30,-200,debito
6000409,22/01/2024,800,debito
6000410,23-11-2024,1500,invalid
6000411,12-12-2024,-200,debito
6000412,06-12-2024,1000,invalid
6000413,2024/10/21,1500,invalid
6000414,2024-08-07,,debito
6000415,2024/06/29,,credito
6000416,2024-11-17,,desconocido
6000417,2024/06/19,,debito
6000418,2024-12-28,,credito
6000419,2024-01-19,800,credito
6000420,30/05/2024,1000,credito
6000421,09-09-2024,-200,credito
6000422,2024-09-09,-200,credito
6000423,2024/08/28,800,invalid
6000424,2024/11/12,700,credito
6000425,09/01/2024,1200,invalid
6000426,2024-08-28,800,credito
6000427,2024/12/27,,invalid
6000428,2024-08-09,700,debito
6000429,2024-09-27,,invalid
6000430,2024-05-07,1000,invalid
6000431,2024/05/04,-200,desconocido
6000432,30-06-2024,1000,debito
6000433,2024-11-18,1500,invalid
6000434,2024/05/03,1500,desconocido
6000435,2024/11/20,,credito
6000436,21-08-2024,-100,debito
6000437,2024/02/28,,credito
6000438,2024-10-18,1500,invalid
6000439,15-03-2024,1200,credito
6000440,28/07/2024,,invalid
6000441,2024-12-04,1000,debito
6000442,06-08-2024,1200,debito
6000443,11/05/2024,,credito
6000444,2024-04-19,1200,desconocido
6000445,2024-13-01,1200,debito
6000446,2024-07-11,700,invalid
6000447,08-02-2024,1000,credito
6000448,08-06-2024,,debito
6000449,2024/05/19,-200,credito
6000450,2024/03/07,1500,debito
6000451,02/07/2024,700,invalid
6000452,31/05/2024,700,credito
6000453,2024-13-01,800,invalid
6000454,2024-10-23,-200,debito
6000455,29/02/2024,800,invalid
6000456,18-10-2024,1200,invalid
6000457,26/03/2024,1200,credito
6000458,02-10-2024,-100,debito
6000459,31/01/2024,1000,credito
6000460,21-08-2024,0,invalid
6000461,2024-13-01,700,invalid
6000462,2024-13-01,1500,invalid
6000463,2024/04/01,-100,debito
6000464,2024/07/24,1000,debito
6000465,2024-03-04,700,credito
6000466,2024/11/30,,credito
6000467,2024-04-30,1500,credito
6000468,17-03-2024,-200,debito
6000469,2024/12/03,1000,invalid
6000470,2024/09/19,,debito
6000471,04/12/2024,1000,desconocido
6000472,2024-13-01,,invalid
6000473,15/08/2024,700,invalid
6000474,2024-13-01,1200,invalid
6000475,2024/12/28,0,invalid
6000476,2024/07/06,,invalid
6000477,09-07-2024,800,credito
6000478,06/07/2024,0,credito
6000479,07-12-2024,,invalid
6000480,2024/06/09,700,debito
6000481,15/09/2024,-100,credito
6000482,2024-02-04,800,invalid
6000483,2024-11-07,1000,credito
6000484,2024-04-15,700,credito
6000485,17-11-2024,1000,desconocido
6000486,17-09-2024,800,invalid
6000487,04-01-2024,800,credito
6000488,11/12/2024,,debito
6000489,15/11/2024,3000,debito
6000490,26/07/2024,700,invalid
6000491,2024/03/31,,credito
6000492,2024/11/07,-200,invalid
6000493,2024-08-29,0,invalid
6000494,26-11-2024,-200,debito
6000495,18/11/2024,1500,credito
6000496,2024/09/14,,invalid
6000497,2024/04/20,-200,desconocido
6000498,2024-13-01,1500,invalid
6000499,16-05-2024,1200,credito
6000500,2024/04/24,,invalid
6000501,2024-03-24,,credito
6000502,10/02/2024,-100,credito
6000503,14-02-2024,1500,invalid
6000504,16-09-2024,500,credito
6000505,2024-07-08,1000,debito
6000506,2024-06-10,-200,invalid
6000507,05-04-2024,0,invalid
6000508,06-11-2024,700,credito
6000509,2024/10/31,500,debito
6000510,21/02/2024,3000,credito
6000511,22/02/2024,-200,invalid
6000512,2024/08/14,700,credito
6000513,2024/01/10,3000,desconocido
6000514,20/10/2024,-200,invalid
6000515,14-07-2024,700,debito
6000516,21/08/2024,-200,desconocido
6000517,17/04/2024,,debito
6000518,02/03/2024,,invalid
6000519,24-08-2024,-200,invalid
6000520,2024/09/02,1200,debito
6000521,01-10-2024,1500,credito
6000522,2024-06-12,1500,invalid
6000523,2024/02/03,1000,invalid
6000524,2024-11-12,1200,invalid
6000525,2024-13-01,700,invalid
6000526,26/03/2024,700,invalid
6000527,17/05/2024,1200,credito
6000528,13/06/2024,3000,invalid
6000529,08/11/2024,-100,credito
6000530,2024/07/10,700,invalid
6000531,2024-01-07,700,credito
6000532,15/10/2024,3000,credito
6000533,18/11/2024,1500,credito
6000534,2024-05-15,3000,invalid
6000535,19-10-2024,1000,desconocido
6000536,2024/09/30,700,credito
6000537,2024/08/25,,credito
6000538,22-08-2024,-200,credito
6000539,26-08-2024,1500,debito
6000540,18-04-2024,800,credito
6000541,2024-06-22,3000,debito
6000542,07/01/2024,,debito
6000543,2024-13-01,1500,invalid
6000544,2024-10-04,800,debito
6000545,23-11-2024,1000,debito
6000546,26-04-2024,1200,debito
6000547,2024/09/25,1200,credito
6000548,2024-08-17,1500,debito
6000549,05/11/2024,,credito
6000550,25/05/2024,800,debito
6000551,11-03-2024,,credito
6000552,2024-06-01,800,invalid
6000553,16-10-2024,1500,debito
6000554,2024-06-29,1200,credito
6000555,2024-05-29,700,credito
6000556,2024-06-16,-200,credito
6000557,06/09/2024,,debito
6000558,2024-10-21,700,invalid
6000559,2024-12-26,-200,desconocido
6000560,2024-13-01,-200,credito
6000561,2024-01-05,1500,invalid
6000562,19-01-2024,800,credito
6000563,2024/08/17,1200,debito
6000564,06/07/2024,800,credito
6000565,2024/11/11,,invalid
6000566,2024/07/12,1200,debito
6000567,2024-01-15,700,credito
6000568,2024-03-11,1200,debito
6000569,05-06-2024,1200,desconocido
6000570,2024-03-20,1200,desconocido
6000571,12-06-2024,1200,debito
6000572,2024/11/05,3000,credito
6000573,29-06-2024,1200,credito
6000574,2024-10-18,3000,debito
6000575,06-01-2024,3000,debito
6000576,11/04/2024,1000,invalid
6000577,2024/02/17,800,debito
6000578,05-12-2024,-200,invalid
6000579,2024-05-01,,invalid
6000580,2024/11/28,700,invalid
6000581,21-01-2024,3000,debito
6000582,20/03/2024,1500,invalid
6000583,22-02-2024,3000,invalid
6000584,09/01/2024,700,invalid
6000585,2024/11/17,1200,debito
6000586,31-01-2024,-200,credito
6000587,2024/07/10,1200,credito
6000588,22/11/2024,1200,debito
6000589,2024/12/30,800,debito
6000590,05-10-2024,1500,credito
6000591,10-08-2024,3000,credito
6000592,14-04-2024,1500,credito
6000593,05-03-2024,1200,credito
6000594,2024-12-17,,debito
6000595,2024-13-01,1000,debito
6000596,2024-09-27,700,invalid
6000597,2024-01-30,500,credito
6000598,06-04-2024,,credito
6000599,2024-13-01,700,debito
6000600,09/02/2024,1500,invalid
6000601,2024-11-16,1200,invalid
6000602,29-06-2024,-200,credito
6000603,2024-13-01,-200,credito
6000604,2024-05-15,1000,credito
6000605,2024/07/30,,invalid
6000606,16-05-2024,1000,desconocido
6000607,2024-10-02,700,debito
6000608,27/05/2024,1000,debito
6000609,2024/11/14,3000,credito
6000610,2024-13-01,,debito
6000611,2024-11-24,,debito
6000612,2024-01-15,500,credito
6000613,2024-11-17,700,debito
6000614,2024-01-05,,debito
6000615,2024-11-25,1500,invalid
6000616,2024-08-03,500,invalid
6000617,17/09/2024,-200,invalid
6000618,15/06/2024,-100,credito
6000619,2024/09/30,1000,credito
6000620,2024-01-13,1000,credito
6000621,2024-03-23,1200,debito
6000622,2024-07-08,700,invalid
6000623,2024-03-01,800,debito
6000624,04-04-2024,3000,credito
6000625,2024-05-15,,debito
6000626,2024/04/12,,invalid
6000627,2024/12/29,700,credito
6000628,28-06-2024,,invalid
6000629,26/12/2024,-200,invalid
6000630,20/10/2024,1500,desconocido
6000631,16/09/2024,1500,credito
6000632,2024/02/11,800,invalid
6000633,2024-10-27,1500,debito
6000634,15-06-2024,1500,debito
6000635,2024-13-01,1500,credito
6000636,07/08/2024,1500,credito
6000637,2024-07-01,700,desconocido
6000638,20-11-2024,-200,invalid
6000639,26-09-2024,-200,credito
6000640,2024-10-09,3000,debito
6000641,29-11-2024,1200,debito
6000642,2024/03/14,700,credito
6000643,27-06-2024,,invalid
6000644,18/05/2024,,invalid
6000645,26/08/2024,,invalid
6000646,2024/07/20,700,credito
6000647,2024-08-09,1000,debito
6000648,2024-02-21,700,invalid
6000649,16/04/2024,-200,debito
6000650,2024-10-31,3000,credito
6000651,2024-13-01,,invalid
6000652,28/04/2024,-200,debito
6000653,2024-08-29,1500,debito
6000654,16/04/2024,800,debito
6000655,14-01-2024,-200,credito
6000656,21/10/2024,700,debito
6000657,30-04-2024,1000,invalid
6000658,14-10-2024,1200,invalid
6000659,2024/01/26,1000,credito
6000660,2024-07-17,-200,invalid
6000661,27/06/2024,1200,debito
6000662,2024-03-07,700,credito
6000663,25-02-2024,,invalid
6000664,2024-02-17,800,desconocido
6000665,2024-04-13,800,invalid
6000666,2024/04/25,,debito
6000667,2024-07-14,700,credito
6000668,2024-02-21,,credito
6000669,16/10/2024,1500,debito
6000670,2024-12-07,1200,credito
6000671,17-05-2024,800,desconocido
6000672,2024-13-01,-200,credito
6000673,2024-04-30,-200,credito
6000674,08/10/2024,3000,desconocido
6000675,10/11/2024,700,invalid
6000676,07-08-2024,,debito
6000677,2024/09/02,700,invalid
6000678,26-08-2024,800,invalid
6000679,19-04-2024,,credito
6000680,2024-13-01,1500,debito
6000681,2024-13-01,1000,credito
6000682,2024/01/22,700,credito
6000683,2024-03-03,500,credito
6000684,2024/11/04,,credito
6000685,2024-12-20,1000,desconocido
6000686,2024/11/01,0,invalid
6000687,12-12-2024,,debito
6000688,2024/08/17,1000,desconocido
6000689,2024-06-22,1000,debito
6000690,2024/01/27,-200,debito
6000691,09/02/2024,800,debito
6000692,15-09-2024,,credito
6000693,2024/02/13,,credito
6000694,2024-04-06,1000,credito
6000695,2024/10/20,-200,invalid
6000696,11-05-2024,700,invalid
6000697,2024-02-01,800,invalid
6000698,29-09-2024,700,invalid
6000699,2024-12-10,800,desconocido
6000700,30/04/2024,1000,debito
6000701,01/02/2024,3000,desconocido
6000702,2024-13-01,,debito
6000703,2024-05-05,1500,invalid
6000704,2024-02-19,800,invalid
6000705,16/10/2024,700,credito
6000706,20-03-2024,1000,credito
6000707,2024-01-14,800,debito
6000708,2024/06/14,700,credito
6000709,01/05/2024,1500,invalid
6000710,24/10/2024,700,debito
6000711,2024/12/06,,invalid
6000712,2024/09/11,,debito
6000713,2024/07/12,,invalid
6000714,21/06/2024,700,invalid
6000715,2024/07/07,700,invalid
6000716,2024-13-01,-200,debito
6000717,2024/03/22,1200,desconocido
6000718,2024/08/25,700,invalid
6000719,2024/09/04,1000,invalid
6000720,27-11-2024,1500,desconocido
6000721,2024-05-25,,debito
6000722,2024-13-01,1200,credito
6000723,03-04-2024,-200,debito
6000724,2024-13-01,1200,debito
6000725,06/02/2024,1000,desconocido
6000726,10-10-2024,1500,credito
6000727,12-01-2024,1000,debito
6000728,09/12/2024,1500,invalid
6000729,2024-04-06,0,credito
6000730,18-03-2024,800,debito
6000731,2024/09/04,,credito
6000732,2024/11/11,1000,credito
6000733,18-03-2024,1000,desconocido
6000734,2024-04-13,1500,credito
6000735,23/09/2024,1000,debito
6000736,11-05-2024,1500,desconocido
6000737,17/03/2024,800,invalid
6000738,30/06/2024,3000,invalid
6000739,2024-03-20,3000,invalid
6000740,2024-06-08,700,debito
6000741,2024-13-01,1200,credito
6000742,14-05-2024,3000,invalid
6000743,2024-01-15,700,debito
6000744,24-02-2024,800,debito
6000745,2024/12/23,,invalid
6000746,2024/06/08,1500,invalid
6000747,31-03-2024,1000,credito
6000748,06/10/2024,800,credito
6000749,2024/06/20,1200,invalid
6000750,03-03-2024,-200,debito
6000751,2024-11-13,3000,invalid
6000752,02-05-2024,,invalid
6000753,13/10/2024,3000,debito
6000754,01-09-2024,1500,debito
6000755,2024-13-01,1200,invalid
6000756,15/07/2024,800,debito
6000757,11-10-2024,1000,credito
6000758,2024-06-14,1200,invalid
6000759,2024-03-31,1500,debito
6000760,2024-07-28,800,debito
6000761,2024/06/10,3000,debito
6000762,2024/08/15,1500,debito
6000763,2024/07/23,3000,invalid
6000764,09-11-2024,1000,credito
6000765,2024-06-26,,credito
6000766,11/04/2024,1200,credito
6000767,2024-01-22,1500,credito
6000768,25/12/2024,700,invalid
6000769,25-11-2024,-200,invalid
6000770,2024-08-27,1500,credito
6000771,24/12/2024,,debito
6000772,05-09-2024,1500,invalid
6000773,19/03/2024,,debito
6000774,08/04/2024,1000,credito
6000775,06-04-2024,-200,invalid
6000776,13-07-2024,800,credito
6000777,25/01/2024,3000,credito
6000778,2024-08-11,800,debito
6000779,31-03-2024,-200,debito
6000780,2024-02-16,1200,desconocido
6000781,2024/01/12,700,invalid
6000782,18-11-2024,,credito
6000783,28/02/2024,1000,credito
6000784,2024-08-09,,credito
6000785,07-05-2024,,debito
6000786,2024-08-25,,invalid
6000787,2024-05-19,1000,credito
6000788,31/10/2024,,debito
6000789,27/05/2024,1000,credito
6000790,2024-11-11,1000,credito
6000791,28/06/2024,-200,credito
6000792,2024-07-08,-200,invalid
6000793,2024/12/04,1200,desconocido
6000794,30-12-2024,,credito
6000795,29-11-2024,800,debito
6000796,2024/01/16,-200,invalid
6000797,08-09-2024,800,debito
6000798,07-12-2024,1000,debito
6000799,2024-13-01,3000,debito
6000800,2024/01/27,-100,invalid
6000801,14/01/2024,,invalid
6000802,29-02-2024,1200,credito
6000803,12-02-2024,1200,desconocido
6000804,11/07/2024,-200,invalid
6000805,17-10-2024,,debito
6000806,14/01/2024,-200,invalid
6000807,2024-12-01,700,debito
6000808,2024-01-04,-200,debito
6000809,2024-01-18,-200,invalid
6000810,13/10/2024,,credito
6000811,2024/07/24,1200,debito
6000812,20-05-2024,,invalid
6000813,2024-03-17,1200,invalid
6000814,2024-10-22,700,credito
6000815,2024/11/19,,debito
6000816,2024/01/28,,invalid
6000817,2024/07/10,3000,invalid
6000818,19/06/2024,-100,debito
6000819,13/06/2024,700,invalid
6000820,2024/08/12,3000,credito
6000821,2024-04-07,,debito
6000822,2024/09/18,1200,credito
6000823,2024-01-28,-200,debito
6000824,2024/04/16,3000,credito
6000825,2024-05-14,700,invalid
6000826,15/10/2024,500,debito
6000827,06/02/2024,-200,debito
6000828,2024-05-23,1500,invalid
6000829,2024-13-01,3000,debito
6000830,10/10/2024,3000,debito
6000831,03/08/2024,1000,debito
6000832,2024-06-26,700,debito
6000833,16-05-2024,700,debito
6000834,02/02/2024,3000,credito
6000835,2024-13-01,1500,credito
6000836,2024-06-08,1500,credito
6000837,2024/07/10,1200,invalid
6000838,2024-13-01,,credito
6000839,2024/04/23,-200,credito
6000840,2024/08/12,800,debito
6000841,2024/08/15,0,invalid
6000842,2024/10/30,1500,credito
6000843,12-03-2024,1500,credito
6000844,23-11-2024,-200,debito
6000845,31-08-2024,1500,invalid
6000846,2024-08-30,,credito
6000847,2024/10/14,1000,debito
6000848,07-06-2024,1200,credito
6000849,2024/05/01,-200,debito
6000850,2024/12/20,3000,credito
6000851,23/03/2024,,credito
6000852,2024-13-01,1000,invalid
6000853,03-07-2024,700,desconocido
6000854,27-06-2024,500,debito
6000855,20-08-2024,-200,credito
6000856,22-07-2024,-200,credito
6000857,2024-10-29,800,debito
6000858,12-11-2024,,credito
6000859,2024-04-08,3000,debito
6000860,2024/02/08,-200,invalid
6000861,13/09/2024,-200,debito
6000862,24/07/2024,,debito
6000863,2024-13-01,-200,invalid
6000864,2024-10-31,0,credito
6000865,2024/05/29,-200,credito
6000866,08-02-2024,800,debito
6000867,12-03-2024,-200,invalid
6000868,2024/11/20,,invalid
6000869,2024/09/26,3000,credito
6000870,2024-06-23,1200,desconocido
6000871,27-07-2024,3000,debito
6000872,2024-04-01,-200,debito
6000873,2024-12-23,,credito
6000874,2024-12-20,-200,invalid
6000875,01/09/2024,,invalid
6000876,2024/06/27,700,credito
6000877,19-03-2024,,credito
6000878,2024-01-08,,invalid
6000879,2024/07/05,,debito
6000880,14-01-2024,800,credito
6000881,06/11/2024,-100,invalid
6000882,2024-07-08,,credito
6000883,2024/04/03,-200,invalid
6000884,08-01-2024,800,credito
6000885,29/05/2024,1000,debito
6000886,2024-12-27,1200,debito
6000887,19-02-2024,3000,credito
6000888,2024/12/25,,debito
6000889,2024/10/10,1500,debito
6000890,2024/02/29,3000,debito
6000891,2024/12/24,3000,invalid
6000892,2024-06-05,500,debito
6000893,2024-11-06,1000,invalid
6000894,30/10/2024,,credito
6000895,04-11-2024,1500,credito
6000896,2024-13-01,1500,debito
6000897,04/05/2024,3000,credito
6000898,12/12/2024,500,debito
6000899,14-12-2024,1500,credito
6000900,2024/01/19,1000,debito
6000901,2024/06/22,-200,invalid
6000902,30/01/2024,1200,invalid
6000903,29-10-2024,1500,debito
6000904,28/05/2024,700,debito
6000905,11/02/2024,1000,debito
6000906,19/01/2024,,invalid
6000907,2024-05-29,1200,debito
6000908,2024/02/27,700,debito
6000909,2024-13-01,800,credito
6000910,08/08/2024,3000,invalid
6000911,29-09-2024,700,debito
6000912,10/10/2024,1000,debito
6000913,06/04/2024,500,invalid
6000914,09/07/2024,700,credito
6000915,2024/01/21,-200,invalid
6000916,2024-12-24,700,invalid
6000917,2024-13-01,800,credito
6000918,22-01-2024,-200,invalid
6000919,2024/05/31,1500,credito
6000920,30-05-2024,800,debito
6000921,24/09/2024,,credito
6000922,29/04/2024,1200,debito
6000923,20-12-2024,,desconocido
6000924,30-10-2024,,debito
6000925,04/11/2024,,credito
6000926,2024-01-23,700,invalid
6000927,2024-13-01,,credito
6000928,2024/04/14,1500,invalid
6000929,06-07-2024,800,debito
6000930,17/01/2024,800,credito
6000931,08-12-2024,,debito
6000932,2024/11/22,1500,debito
6000933,01-08-2024,-200,invalid
6000934,02/08/2024,,credito
6000935,26/08/2024,1000,invalid
6000936,2024-06-11,1500,credito
6000937,07-03-2024,500,debito
6000938,08-10-2024,800,invalid
6000939,2024-04-20,-200,debito
6000940,09/12/2024,1000,credito
6000941,14-01-2024,,invalid
6000942,15/03/2024,1500,credito
6000943,19-02-2024,-200,credito
6000944,2024/07/20,,credito
6000945,13/08/2024,-100,credito
6000946,04/06/2024,3000,credito
6000947,02/06/2024,0,credito
6000948,24/07/2024,-200,credito
6000949,15-09-2024,1000,desconocido
6000950,2024/10/14,1000,debito
6000951,2024-06-07,3000,invalid
6000952,30-11-2024,-200,credito
6000953,23-06-2024,3000,credito
6000954,2024/02/10,1000,invalid
6000955,2024/01/02,700,credito
6000956,2024/12/01,,credito
6000957,30/12/2024,700,invalid
6000958,2024/07/25,1200,credito
6000959,2024-06-25,-200,invalid
6000960,2024/03/29,-200,invalid
6000961,20-10-2024,-200,invalid
6000962,2024/08/11,-200,debito
6000963,25-10-2024,-200,credito
6000964,2024-07-27,1200,debito
6000965,2024/08/12,3000,invalid
6000966,19-09-2024,3000,credito
6000967,22-06-2024,500,credito
6000968,05-05-2024,-100,credito
6000969,2024/04/15,3000,invalid
6000970,2024-02-14,3000,invalid
6000971,2024-03-04,-200,credito
6000972,03/12/2024,1000,invalid
6000973,2024-13-01,,debito
6000974,02/08/2024,1200,debito
6000975,2024-04-07,1200,desconocido
6000976,2024-02-09,800,invalid
6000977,2024-05-21,3000,invalid
6000978,2024/04/08,1500,invalid
6000979,22-11-2024,-200,credito
6000980,2024-06-22,700,invalid
6000981,20/01/2024,-200,debito
6000982,2024-06-08,,invalid
6000983,2024-05-23,1500,invalid
6000984,07/05/2024,,debito
6000985,2024/09/06,700,credito
6000986,13/05/2024,700,invalid
6000987,13/10/2024,,debito
6000988,11-12-2024,1200,invalid
6000989,22-08-2024,800,debito
6000990,2024-04-27,1500,debito
6000991,2024-04-08,0,debito
6000992,15/03/2024,1000,credito
6000993,2024-13-01,700,invalid
6000994,2024-06-09,700,invalid
6000995,2024-02-08,-200,credito
6000996,23-07-2024,700,debito
6000997,2024-06-14,-200,invalid
6000998,14-01-2024,,invalid
6000999,19/06/2024,1500,debito
6001000,30-12-2024,1500,credito
7000001,2024-06-30,3000,credito
7000002,03-04-2024,1200,credito
7000003,2024-04-09,800,invalid
7000004,04/05/2024,,invalid
7000005,17-06-2024,800,debito
7000006,11/11/2024,1500,credito
7000007,2024-13-01,700,debito
7000008,30-07-2024,3000,debito
7000009,07-04-2024,3000,invalid
7000010,2024/10/15,1500,invalid
7000011,2024/10/05,1200,debito
7000012,20/07/2024,1200,debito
7000013,2024-04-13,3000,credito
7000014,17/07/2024,500,debito
7000015,01/06/2024,,desconocido
7000016,2024-04-27,1000,invalid
7000017,18/12/2024,-200,invalid
7000018,2024-11-30,-100,credito
7000019,16/08/2024,800,credito
7000020,2024-07-28,3000,debito
7000021,12-06-2024,700,credito
7000022,2024/06/05,1000,invalid
7000023,2024-13-01,1000,credito
7000024,18/02/2024,0,credito
7000025,09/11/2024,,debito
7000026,19/05/2024,1200,debito
7000027,2024-12-11,1200,credito
7000028,2024-09-03,,desconocido
7000029,27-05-2024,,debito
7000030,09/02/2024,-200,invalid
7000031,2024/04/11,800,invalid
7000032,2024/01/01,1500,invalid
7000033,30/12/2024,1500,credito
7000034,13-11-2024,-200,credito
7000035,2024/12/12,-100,credito
7000036,25-07-2024,1500,credito
7000037,2024-08-20,800,credito
7000038,2024/02/15,1500,debito
7000039,18/11/2024,1200,invalid
7000040,2024-13-01,3000,credito
7000041,01/08/2024,800,credito
7000042,29/07/2024,500,credito
7000043,2024-12-06,-100,invalid
7000044,2024/07/11,1000,credito
7000045,23/08/2024,,credito
7000046,2024/06/29,1200,debito
7000047,30-11-2024,1200,invalid
7000048,2024-08-09,1500,credito
7000049,2024/10/26,3000,debito
7000050,2024-13-01,1200,debito
7000051,02/07/2024,-200,credito
7000052,16/03/2024,1000,invalid
7000053,02/07/2024,,debito
7000054,21-02-2024,800,desconocido
7000055,27-01-2024,3000,credito
7000056,06-09-2024,1000,debito
7000057,27/07/2024,-200,invalid
7000058,2024/02/27,1000,credito
7000059,08/02/2024,800,credito
7000060,2024-04-04,-200,invalid
7000061,2024-01-09,3000,debito
7000062,2024-06-09,1000,credito
7000063,2024-08-14,700,credito
7000064,13-03-2024,1000,credito
7000065,16/10/2024,,debito
7000066,2024-05-28,1500,invalid
7000067,10-11-2024,800,credito
7000068,2024-01-11,3000,desconocido
7000069,29/09/2024,1500,invalid
7000070,2024/09/18,,desconocido
7000071,2024/07/31,700,debito
7000072,2024-03-01,-200,invalid
7000073,29-07-2024,1000,credito
7000074,30/07/2024,1000,invalid
7000075,28-01-2024,1500,debito
7000076,16/11/2024,-200,credito
7000077,2024-13-01,3000,invalid
7000078,2024/11/25,-200,credito
7000079,02/06/2024,,invalid
7000080,16-04-2024,1200,invalid
7000081,2024/06/18,,invalid
7000082,13/09/2024,700,credito
7000083,10-05-2024,800,credito
7000084,2024-09-17,3000,debito
7000085,2024/03/16,1000,debito
7000086,2024-11-04,1500,invalid
7000087,2024/10/22,1200,invalid
7000088,2024/04/24,3000,credito
7000089,27/07/2024,800,debito
7000090,28/07/2024,700,invalid
7000091,01-01-2024,800,credito
7000092,27/01/2024,1200,debito
7000093,07-11-2024,3000,debito
7000094,01-08-2024,-200,credito
7000095,22/12/2024,1000,credito
7000096,2024/12/18,800,credito
7000097,17/08/2024,500,debito
7000098,2024-07-05,1200,invalid
7000099,2024/03/09,-200,credito
7000100,15-06-2024,,debito
7000101,12-05-2024,800,debito
7000102,13-11-2024,-200,debito
7000103,2024/04/02,1500,credito
7000104,2024-04-16,1000,credito
7000105,2024-12-13,3000,invalid
7000106,2024/01/21,1000,credito
7000107,16/01/2024,700,invalid
7000108,2024/02/28,-200,invalid
7000109,2024-09-15,1200,invalid
7000110,05/07/2024,800,debito
7000111,25-09-2024,1000,credito
7000112,2024-03-07,800,credito
7000113,21/07/2024,1500,credito
7000114,01-02-2024,700,invalid
7000115,2024/07/20,700,debito
7000116,2024-10-03,1500,invalid
7000117,10-11-2024,700,credito
7000118,27/08/2024,,invalid
7000119,06-12-2024,,debito
7000120,21-09-2024,-200,credito
7000121,2024/08/19,700,debito
7000122,2024-08-26,800,invalid
7000123,2024/05/27,3000,debito
7000124,2024/08/22,,invalid
7000125,2024/01/29,-200,credito
7000126,2024/03/11,800,debito
7000127,2024-04-09,700,invalid
7000128,2024-07-26,1500,invalid
7000129,14-11-2024,700,invalid
7000130,2024/07/24,1200,debito
7000131,2024-07-25,1000,debito
7000132,2024-12-10,0,invalid
7000133,21-07-2024,500,invalid
7000134,2024/04/06,800,credito
7000135,02/03/2024,,debito
7000136,2024/10/27,0,invalid
7000137,17-06-2024,1200,desconocido
7000138,2024-13-01,1000,invalid
7000139,2024-09-16,700,debito
7000140,22/08/2024,1200,debito
7000141,14/07/2024,3000,debito
7000142,19-11-2024,3000,debito
7000143,2024-09-29,700,credito
7000144,30/12/2024,3000,debito
7000145,2024/01/01,1200,debito
7000146,01-07-2024,,debito
7000147,2024/03/29,3000,credito
7000148,2024-03-30,1000,invalid
7000149,02/11/2024,3000,desconocido
7000150,2024-13-01,1500,debito
7000151,2024-12-18,3000,credito
7000152,25/10/2024,1500,invalid
7000153,2024/07/28,1000,credito
7000154,2024-03-04,800,credito
7000155,22/12/2024,-200,desconocido
7000156,2024-03-02,1500,debito
7000157,2024-08-17,3000,debito
7000158,26-05-2024,500,debito
7000159,01/09/2024,1200,debito
7000160,03/08/2024,1500,invalid
7000161,28/07/2024,1500,credito
7000162,11-12-2024,3000,debito
7000163,30-11-2024,3000,desconocido
7000164,04-03-2024,3000,invalid
7000165,2024-08-30,1000,invalid
7000166,2024/04/06,800,credito
7000167,23/02/2024,,credito
7000168,2024-10-24,1200,credito
7000169,2024/03/05,800,invalid
7000170,2024/09/07,1200,invalid
7000171,14-05-2024,,debito
7000172,2024-02-07,0,debito
7000173,24-08-2024,-100,debito
7000174,2024-10-26,,invalid
7000175,24-09-2024,1500,invalid
7000176,2024-06-07,1000,invalid
7000177,22/10/2024,3000,debito
7000178,2024/05/17,3000,credito
7000179,2024/07/11,3000,credito
7000180,28/05/2024,1000,desconocido
7000181,2024/09/08,800,invalid
7000182,2024/03/02,800,credito
7000183,21-01-2024,3000,credito
7000184,01-11-2024,1500,debito
7000185,2024-13-01,1000,debito
7000186,2024-01-04,3000,invalid
7000187,2024/05/25,800,debito
7000188,2024/03/15,500,debito
7000189,2024-01-17,800,invalid
7000190,26/07/2024,1500,debito
7000191,26-07-2024,,invalid
7000192,2024-09-19,700,debito
7000193,2024-01-16,1500,invalid
7000194,2024/12/29,-200,credito
7000195,13-06-2024,800,debito
7000196,08-08-2024,-200,credito
7000197,18-02-2024,1200,credito
7000198,2024-12-04,800,debito
7000199,01/06/2024,700,invalid
7000200,2024/10/13,,invalid
7000201,15-11-2024,-200,credito
7000202,09-01-2024,,debito
7000203,2024-13-01,1200,debito
7000204,2024/04/16,1200,debito
7000205,07-08-2024,1000,invalid
7000206,2024/11/20,3000,debito
7000207,08/02/2024,3000,debito
7000208,2024/01/29,,invalid
7000209,2024-13-01,1200,debito
7000210,2024/02/09,700,debito
7000211,2024-04-18,800,invalid
7000212,23/04/2024,1200,debito
7000213,30/07/2024,3000,debito
7000214,2024/04/15,,desconocido
7000215,01/03/2024,1500,debito
7000216,2024-03-05,-200,desconocido
7000217,2024-03-16,700,credito
7000218,2024/02/16,1200,credito
7000219,2024-09-28,0,credito
7000220,28/08/2024,500,credito
7000221,19-06-2024,1200,invalid
7000222,2024-03-10,-100,debito
7000223,2024/10/01,3000,credito
7000224,2024/12/20,500,credito
7000225,2024/04/01,,desconocido
7000226,2024/04/29,-200,debito
7000227,25-04-2024,800,debito
7000228,2024-07-12,1500,invalid
7000229,22-10-2024,,invalid
7000230,13/01/2024,-100,invalid
7000231,2024/12/25,0,invalid
7000232,04/02/2024,1500,invalid
7000233,15-06-2024,1000,debito
7000234,2024/07/03,-200,credito
7000235,07-04-2024,800,invalid
7000236,2024-06-29,1000,debito
7000237,21-02-2024,1200,debito
7000238,2024/10/09,1200,credito
7000239,04-03-2024,800,debito
7000240,2024-06-17,3000,debito
7000241,07/03/2024,1000,credito
7000242,24-07-2024,,credito
7000243,2024/10/17,800,debito
7000244,2024-07-23,3000,desconocido
7000245,02-06-2024,800,credito
7000246,10-02-2024,1200,debito
7000247,13/05/2024,,debito
7000248,10-12-2024,,invalid
7000249,19/06/2024,1200,invalid
7000250,2024/02/09,1200,debito
7000251,14/07/2024,-200,debito
7000252,2024/05/25,700,debito
7000253,02-09-2024,,invalid
7000254,2024/10/26,1200,invalid
7000255,02-07-2024,-100,credito
7000256,2024-04-22,1500,credito
7000257,26/11/2024,1000,credito
7000258,2024/01/06,,credito
7000259,04-05-2024,,credito
7000260,2024-03-23,3000,desconocido
7000261,26/06/2024,500,debito
7000262,02/09/2024,,debito
7000263,02-07-2024,3000,invalid
7000264,2024-13-01,1500,invalid
7000265,16/12/2024,3000,debito
7000266,02-11-2024,-200,invalid
7000267,2024/04/06,,invalid
7000268,2024-05-24,800,credito
7000269,2024/07/27,1200,desconocido
7000270,2024-13-01,1200,invalid
7000271,2024-03-18,,desconocido
7000272,2024/09/04,3000,invalid
7000273,26/04/2024,1000,invalid
7000274,21/01/2024,1500,credito
7000275,2024/08/09,700,credito
7000276,16/10/2024,700,debito
7000277,12-08-2024,-100,credito
7000278,25/05/2024,-200,debito
7000279,2024-02-24,800,invalid
7000280,27-07-2024,1200,credito
7000281,2024/07/08,800,credito
7000282,08/08/2024,,debito
7000283,08/08/2024,0,debito
7000284,25-07-2024,1500,credito
7000285,13/12/2024,1500,desconocido
7000286,27-09-2024,800,credito
7000287,2024/11/17,800,debito
7000288,2024-09-03,-200,debito
7000289,2024/08/14,3000,debito
7000290,2024-06-15,1500,debito
7000291,2024-04-17,1000,invalid
7000292,2024/09/20,1000,credito
7000293,18/10/2024,1500,invalid
7000294,2024/07/01,700,desconocido
7000295,2024-06-12,,invalid
7000296,09/12/2024,,debito
7000297,2024-08-19,1000,desconocido
7000298,2024-13-01,700,debito
7000299,2024-10-10,700,invalid
7000300,2024-03-28,1500,invalid
7000301,2024-10-03,1500,credito
7000302,16/10/2024,,debito
7000303,19-10-2024,3000,credito
7000304,03-03-2024,1000,invalid
7000305,18-10-2024,700,invalid
7000306,2024-07-08,,invalid
7000307,02/01/2024,,credito
7000308,2024-13-01,,invalid
7000309,2024/03/23,1000,debito
7000310,14/12/2024,1000,invalid
7000311,2024-13-01,1000,credito
7000312,24/06/2024,1200,desconocido
7000313,16/10/2024,-200,invalid
7000314,22/03/2024,-200,invalid
7000315,2024-13-01,1200,debito
7000316,2024/04/01,,credito
7000317,19-01-2024,800,invalid
7000318,2024-06-04,1500,invalid
7000319,2024-05-08,-200,invalid
7000320,29/02/2024,700,invalid
7000321,2024-03-30,-200,debito
7000322,2024-01-28,,invalid
7000323,27/07/2024,700,credito
7000324,23/09/2024,800,invalid
7000325,22/03/2024,700,debito
7000326,2024/12/15,1200,invalid
7000327,30-04-2024,-200,desconocido
7000328,2024-11-10,1000,debito
7000329,2024-05-02,700,invalid
7000330,04/12/2024,,credito
7000331,13-11-2024,700,debito
7000332,2024/10/16,-200,credito
7000333,22-02-2024,,debito
7000334,16-08-2024,3000,debito
7000335,2024/08/17,1000,debito
7000336,2024/03/14,800,invalid
7000337,08-10-2024,3000,debito
7000338,2024/06/19,800,invalid
7000339,06-06-2024,,invalid
7000340,2024/03/05,-200,debito
7000341,2024-01-28,-200,invalid
7000342,08-07-2024,,debito
7000343,08-01-2024,3000,invalid
7000344,2024-10-21,700,credito
7000345,19/11/2024,700,invalid
7000346,2024/10/12,1500,invalid
7000347,20-05-2024,3000,invalid
7000348,13/07/2024,1500,credito
7000349,31/03/2024,800,credito
7000350,02-02-2024,1200,debito
7000351,31-08-2024,1200,debito
7000352,02/02/2024,-200,invalid
7000353,18-04-2024,,credito
7000354,10/01/2024,,debito
7000355,2024/03/15,800,credito
7000356,17-12-2024,-200,debito
7000357,2024-13-01,1000,credito
7000358,2024/10/10,,invalid
7000359,04/08/2024,,debito
7000360,23-04-2024,700,invalid
7000361,08/05/2024,,invalid
7000362,06/11/2024,1500,debito
7000363,2024/01/09,1000,invalid
7000364,04-09-2024,700,debito
7000365,2024/10/01,1200,credito
7000366,22-07-2024,700,debito
7000367,14-03-2024,1500,debito
7000368,26-07-2024,800,debito
7000369,2024/09/29,800,desconocido
7000370,02/10/2024,3000,debito
7000371,10-12-2024,1000,debito
7000372,2024-08-20,1200,debito
7000373,30-09-2024,800,debito
7000374,2024/07/25,800,desconocido
7000375,02-12-2024,1000,credito
7000376,2024-07-09,1200,credito
7000377,25/05/2024,,credito
7000378,19-05-2024,800,credito
7000379,2024/03/09,1000,invalid
7000380,26-12-2024,1200,debito
7000381,25/06/2024,,credito
7000382,04/07/2024,500,invalid
7000383,26-01-2024,800,invalid
7000384,2024/05/30,700,invalid
7000385,27-07-2024,1500,invalid
7000386,2024/01/01,-200,desconocido
7000387,2024/07/10,3000,invalid
7000388,2024/09/14,,debito
7000389,2024-11-19,,credito
7000390,2024-12-20,1200,credito
7000391,09/09/2024,500,credito
7000392,2024-04-10,1000,debito
7000393,2024-13-01,800,credito
7000394,2024/03/14,1500,credito
7000395,2024-07-09,-200,debito
7000396,23-05-2024,,debito
7000397,2024-02-16,700,debito
7000398,2024-05-09,1000,invalid
7000399,01/06/2024,1500,credito
7000400,03/07/2024,1000,debito
7000401,2024/12/12,700,debito
7000402,2024/07/16,,credito
7000403,29-06-2024,500,credito
7000404,2024-10-13,,credito
7000405,03-08-2024,1500,credito
7000406,24/03/2024,700,desconocido
7000407,2024-09-21,-200,desconocido
7000408,2024-12-30,-200,debito
7000409,22/01/2024,800,debito
7000410,23-11-2024,1500,invalid
7000411,12-12-2024,-200,debito
7000412,06-12-2024,1000,invalid
7000413,2024/10/21,1500,invalid
7000414,2024-08-07,,debito
7000415,2024/06/29,,credito
7000416,2024-11-17,,desconocido
7000417,2024/06/19,,debito
7000418,2024-12-28,,credito
7000419,2024-01-19,800,credito
7000420,30/05/2024,1000,credito
7000421,09-09-2024,-200,credito
7000422,2024-09-09,-200,credito
7000423,2024/08/28,800,invalid
7000424,2024/11/12,700,credito
7000425,09/01/2024,1200,invalid
7000426,2024-08-28,800,credito
7000427,2024/12/27,,invalid
7000428,2024-08-09,700,debito
7000429,2024-09-27,,invalid
7000430,2024-05-07,1000,invalid
7000431,2024/05/04,-200,desconocido
7000432,30-06-2024,1000,debito
7000433,2024-11-18,1500,invalid
7000434,2024/05/03,1500,desconocido
7000435,2024/11/20,,credito
7000436,21-08-2024,-100,debito
7000437,2024/02/28,,credito
7000438,2024-10-18,1500,invalid
7000439,15-03-2024,1200,credito
7000440,28/07/2024,,invalid
7000441,2024-12-04,1000,debito
7000442,06-08-2024,1200,debito
7000443,11/05/2024,,credito
7000444,2024-04-19,1200,desconocido
7000445,2024-13-01,1200,debito
7000446,2024-07-11,700,invalid
7000447,08-02-2024,1000,credito
7000448,08-06-2024,,debito
7000449,2024/05/19,-200,credito
7000450,2024/03/07,1500,debito
7000451,02/07/2024,700,invalid
7000452,31/05/2024,700,credito
7000453,2024-13-01,800,invalid
7000454,2024-10-23,-200,debito
7000455,29/02/2024,800,invalid
7000456,18-10-2024,1200,invalid
7000457,26/03/2024,1200,credito
7000458,02-10-2024,-100,debito
7000459,31/01/2024,1000,credito
7000460,21-08-2024,0,invalid
7000461,2024-13-01,700,invalid
7000462,2024-13-01,1500,invalid
7000463,2024/04/01,-100,debito
7000464,2024/07/24,1000,debito
7000465,2024-03-04,700,credito
7000466,2024/11/30,,credito
7000467,2024-04-30,1500,credito
7000468,17-03-2024,-200,debito
7000469,2024/12/03,1000,invalid
7000470,2024/09/19,,debito
7000471,04/12/2024,1000,desconocido
7000472,2024-13-01,,invalid
7000473,15/08/2024,700,invalid
7000474,2024-13-01,1200,invalid
7000475,2024/12/28,0,invalid
7000476,2024/07/06,,invalid
7000477,09-07-2024,800,credito
7000478,06/07/2024,0,credito
7000479,07-12-2024,,invalid
7000480,2024/06/09,700,debito
7000481,15/09/2024,-100,credito
7000482,2024-02-04,800,invalid
7000483,2024-11-07,1000,credito
7000484,2024-04-15,700,credito
7000485,17-11-2024,1000,desconocido
7000486,17-09-2024,800,invalid
7000487,04-01-2024,800,credito
7000488,11/12/2024,,debito
7000489,15/11/2024,3000,debito
7000490,26/07/2024,700,invalid
7000491,2024/03/31,,credito
7000492,2024/11/07,-200,invalid
7000493,2024-08-29,0,invalid
7000494,26-11-2024,-200,debito
7000495,18/11/2024,1500,credito
7000496,2024/09/14,,invalid
7000497,2024/04/20,-200,desconocido
7000498,2024-13-01,1500,invalid
7000499,16-05-2024,1200,credito
7000500,2024/04/24,,invalid
7000501,2024-03-24,,credito
7000502,10/02/2024,-100,credito
7000503,14-02-2024,1500,invalid
7000504,16-09-2024,500,credito
7000505,2024-07-08,1000,debito
7000506,2024-06-10,-200,invalid
7000507,05-04-2024,0,invalid
7000508,06-11-2024,700,credito
7000509,2024/10/31,500,debito
7000510,21/02/2024,3000,credito
7000511,22/02/2024,-200,invalid
7000512,2024/08/14,700,credito
7000513,2024/01/10,3000,desconocido
7000514,20/10/2024,-200,invalid
7000515,14-07-2024,700,debito
7000516,21/08/2024,-200,desconocido
7000517,17/04/2024,,debito
7000518,02/03/2024,,invalid
7000519,24-08-2024,-200,invalid
7000520,2024/09/02,1200,debito
7000521,01-10-2024,1500,credito
7000522,2024-06-12,1500,invalid
7000523,2024/02/03,1000,invalid
7000524,2024-11-12,1200,invalid
7000525,2024-13-01,700,invalid
7000526,26/03/2024,700,invalid
7000527,17/05/2024,1200,credito
7000528,13/06/2024,3000,invalid
7000529,08/11/2024,-100,credito
7000530,2024/07/10,700,invalid
7000531,2024-01-07,700,credito
7000532,15/10/2024,3000,credito
7000533,18/11/2024,1500,credito
7000534,2024-05-15,3000,invalid
7000535,19-10-2024,1000,desconocido
7000536,2024/09/30,700,credito
7000537,2024/08/25,,credito
7000538,22-08-2024,-200,credito
7000539,26-08-2024,1500,debito
7000540,18-04-2024,800,credito
7000541,2024-06-22,3000,debito
7000542,07/01/2024,,debito
7000543,2024-13-01,1500,invalid
7000544,2024-10-04,800,debito
7000545,23-11-2024,1000,debito
7000546,26-04-2024,1200,debito
7000547,2024/09/25,1200,credito
7000548,2024-08-17,1500,debito
7000549,05/11/2024,,credito
7000550,25/05/2024,800,debito
7000551,11-03-2024,,credito
7000552,2024-06-01,800,invalid
7000553,16-10-2024,1500,debito
7000554,2024-06-29,1200,credito
7000555,2024-05-29,700,credito
7000556,2024-06-16,-200,credito
7000557,06/09/2024,,debito
7000558,2024-10-21,700,invalid
7000559,2024-12-26,-200,desconocido
7000560,2024-13-01,-200,credito
7000561,2024-01-05,1500,invalid
7000562,19-01-2024,800,credito
7000563,2024/08/17,1200,debito
7000564,06/07/2024,800,credito
7000565,2024/11/11,,invalid
7000566,2024/07/12,1200,debito
7000567,2024-01-15,700,credito
7000568,2024-03-11,1200,debito
7000569,05-06-2024,1200,desconocido
7000570,2024-03-20,1200,desconocido
7000571,12-06-2024,1200,debito
7000572,2024/11/05,3000,credito
7000573,29-06-2024,1200,credito
7000574,2024-10-18,3000,debito
7000575,06-01-2024,3000,debito
7000576,11/04/2024,1000,invalid
7000577,2024/02/17,800,debito
7000578,05-12-2024,-200,invalid
7000579,2024-05-01,,invalid
7000580,2024/11/28,700,invalid
7000581,21-01-2024,3000,debito
7000582,20/03/2024,1500,invalid
7000583,22-02-2024,3000,invalid
7000584,09/01/2024,700,invalid
7000585,2024/11/17,1200,debito
7000586,31-01-2024,-200,credito
7000587,2024/07/10,1200,credito
7000588,22/11/2024,1200,debito
7000589,2024/12/30,800,debito
7000590,05-10-2024,1500,credito
7000591,10-08-2024,3000,credito
7000592,14-04-2024,1500,credito
7000593,05-03-2024,1200,credito
7000594,2024-12-17,,debito
7000595,2024-13-01,1000,debito
7000596,2024-09-27,700,invalid
7000597,2024-01-30,500,credito
7000598,06-04-2024,,credito
7000599,2024-13-01,700,debito
7000600,09/02/2024,1500,invalid
7000601,2024-11-16,1200,invalid
7000602,29-06-2024,-200,credito
7000603,2024-13-01,-200,credito
7000604,2024-05-15,1000,credito
7000605,2024/07/30,,invalid
7000606,16-05-2024,1000,desconocido
7000607,2024-10-02,700,debito
7000608,27/05/2024,1000,debito
7000609,2024/11/14,3000,credito
7000610,2024-13-01,,debito
7000611,2024-11-24,,debito
7000612,2024-01-15,500,credito
7000613,2024-11-17,700,debito
7000614,2024-01-05,,debito
7000615,2024-11-25,1500,invalid
7000616,2024-08-03,500,invalid
7000617,17/09/2024,-200,invalid
7000618,15/06/2024,-100,credito
7000619,2024/09/30,1000,credito
7000620,2024-01-13,1000,credito
7000621,2024-03-23,1200,debito
7000622,2024-07-08,700,invalid
7000623,2024-03-01,800,debito
7000624,04-04-2024,3000,credito
7000625,2024-05-15,,debito
7000626,2024/04/12,,invalid
7000627,2024/12/29,700,credito
7000628,28-06-2024,,invalid
7000629,26/12/2024,-200,invalid
7000630,20/10/2024,1500,desconocido
7000631,16/09/2024,1500,credito
7000632,2024/02/11,800,invalid
7000633,2024-10-27,1500,debito
7000634,15-06-2024,1500,debito
7000635,2024-13-01,1500,credito
7000636,07/08/2024,1500,credito
7000637,2024-07-01,700,desconocido
7000638,20-11-2024,-200,invalid
7000639,26-09-2024,-200,credito
7000640,2024-10-09,3000,debito
7000641,29-11-2024,1200,debito
7000642,2024/03/14,700,credito
7000643,27-06-2024,,invalid
7000644,18/05/2024,,invalid
7000645,26/08/2024,,invalid
7000646,2024/07/20,700,credito
7000647,2024-08-09,1000,debito
7000648,2024-02-21,700,invalid
7000649,16/04/2024,-200,debito
7000650,2024-10-31,3000,credito
7000651,2024-13-01,,invalid
7000652,28/04/2024,-200,debito
7000653,2024-08-29,1500,debito
7000654,16/04/2024,800,debito
7000655,14-01-2024,-200,credito
7000656,21/10/2024,700,debito
7000657,30-04-2024,1000,invalid
7000658,14-10-2024,1200,invalid
7000659,2024/01/26,1000,credito
7000660,2024-07-17,-200,invalid
7000661,27/06/2024,1200,debito
7000662,2024-03-07,700,credito
7000663,25-02-2024,,invalid
7000664,2024-02-17,800,desconocido
7000665,2024-04-13,800,invalid
7000666,2024/04/25,,debito
7000667,2024-07-14,700,credito
7000668,2024-02-21,,credito
7000669,16/10/2024,1500,debito
7000670,2024-12-07,1200,credito
7000671,17-05-2024,800,desconocido
7000672,2024-13-01,-200,credito
7000673,2024-04-30,-200,credito
7000674,08/10/2024,3000,desconocido
7000675,10/11/2024,700,invalid
7000676,07-08-2024,,debito
7000677,2024/09/02,700,invalid
7000678,26-08-2024,800,invalid
7000679,19-04-2024,,credito
7000680,2024-13-01,1500,debito
7000681,2024-13-01,1000,credito
7000682,2024/01/22,700,credito
7000683,2024-03-03,500,credito
7000684,2024/11/04,,credito
7000685,2024-12-20,1000,desconocido
7000686,2024/11/01,0,invalid
7000687,12-12-2024,,debito
7000688,2024/08/17,1000,desconocido
7000689,2024-06-22,1000,debito
7000690,2024/01/27,-200,debito
7000691,09/02/2024,800,debito
7000692,15-09-2024,,credito
7000693,2024/02/13,,credito
7000694,2024-04-06,1000,credito
7000695,2024/10/20,-200,invalid
7000696,11-05-2024,700,invalid
7000697,2024-02-01,800,invalid
7000698,29-09-2024,700,invalid
7000699,2024-12-10,800,desconocido
7000700,30/04/2024,1000,debito
7000701,01/02/2024,3000,desconocido
7000702,2024-13-01,,debito
7000703,2024-05-05,1500,invalid
7000704,2024-02-19,800,invalid
7000705,16/10/2024,700,credito
7000706,20-03-2024,1000,credito
7000707,2024-01-14,800,debito
7000708,2024/06/14,700,credito
7000709,01/05/2024,1500,invalid
7000710,24/10/2024,700,debito
7000711,2024/12/06,,invalid
7000712,2024/09/11,,debito
7000713,2024/07/12,,invalid
7000714,21/06/2024,700,invalid
7000715,2024/07/07,700,invalid
7000716,2024-13-01,-200,debito
7000717,2024/03/22,1200,desconocido
7000718,2024/08/25,700,invalid
7000719,2024/09/04,1000,invalid
7000720,27-11-2024,1500,desconocido
7000721,2024-05-25,,debito
7000722,2024-13-01,1200,credito
7000723,03-04-2024,-200,debito
7000724,2024-13-01,1200,debito
7000725,06/02/2024,1000,desconocido
7000726,10-10-2024,1500,credito
7000727,12-01-2024,1000,debito
7000728,09/12/2024,1500,invalid
7000729,2024-04-06,0,credito
7000730,18-03-2024,800,debito
7000731,2024/09/04,,credito
7000732,2024/11/11,1000,credito
7000733,18-03-2024,1000,desconocido
7000734,2024-04-13,1500,credito
7000735,23/09/2024,1000,debito
7000736,11-05-2024,1500,desconocido
7000737,17/03/2024,800,invalid
7000738,30/06/2024,3000,invalid
7000739,2024-03-20,3000,invalid
7000740,2024-06-08,700,debito
7000741,2024-13-01,1200,credito
7000742,14-05-2024,3000,invalid
7000743,2024-01-15,700,debito
7000744,24-02-2024,800,debito
7000745,2024/12/23,,invalid
7000746,2024/06/08,1500,invalid
7000747,31-03-2024,1000,credito
7000748,06/10/2024,800,credito
7000749,2024/06/20,1200,invalid
7000750,03-03-2024,-200,debito
7000751,2024-11-13,3000,invalid
7000752,02-05-2024,,invalid
7000753,13/10/2024,3000,debito
7000754,01-09-2024,1500,debito
7000755,2024-13-01,1200,invalid
7000756,15/07/2024,800,debito
7000757,11-10-2024,1000,credito
7000758,2024-06-14,1200,invalid
7000759,2024-03-31,1500,debito
7000760,2024-07-28,800,debito
7000761,2024/06/10,3000,debito
7000762,2024/08/15,1500,debito
7000763,2024/07/23,3000,invalid
7000764,09-11-2024,1000,credito
7000765,2024-06-26,,credito
7000766,11/04/2024,1200,credito
7000767,2024-01-22,1500,credito
7000768,25/12/2024,700,invalid
7000769,25-11-2024,-200,invalid
7000770,2024-08-27,1500,credito
7000771,24/12/2024,,debito
7000772,05-09-2024,1500,invalid
7000773,19/03/2024,,debito
7000774,08/04/2024,1000,credito
7000775,06-04-2024,-200,invalid
7000776,13-07-2024,800,credito
7000777,25/01/2024,3000,credito
7000778,2024-08-11,800,debito
7000779,31-03-2024,-200,debito
7000780,2024-02-16,1200,desconocido
7000781,2024/01/12,700,invalid
7000782,18-11-2024,,credito
7000783,28/02/2024,1000,credito
7000784,2024-08-09,,credito
7000785,07-05-2024,,debito
7000786,2024-08-25,,invalid
7000787,2024-05-19,1000,credito
7000788,31/10/2024,,debito
7000789,27/05/2024,1000,credito
7000790,2024-11-11,1000,credito
7000791,28/06/2024,-200,credito
7000792,2024-07-08,-200,invalid
7000793,2024/12/04,1200,desconocido
7000794,30-12-2024,,credito
7000795,29-11-2024,800,debito
7000796,2024/01/16,-200,invalid
7000797,08-09-2024,800,debito
7000798,07-12-2024,1000,debito
7000799,2024-13-01,3000,debito
7000800,2024/01/27,-100,invalid
7000801,14/01/2024,,invalid
7000802,29-02-2024,1200,credito
7000803,12-02-2024,1200,desconocido
7000804,11/07/2024,-200,invalid
7000805,17-10-2024,,debito
7000806,14/01/2024,-200,invalid
7000807,2024-12-01,700,debito
7000808,2024-01-04,-200,debito
7000809,2024-01-18,-200,invalid
7000810,13/10/2024,,credito
7000811,2024/07/24,1200,debito
7000812,20-05-2024,,invalid
7000813,2024-03-17,1200,invalid
7000814,2024-10-22,700,credito
7000815,2024/11/19,,debito
7000816,2024/01/28,,invalid
7000817,2024/07/10,3000,invalid
7000818,19/06/2024,-100,debito
7000819,13/06/2024,700,invalid
7000820,2024/08/12,3000,credito
7000821,2024-04-07,,debito
7000822,2024/09/18,1200,credito
7000823,2024-01-28,-200,debito
7000824,2024/04/16,3000,credito
7000825,2024-05-14,700,invalid
7000826,15/10/2024,500,debito
7000827,06/02/2024,-200,debito
7000828,2024-05-23,1500,invalid
7000829,2024-13-01,3000,debito
7000830,10/10/2024,3000,debito
7000831,03/08/2024,1000,debito
7000832,2024-06-26,700,debito
7000833,16-05-2024,700,debito
7000834,02/02/2024,3000,credito
7000835,2024-13-01,1500,credito
7000836,2024-06-08,1500,credito
7000837,2024/07/10,1200,invalid
7000838,2024-13-01,,credito
7000839,2024/04/23,-200,credito
7000840,2024/08/12,800,debito
7000841,2024/08/15,0,invalid
7000842,2024/10/30,1500,credito
7000843,12-03-2024,1500,credito
7000844,23-11-2024,-200,debito
7000845,31-08-2024,1500,invalid
7000846,2024-08-30,,credito
7000847,2024/10/14,1000,debito
7000848,07-06-2024,1200,credito
7000849,2024/05/01,-200,debito
7000850,2024/12/20,3000,credito
7000851,23/03/2024,,credito
7000852,2024-13-01,1000,invalid
7000853,03-07-2024,700,desconocido
7000854,27-06-2024,500,debito
7000855,20-08-2024,-200,credito
7000856,22-07-2024,-200,credito
7000857,2024-10-29,800,debito
7000858,12-11-2024,,credito
7000859,2024-04-08,3000,debito
7000860,2024/02/08,-200,invalid
7000861,13/09/2024,-200,debito
7000862,24/07/2024,,debito
7000863,2024-13-01,-200,invalid
7000864,2024-10-31,0,credito
7000865,2024/05/29,-200,credito
7000866,08-02-2024,800,debito
7000867,12-03-2024,-200,invalid
7000868,2024/11/20,,invalid
7000869,2024/09/26,3000,credito
7000870,2024-06-23,1200,desconocido
7000871,27-07-2024,3000,debito
7000872,2024-04-01,-200,debito
7000873,2024-12-23,,credito
7000874,2024-12-20,-200,invalid
7000875,01/09/2024,,invalid
7000876,2024/06/27,700,credito
7000877,19-03-2024,,credito
7000878,2024-01-08,,invalid
7000879,2024/07/05,,debito
7000880,14-01-2024,800,credito
7000881,06/11/2024,-100,invalid
7000882,2024-07-08,,credito
7000883,2024/04/03,-200,invalid
7000884,08-01-2024,800,credito
7000885,29/05/2024,1000,debito
7000886,2024-12-27,1200,debito
7000887,19-02-2024,3000,credito
7000888,2024/12/25,,debito
7000889,2024/10/10,1500,debito
7000890,2024/02/29,3000,debito
7000891,2024/12/24,3000,invalid
7000892,2024-06-05,500,debito
7000893,2024-11-06,1000,invalid
7000894,30/10/2024,,credito
7000895,04-11-2024,1500,credito
7000896,2024-13-01,1500,debito
7000897,04/05/2024,3000,credito
7000898,12/12/2024,500,debito
7000899,14-12-2024,1500,credito
7000900,2024/01/19,1000,debito
7000901,2024/06/22,-200,invalid
7000902,30/01/2024,1200,invalid
7000903,29-10-2024,1500,debito
7000904,28/05/2024,700,debito
7000905,11/02/2024,1000,debito
7000906,19/01/2024,,invalid
7000907,2024-05-29,1200,debito
7000908,2024/02/27,700,debito
7000909,2024-13-01,800,credito
7000910,08/08/2024,3000,invalid
7000911,29-09-2024,700,debito
7000912,10/10/2024,1000,debito
7000913,06/04/2024,500,invalid
7000914,09/07/2024,700,credito
7000915,2024/01/21,-200,invalid
7000916,2024-12-24,700,invalid
7000917,2024-13-01,800,credito
7000918,22-01-2024,-200,invalid
7000919,2024/05/31,1500,credito
7000920,30-05-2024,800,debito
7000921,24/09/2024,,credito
7000922,29/04/2024,1200,debito
7000923,20-12-2024,,desconocido
7000924,30-10-2024,,debito
7000925,04/11/2024,,credito
7000926,2024-01-23,700,invalid
7000927,2024-13-01,,credito
7000928,2024/04/14,1500,invalid
7000929,06-07-2024,800,debito
7000930,17/01/2024,800,credito
7000931,08-12-2024,,debito
7000932,2024/11/22,1500,debito
7000933,01-08-2024,-200,invalid
7000934,02/08/2024,,credito
7000935,26/08/2024,1000,invalid
7000936,2024-06-11,1500,credito
7000937,07-03-2024,500,debito
7000938,08-10-2024,800,invalid
7000939,2024-04-20,-200,debito
7000940,09/12/2024,1000,credito
7000941,14-01-2024,,invalid
7000942,15/03/2024,1500,credito
7000943,19-02-2024,-200,credito
7000944,2024/07/20,,credito
7000945,13/08/2024,-100,credito
7000946,04/06/2024,3000,credito
7000947,02/06/2024,0,credito
7000948,24/07/2024,-200,credito
7000949,15-09-2024,1000,desconocido
7000950,2024/10/14,1000,debito
7000951,2024-06-07,3000,invalid
7000952,30-11-2024,-200,credito
7000953,23-06-2024,3000,credito
7000954,2024/02/10,1000,invalid
7000955,2024/01/02,700,credito
7000956,2024/12/01,,credito
7000957,30/12/2024,700,invalid
7000958,2024/07/25,1200,credito
7000959,2024-06-25,-200,invalid
7000960,2024/03/29,-200,invalid
7000961,20-10-2024,-200,invalid
7000962,2024/08/11,-200,debito
7000963,25-10-2024,-200,credito
7000964,2024-07-27,1200,debito
7000965,2024/08/12,3000,invalid
7000966,19-09-2024,3000,credito
7000967,22-06-2024,500,credito
7000968,05-05-2024,-100,credito
7000969,2024/04/15,3000,invalid
7000970,2024-02-14,3000,invalid
7000971,2024-03-04,-200,credito
7000972,03/12/2024,1000,invalid
7000973,2024-13-01,,debito
7000974,02/08/2024,1200,debito
7000975,2024-04-07,1200,desconocido
7000976,2024-02-09,800,invalid
7000977,2024-05-21,3000,invalid
7000978,2024/04/08,1500,invalid
7000979,22-11-2024,-200,credito
7000980,2024-06-22,700,invalid
7000981,20/01/2024,-200,debito
7000982,2024-06-08,,invalid
7000983,2024-05-23,1500,invalid
7000984,07/05/2024,,debito
7000985,2024/09/06,700,credito
7000986,13/05/2024,700,invalid
7000987,13/10/2024,,debito
7000988,11-12-2024,1200,invalid
7000989,22-08-2024,800,debito
7000990,2024-04-27,1500,debito
7000991,2024-04-08,0,debito
7000992,15/03/2024,1000,credito
7000993,2024-13-01,700,invalid
7000994,2024-06-09,700,invalid
7000995,2024-02-08,-200,credito
7000996,23-07-2024,700,debito
7000997,2024-06-14,-200,invalid
7000998,14-01-2024,,invalid
7000999,19/06/2024,1500,debito
7001000,30-12-2024,1500,credito
8000001,2024-06-30,3000,credito
8000002,03-04-2024,1200,credito
8000003,2024-04-09,800,invalid
8000004,04/05/2024,,invalid
8000005,17-06-2024,800,debito
8000006,11/11/2024,1500,credito
8000007,2024-13-01,700,debito
8000008,30-07-2024,3000,debito
8000009,07-04-2024,3000,invalid
8000010,2024/10/15,1500,invalid
8000011,2024/10/05,1200,debito
8000012,20/07/2024,1200,debito
8000013,2024-04-13,3000,credito
8000014,17/07/2024,500,debito
8000015,01/06/2024,,desconocido
8000016,2024-04-27,1000,invalid
8000017,18/12/2024,-200,invalid
8000018,2024-11-30,-100,credito
8000019,16/08/2024,800,credito
8000020,2024-07-28,3000,debito
8000021,12-06-2024,700,credito
8000022,2024/06/05,1000,invalid
8000023,2024-13-01,1000,credito
8000024,18/02/2024,0,credito
8000025,09/11/2024,,debito
8000026,19/05/2024,1200,debito
8000027,2024-12-11,1200,credito
8000028,2024-09-03,,desconocido
8000029,27-05-2024,,debito
8000030,09/02/2024,-200,invalid
8000031,2024/04/11,800,invalid
8000032,2024/01/01,1500,invalid
8000033,30/12/2024,1500,credito
8000034,13-11-2024,-200,credito
8000035,2024/12/12,-100,credito
8000036,25-07-2024,1500,credito
8000037,2024-08-20,800,credito
8000038,2024/02/15,1500,debito
8000039,18/11/2024,1200,invalid
8000040,2024-13-01,3000,credito
8000041,01/08/2024,800,credito
8000042,29/07/2024,500,credito
8000043,2024-12-06,-100,invalid
8000044,2024/07/11,1000,credito
8000045,23/08/2024,,credito
8000046,2024/06/29,1200,debito
8000047,30-11-2024,1200,invalid
8000048,2024-08-09,1500,credito
8000049,2024/10/26,3000,debito
8000050,2024-13-01,1200,debito
8000051,02/07/2024,-200,credito
8000052,16/03/2024,1000,invalid
8000053,02/07/2024,,debito
8000054,21-02-2024,800,desconocido
8000055,27-01-2024,3000,credito
8000056,06-09-2024,1000,debito
8000057,27/07/2024,-200,invalid
8000058,2024/02/27,1000,credito
8000059,08/02/2024,800,credito
8000060,2024-04-04,-200,invalid
8000061,2024-01-09,3000,debito
8000062,2024-06-09,1000,credito
8000063,2024-08-14,700,credito
8000064,13-03-2024,1000,credito
8000065,16/10/2024,,debito
8000066,2024-05-28,1500,invalid
8000067,10-11-2024,800,credito
8000068,2024-01-11,3000,desconocido
8000069,29/09/2024,1500,invalid
8000070,2024/09/18,,desconocido
8000071,2024/07/31,700,debito
8000072,2024-03-01,-200,invalid
8000073,29-07-2024,1000,credito
8000074,30/07/2024,1000,invalid
8000075,28-01-2024,1500,debito
8000076,16/11/2024,-200,credito
8000077,2024-13-01,3000,invalid
8000078,2024/11/25,-200,credito
8000079,02/06/2024,,invalid
8000080,16-04-2024,1200,invalid
8000081,2024/06/18,,invalid
8000082,13/09/2024,700,credito
8000083,10-05-2024,800,credito
8000084,2024-09-17,3000,debito
8000085,2024/03/16,1000,debito
8000086,2024-11-04,1500,invalid
8000087,2024/10/22,1200,invalid
8000088,2024/04/24,3000,credito
8000089,27/07/2024,800,debito
8000090,28/07/2024,700,invalid
8000091,01-01-2024,800,credito
8000092,27/01/2024,1200,debito
8000093,07-11-2024,3000,debito
8000094,01-08-2024,-200,credito
8000095,22/12/2024,1000,credito
8000096,2024/12/18,800,credito
8000097,17/08/2024,500,debito
8000098,2024-07-05,1200,invalid
8000099,2024/03/09,-200,credito
8000100,15-06-2024,,debito
8000101,12-05-2024,800,debito
8000102,13-11-2024,-200,debito
8000103,2024/04/02,1500,credito
8000104,2024-04-16,1000,credito
8000105,2024-12-13,3000,invalid
8000106,2024/01/21,1000,credito
8000107,16/01/2024,700,invalid
8000108,2024/02/28,-200,invalid
8000109,2024-09-15,1200,invalid
8000110,05/07/2024,800,debito
8000111,25-09-2024,1000,credito
8000112,2024-03-07,800,credito
8000113,21/07/2024,1500,credito
8000114,01-02-2024,700,invalid
8000115,2024/07/20,700,debito
8000116,2024-10-03,1500,invalid
8000117,10-11-2024,700,credito
8000118,27/08/2024,,invalid
8000119,06-12-2024,,debito
8000120,21-09-2024,-200,credito
8000121,2024/08/19,700,debito
8000122,2024-08-26,800,invalid
8000123,2024/05/27,3000,debito
8000124,2024/08/22,,invalid
8000125,2024/01/29,-200,credito
8000126,2024/03/11,800,debito
8000127,2024-04-09,700,invalid
8000128,2024-07-26,1500,invalid
8000129,14-11-2024,700,invalid
8000130,2024/07/24,1200,debito
8000131,2024-07-25,1000,debito
8000132,2024-12-10,0,invalid
8000133,21-07-2024,500,invalid
8000134,2024/04/06,800,credito
8000135,02/03/2024,,debito
8000136,2024/10/27,0,invalid
8000137,17-06-2024,1200,desconocido
8000138,2024-13-01,1000,invalid
8000139,2024-09-16,700,debito
8000140,22/08/2024,1200,debito
8000141,14/07/2024,3000,debito
8000142,19-11-2024,3000,debito
8000143,2024-09-29,700,credito
8000144,30/12/2024,3000,debito
8000145,2024/01/01,1200,debito
8000146,01-07-2024,,debito
8000147,2024/03/29,3000,credito
8000148,2024-03-30,1000,invalid
8000149,02/11/2024,3000,desconocido
8000150,2024-13-01,1500,debito
8000151,2024-12-18,3000,credito
8000152,25/10/2024,1500,invalid
8000153,2024/07/28,1000,credito
8000154,2024-03-04,800,credito
8000155,22/12/2024,-200,desconocido
8000156,2024-03-02,1500,debito
8000157,2024-08-17,3000,debito
8000158,26-05-2024,500,debito
8000159,01/09/2024,1200,debito
8000160,03/08/2024,1500,invalid
8000161,28/07/2024,1500,credito
8000162,11-12-2024,3000,debito
8000163,30-11-2024,3000,desconocido
8000164,04-03-2024,3000,invalid
8000165,2024-08-30,1000,invalid
8000166,2024/04/06,800,credito
8000167,23/02/2024,,credito
8000168,2024-10-24,1200,credito
8000169,2024/03/05,800,invalid
8000170,2024/09/07,1200,invalid
8000171,14-05-2024,,debito
8000172,2024-02-07,0,debito
8000173,24-08-2024,-100,debito
8000174,2024-10-26,,invalid
8000175,24-09-2024,1500,invalid
8000176,2024-06-07,1000,invalid
8000177,22/10/2024,3000,debito
8000178,2024/05/17,3000,credito
8000179,2024/07/11,3000,credito
8000180,28/05/2024,1000,desconocido
8000181,2024/09/08,800,invalid
8000182,2024/03/02,800,credito
8000183,21-01-2024,3000,credito
8000184,01-11-2024,1500,debito
8000185,2024-13-01,1000,debito
8000186,2024-01-04,3000,invalid
8000187,2024/05/25,800,debito
8000188,2024/03/15,500,debito
8000189,2024-01-17,800,invalid
8000190,26/07/2024,1500,debito
8000191,26-07-2024,,invalid
8000192,2024-09-19,700,debito
8000193,2024-01-16,1500,invalid
8000194,2024/12/29,-200,credito
8000195,13-06-2024,800,debito
8000196,08-08-2024,-200,credito
8000197,18-02-2024,1200,credito
8000198,2024-12-04,800,debito
8000199,01/06/2024,700,invalid
8000200,2024/10/13,,invalid
8000201,15-11-2024,-200,credito
8000202,09-01-2024,,debito
8000203,2024-13-01,1200,debito
8000204,2024/04/16,1200,debito
8000205,07-08-2024,1000,invalid
8000206,2024/11/20,3000,debito
8000207,08/02/2024,3000,debito
8000208,2024/01/29,,invalid
8000209,2024-13-01,1200,debito
8000210,2024/02/09,700,debito
8000211,2024-04-18,800,invalid
8000212,23/04/2024,1200,debito
8000213,30/07/2024,3000,debito
8000214,2024/04/15,,desconocido
8000215,01/03/2024,1500,debito
8000216,2024-03-05,-200,desconocido
8000217,2024-03-16,700,credito
8000218,2024/02/16,1200,credito
8000219,2024-09-28,0,credito
8000220,28/08/2024,500,credito
8000221,19-06-2024,1200,invalid
8000222,2024-03-10,-100,debito
8000223,2024/10/01,3000,credito
8000224,2024/12/20,500,credito
8000225,2024/04/01,,desconocido
8000226,2024/04/29,-200,debito
8000227,25-04-2024,800,debito
8000228,2024-07-12,1500,invalid
8000229,22-10-2024,,invalid
8000230,13/01/2024,-100,invalid
8000231,2024/12/25,0,invalid
8000232,04/02/2024,1500,invalid
8000233,15-06-2024,1000,debito
8000234,2024/07/03,-200,credito
8000235,07-04-2024,800,invalid
8000236,2024-06-29,1000,debito
8000237,21-02-2024,1200,debito
8000238,2024/10/09,1200,credito
8000239,04-03-2024,800,debito
8000240,2024-06-17,3000,debito
8000241,07/03/2024,1000,credito
8000242,24-07-2024,,credito
8000243,2024/10/17,800,debito
8000244,2024-07-23,3000,desconocido
8000245,02-06-2024,800,credito
8000246,10-02-2024,1200,debito
8000247,13/05/2024,,debito
8000248,10-12-2024,,invalid
8000249,19/06/2024,1200,invalid
8000250,2024/02/09,1200,debito
8000251,14/07/2024,-200,debito
8000252,2024/05/25,700,debito
8000253,02-09-2024,,invalid
8000254,2024/10/26,1200,invalid
8000255,02-07-2024,-100,credito
8000256,2024-04-22,1500,credito
8000257,26/11/2024,1000,credito
8000258,2024/01/06,,credito
8000259,04-05-2024,,credito
8000260,2024-03-23,3000,desconocido
8000261,26/06/2024,500,debito
8000262,02/09/2024,,debito
8000263,02-07-2024,3000,invalid
8000264,2024-13-01,1500,invalid
8000265,16/12/2024,3000,debito
8000266,02-11-2024,-200,invalid
8000267,2024/04/06,,invalid
8000268,2024-05-24,800,credito
8000269,2024/07/27,1200,desconocido
8000270,2024-13-01,1200,invalid
8000271,2024-03-18,,desconocido
8000272,2024/09/04,3000,invalid
8000273,26/04/2024,1000,invalid
8000274,21/01/2024,1500,credito
8000275,2024/08/09,700,credito
8000276,16/10/2024,700,debito
8000277,12-08-2024,-100,credito
8000278,25/05/2024,-200,debito
8000279,2024-02-24,800,invalid
8000280,27-07-2024,1200,credito
8000281,2024/07/08,800,credito
8000282,08/08/2024,,debito
8000283,08/08/2024,0,debito
8000284,25-07-2024,1500,credito
8000285,13/12/2024,1500,desconocido
8000286,27-09-2024,800,credito
8000287,2024/11/17,800,debito
8000288,2024-09-03,-200,debito
8000289,2024/08/14,3000,debito
8000290,2024-06-15,1500,debito
8000291,2024-04-17,1000,invalid
8000292,2024/09/20,1000,credito
8000293,18/10/2024,1500,invalid
8000294,2024/07/01,700,desconocido
8000295,2024-06-12,,invalid
8000296,09/12/2024,,debito
8000297,2024-08-19,1000,desconocido
8000298,2024-13-01,700,debito
8000299,2024-10-10,700,invalid
8000300,2024-03-28,1500,invalid
8000301,2024-10-03,1500,credito
8000302,16/10/2024,,debito
8000303,19-10-2024,3000,credito
8000304,03-03-2024,1000,invalid
8000305,18-10-2024,700,invalid
8000306,2024-07-08,,invalid
8000307,02/01/2024,,credito
8000308,2024-13-01,,invalid
8000309,2024/03/23,1000,debito
8000310,14/12/2024,1000,invalid
8000311,2024-13-01,1000,credito
8000312,24/06/2024,1200,desconocido
8000313,16/10/2024,-200,invalid
8000314,22/03/2024,-200,invalid
8000315,2024-13-01,1200,debito
8000316,2024/04/01,,credito
8000317,19-01-2024,800,invalid
8000318,2024-06-04,1500,invalid
8000319,2024-05-08,-200,invalid
8000320,29/02/2024,700,invalid
8000321,2024-03-30,-200,debito
8000322,2024-01-28,,invalid
8000323,27/07/2024,700,credito
8000324,23/09/2024,800,invalid
8000325,22/03/2024,700,debito
8000326,2024/12/15,1200,invalid
8000327,30-04-2024,-200,desconocido
8000328,2024-11-10,1000,debito
8000329,2024-05-02,700,invalid
8000330,04/12/2024,,credito
8000331,13-11-2024,700,debito
8000332,2024/10/16,-200,credito
8000333,22-02-2024,,debito
8000334,16-08-2024,3000,debito
8000335,2024/08/17,1000,debito
8000336,2024/03/14,800,invalid
8000337,08-10-2024,3000,debito
8000338,2024/06/19,800,invalid
8000339,06-06-2024,,invalid
8000340,2024/03/05,-200,debito
8000341,2024-01-28,-200,invalid
8000342,08-07-2024,,debito
8000343,08-01-2024,3000,invalid
8000344,2024-10-21,700,credito
8000345,19/11/2024,700,invalid
8000346,2024/10/12,1500,invalid
8000347,20-05-2024,3000,invalid
8000348,13/07/2024,1500,credito
8000349,31/03/2024,800,credito
8000350,02-02-2024,1200,debito
8000351,31-08-2024,1200,debito
8000352,02/02/2024,-200,invalid
8000353,18-04-2024,,credito
8000354,10/01/2024,,debito
8000355,2024/03/15,800,credito
8000356,17-12-2024,-200,debito
8000357,2024-13-01,1000,credito
8000358,2024/10/10,,invalid
8000359,04/08/2024,,debito
8000360,23-04-2024,700,invalid
8000361,08/05/2024,,invalid
8000362,06/11/2024,1500,debito
8000363,2024/01/09,1000,invalid
8000364,04-09-2024,700,debito
8000365,2024/10/01,1200,credito
8000366,22-07-2024,700,debito
8000367,14-03-2024,1500,debito
8000368,26-07-2024,800,debito
8000369,2024/09/29,800,desconocido
8000370,02/10/2024,3000,debito
8000371,10-12-2024,1000,debito
8000372,2024-08-20,1200,debito
8000373,30-09-2024,800,debito
8000374,2024/07/25,800,desconocido
8000375,02-12-2024,1000,credito
8000376,2024-07-09,1200,credito
8000377,25/05/2024,,credito
8000378,19-05-2024,800,credito
8000379,2024/03/09,1000,invalid
8000380,26-12-2024,1200,debito
8000381,25/06/2024,,credito
8000382,04/07/2024,500,invalid
8000383,26-01-2024,800,invalid
8000384,2024/05/30,700,invalid
8000385,27-07-2024,1500,invalid
8000386,2024/01/01,-200,desconocido
8000387,2024/07/10,3000,invalid
8000388,2024/09/14,,debito
8000389,2024-11-19,,credito
8000390,2024-12-20,1200,credito
8000391,09/09/2024,500,credito
8000392,2024-04-10,1000,debito
8000393,2024-13-01,800,credito
8000394,2024/03/14,1500,credito
8000395,2024-07-09,-200,debito
8000396,23-05-2024,,debito
8000397,2024-02-16,700,debito
8000398,2024-05-09,1000,invalid
8000399,01/06/2024,1500,credito
8000400,03/07/2024,1000,debito
8000401,2024/12/12,700,debito
8000402,2024/07/16,,credito
8000403,29-06-2024,500,credito
8000404,2024-10-13,,credito
8000405,03-08-2024,1500,credito
8000406,24/03/2024,700,desconocido
8000407,2024-09-21,-200,desconocido
8000408,2024-12-30,-200,debito
8000409,22/01/2024,800,debito
8000410,23-11-2024,1500,invalid
8000411,12-12-2024,-200,debito
8000412,06-12-2024,1000,invalid
8000413,2024/10/21,1500,invalid
8000414,2024-08-07,,debito
8000415,2024/06/29,,credito
8000416,2024-11-17,,desconocido
8000417,2024/06/19,,debito
8000418,2024-12-28,,credito
8000419,2024-01-19,800,credito
8000420,30/05/2024,1000,credito
8000421,09-09-2024,-200,credito
8000422,2024-09-09,-200,credito
8000423,2024/08/28,800,invalid
8000424,2024/11/12,700,credito
8000425,09/01/2024,1200,invalid
8000426,2024-08-28,800,credito
8000427,2024/12/27,,invalid
8000428,2024-08-09,700,debito
8000429,2024-09-27,,invalid
8000430,2024-05-07,1000,invalid
8000431,2024/05/04,-200,desconocido
8000432,30-06-2024,1000,debito
8000433,2024-11-18,1500,invalid
8000434,2024/05/03,1500,desconocido
8000435,2024/11/20,,credito
8000436,21-08-2024,-100,debito
8000437,2024/02/28,,credito
8000438,2024-10-18,1500,invalid
8000439,15-03-2024,1200,credito
8000440,28/07/2024,,invalid
8000441,2024-12-04,1000,debito
8000442,06-08-2024,1200,debito
8000443,11/05/2024,,credito
8000444,2024-04-19,1200,desconocido
8000445,2024-13-01,1200,debito
8000446,2024-07-11,700,invalid
8000447,08-02-2024,1000,credito
8000448,08-06-2024,,debito
8000449,2024/05/19,-200,credito
8000450,2024/03/07,1500,debito
8000451,02/07/2024,700,invalid
8000452,31/05/2024,700,credito
8000453,2024-13-01,800,invalid
8000454,2024-10-23,-200,debito
8000455,29/02/2024,800,invalid
8000456,18-10-2024,1200,invalid
8000457,26/03/2024,1200,credito
8000458,02-10-2024,-100,debito
8000459,31/01/2024,1000,credito
8000460,21-08-2024,0,invalid
8000461,2024-13-01,700,invalid
8000462,2024-13-01,1500,invalid
8000463,2024/04/01,-100,debito
8000464,2024/07/24,1000,debito
8000465,2024-03-04,700,credito
8000466,2024/11/30,,credito
8000467,2024-04-30,1500,credito
8000468,17-03-2024,-200,debito
8000469,2024/12/03,1000,invalid
8000470,2024/09/19,,debito
8000471,04/12/2024,1000,desconocido
8000472,2024-13-01,,invalid
8000473,15/08/2024,700,invalid
8000474,2024-13-01,1200,invalid
8000475,2024/12/28,0,invalid
8000476,2024/07/06,,invalid
8000477,09-07-2024,800,credito
8000478,06/07/2024,0,credito
8000479,07-12-2024,,invalid
8000480,2024/06/09,700,debito
8000481,15/09/2024,-100,credito
8000482,2024-02-04,800,invalid
8000483,2024-11-07,1000,credito
8000484,2024-04-15,700,credito
8000485,17-11-2024,1000,desconocido
8000486,17-09-2024,800,invalid
8000487,04-01-2024,800,credito
8000488,11/12/2024,,debito
8000489,15/11/2024,3000,debito
8000490,26/07/2024,700,invalid
8000491,2024/03/31,,credito
8000492,2024/11/07,-200,invalid
8000493,2024-08-29,0,invalid
8000494,26-11-2024,-200,debito
8000495,18/11/2024,1500,credito
8000496,2024/09/14,,invalid
8000497,2024/04/20,-200,desconocido
8000498,2024-13-01,1500,invalid
8000499,16-05-2024,1200,credito
8000500,2024/04/24,,invalid
8000501,2024-03-24,,credito
8000502,10/02/2024,-100,credito
8000503,14-02-2024,1500,invalid
8000504,16-09-2024,500,credito
8000505,2024-07-08,1000,debito
8000506,2024-06-10,-200,invalid
8000507,05-04-2024,0,invalid
8000508,06-11-2024,700,credito
8000509,2024/10/31,500,debito
8000510,21/02/2024,3000,credito
8000511,22/02/2024,-200,invalid
8000512,2024/08/14,700,credito
8000513,2024/01/10,3000,desconocido
8000514,20/10/2024,-200,invalid
8000515,14-07-2024,700,debito
8000516,21/08/2024,-200,desconocido
8000517,17/04/2024,,debito
8000518,02/03/2024,,invalid
8000519,24-08-2024,-200,invalid
8000520,2024/09/02,1200,debito
8000521,01-10-2024,1500,credito
8000522,2024-06-12,1500,invalid
8000523,2024/02/03,1000,invalid
8000524,2024-11-12,1200,invalid
8000525,2024-13-01,700,invalid
8000526,26/03/2024,700,invalid
8000527,17/05/2024,1200,credito
8000528,13/06/2024,3000,invalid
8000529,08/11/2024,-100,credito
8000530,2024/07/10,700,invalid
8000531,2024-01-07,700,credito
8000532,15/10/2024,3000,credito
8000533,18/11/2024,1500,credito
8000534,2024-05-15,3000,invalid
8000535,19-10-2024,1000,desconocido
8000536,2024/09/30,700,credito
8000537,2024/08/25,,credito
8000538,22-08-2024,-200,credito
8000539,26-08-2024,1500,debito
8000540,18-04-2024,800,credito
8000541,2024-06-22,3000,debito
8000542,07/01/2024,,debito
8000543,2024-13-01,1500,invalid
8000544,2024-10-04,800,debito
8000545,23-11-2024,1000,debito
8000546,26-04-2024,1200,debito
8000547,2024/09/25,1200,credito
8000548,2024-08-17,1500,debito
8000549,05/11/2024,,credito
8000550,25/05/2024,800,debito
8000551,11-03-2024,,credito
8000552,2024-06-01,800,invalid
8000553,16-10-2024,1500,debito
8000554,2024-06-29,1200,credito
8000555,2024-05-29,700,credito
8000556,2024-06-16,-200,credito
8000557,06/09/2024,,debito
8000558,2024-10-21,700,invalid
8000559,2024-12-26,-200,desconocido
8000560,2024-13-01,-200,credito
8000561,2024-01-05,1500,invalid
8000562,19-01-2024,800,credito
8000563,2024/08/17,1200,debito
8000564,06/07/2024,800,credito
8000565,2024/11/11,,invalid
8000566,2024/07/12,1200,debito
8000567,2024-01-15,700,credito
8000568,2024-03-11,1200,debito
8000569,05-06-2024,1200,desconocido
8000570,2024-03-20,1200,desconocido
8000571,12-06-2024,1200,debito
8000572,2024/11/05,3000,credito
8000573,29-06-2024,1200,credito
8000574,2024-10-18,3000,debito
8000575,06-01-2024,3000,debito
8000576,11/04/2024,1000,invalid
8000577,2024/02/17,800,debito
8000578,05-12-2024,-200,invalid
8000579,2024-05-01,,invalid
8000580,2024/11/28,700,invalid
8000581,21-01-2024,3000,debito
8000582,20/03/2024,1500,invalid
8000583,22-02-2024,3000,invalid
8000584,09/01/2024,700,invalid
8000585,2024/11/17,1200,debito
8000586,31-01-2024,-200,credito
8000587,2024/07/10,1200,credito
8000588,22/11/2024,1200,debito
8000589,2024/12/30,800,debito
8000590,05-10-2024,1500,credito
8000591,10-08-2024,3000,credito
8000592,14-04-2024,1500,credito
8000593,05-03-2024,1200,credito
8000594,2024-12-17,,debito
8000595,2024-13-01,1000,debito
8000596,2024-09-27,700,invalid
8000597,2024-01-30,500,credito
8000598,06-04-2024,,credito
8000599,2024-13-01,700,debito
8000600,09/02/2024,1500,invalid
8000601,2024-11-16,1200,invalid
8000602,29-06-2024,-200,credito
8000603,2024-13-01,-200,credito
8000604,2024-05-15,1000,credito
8000605,2024/07/30,,invalid
8000606,16-05-2024,1000,desconocido
8000607,2024-10-02,700,debito
8000608,27/05/2024,1000,debito
8000609,2024/11/14,3000,credito
8000610,2024-13-01,,debito
8000611,2024-11-24,,debito
8000612,2024-01-15,500,credito
8000613,2024-11-17,700,debito
8000614,2024-01-05,,debito
8000615,2024-11-25,1500,invalid
8000616,2024-08-03,500,invalid
8000617,17/09/2024,-200,invalid
8000618,15/06/2024,-100,credito
8000619,2024/09/30,1000,credito
8000620,2024-01-13,1000,credito
8000621,2024-03-23,1200,debito
8000622,2024-07-08,700,invalid
8000623,2024-03-01,800,debito
8000624,04-04-2024,3000,credito
8000625,2024-05-15,,debito
8000626,2024/04/12,,invalid
8000627,2024/12/29,700,credito
8000628,28-06-2024,,invalid
8000629,26/12/2024,-200,invalid
8000630,20/10/2024,1500,desconocido
8000631,16/09/2024,1500,credito
8000632,2024/02/11,800,invalid
8000633,2024-10-27,1500,debito
8000634,15-06-2024,1500,debito
8000635,2024-13-01,1500,credito
8000636,07/08/2024,1500,credito
8000637,2024-07-01,700,desconocido
8000638,20-11-2024,-200,invalid
8000639,26-09-2024,-200,credito
8000640,2024-10-09,3000,debito
8000641,29-11-2024,1200,debito
8000642,2024/03/14,700,credito
8000643,27-06-2024,,invalid
8000644,18/05/2024,,invalid
8000645,26/08/2024,,invalid
8000646,2024/07/20,700,credito
8000647,2024-08-09,1000,debito
8000648,2024-02-21,700,invalid
8000649,16/04/2024,-200,debito
8000650,2024-10-31,3000,credito
8000651,2024-13-01,,invalid
8000652,28/04/2024,-200,debito
8000653,2024-08-29,1500,debito
8000654,16/04/2024,800,debito
8000655,14-01-2024,-200,credito
8000656,21/10/2024,700,debito
8000657,30-04-2024,1000,invalid
8000658,14-10-2024,1200,invalid
8000659,2024/01/26,1000,credito
8000660,2024-07-17,-200,invalid
8000661,27/06/2024,1200,debito
8000662,2024-03-07,700,credito
8000663,25-02-2024,,invalid
8000664,2024-02-17,800,desconocido
8000665,2024-04-13,800,invalid
8000666,2024/04/25,,debito
8000667,2024-07-14,700,credito
8000668,2024-02-21,,credito
8000669,16/10/2024,1500,debito
8000670,2024-12-07,1200,credito
8000671,17-05-2024,800,desconocido
8000672,2024-13-01,-200,credito
8000673,2024-04-30,-200,credito
8000674,08/10/2024,3000,desconocido
8000675,10/11/2024,700,invalid
8000676,07-08-2024,,debito
8000677,2024/09/02,700,invalid
8000678,26-08-2024,800,invalid
8000679,19-04-2024,,credito
8000680,2024-13-01,1500,debito
8000681,2024-13-01,1000,credito
8000682,2024/01/22,700,credito
8000683,2024-03-03,500,credito
8000684,2024/11/04,,credito
8000685,2024-12-20,1000,desconocido
8000686,2024/11/01,0,invalid
8000687,12-12-2024,,debito
8000688,2024/08/17,1000,desconocido
8000689,2024-06-22,1000,debito
8000690,2024/01/27,-200,debito
8000691,09/02/2024,800,debito
8000692,15-09-2024,,credito
8000693,2024/02/13,,credito
8000694,2024-04-06,1000,credito
8000695,2024/10/20,-200,invalid
8000696,11-05-2024,700,invalid
8000697,2024-02-01,800,invalid
8000698,29-09-2024,700,invalid
8000699,2024-12-10,800,desconocido
8000700,30/04/2024,1000,debito
8000701,01/02/2024,3000,desconocido
8000702,2024-13-01,,debito
8000703,2024-05-05,1500,invalid
8000704,2024-02-19,800,invalid
8000705,16/10/2024,700,credito
8000706,20-03-2024,1000,credito
8000707,2024-01-14,800,debito
8000708,2024/06/14,700,credito
8000709,01/05/2024,1500,invalid
8000710,24/10/2024,700,debito
8000711,2024/12/06,,invalid
8000712,2024/09/11,,debito
8000713,2024/07/12,,invalid
8000714,21/06/2024,700,invalid
8000715,2024/07/07,700,invalid
8000716,2024-13-01,-200,debito
8000717,2024/03/22,1200,desconocido
8000718,2024/08/25,700,invalid
8000719,2024/09/04,1000,invalid
8000720,27-11-2024,1500,desconocido
8000721,2024-05-25,,debito
8000722,2024-13-01,1200,credito
8000723,03-04-2024,-200,debito
8000724,2024-13-01,1200,debito
8000725,06/02/2024,1000,desconocido
8000726,10-10-2024,1500,credito
8000727,12-01-2024,1000,debito
8000728,09/12/2024,1500,invalid
8000729,2024-04-06,0,credito
8000730,18-03-2024,800,debito
8000731,2024/09/04,,credito
8000732,2024/11/11,1000,credito
8000733,18-03-2024,1000,desconocido
8000734,2024-04-13,1500,credito
8000735,23/09/2024,1000,debito
8000736,11-05-2024,1500,desconocido
8000737,17/03/2024,800,invalid
8000738,30/06/2024,3000,invalid
8000739,2024-03-20,3000,invalid
8000740,2024-06-08,700,debito
8000741,2024-13-01,1200,credito
8000742,14-05-2024,3000,invalid
8000743,2024-01-15,700,debito
8000744,24-02-2024,800,debito
8000745,2024/12/23,,invalid
8000746,2024/06/08,1500,invalid
8000747,31-03-2024,1000,credito
8000748,06/10/2024,800,credito
8000749,2024/06/20,1200,invalid
8000750,03-03-2024,-200,debito
8000751,2024-11-13,3000,invalid
8000752,02-05-2024,,invalid
8000753,13/10/2024,3000,debito
8000754,01-09-2024,1500,debito
8000755,2024-13-01,1200,invalid
8000756,15/07/2024,800,debito
8000757,11-10-2024,1000,credito
8000758,2024-06-14,1200,invalid
8000759,2024-03-31,1500,debito
8000760,2024-07-28,800,debito
8000761,2024/06/10,3000,debito
8000762,2024/08/15,1500,debito
8000763,2024/07/23,3000,invalid
8000764,09-11-2024,1000,credito
8000765,2024-06-26,,credito
8000766,11/04/2024,1200,credito
8000767,2024-01-22,1500,credito
8000768,25/12/2024,700,invalid
8000769,25-11-2024,-200,invalid
8000770,2024-08-27,1500,credito
8000771,24/12/2024,,debito
8000772,05-09-2024,1500,invalid
8000773,19/03/2024,,debito
8000774,08/04/2024,1000,credito
8000775,06-04-2024,-200,invalid
8000776,13-07-2024,800,credito
8000777,25/01/2024,3000,credito
8000778,2024-08-11,800,debito
8000779,31-03-2024,-200,debito
8000780,2024-02-16,1200,desconocido
8000781,2024/01/12,700,invalid
8000782,18-11-2024,,credito
8000783,28/02/2024,1000,credito
8000784,2024-08-09,,credito
8000785,07-05-2024,,debito
8000786,2024-08-25,,invalid
8000787,2024-05-19,1000,credito
8000788,31/10/2024,,debito
8000789,27/05/2024,1000,credito
8000790,2024-11-11,1000,credito
8000791,28/06/2024,-200,credito
8000792,2024-07-08,-200,invalid
8000793,2024/12/04,1200,desconocido
8000794,30-12-2024,,credito
8000795,29-11-2024,800,debito
8000796,2024/01/16,-200,invalid
8000797,08-09-2024,800,debito
8000798,07-12-2024,1000,debito
8000799,2024-13-01,3000,debito
8000800,2024/01/27,-100,invalid
8000801,14/01/2024,,invalid
8000802,29-02-2024,1200,credito
8000803,12-02-2024,1200,desconocido
8000804,11/07/2024,-200,invalid
8000805,17-10-2024,,debito
8000806,14/01/2024,-200,invalid
8000807,2024-12-01,700,debito
8000808,2024-01-04,-200,debito
8000809,2024-01-18,-200,invalid
8000810,13/10/2024,,credito
8000811,2024/07/24,1200,debito
8000812,20-05-2024,,invalid
8000813,2024-03-17,1200,invalid
8000814,2024-10-22,700,credito
8000815,2024/11/19,,debito
8000816,2024/01/28,,invalid
8000817,2024/07/10,3000,invalid
8000818,19/06/2024,-100,debito
8000819,13/06/2024,700,invalid
8000820,2024/08/12,3000,credito
8000821,2024-04-07,,debito
8000822,2024/09/18,1200,credito
8000823,2024-01-28,-200,debito
8000824,2024/04/16,3000,credito
8000825,2024-05-14,700,invalid
8000826,15/10/2024,500,debito
8000827,06/02/2024,-200,debito
8000828,2024-05-23,1500,invalid
8000829,2024-13-01,3000,debito
8000830,10/10/2024,3000,debito
8000831,03/08/2024,1000,debito
8000832,2024-06-26,700,debito
8000833,16-05-2024,700,debito
8000834,02/02/2024,3000,credito
8000835,2024-13-01,1500,credito
8000836,2024-06-08,1500,credito
8000837,2024/07/10,1200,invalid
8000838,2024-13-01,,credito
8000839,2024/04/23,-200,credito
8000840,2024/08/12,800,debito
8000841,2024/08/15,0,invalid
8000842,2024/10/30,1500,credito
8000843,12-03-2024,1500,credito
8000844,23-11-2024,-200,debito
8000845,31-08-2024,1500,invalid
8000846,2024-08-30,,credito
8000847,2024/10/14,1000,debito
8000848,07-06-2024,1200,credito
8000849,2024/05/01,-200,debito
8000850,2024/12/20,3000,credito
8000851,23/03/2024,,credito
8000852,2024-13-01,1000,invalid
8000853,03-07-2024,700,desconocido
8000854,27-06-2024,500,debito
8000855,20-08-2024,-200,credito
8000856,22-07-2024,-200,credito
8000857,2024-10-29,800,debito
8000858,12-11-2024,,credito
8000859,2024-04-08,3000,debito
8000860,2024/02/08,-200,invalid
8000861,13/09/2024,-200,debito
8000862,24/07/2024,,debito
8000863,2024-13-01,-200,invalid
8000864,2024-10-31,0,credito
8000865,2024/05/29,-200,credito
8000866,08-02-2024,800,debito
8000867,12-03-2024,-200,invalid
8000868,2024/11/20,,invalid
8000869,2024/09/26,3000,credito
8000870,2024-06-23,1200,desconocido
8000871,27-07-2024,3000,debito
8000872,2024-04-01,-200,debito
8000873,2024-12-23,,credito
8000874,2024-12-20,-200,invalid
8000875,01/09/2024,,invalid
8000876,2024/06/27,700,credito
8000877,19-03-2024,,credito
8000878,2024-01-08,,invalid
8000879,2024/07/05,,debito
8000880,14-01-2024,800,credito
8000881,06/11/2024,-100,invalid
8000882,2024-07-08,,credito
8000883,2024/04/03,-200,invalid
8000884,08-01-2024,800,credito
8000885,29/05/2024,1000,debito
8000886,2024-12-27,1200,debito
8000887,19-02-2024,3000,credito
8000888,2024/12/25,,debito
8000889,2024/10/10,1500,debito
8000890,2024/02/29,3000,debito
8000891,2024/12/24,3000,invalid
8000892,2024-06-05,500,debito
8000893,2024-11-06,1000,invalid
8000894,30/10/2024,,credito
8000895,04-11-2024,1500,credito
8000896,2024-13-01,1500,debito
8000897,04/05/2024,3000,credito
8000898,12/12/2024,500,debito
8000899,14-12-2024,1500,credito
8000900,2024/01/19,1000,debito
8000901,2024/06/22,-200,invalid
8000902,30/01/2024,1200,invalid
8000903,29-10-2024,1500,debito
8000904,28/05/2024,700,debito
8000905,11/02/2024,1000,debito
8000906,19/01/2024,,invalid
8000907,2024-05-29,1200,debito
8000908,2024/02/27,700,debito
8000909,2024-13-01,800,credito
8000910,08/08/2024,3000,invalid
8000911,29-09-2024,700,debito
8000912,10/10/2024,1000,debito
8000913,06/04/2024,500,invalid
8000914,09/07/2024,700,credito
8000915,2024/01/21,-200,invalid
8000916,2024-12-24,700,invalid
8000917,2024-13-01,800,credito
8000918,22-01-2024,-200,invalid
8000919,2024/05/31,1500,credito
8000920,30-05-2024,800,debito
8000921,24/09/2024,,credito
8000922,29/04/2024,1200,debito
8000923,20-12-2024,,desconocido
8000924,30-10-2024,,debito
8000925,04/11/2024,,credito
8000926,2024-01-23,700,invalid
8000927,2024-13-01,,credito
8000928,2024/04/14,1500,invalid
8000929,06-07-2024,800,debito
8000930,17/01/2024,800,credito
8000931,08-12-2024,,debito
8000932,2024/11/22,1500,debito
8000933,01-08-2024,-200,invalid
8000934,02/08/2024,,credito
8000935,26/08/2024,1000,invalid
8000936,2024-06-11,1500,credito
8000937,07-03-2024,500,debito
8000938,08-10-2024,800,invalid
8000939,2024-04-20,-200,debito
8000940,09/12/2024,1000,credito
8000941,14-01-2024,,invalid
8000942,15/03/2024,1500,credito
8000943,19-02-2024,-200,credito
8000944,2024/07/20,,credito
8000945,13/08/2024,-100,credito
8000946,04/06/2024,3000,credito
8000947,02/06/2024,0,credito
8000948,24/07/2024,-200,credito
8000949,15-09-2024,1000,desconocido
8000950,2024/10/14,1000,debito
8000951,2024-06-07,3000,invalid
8000952,30-11-2024,-200,credito
8000953,23-06-2024,3000,credito
8000954,2024/02/10,1000,invalid
8000955,2024/01/02,700,credito
8000956,2024/12/01,,credito
8000957,30/12/2024,700,invalid
8000958,2024/07/25,1200,credito
8000959,2024-06-25,-200,invalid
8000960,2024/03/29,-200,invalid
8000961,20-10-2024,-200,invalid
8000962,2024/08/11,-200,debito
8000963,25-10-2024,-200,credito
8000964,2024-07-27,1200,debito
8000965,2024/08/12,3000,invalid
8000966,19-09-2024,3000,credito
8000967,22-06-2024,500,credito
8000968,05-05-2024,-100,credito
8000969,2024/04/15,3000,invalid
8000970,2024-02-14,3000,invalid
8000971,2024-03-04,-200,credito
8000972,03/12/2024,1000,invalid
8000973,2024-13-01,,debito
8000974,02/08/2024,1200,debito
8000975,2024-04-07,1200,desconocido
8000976,2024-02-09,800,invalid
8000977,2024-05-21,3000,invalid
8000978,2024/04/08,1500,invalid
8000979,22-11-2024,-200,credito
8000980,2024-06-22,700,invalid
8000981,20/01/2024,-200,debito
8000982,2024-06-08,,invalid
8000983,2024-05-23,1500,invalid
8000984,07/05/2024,,debito
8000985,2024/09/06,700,credito
8000986,13/05/2024,700,invalid
8000987,13/10/2024,,debito
8000988,11-12-2024,1200,invalid
8000989,22-08-2024,800,debito
8000990,2024-04-27,1500,debito
8000991,2024-04-08,0,debito
8000992,15/03/2024,1000,credito
8000993,2024-13-01,700,invalid
8000994,2024-06-09,700,invalid
8000995,2024-02-08,-200,credito
8000996,23-07-2024,700,debito
8000997,2024-06-14,-200,invalid
8000998,14-01-2024,,invalid
8000999,19/06/2024,1500,debito
8001000,30-12-2024,1500,credito
9000001,2024-06-30,3000,credito
9000002,03-04-2024,1200,credito
9000003,2024-04-09,800,invalid
9000004,04/05/2024,,invalid
9000005,17-06-2024,800,debito
9000006,11/11/2024,1500,credito
9000007,2024-13-01,700,debito
9000008,30-07-2024,3000,debito
9000009,07-04-2024,3000,invalid
9000010,2024/10/15,1500,invalid
9000011,2024/10/05,1200,debito
9000012,20/07/2024,1200,debito
9000013,2024-04-13,3000,credito
9000014,17/07/2024,500,debito
9000015,01/06/2024,,desconocido
9000016,2024-04-27,1000,invalid
9000017,18/12/2024,-200,invalid
9000018,2024-11-30,-100,credito
9000019,16/08/2024,800,credito
9000020,2024-07-28,3000,debito
9000021,12-06-2024,700,credito
9000022,2024/06/05,1000,invalid
9000023,2024-13-01,1000,credito
9000024,18/02/2024,0,credito
9000025,09/11/2024,,debito
9000026,19/05/2024,1200,debito
9000027,2024-12-11,1200,credito
9000028,2024-09-03,,desconocido
9000029,27-05-2024,,debito
9000030,09/02/2024,-200,invalid
9000031,2024/04/11,800,invalid
9000032,2024/01/01,1500,invalid
9000033,30/12/2024,1500,credito
9000034,13-11-2024,-200,credito
9000035,2024/12/12,-100,credito
9000036,25-07-2024,1500,credito
9000037,2024-08-20,800,credito
9000038,2024/02/15,1500,debito
9000039,18/11/2024,1200,invalid
9000040,2024-13-01,3000,credito
9000041,01/08/2024,800,credito
9000042,29/07/2024,500,credito
9000043,2024-12-06,-100,invalid
9000044,2024/07/11,1000,credito
9000045,23/08/2024,,credito
9000046,2024/06/29,1200,debito
9000047,30-11-2024,1200,invalid
9000048,2024-08-09,1500,credito
9000049,2024/10/26,3000,debito
9000050,2024-13-01,1200,debito
9000051,02/07/2024,-200,credito
9000052,16/03/2024,1000,invalid
9000053,02/07/2024,,debito
9000054,21-02-2024,800,desconocido
9000055,27-01-2024,3000,credito
9000056,06-09-2024,1000,debito
9000057,27/07/2024,-200,invalid
9000058,2024/02/27,1000,credito
9000059,08/02/2024,800,credito
9000060,2024-04-04,-200,invalid
9000061,2024-01-09,3000,debito
9000062,2024-06-09,1000,credito
9000063,2024-08-14,700,credito
9000064,13-03-2024,1000,credito
9000065,16/10/2024,,debito
9000066,2024-05-28,1500,invalid
9000067,10-11-2024,800,credito
9000068,2024-01-11,3000,desconocido
9000069,29/09/2024,1500,invalid
9000070,2024/09/18,,desconocido
9000071,2024/07/31,700,debito
9000072,2024-03-01,-200,invalid
9000073,29-07-2024,1000,credito
9000074,30/07/2024,1000,invalid
9000075,28-01-2024,1500,debito
9000076,16/11/2024,-200,credito
9000077,2024-13-01,3000,invalid
9000078,2024/11/25,-200,credito
9000079,02/06/2024,,invalid
9000080,16-04-2024,1200,invalid
9000081,2024/06/18,,invalid
9000082,13/09/2024,700,credito
9000083,10-05-2024,800,credito
9000084,2024-09-17,3000,debito
9000085,2024/03/16,1000,debito
9000086,2024-11-04,1500,invalid
9000087,2024/10/22,1200,invalid
9000088,2024/04/24,3000,credito
9000089,27/07/2024,800,debito
9000090,28/07/2024,700,invalid
9000091,01-01-2024,800,credito
9000092,27/01/2024,1200,debito
9000093,07-11-2024,3000,debito
9000094,01-08-2024,-200,credito
9000095,22/12/2024,1000,credito
9000096,2024/12/18,800,credito
9000097,17/08/2024,500,debito
9000098,2024-07-05,1200,invalid
9000099,2024/03/09,-200,credito
9000100,15-06-2024,,debito
9000101,12-05-2024,800,debito
9000102,13-11-2024,-200,debito
9000103,2024/04/02,1500,credito
9000104,2024-04-16,1000,credito
9000105,2024-12-13,3000,invalid
9000106,2024/01/21,1000,credito
9000107,16/01/2024,700,invalid
9000108,2024/02/28,-200,invalid
9000109,2024-09-15,1200,invalid
9000110,05/07/2024,800,debito
9000111,25-09-2024,1000,credito
9000112,2024-03-07,800,credito
9000113,21/07/2024,1500,credito
9000114,01-02-2024,700,invalid
9000115,2024/07/20,700,debito
9000116,2024-10-03,1500,invalid
9000117,10-11-2024,700,credito
9000118,27/08/2024,,invalid
9000119,06-12-2024,,debito
9000120,21-09-2024,-200,credito
9000121,2024/08/19,700,debito
9000122,2024-08-26,800,invalid
9000123,2024/05/27,3000,debito
9000124,2024/08/22,,invalid
9000125,2024/01/29,-200,credito
9000126,2024/03/11,800,debito
9000127,2024-04-09,700,invalid
9000128,2024-07-26,1500,invalid
9000129,14-11-2024,700,invalid
9000130,2024/07/24,1200,debito
9000131,2024-07-25,1000,debito
9000132,2024-12-10,0,invalid
9000133,21-07-2024,500,invalid
9000134,2024/04/06,800,credito
9000135,02/03/2024,,debito
9000136,2024/10/27,0,invalid
9000137,17-06-2024,1200,desconocido
9000138,2024-13-01,1000,invalid
9000139,2024-09-16,700,debito
9000140,22/08/2024,1200,debito
9000141,14/07/2024,3000,debito
9000142,19-11-2024,3000,debito
9000143,2024-09-29,700,credito
9000144,30/12/2024,3000,debito
9000145,2024/01/01,1200,debito
9000146,01-07-2024,,debito
9000147,2024/03/29,3000,credito
9000148,2024-03-30,1000,invalid
9000149,02/11/2024,3000,desconocido
9000150,2024-13-01,1500,debito
9000151,2024-12-18,3000,credito
9000152,25/10/2024,1500,invalid
9000153,2024/07/28,1000,credito
9000154,2024-03-04,800,credito
9000155,22/12/2024,-200,desconocido
9000156,2024-03-02,1500,debito
9000157,2024-08-17,3000,debito
9000158,26-05-2024,500,debito
9000159,01/09/2024,1200,debito
9000160,03/08/2024,1500,invalid
9000161,28/07/2024,1500,credito
9000162,11-12-2024,3000,debito
9000163,30-11-2024,3000,desconocido
9000164,04-03-2024,3000,invalid
9000165,2024-08-30,1000,invalid
9000166,2024/04/06,800,credito
9000167,23/02/2024,,credito
9000168,2024-10-24,1200,credito
9000169,2024/03/05,800,invalid
9000170,2024/09/07,1200,invalid
9000171,14-05-2024,,debito
9000172,2024-02-07,0,debito
9000173,24-08-2024,-100,debito
9000174,2024-10-26,,invalid
9000175,24-09-2024,1500,invalid
9000176,2024-06-07,1000,invalid
9000177,22/10/2024,3000,debito
9000178,2024/05/17,3000,credito
9000179,2024/07/11,3000,credito
9000180,28/05/2024,1000,desconocido
9000181,2024/09/08,800,invalid
9000182,2024/03/02,800,credito
9000183,21-01-2024,3000,credito
9000184,01-11-2024,1500,debito
9000185,2024-13-01,1000,debito
9000186,2024-01-04,3000,invalid
9000187,2024/05/25,800,debito
9000188,2024/03/15,500,debito
9000189,2024-01-17,800,invalid
9000190,26/07/2024,1500,debito
9000191,26-07-2024,,invalid
9000192,2024-09-19,700,debito
9000193,2024-01-16,1500,invalid
9000194,2024/12/29,-200,credito
9000195,13-06-2024,800,debito
9000196,08-08-2024,-200,credito
9000197,18-02-2024,1200,credito
9000198,2024-12-04,800,debito
9000199,01/06/2024,700,invalid
9000200,2024/10/13,,invalid
9000201,15-11-2024,-200,credito
9000202,09-01-2024,,debito
9000203,2024-13-01,1200,debito
9000204,2024/04/16,1200,debito
9000205,07-08-2024,1000,invalid
9000206,2024/11/20,3000,debito
9000207,08/02/2024,3000,debito
9000208,2024/01/29,,invalid
9000209,2024-13-01,1200,debito
9000210,2024/02/09,700,debito
9000211,2024-04-18,800,invalid
9000212,23/04/2024,1200,debito
9000213,30/07/2024,3000,debito
9000214,2024/04/15,,desconocido
9000215,01/03/2024,1500,debito
9000216,2024-03-05,-200,desconocido
9000217,2024-03-16,700,credito
9000218,2024/02/16,1200,credito
9000219,2024-09-28,0,credito
9000220,28/08/2024,500,credito
9000221,19-06-2024,1200,invalid
9000222,2024-03-10,-100,debito
9000223,2024/10/01,3000,credito
9000224,2024/12/20,500,credito
9000225,2024/04/01,,desconocido
9000226,2024/04/29,-200,debito
9000227,25-04-2024,800,debito
9000228,2024-07-12,1500,invalid
9000229,22-10-2024,,invalid
9000230,13/01/2024,-100,invalid
9000231,2024/12/25,0,invalid
9000232,04/02/2024,1500,invalid
9000233,15-06-2024,1000,debito
9000234,2024/07/03,-200,credito
9000235,07-04-2024,800,invalid
9000236,2024-06-29,1000,debito
9000237,21-02-2024,1200,debito
9000238,2024/10/09,1200,credito
9000239,04-03-2024,800,debito
9000240,2024-06-17,3000,debito
9000241,07/03/2024,1000,credito
9000242,24-07-2024,,credito
9000243,2024/10/17,800,debito
9000244,2024-07-23,3000,desconocido
9000245,02-06-2024,800,credito
9000246,10-02-2024,1200,debito
9000247,13/05/2024,,debito
9000248,10-12-2024,,invalid
9000249,19/06/2024,1200,invalid
9000250,2024/02/09,1200,debito
9000251,14/07/2024,-200,debito
9000252,2024/05/25,700,debito
9000253,02-09-2024,,invalid
9000254,2024/10/26,1200,invalid
9000255,02-07-2024,-100,credito
9000256,2024-04-22,1500,credito
9000257,26/11/2024,1000,credito
9000258,2024/01/06,,credito
9000259,04-05-2024,,credito
9000260,2024-03-23,3000,desconocido
9000261,26/06/2024,500,debito
9000262,02/09/2024,,debito
9000263,02-07-2024,3000,invalid
9000264,2024-13-01,1500,invalid
9000265,16/12/2024,3000,debito
9000266,02-11-2024,-200,invalid
9000267,2024/04/06,,invalid
9000268,2024-05-24,800,credito
9000269,2024/07/27,1200,desconocido
9000270,2024-13-01,1200,invalid
9000271,2024-03-18,,desconocido
9000272,2024/09/04,3000,invalid
9000273,26/04/2024,1000,invalid
9000274,21/01/2024,1500,credito
9000275,2024/08/09,700,credito
9000276,16/10/2024,700,debito
9000277,12-08-2024,-100,credito
9000278,25/05/2024,-200,debito
9000279,2024-02-24,800,invalid
9000280,27-07-2024,1200,credito
9000281,2024/07/08,800,credito
9000282,08/08/2024,,debito
9000283,08/08/2024,0,debito
9000284,25-07-2024,1500,credito
9000285,13/12/2024,1500,desconocido
9000286,27-09-2024,800,credito
9000287,2024/11/17,800,debito
9000288,2024-09-03,-200,debito
9000289,2024/08/14,3000,debito
9000290,2024-06-15,1500,debito
9000291,2024-04-17,1000,invalid
9000292,2024/09/20,1000,credito
9000293,18/10/2024,1500,invalid
9000294,2024/07/01,700,desconocido
9000295,2024-06-12,,invalid
9000296,09/12/2024,,debito
9000297,2024-08-19,1000,desconocido
9000298,2024-13-01,700,debito
9000299,2024-10-10,700,invalid
9000300,2024-03-28,1500,invalid
9000301,2024-10-03,1500,credito
9000302,16/10/2024,,debito
9000303,19-10-2024,3000,credito
9000304,03-03-2024,1000,invalid
9000305,18-10-2024,700,invalid
9000306,2024-07-08,,invalid
9000307,02/01/2024,,credito
9000308,2024-13-01,,invalid
9000309,2024/03/23,1000,debito
9000310,14/12/2024,1000,invalid
9000311,2024-13-01,1000,credito
9000312,24/06/2024,1200,desconocido
9000313,16/10/2024,-200,invalid
9000314,22/03/2024,-200,invalid
9000315,2024-13-01,1200,debito
9000316,2024/04/01,,credito
9000317,19-01-2024,800,invalid
9000318,2024-06-04,1500,invalid
9000319,2024-05-08,-200,invalid
9000320,29/02/2024,700,invalid
9000321,2024-03-30,-200,debito
9000322,2024-01-28,,invalid
9000323,27/07/2024,700,credito
9000324,23/09/2024,800,invalid
9000325,22/03/2024,700,debito
9000326,2024/12/15,1200,invalid
9000327,30-04-2024,-200,desconocido
9000328,2024-11-10,1000,debito
9000329,2024-05-02,700,invalid
9000330,04/12/2024,,credito
9000331,13-11-2024,700,debito
9000332,2024/10/16,-200,credito
9000333,22-02-2024,,debito
9000334,16-08-2024,3000,debito
9000335,2024/08/17,1000,debito
9000336,2024/03/14,800,invalid
9000337,08-10-2024,3000,debito
9000338,2024/06/19,800,invalid
9000339,06-06-2024,,invalid
9000340,2024/03/05,-200,debito
9000341,2024-01-28,-200,invalid
9000342,08-07-2024,,debito
9000343,08-01-2024,3000,invalid
9000344,2024-10-21,700,credito
9000345,19/11/2024,700,invalid
9000346,2024/10/12,1500,invalid
9000347,20-05-2024,3000,invalid
9000348,13/07/2024,1500,credito
9000349,31/03/2024,800,credito
9000350,02-02-2024,1200,debito
9000351,31-08-2024,1200,debito
9000352,02/02/2024,-200,invalid
9000353,18-04-2024,,credito
9000354,10/01/2024,,debito
9000355,2024/03/15,800,credito
9000356,17-12-2024,-200,debito
9000357,2024-13-01,1000,credito
9000358,2024/10/10,,invalid
9000359,04/08/2024,,debito
9000360,23-04-2024,700,invalid
9000361,08/05/2024,,invalid
9000362,06/11/2024,1500,debito
9000363,2024/01/09,1000,invalid
9000364,04-09-2024,700,debito
9000365,2024/10/01,1200,credito
9000366,22-07-2024,700,debito
9000367,14-03-2024,1500,debito
9000368,26-07-2024,800,debito
9000369,2024/09/29,800,desconocido
9000370,02/10/2024,3000,debito
9000371,10-12-2024,1000,debito
9000372,2024-08-20,1200,debito
9000373,30-09-2024,800,debito
9000374,2024/07/25,800,desconocido
9000375,02-12-2024,1000,credito
9000376,2024-07-09,1200,credito
9000377,25/05/2024,,credito
9000378,19-05-2024,800,credito
9000379,2024/03/09,1000,invalid
9000380,26-12-2024,1200,debito
9000381,25/06/2024,,credito
9000382,04/07/2024,500,invalid
9000383,26-01-2024,800,invalid
9000384,2024/05/30,700,invalid
9000385,27-07-2024,1500,invalid
9000386,2024/01/01,-200,desconocido
9000387,2024/07/10,3000,invalid
9000388,2024/09/14,,debito
9000389,2024-11-19,,credito
9000390,2024-12-20,1200,credito
9000391,09/09/2024,500,credito
9000392,2024-04-10,1000,debito
9000393,2024-13-01,800,credito
9000394,2024/03/14,1500,credito
9000395,2024-07-09,-200,debito
9000396,23-05-2024,,debito
9000397,2024-02-16,700,debito
9000398,2024-05-09,1000,invalid
9000399,01/06/2024,1500,credito
9000400,03/07/2024,1000,debito
9000401,2024/12/12,700,debito
9000402,2024/07/16,,credito
9000403,29-06-2024,500,credito
9000404,2024-10-13,,credito
9000405,03-08-2024,1500,credito
9000406,24/03/2024,700,desconocido
9000407,2024-09-21,-200,desconocido
9000408,2024-12-30,-200,debito
9000409,22/01/2024,800,debito
9000410,23-11-2024,1500,invalid
9000411,12-12-2024,-200,debito
9000412,06-12-2024,1000,invalid
9000413,2024/10/21,1500,invalid
9000414,2024-08-07,,debito
9000415,2024/06/29,,credito
9000416,2024-11-17,,desconocido
9000417,2024/06/19,,debito
9000418,2024-12-28,,credito
9000419,2024-01-19,800,credito
9000420,30/05/2024,1000,credito
9000421,09-09-2024,-200,credito
9000422,2024-09-09,-200,credito
9000423,2024/08/28,800,invalid
9000424,2024/11/12,700,credito
9000425,09/01/2024,1200,invalid
9000426,2024-08-28,800,credito
9000427,2024/12/27,,invalid
9000428,2024-08-09,700,debito
9000429,2024-09-27,,invalid
9000430,2024-05-07,1000,invalid
9000431,2024/05/04,-200,desconocido
9000432,30-06-2024,1000,debito
9000433,2024-11-18,1500,invalid
9000434,2024/05/03,1500,desconocido
9000435,2024/11/20,,credito
9000436,21-08-2024,-100,debito
9000437,2024/02/28,,credito
9000438,2024-10-18,1500,invalid
9000439,15-03-2024,1200,credito
9000440,28/07/2024,,invalid
9000441,2024-12-04,1000,debito
9000442,06-08-2024,1200,debito
9000443,11/05/2024,,credito
9000444,2024-04-19,1200,desconocido
9000445,2024-13-01,1200,debito
9000446,2024-07-11,700,invalid
9000447,08-02-2024,1000,credito
9000448,08-06-2024,,debito
9000449,2024/05/19,-200,credito
9000450,2024/03/07,1500,debito
9000451,02/07/2024,700,invalid
9000452,31/05/2024,700,credito
9000453,2024-13-01,800,invalid
9000454,2024-10-23,-200,debito
9000455,29/02/2024,800,invalid
9000456,18-10-2024,1200,invalid
9000457,26/03/2024,1200,credito
9000458,02-10-2024,-100,debito
9000459,31/01/2024,1000,credito
9000460,21-08-2024,0,invalid
9000461,2024-13-01,700,invalid
9000462,2024-13-01,1500,invalid
9000463,2024/04/01,-100,debito
9000464,2024/07/24,1000,debito
9000465,2024-03-04,700,credito
9000466,2024/11/30,,credito
9000467,2024-04-30,1500,credito
9000468,17-03-2024,-200,debito
9000469,2024/12/03,1000,invalid
9000470,2024/09/19,,debito
9000471,04/12/2024,1000,desconocido
9000472,2024-13-01,,invalid
9000473,15/08/2024,700,invalid
9000474,2024-13-01,1200,invalid
9000475,2024/12/28,0,invalid
9000476,2024/07/06,,invalid
9000477,09-07-2024,800,credito
9000478,06/07/2024,0,credito
9000479,07-12-2024,,invalid
9000480,2024/06/09,700,debito
9000481,15/09/2024,-100,credito
9000482,2024-02-04,800,invalid
9000483,2024-11-07,1000,credito
9000484,2024-04-15,700,credito
9000485,17-11-2024,1000,desconocido
9000486,17-09-2024,800,invalid
9000487,04-01-2024,800,credito
9000488,11/12/2024,,debito
9000489,15/11/2024,3000,debito
9000490,26/07/2024,700,invalid
9000491,2024/03/31,,credito
9000492,2024/11/07,-200,invalid
9000493,2024-08-29,0,invalid
9000494,26-11-2024,-200,debito
9000495,18/11/2024,1500,credito
9000496,2024/09/14,,invalid
9000497,2024/04/20,-200,desconocido
9000498,2024-13-01,1500,invalid
9000499,16-05-2024,1200,credito
9000500,2024/04/24,,invalid
9000501,2024-03-24,,credito
9000502,10/02/2024,-100,credito
9000503,14-02-2024,1500,invalid
9000504,16-09-2024,500,credito
9000505,2024-07-08,1000,debito
9000506,2024-06-10,-200,invalid
9000507,05-04-2024,0,invalid
9000508,06-11-2024,700,credito
9000509,2024/10/31,500,debito
9000510,21/02/2024,3000,credito
9000511,22/02/2024,-200,invalid
9000512,2024/08/14,700,credito
9000513,2024/01/10,3000,desconocido
9000514,20/10/2024,-200,invalid
9000515,14-07-2024,700,debito
9000516,21/08/2024,-200,desconocido
9000517,17/04/2024,,debito
9000518,02/03/2024,,invalid
9000519,24-08-2024,-200,invalid
9000520,2024/09/02,1200,debito
9000521,01-10-2024,1500,credito
9000522,2024-06-12,1500,invalid
9000523,2024/02/03,1000,invalid
9000524,2024-11-12,1200,invalid
9000525,2024-13-01,700,invalid
9000526,26/03/2024,700,invalid
9000527,17/05/2024,1200,credito
9000528,13/06/2024,3000,invalid
9000529,08/11/2024,-100,credito
9000530,2024/07/10,700,invalid
9000531,2024-01-07,700,credito
9000532,15/10/2024,3000,credito
9000533,18/11/2024,1500,credito
9000534,2024-05-15,3000,invalid
9000535,19-10-2024,1000,desconocido
9000536,2024/09/30,700,credito
9000537,2024/08/25,,credito
9000538,22-08-2024,-200,credito
9000539,26-08-2024,1500,debito
9000540,18-04-2024,800,credito
9000541,2024-06-22,3000,debito
9000542,07/01/2024,,debito
9000543,2024-13-01,1500,invalid
9000544,2024-10-04,800,debito
9000545,23-11-2024,1000,debito
9000546,26-04-2024,1200,debito
9000547,2024/09/25,1200,credito
9000548,2024-08-17,1500,debito
9000549,05/11/2024,,credito
9000550,25/05/2024,800,debito
9000551,11-03-2024,,credito
9000552,2024-06-01,800,invalid
9000553,16-10-2024,1500,debito
9000554,2024-06-29,1200,credito
9000555,2024-05-29,700,credito
9000556,2024-06-16,-200,credito
9000557,06/09/2024,,debito
9000558,2024-10-21,700,invalid
9000559,2024-12-26,-200,desconocido
9000560,2024-13-01,-200,credito
9000561,2024-01-05,1500,invalid
9000562,19-01-2024,800,credito
9000563,2024/08/17,1200,debito
9000564,06/07/2024,800,credito
9000565,2024/11/11,,invalid
9000566,2024/07/12,1200,debito
9000567,2024-01-15,700,credito
9000568,2024-03-11,1200,debito
9000569,05-06-2024,1200,desconocido
9000570,2024-03-20,1200,desconocido
9000571,12-06-2024,1200,debito
9000572,2024/11/05,3000,credito
9000573,29-06-2024,1200,credito
9000574,2024-10-18,3000,debito
9000575,06-01-2024,3000,debito
9000576,11/04/2024,1000,invalid
9000577,2024/02/17,800,debito
9000578,05-12-2024,-200,invalid
9000579,2024-05-01,,invalid
9000580,2024/11/28,700,invalid
9000581,21-01-2024,3000,debito
9000582,20/03/2024,1500,invalid
9000583,22-02-2024,3000,invalid
9000584,09/01/2024,700,invalid
9000585,2024/11/17,1200,debito
9000586,31-01-2024,-200,credito
9000587,2024/07/10,1200,credito
9000588,22/11/2024,1200,debito
9000589,2024/12/30,800,debito
9000590,05-10-2024,1500,credito
9000591,10-08-2024,3000,credito
9000592,14-04-2024,1500,credito
9000593,05-03-2024,1200,credito
9000594,2024-12-17,,debito
9000595,2024-13-01,1000,debito
9000596,2024-09-27,700,invalid
9000597,2024-01-30,500,credito
9000598,06-04-2024,,credito
9000599,2024-13-01,700,debito
9000600,09/02/2024,1500,invalid
9000601,2024-11-16,1200,invalid
9000602,29-06-2024,-200,credito
9000603,2024-13-01,-200,credito
9000604,2024-05-15,1000,credito
9000605,2024/07/30,,invalid
9000606,16-05-2024,1000,desconocido
9000607,2024-10-02,700,debito
9000608,27/05/2024,1000,debito
9000609,2024/11/14,3000,credito
9000610,2024-13-01,,debito
9000611,2024-11-24,,debito
9000612,2024-01-15,500,credito
9000613,2024-11-17,700,debito
9000614,2024-01-05,,debito
9000615,2024-11-25,1500,invalid
9000616,2024-08-03,500,invalid
9000617,17/09/2024,-200,invalid
9000618,15/06/2024,-100,credito
9000619,2024/09/30,1000,credito
9000620,2024-01-13,1000,credito
9000621,2024-03-23,1200,debito
9000622,2024-07-08,700,invalid
9000623,2024-03-01,800,debito
9000624,04-04-2024,3000,credito
9000625,2024-05-15,,debito
9000626,2024/04/12,,invalid
9000627,2024/12/29,700,credito
9000628,28-06-2024,,invalid
9000629,26/12/2024,-200,invalid
9000630,20/10/2024,1500,desconocido
9000631,16/09/2024,1500,credito
9000632,2024/02/11,800,invalid
9000633,2024-10-27,1500,debito
9000634,15-06-2024,1500,debito
9000635,2024-13-01,1500,credito
9000636,07/08/2024,1500,credito
9000637,2024-07-01,700,desconocido
9000638,20-11-2024,-200,invalid
9000639,26-09-2024,-200,credito
9000640,2024-10-09,3000,debito
9000641,29-11-2024,1200,debito
9000642,2024/03/14,700,credito
9000643,27-06-2024,,invalid
9000644,18/05/2024,,invalid
9000645,26/08/2024,,invalid
9000646,2024/07/20,700,credito
9000647,2024-08-09,1000,debito
9000648,2024-02-21,700,invalid
9000649,16/04/2024,-200,debito
9000650,2024-10-31,3000,credito
9000651,2024-13-01,,invalid
9000652,28/04/2024,-200,debito
9000653,2024-08-29,1500,debito
9000654,16/04/2024,800,debito
9000655,14-01-2024,-200,credito
9000656,21/10/2024,700,debito
9000657,30-04-2024,1000,invalid
9000658,14-10-2024,1200,invalid
9000659,2024/01/26,1000,credito
9000660,2024-07-17,-200,invalid
9000661,27/06/2024,1200,debito
9000662,2024-03-07,700,credito
9000663,25-02-2024,,invalid
9000664,2024-02-17,800,desconocido
9000665,2024-04-13,800,invalid
9000666,2024/04/25,,debito
9000667,2024-07-14,700,credito
9000668,2024-02-21,,credito
9000669,16/10/2024,1500,debito
9000670,2024-12-07,1200,credito
9000671,17-05-2024,800,desconocido
9000672,2024-13-01,-200,credito
9000673,2024-04-30,-200,credito
9000674,08/10/2024,3000,desconocido
9000675,10/11/2024,700,invalid
9000676,07-08-2024,,debito
9000677,2024/09/02,700,invalid
9000678,26-08-2024,800,invalid
9000679,19-04-2024,,credito
9000680,2024-13-01,1500,debito
9000681,2024-13-01,1000,credito
9000682,2024/01/22,700,credito
9000683,2024-03-03,500,credito
9000684,2024/11/04,,credito
9000685,2024-12-20,1000,desconocido
9000686,2024/11/01,0,invalid
9000687,12-12-2024,,debito
9000688,2024/08/17,1000,desconocido
9000689,2024-06-22,1000,debito
9000690,2024/01/27,-200,debito
9000691,09/02/2024,800,debito
9000692,15-09-2024,,credito
9000693,2024/02/13,,credito
9000694,2024-04-06,1000,credito
9000695,2024/10/20,-200,invalid
9000696,11-05-2024,700,invalid
9000697,2024-02-01,800,invalid
9000698,29-09-2024,700,invalid
9000699,2024-12-10,800,desconocido
9000700,30/04/2024,1000,debito
9000701,01/02/2024,3000,desconocido
9000702,2024-13-01,,debito
9000703,2024-05-05,1500,invalid
9000704,2024-02-19,800,invalid
9000705,16/10/2024,700,credito
9000706,20-03-2024,1000,credito
9000707,2024-01-14,800,debito
9000708,2024/06/14,700,credito
9000709,01/05/2024,1500,invalid
9000710,24/10/2024,700,debito
9000711,2024/12/06,,invalid
9000712,2024/09/11,,debito
9000713,2024/07/12,,invalid
9000714,21/06/2024,700,invalid
9000715,2024/07/07,700,invalid
9000716,2024-13-01,-200,debito
9000717,2024/03/22,1200,desconocido
9000718,2024/08/25,700,invalid
9000719,2024/09/04,1000,invalid
9000720,27-11-2024,1500,desconocido
9000721,2024-05-25,,debito
9000722,2024-13-01,1200,credito
9000723,03-04-2024,-200,debito
9000724,2024-13-01,1200,debito
9000725,06/02/2024,1000,desconocido
9000726,10-10-2024,1500,credito
9000727,12-01-2024,1000,debito
9000728,09/12/2024,1500,invalid
9000729,2024-04-06,0,credito
9000730,18-03-2024,800,debito
9000731,2024/09/04,,credito
9000732,2024/11/11,1000,credito
9000733,18-03-2024,1000,desconocido
9000734,2024-04-13,1500,credito
9000735,23/09/2024,1000,debito
9000736,11-05-2024,1500,desconocido
9000737,17/03/2024,800,invalid
9000738,30/06/2024,3000,invalid
9000739,2024-03-20,3000,invalid
9000740,2024-06-08,700,debito
9000741,2024-13-01,1200,credito
9000742,14-05-2024,3000,invalid
9000743,2024-01-15,700,debito
9000744,24-02-2024,800,debito
9000745,2024/12/23,,invalid
9000746,2024/06/08,1500,invalid
9000747,31-03-2024,1000,credito
9000748,06/10/2024,800,credito
9000749,2024/06/20,1200,invalid
9000750,03-03-2024,-200,debito
9000751,2024-11-13,3000,invalid
9000752,02-05-2024,,invalid
9000753,13/10/2024,3000,debito
9000754,01-09-2024,1500,debito
9000755,2024-13-01,1200,invalid
9000756,15/07/2024,800,debito
9000757,11-10-2024,1000,credito
9000758,2024-06-14,1200,invalid
9000759,2024-03-31,1500,debito
9000760,2024-07-28,800,debito
9000761,2024/06/10,3000,debito
9000762,2024/08/15,1500,debito
9000763,2024/07/23,3000,invalid
9000764,09-11-2024,1000,credito
9000765,2024-06-26,,credito
9000766,11/04/2024,1200,credito
9000767,2024-01-22,1500,credito
9000768,25/12/2024,700,invalid
9000769,25-11-2024,-200,invalid
9000770,2024-08-27,1500,credito
9000771,24/12/2024,,debito
9000772,05-09-2024,1500,invalid
9000773,19/03/2024,,debito
9000774,08/04/2024,1000,credito
9000775,06-04-2024,-200,invalid
9000776,13-07-2024,800,credito
9000777,25/01/2024,3000,credito
9000778,2024-08-11,800,debito
9000779,31-03-2024,-200,debito
9000780,2024-02-16,1200,desconocido
9000781,2024/01/12,700,invalid
9000782,18-11-2024,,credito
9000783,28/02/2024,1000,credito
9000784,2024-08-09,,credito
9000785,07-05-2024,,debito
9000786,2024-08-25,,invalid
9000787,2024-05-19,1000,credito
9000788,31/10/2024,,debito
9000789,27/05/2024,1000,credito
9000790,2024-11-11,1000,credito
9000791,28/06/2024,-200,credito
9000792,2024-07-08,-200,invalid
9000793,2024/12/04,1200,desconocido
9000794,30-12-2024,,credito
9000795,29-11-2024,800,debito
9000796,2024/01/16,-200,invalid
9000797,08-09-2024,800,debito
9000798,07-12-2024,1000,debito
9000799,2024-13-01,3000,debito
9000800,2024/01/27,-100,invalid
9000801,14/01/2024,,invalid
9000802,29-02-2024,1200,credito
9000803,12-02-2024,1200,desconocido
9000804,11/07/2024,-200,invalid
9000805,17-10-2024,,debito
9000806,14/01/2024,-200,invalid
9000807,2024-12-01,700,debito
9000808,2024-01-04,-200,debito
9000809,2024-01-18,-200,invalid
9000810,13/10/2024,,credito
9000811,2024/07/24,1200,debito
9000812,20-05-2024,,invalid
9000813,2024-03-17,1200,invalid
9000814,2024-10-22,700,credito
9000815,2024/11/19,,debito
9000816,2024/01/28,,invalid
9000817,2024/07/10,3000,invalid
9000818,19/06/2024,-100,debito
9000819,13/06/2024,700,invalid
9000820,2024/08/12,3000,credito
9000821,2024-04-07,,debito
9000822,2024/09/18,1200,credito
9000823,2024-01-28,-200,debito
9000824,2024/04/16,3000,credito
9000825,2024-05-14,700,invalid
9000826,15/10/2024,500,debito
9000827,06/02/2024,-200,debito
9000828,2024-05-23,1500,invalid
9000829,2024-13-01,3000,debito
9000830,10/10/2024,3000,debito
9000831,03/08/2024,1000,debito
9000832,2024-06-26,700,debito
9000833,16-05-2024,700,debito
9000834,02/02/2024,3000,credito
9000835,2024-13-01,1500,credito
9000836,2024-06-08,1500,credito
9000837,2024/07/10,1200,invalid
9000838,2024-13-01,,credito
9000839,2024/04/23,-200,credito
9000840,2024/08/12,800,debito
9000841,2024/08/15,0,invalid
9000842,2024/10/30,1500,credito
9000843,12-03-2024,1500,credito
9000844,23-11-2024,-200,debito
9000845,31-08-2024,1500,invalid
9000846,2024-08-30,,credito
9000847,2024/10/14,1000,debito
9000848,07-06-2024,1200,credito
9000849,2024/05/01,-200,debito
9000850,2024/12/20,3000,credito
9000851,23/03/2024,,credito
9000852,2024-13-01,1000,invalid
9000853,03-07-2024,700,desconocido
9000854,27-06-2024,500,debito
9000855,20-08-2024,-200,credito
9000856,22-07-2024,-200,credito
9000857,2024-10-29,800,debito
9000858,12-11-2024,,credito
9000859,2024-04-08,3000,debito
9000860,2024/02/08,-200,invalid
9000861,13/09/2024,-200,debito
9000862,24/07/2024,,debito
9000863,2024-13-01,-200,invalid
9000864,2024-10-31,0,credito
9000865,2024/05/29,-200,credito
9000866,08-02-2024,800,debito
9000867,12-03-2024,-200,invalid
9000868,2024/11/20,,invalid
9000869,2024/09/26,3000,credito
9000870,2024-06-23,1200,desconocido
9000871,27-07-2024,3000,debito
9000872,2024-04-01,-200,debito
9000873,2024-12-23,,credito
9000874,2024-12-20,-200,invalid
9000875,01/09/2024,,invalid
9000876,2024/06/27,700,credito
9000877,19-03-2024,,credito
9000878,2024-01-08,,invalid
9000879,2024/07/05,,debito
9000880,14-01-2024,800,credito
9000881,06/11/2024,-100,invalid
9000882,2024-07-08,,credito
9000883,2024/04/03,-200,invalid
9000884,08-01-2024,800,credito
9000885,29/05/2024,1000,debito
9000886,2024-12-27,1200,debito
9000887,19-02-2024,3000,credito
9000888,2024/12/25,,debito
9000889,2024/10/10,1500,debito
9000890,2024/02/29,3000,debito
9000891,2024/12/24,3000,invalid
9000892,2024-06-05,500,debito
9000893,2024-11-06,1000,invalid
9000894,30/10/2024,,credito
9000895,04-11-2024,1500,credito
9000896,2024-13-01,1500,debito
9000897,04/05/2024,3000,credito
9000898,12/12/2024,500,debito
9000899,14-12-2024,1500,credito
9000900,2024/01/19,1000,debito
9000901,2024/06/22,-200,invalid
9000902,30/01/2024,1200,invalid
9000903,29-10-2024,1500,debito
9000904,28/05/2024,700,debito
9000905,11/02/2024,1000,debito
9000906,19/01/2024,,invalid
9000907,2024-05-29,1200,debito
9000908,2024/02/27,700,debito
9000909,2024-13-01,800,credito
9000910,08/08/2024,3000,invalid
9000911,29-09-2024,700,debito
9000912,10/10/2024,1000,debito
9000913,06/04/2024,500,invalid
9000914,09/07/2024,700,credito
9000915,2024/01/21,-200,invalid
9000916,2024-12-24,700,invalid
9000917,2024-13-01,800,credito
9000918,22-01-2024,-200,invalid
9000919,2024/05/31,1500,credito
9000920,30-05-2024,800,debito
9000921,24/09/2024,,credito
9000922,29/04/2024,1200,debito
9000923,20-12-2024,,desconocido
9000924,30-10-2024,,debito
9000925,04/11/2024,,credito
9000926,2024-01-23,700,invalid
9000927,2024-13-01,,credito
9000928,2024/04/14,1500,invalid
9000929,06-07-2024,800,debito
9000930,17/01/2024,800,credito
9000931,08-12-2024,,debito
9000932,2024/11/22,1500,debito
9000933,01-08-2024,-200,invalid
9000934,02/08/2024,,credito
9000935,26/08/2024,1000,invalid
9000936,2024-06-11,1500,credito
9000937,07-03-2024,500,debito
9000938,08-10-2024,800,invalid
9000939,2024-04-20,-200,debito
9000940,09/12/2024,1000,credito
9000941,14-01-2024,,invalid
9000942,15/03/2024,1500,credito
9000943,19-02-2024,-200,credito
9000944,2024/07/20,,credito
9000945,13/08/2024,-100,credito
9000946,04/06/2024,3000,credito
9000947,02/06/2024,0,credito
9000948,24/07/2024,-200,credito
9000949,15-09-2024,1000,desconocido
9000950,2024/10/14,1000,debito
9000951,2024-06-07,3000,invalid
9000952,30-11-2024,-200,credito
9000953,23-06-2024,3000,credito
9000954,2024/02/10,1000,invalid
9000955,2024/01/02,700,credito
9000956,2024/12/01,,credito
9000957,30/12/2024,700,invalid
9000958,2024/07/25,1200,credito
9000959,2024-06-25,-200,invalid
9000960,2024/03/29,-200,invalid
9000961,20-10-2024,-200,invalid
9000962,2024/08/11,-200,debito
9000963,25-10-2024,-200,credito
9000964,2024-07-27,1200,debito
9000965,2024/08/12,3000,invalid
9000966,19-09-2024,3000,credito
9000967,22-06-2024,500,credito
9000968,05-05-2024,-100,credito
9000969,2024/04/15,3000,invalid
9000970,2024-02-14,3000,invalid
9000971,2024-03-04,-200,credito
9000972,03/12/2024,1000,invalid
9000973,2024-13-01,,debito
9000974,02/08/2024,1200,debito
9000975,2024-04-07,1200,desconocido
9000976,2024-02-09,800,invalid
9000977,2024-05-21,3000,invalid
9000978,2024/04/08,1500,invalid
9000979,22-11-2024,-200,credito
9000980,2024-06-22,700,invalid
9000981,20/01/2024,-200,debito
9000982,2024-06-08,,invalid
9000983,2024-05-23,1500,invalid
9000984,07/05/2024,,debito
9000985,2024/09/06,700,credito
9000986,13/05/2024,700,invalid
9000987,13/10/2024,,debito
9000988,11-12-2024,1200,invalid
9000989,22-08-2024,800,debito
9000990,2024-04-27,1500,debito
9000991,2024-04-08,0,debito
9000992,15/03/2024,1000,credito
9000993,2024-13-01,700,invalid
9000994,2024-06-09,700,invalid
9000995,2024-02-08,-200,credito
9000996,23-07-2024,700,debito
9000997,2024-06-14,-200,invalid
9000998,14-01-2024,,invalid
9000999,19/06/2024,1500,debito
9001000,30-12-2024,1500,credito
