id,archivo,linea,clasificacion,motivo,contenido_original
1302,intereses.csv,2,OMITIDO,Edad fuera del rango permitido: '' [hilo=batch-particion-3],"137,Bob Johnson,7000,,prestamo"
1303,transacciones.csv,254,OMITIDO,Monto vacio o no numerico: '' [hilo=batch-particion-5],"253,02-09-2024,,invalid"
1304,transacciones.csv,128,OMITIDO,Tipo fuera del catalogo permitido: 'invalid' [hilo=batch-particion-2],"127,2024-04-09,700,invalid"
1305,cuentas_anuales.csv,379,OMITIDO,Monto vacio o no numerico: '' [hilo=batch-particion-7],"117,01-11-2024,deposito,,"
1306,cuentas_anuales.csv,127,OMITIDO,Monto vacio o no numerico: '' [hilo=batch-particion-6],"103,2024-07-12,deposito,,"
1307,intereses.csv,752,OMITIDO,Tipo fuera del catalogo permitido: '-1' [hilo=batch-particion-4],"110,Diana Prince,8000,40,-1"
1308,cuentas_anuales.csv,256,OMITIDO,Monto vacio o no numerico: '' [hilo=batch-particion-1],"105,2024-08-11,deposito,,Compra en tienda"
1309,intereses.csv,3,OMITIDO,Tipo fuera del catalogo permitido: '-1' [hilo=batch-particion-3],"114,Unknown,,30,-1"
1310,transacciones.csv,129,OMITIDO,Tipo fuera del catalogo permitido: 'invalid' [hilo=batch-particion-2],"128,2024-07-26,1500,invalid"
1311,intereses.csv,753,OMITIDO,Edad fuera del rango permitido: 100 (rango permitido 18-99) [hilo=batch-particion-4],"137,Jane Smith,8000,100,ahorro"
1312,transacciones.csv,255,OMITIDO,Tipo fuera del catalogo permitido: 'invalid' [hilo=batch-particion-5],"254,2024/10/26,1200,invalid"
1313,intereses.csv,4,OMITIDO,Edad fuera del rango permitido: 100 (rango permitido 18-99) [hilo=batch-particion-3],"133,Alice Brown,12000,100,hipoteca"
1314,transacciones.csv,130,OMITIDO,Tipo fuera del catalogo permitido: 'invalid' [hilo=batch-particion-2],"129,14-11-2024,700,invalid"
1315,intereses.csv,754,OMITIDO,Edad fuera del rango permitido: 150 (rango permitido 18-99) [hilo=batch-particion-4],"139,Charlie Green,7000,150,prestamo"
1316,intereses.csv,755,OMITIDO,Edad fuera del rango permitido: 100 (rango permitido 18-99) [hilo=batch-particion-4],"132,Charlie Green,5000,100,ahorro"
1317,cuentas_anuales.csv,382,OMITIDO,Monto vacio o no numerico: '' [hilo=batch-particion-7],"120,2024-07-26,retiro,,Ingreso mensual"
1318,cuentas_anuales.csv,137,OMITIDO,Monto vacio o no numerico: '' [hilo=batch-particion-6],"114,2024/10/16,retiro,,Ingreso mensual"
1319,cuentas_anuales.csv,385,OMITIDO,Monto vacio o no numerico: '' [hilo=batch-particion-7],"102,2024/08/30,retiro,,Ingreso navideño"
1320,transacciones.csv,133,OMITIDO,Tipo fuera del catalogo permitido: 'invalid' [hilo=batch-particion-2],"132,2024-12-10,0,invalid"
1321,transacciones.csv,259,OMITIDO,Monto vacio o no numerico: '' [hilo=batch-particion-5],"258,2024/01/06,,credito"
1322,intereses.csv,7,OMITIDO,Edad fuera del rango permitido: 100 (rango permitido 18-99) [hilo=batch-particion-3],"108,Jane Smith,12000,100,prestamo"
1323,cuentas_anuales.csv,645,OMITIDO,Monto vacio o no numerico: '' [hilo=batch-particion-8],"107,08-05-2024,compra,,Retiro parcial"
1324,intereses.csv,9,OMITIDO,Tipo fuera del catalogo permitido: '-1' [hilo=batch-particion-3],"138,Steve Rogers,10000,25,-1"
1325,transacciones.csv,134,OMITIDO,Tipo fuera del catalogo permitido: 'invalid' [hilo=batch-particion-2],"133,21-07-2024,500,invalid"
1326,transacciones.csv,260,OMITIDO,Monto vacio o no numerico: '' [hilo=batch-particion-5],"259,04-05-2024,,credito"
1327,transacciones.csv,136,OMITIDO,Monto vacio o no numerico: '' [hilo=batch-particion-2],"135,02/03/2024,,debito"
1328,transacciones.csv,261,OMITIDO,Tipo fuera del catalogo permitido: 'desconocido' [hilo=batch-particion-5],"260,2024-03-23,3000,desconocido"
1329,intereses.csv,757,OMITIDO,Edad fuera del rango permitido: '' [hilo=batch-particion-4],"144,Alice Brown,7000,,prestamo"
1330,intereses.csv,10,OMITIDO,Saldo vacio o no numerico: '' [hilo=batch-particion-3],"113,Charlie Green,,35,hipoteca"
1331,intereses.csv,758,OMITIDO,Tipo fuera del catalogo permitido: '-1' [hilo=batch-particion-4],"148,Alice Brown,8000,100,-1"
1332,cuentas_anuales.csv,271,OMITIDO,Monto vacio o no numerico: '' [hilo=batch-particion-1],"108,2024-09-29,deposito,,Ingreso extra"
1333,intereses.csv,759,OMITIDO,Tipo fuera del catalogo permitido: '-1' [hilo=batch-particion-4],"106,Diana Prince,7000,30,-1"
1334,intereses.csv,761,OMITIDO,Saldo vacio o no numerico: '' [hilo=batch-particion-4],"106,Charlie Green,,35,hipoteca"
1335,cuentas_anuales.csv,649,OMITIDO,Monto vacio o no numerico: '' [hilo=batch-particion-8],"112,2024/03/15,compra,,Ingreso extra"
1336,transacciones.csv,137,OMITIDO,Tipo fuera del catalogo permitido: 'invalid' [hilo=batch-particion-2],"136,2024/10/27,0,invalid"
1337,transacciones.csv,263,OMITIDO,Monto vacio o no numerico: '' [hilo=batch-particion-5],"262,02/09/2024,,debito"
1338,cuentas_anuales.csv,396,OMITIDO,Monto vacio o no numerico: '' [hilo=batch-particion-7],"107,15-06-2024,compra,,"
1339,transacciones.csv,138,OMITIDO,Tipo fuera del catalogo permitido: 'desconocido' [hilo=batch-particion-2],"137,17-06-2024,1200,desconocido"
1340,intereses.csv,12,OMITIDO,Tipo fuera del catalogo permitido: '-1' [hilo=batch-particion-3],"102,Alice Brown,12000,45,-1"
1341,transacciones.csv,264,OMITIDO,Tipo fuera del catalogo permitido: 'invalid' [hilo=batch-particion-5],"263,02-07-2024,3000,invalid"
1342,transacciones.csv,139,OMITIDO,Fecha ilegible o inexistente: 2024-13-01 [hilo=batch-particion-2],"138,2024-13-01,1000,invalid"
1343,intereses.csv,15,OMITIDO,Edad fuera del rango permitido: 150 (rango permitido 18-99) [hilo=batch-particion-3],"145,Charlie Green,8000,150,ahorro"
1344,transacciones.csv,265,OMITIDO,Fecha ilegible o inexistente: 2024-13-01 [hilo=batch-particion-5],"264,2024-13-01,1500,invalid"
1345,intereses.csv,763,OMITIDO,Saldo vacio o no numerico: '' [hilo=batch-particion-4],"107,Jane Smith,,40,prestamo"
1346,intereses.csv,764,OMITIDO,Tipo fuera del catalogo permitido: '-1' [hilo=batch-particion-4],"143,Bob Johnson,12000,45,-1"
1347,intereses.csv,17,OMITIDO,Edad fuera del rango permitido: 100 (rango permitido 18-99) [hilo=batch-particion-3],"117,Steve Rogers,12000,100,ahorro"
1348,intereses.csv,765,OMITIDO,Edad fuera del rango permitido: 100 (rango permitido 18-99) [hilo=batch-particion-4],"140,Diana Prince,5000,100,prestamo"
1349,intereses.csv,18,OMITIDO,Edad fuera del rango permitido: 100 (rango permitido 18-99) [hilo=batch-particion-3],"128,Diana Prince,7000,100,prestamo"
1350,transacciones.csv,267,OMITIDO,Tipo fuera del catalogo permitido: 'invalid' [hilo=batch-particion-5],"266,02-11-2024,-200,invalid"
1351,intereses.csv,766,OMITIDO,Edad fuera del rango permitido: '' [hilo=batch-particion-4],"114,Bob Johnson,7000,,ahorro"
1352,transacciones.csv,268,OMITIDO,Monto vacio o no numerico: '' [hilo=batch-particion-5],"267,2024/04/06,,invalid"
1353,intereses.csv,19,OMITIDO,Edad fuera del rango permitido: 100 (rango permitido 18-99) [hilo=batch-particion-3],"147,Alice Brown,8000,100,hipoteca"
1354,transacciones.csv,147,OMITIDO,Monto vacio o no numerico: '' [hilo=batch-particion-2],"146,01-07-2024,,debito"
1355,cuentas_anuales.csv,409,OMITIDO,Monto vacio o no numerico: '' [hilo=batch-particion-7],"114,2024-03-16,compra,,Retiro parcial"
1356,transacciones.csv,270,OMITIDO,Tipo fuera del catalogo permitido: 'desconocido' [hilo=batch-particion-5],"269,2024/07/27,1200,desconocido"
1357,intereses.csv,20,OMITIDO,Edad fuera del rango permitido: '' [hilo=batch-particion-3],"148,John Doe,7000,,prestamo"
1358,transacciones.csv,149,OMITIDO,Tipo fuera del catalogo permitido: 'invalid' [hilo=batch-particion-2],"148,2024-03-30,1000,invalid"
1359,intereses.csv,21,OMITIDO,Tipo fuera del catalogo permitido: '-1' [hilo=batch-particion-3],"142,Steve Rogers,5000,,-1"
1360,transacciones.csv,271,OMITIDO,Fecha ilegible o inexistente: 2024-13-01 [hilo=batch-particion-5],"270,2024-13-01,1200,invalid"
1361,transacciones.csv,150,OMITIDO,Tipo fuera del catalogo permitido: 'desconocido' [hilo=batch-particion-2],"149,02/11/2024,3000,desconocido"
1362,intereses.csv,767,OMITIDO,Tipo fuera del catalogo permitido: '-1' [hilo=batch-particion-4],"109,Diana Prince,7000,25,-1"
1363,cuentas_anuales.csv,667,OMITIDO,Monto vacio o no numerico: '' [hilo=batch-particion-8],"113,2024/09/13,retiro,,"
1364,transacciones.csv,151,OMITIDO,Fecha ilegible o inexistente: 2024-13-01 [hilo=batch-particion-2],"150,2024-13-01,1500,debito"
1365,intereses.csv,769,OMITIDO,Saldo vacio o no numerico: '' [hilo=batch-particion-4],"110,Steve Rogers,,25,hipoteca"
1366,intereses.csv,770,OMITIDO,Tipo fuera del catalogo permitido: 'unknown' [hilo=batch-particion-4],"139,Diana Prince,12000,100,unknown"
1367,intereses.csv,771,OMITIDO,Tipo fuera del catalogo permitido: '-1' [hilo=batch-particion-4],"150,Diana Prince,8000,,-1"
1368,transacciones.csv,272,OMITIDO,Monto vacio o no numerico: '' [hilo=batch-particion-5],"271,2024-03-18,,desconocido"
1369,intereses.csv,23,OMITIDO,Tipo fuera del catalogo permitido: '-1' [hilo=batch-particion-3],"103,Jane Smith,8000,30,-1"
1370,intereses.csv,24,OMITIDO,Tipo fuera del catalogo permitido: '-1' [hilo=batch-particion-3],"110,Unknown,5000,35,-1"
1371,transacciones.csv,273,OMITIDO,Tipo fuera del catalogo permitido: 'invalid' [hilo=batch-particion-5],"272,2024/09/04,3000,invalid"
1372,transacciones.csv,153,OMITIDO,Tipo fuera del catalogo permitido: 'invalid' [hilo=batch-particion-2],"152,25/10/2024,1500,invalid"
1373,intereses.csv,25,OMITIDO,Edad fuera del rango permitido: '' [hilo=batch-particion-3],"111,Diana Prince,10000,,hipoteca"
1374,transacciones.csv,274,OMITIDO,Tipo fuera del catalogo permitido: 'invalid' [hilo=batch-particion-5],"273,26/04/2024,1000,invalid"
1375,transacciones.csv,156,OMITIDO,Tipo fuera del catalogo permitido: 'desconocido' [hilo=batch-particion-2],"155,22/12/2024,-200,desconocido"
1376,intereses.csv,26,OMITIDO,Tipo fuera del catalogo permitido: '-1' [hilo=batch-particion-3],"136,Charlie Green,8000,100,-1"
1377,intereses.csv,772,OMITIDO,Saldo vacio o no numerico: '' [hilo=batch-particion-4],"102,Charlie Green,,30,ahorro"
1378,intereses.csv,774,OMITIDO,Saldo vacio o no numerico: '' [hilo=batch-particion-4],"107,Jane Smith,,100,hipoteca"
1379,transacciones.csv,280,OMITIDO,Tipo fuera del catalogo permitido: 'invalid' [hilo=batch-particion-5],"279,2024-02-24,800,invalid"
1380,intereses.csv,27,OMITIDO,Saldo vacio o no numerico: '' [hilo=batch-particion-3],"146,Steve Rogers,,30,ahorro"
1381,transacciones.csv,161,OMITIDO,Tipo fuera del catalogo permitido: 'invalid' [hilo=batch-particion-2],"160,03/08/2024,1500,invalid"
1382,intereses.csv,775,OMITIDO,Tipo fuera del catalogo permitido: '-1' [hilo=batch-particion-4],"144,Charlie Green,8000,25,-1"
1383,intereses.csv,28,OMITIDO,Tipo fuera del catalogo permitido: '-1' [hilo=batch-particion-3],"134,Charlie Green,8000,150,-1"
1384,intereses.csv,776,OMITIDO,Tipo fuera del catalogo permitido: '-1' [hilo=batch-particion-4],"116,Steve Rogers,,40,-1"
1385,intereses.csv,30,OMITIDO,Saldo vacio o no numerico: '' [hilo=batch-particion-3],"107,Alice Brown,,25,prestamo"
1386,transacciones.csv,164,OMITIDO,Tipo fuera del catalogo permitido: 'desconocido' [hilo=batch-particion-2],"163,30-11-2024,3000,desconocido"
1387,transacciones.csv,283,OMITIDO,Monto vacio o no numerico: '' [hilo=batch-particion-5],"282,08/08/2024,,debito"
1388,cuentas_anuales.csv,318,OMITIDO,Monto vacio o no numerico: '' [hilo=batch-particion-1],"119,2024/02/29,compra,,Ingreso mensual"
1389,cuentas_anuales.csv,439,OMITIDO,Monto vacio o no numerico: '' [hilo=batch-particion-7],"118,09/06/2024,retiro,,Ingreso navideño"
1390,transacciones.csv,286,OMITIDO,Tipo fuera del catalogo permitido: 'desconocido' [hilo=batch-particion-5],"285,13/12/2024,1500,desconocido"
1391,transacciones.csv,165,OMITIDO,Tipo fuera del catalogo permitido: 'invalid' [hilo=batch-particion-2],"164,04-03-2024,3000,invalid"
1392,transacciones.csv,166,OMITIDO,Tipo fuera del catalogo permitido: 'invalid' [hilo=batch-particion-2],"165,2024-08-30,1000,invalid"
1393,intereses.csv,32,OMITIDO,Tipo fuera del catalogo permitido: 'unknown' [hilo=batch-particion-3],"103,Jane Smith,7000,40,unknown"
1394,intereses.csv,777,OMITIDO,Saldo vacio o no numerico: '' [hilo=batch-particion-4],"135,Bob Johnson,,40,hipoteca"
1395,intereses.csv,33,OMITIDO,Edad fuera del rango permitido: 100 (rango permitido 18-99) [hilo=batch-particion-3],"110,Jane Smith,8000,100,ahorro"
1396,intereses.csv,778,OMITIDO,Tipo fuera del catalogo permitido: '-1' [hilo=batch-particion-4],"139,Charlie Green,10000,,-1"
1397,intereses.csv,779,OMITIDO,Tipo fuera del catalogo permitido: '-1' [hilo=batch-particion-4],"138,Bob Johnson,8000,,-1"
1398,intereses.csv,34,OMITIDO,Saldo vacio o no numerico: '' [hilo=batch-particion-3],"116,Diana Prince,,,prestamo"
1399,transacciones.csv,168,OMITIDO,Monto vacio o no numerico: '' [hilo=batch-particion-2],"167,23/02/2024,,credito"
1400,intereses.csv,781,OMITIDO,Tipo fuera del catalogo permitido: 'unknown' [hilo=batch-particion-4],"123,Jane Smith,8000,40,unknown"
1401,intereses.csv,36,OMITIDO,Edad fuera del rango permitido: '' [hilo=batch-particion-3],"141,Unknown,7000,,ahorro"
1402,transacciones.csv,170,OMITIDO,Tipo fuera del catalogo permitido: 'invalid' [hilo=batch-particion-2],"169,2024/03/05,800,invalid"
1403,transacciones.csv,171,OMITIDO,Tipo fuera del catalogo permitido: 'invalid' [hilo=batch-particion-2],"170,2024/09/07,1200,invalid"
1404,transacciones.csv,292,OMITIDO,Tipo fuera del catalogo permitido: 'invalid' [hilo=batch-particion-5],"291,2024-04-17,1000,invalid"
1405,intereses.csv,782,OMITIDO,Edad fuera del rango permitido: 100 (rango permitido 18-99) [hilo=batch-particion-4],"127,Jane Smith,8000,100,ahorro"
1406,transacciones.csv,294,OMITIDO,Tipo fuera del catalogo permitido: 'invalid' [hilo=batch-particion-5],"293,18/10/2024,1500,invalid"
1407,intereses.csv,783,OMITIDO,Tipo fuera del catalogo permitido: '-1' [hilo=batch-particion-4],"145,Bob Johnson,12000,25,-1"
1408,cuentas_anuales.csv,707,OMITIDO,Monto vacio o no numerico: '' [hilo=batch-particion-8],"103,13-09-2024,compra,,"
1409,intereses.csv,784,OMITIDO,Saldo vacio o no numerico: '' [hilo=batch-particion-4],"128,Jane Smith,,45,hipoteca"
1410,transacciones.csv,295,OMITIDO,Tipo fuera del catalogo permitido: 'desconocido' [hilo=batch-particion-5],"294,2024/07/01,700,desconocido"
1411,intereses.csv,37,OMITIDO,Tipo fuera del catalogo permitido: '-1' [hilo=batch-particion-3],"120,John Doe,,,-1"
1412,transacciones.csv,296,OMITIDO,Monto vacio o no numerico: '' [hilo=batch-particion-5],"295,2024-06-12,,invalid"
1413,transacciones.csv,172,OMITIDO,Monto vacio o no numerico: '' [hilo=batch-particion-2],"171,14-05-2024,,debito"
1414,intereses.csv,785,OMITIDO,Edad fuera del rango permitido: '' [hilo=batch-particion-4],"133,John Doe,12000,,prestamo"
1415,intereses.csv,39,OMITIDO,Tipo fuera del catalogo permitido: '-1' [hilo=batch-particion-3],"140,John Doe,,45,-1"
1416,transacciones.csv,175,OMITIDO,Monto vacio o no numerico: '' [hilo=batch-particion-2],"174,2024-10-26,,invalid"
1417,intereses.csv,786,OMITIDO,Tipo fuera del catalogo permitido: '-1' [hilo=batch-particion-4],"145,Jane Smith,7000,100,-1"
1418,intereses.csv,40,OMITIDO,Saldo vacio o no numerico: '' [hilo=batch-particion-3],"107,Diana Prince,,25,ahorro"
1419,transacciones.csv,176,OMITIDO,Tipo fuera del catalogo permitido: 'invalid' [hilo=batch-particion-2],"175,24-09-2024,1500,invalid"
1420,transacciones.csv,297,OMITIDO,Monto vacio o no numerico: '' [hilo=batch-particion-5],"296,09/12/2024,,debito"
1421,transacciones.csv,298,OMITIDO,Tipo fuera del catalogo permitido: 'desconocido' [hilo=batch-particion-5],"297,2024-08-19,1000,desconocido"
1422,intereses.csv,43,OMITIDO,Saldo vacio o no numerico: '' [hilo=batch-particion-3],"150,Charlie Green,,40,hipoteca"
1423,transacciones.csv,299,OMITIDO,Fecha ilegible o inexistente: 2024-13-01 [hilo=batch-particion-5],"298,2024-13-01,700,debito"
1424,intereses.csv,787,OMITIDO,Tipo fuera del catalogo permitido: 'unknown' [hilo=batch-particion-4],"145,Charlie Green,10000,30,unknown"
1425,intereses.csv,44,OMITIDO,Saldo vacio o no numerico: '' [hilo=batch-particion-3],"137,Steve Rogers,,35,prestamo"
1426,transacciones.csv,300,OMITIDO,Tipo fuera del catalogo permitido: 'invalid' [hilo=batch-particion-5],"299,2024-10-10,700,invalid"
1427,intereses.csv,788,OMITIDO,Edad fuera del rango permitido: 100 (rango permitido 18-99) [hilo=batch-particion-4],"124,Steve Rogers,10000,100,hipoteca"
1428,transacciones.csv,177,OMITIDO,Tipo fuera del catalogo permitido: 'invalid' [hilo=batch-particion-2],"176,2024-06-07,1000,invalid"
1429,intereses.csv,45,OMITIDO,Tipo fuera del catalogo permitido: '-1' [hilo=batch-particion-3],"126,Jane Smith,5000,25,-1"
1430,transacciones.csv,301,OMITIDO,Tipo fuera del catalogo permitido: 'invalid' [hilo=batch-particion-5],"300,2024-03-28,1500,invalid"
1431,intereses.csv,789,OMITIDO,Saldo vacio o no numerico: '' [hilo=batch-particion-4],"140,Charlie Green,,35,hipoteca"
1432,transacciones.csv,181,OMITIDO,Tipo fuera del catalogo permitido: 'desconocido' [hilo=batch-particion-2],"180,28/05/2024,1000,desconocido"
1433,cuentas_anuales.csv,472,OMITIDO,Monto vacio o no numerico: '' [hilo=batch-particion-7],"116,2024/03/10,retiro,,Ingreso mensual"
1434,intereses.csv,790,OMITIDO,Saldo vacio o no numerico: '' [hilo=batch-particion-4],"114,Bob Johnson,,,prestamo"
1435,intereses.csv,791,OMITIDO,Edad fuera del rango permitido: '' [hilo=batch-particion-4],"101,Bob Johnson,8000,,ahorro"
1436,cuentas_anuales.csv,228,OMITIDO,Monto vacio o no numerico: '' [hilo=batch-particion-6],"107,21-03-2024,deposito,,Compra en tienda"
1437,transacciones.csv,303,OMITIDO,Monto vacio o no numerico: '' [hilo=batch-particion-5],"302,16/10/2024,,debito"
1438,intereses.csv,48,OMITIDO,Tipo fuera del catalogo permitido: '-1' [hilo=batch-particion-3],"104,Steve Rogers,8000,45,-1"
1439,cuentas_anuales.csv,363,OMITIDO,Monto vacio o no numerico: '' [hilo=batch-particion-1],"105,17/12/2024,retiro,,Retiro parcial"
1440,transacciones.csv,305,OMITIDO,Tipo fuera del catalogo permitido: 'invalid' [hilo=batch-particion-5],"304,03-03-2024,1000,invalid"
1441,transacciones.csv,182,OMITIDO,Tipo fuera del catalogo permitido: 'invalid' [hilo=batch-particion-2],"181,2024/09/08,800,invalid"
1442,intereses.csv,49,OMITIDO,Saldo vacio o no numerico: '' [hilo=batch-particion-3],"143,Charlie Green,,150,hipoteca"
1443,transacciones.csv,186,OMITIDO,Fecha ilegible o inexistente: 2024-13-01 [hilo=batch-particion-2],"185,2024-13-01,1000,debito"
1444,transacciones.csv,306,OMITIDO,Tipo fuera del catalogo permitido: 'invalid' [hilo=batch-particion-5],"305,18-10-2024,700,invalid"
1445,intereses.csv,50,OMITIDO,Tipo fuera del catalogo permitido: '-1' [hilo=batch-particion-3],"133,Steve Rogers,,100,-1"
1446,intereses.csv,792,OMITIDO,Tipo fuera del catalogo permitido: '-1' [hilo=batch-particion-4],"128,Jane Smith,8000,25,-1"
1447,intereses.csv,51,OMITIDO,Tipo fuera del catalogo permitido: '-1' [hilo=batch-particion-3],"121,Alice Brown,12000,100,-1"
1448,intereses.csv,794,OMITIDO,Edad fuera del rango permitido: '' [hilo=batch-particion-4],"111,Jane Smith,7000,,ahorro"
1449,cuentas_anuales.csv,371,OMITIDO,Monto vacio o no numerico: '' [hilo=batch-particion-1],"104,2024-07-17,compra,,Retiro parcial"
1450,intereses.csv,795,OMITIDO,Edad fuera del rango permitido: 100 (rango permitido 18-99) [hilo=batch-particion-4],"145,Steve Rogers,12000,100,ahorro"
1451,intereses.csv,796,OMITIDO,Tipo fuera del catalogo permitido: '-1' [hilo=batch-particion-4],"114,Steve Rogers,5000,,-1"
1452,transacciones.csv,187,OMITIDO,Tipo fuera del catalogo permitido: 'invalid' [hilo=batch-particion-2],"186,2024-01-04,3000,invalid"
1453,transacciones.csv,307,OMITIDO,Monto vacio o no numerico: '' [hilo=batch-particion-5],"306,2024-07-08,,invalid"
1454,cuentas_anuales.csv,491,OMITIDO,Monto vacio o no numerico: '' [hilo=batch-particion-7],"104,31/05/2024,retiro,,"
1455,intereses.csv,53,OMITIDO,Edad fuera del rango permitido: 150 (rango permitido 18-99) [hilo=batch-particion-3],"104,Jane Smith,12000,150,ahorro"
1456,transacciones.csv,190,OMITIDO,Tipo fuera del catalogo permitido: 'invalid' [hilo=batch-particion-2],"189,2024-01-17,800,invalid"
1457,transacciones.csv,308,OMITIDO,Monto vacio o no numerico: '' [hilo=batch-particion-5],"307,02/01/2024,,credito"
1458,intereses.csv,54,OMITIDO,Edad fuera del rango permitido: 100 (rango permitido 18-99) [hilo=batch-particion-3],"127,John Doe,5000,100,hipoteca"
1459,cuentas_anuales.csv,246,OMITIDO,Monto vacio o no numerico: '' [hilo=batch-particion-6],"107,08/12/2024,compra,,Retiro parcial"
1460,transacciones.csv,309,OMITIDO,Fecha ilegible o inexistente: 2024-13-01 [hilo=batch-particion-5],"308,2024-13-01,,invalid"
1461,intereses.csv,797,OMITIDO,Tipo fuera del catalogo permitido: '-1' [hilo=batch-particion-4],"119,John Doe,12000,35,-1"
1462,intereses.csv,56,OMITIDO,Edad fuera del rango permitido: '' [hilo=batch-particion-3],"123,Diana Prince,7000,,hipoteca"
1463,cuentas_anuales.csv,374,OMITIDO,Monto vacio o no numerico: '' [hilo=batch-particion-1],"111,04/05/2024,deposito,,Ingreso navideño"
1464,transacciones.csv,311,OMITIDO,Tipo fuera del catalogo permitido: 'invalid' [hilo=batch-particion-5],"310,14/12/2024,1000,invalid"
1465,intereses.csv,798,OMITIDO,Edad fuera del rango permitido: 100 (rango permitido 18-99) [hilo=batch-particion-4],"101,Bob Johnson,12000,100,hipoteca"
1466,intereses.csv,799,OMITIDO,Tipo fuera del catalogo permitido: '-1' [hilo=batch-particion-4],"107,Unknown,10000,30,-1"
1467,cuentas_anuales.csv,249,OMITIDO,Monto vacio o no numerico: '' [hilo=batch-particion-6],"106,19/10/2024,deposito,,"
1468,transacciones.csv,192,OMITIDO,Monto vacio o no numerico: '' [hilo=batch-particion-2],"191,26-07-2024,,invalid"
1469,intereses.csv,57,OMITIDO,Tipo fuera del catalogo permitido: '-1' [hilo=batch-particion-3],"138,Alice Brown,5000,,-1"
1470,intereses.csv,800,OMITIDO,Saldo vacio o no numerico: '' [hilo=batch-particion-4],"105,Steve Rogers,,35,hipoteca"
1471,transacciones.csv,194,OMITIDO,Tipo fuera del catalogo permitido: 'invalid' [hilo=batch-particion-2],"193,2024-01-16,1500,invalid"
1472,transacciones.csv,312,OMITIDO,Fecha ilegible o inexistente: 2024-13-01 [hilo=batch-particion-5],"311,2024-13-01,1000,credito"
1473,intereses.csv,58,OMITIDO,Edad fuera del rango permitido: '' [hilo=batch-particion-3],"121,Steve Rogers,8000,,hipoteca"
1474,intereses.csv,801,OMITIDO,Saldo vacio o no numerico: '' [hilo=batch-particion-4],"104,John Doe,,45,ahorro"
1475,transacciones.csv,313,OMITIDO,Tipo fuera del catalogo permitido: 'desconocido' [hilo=batch-particion-5],"312,24/06/2024,1200,desconocido"
1476,transacciones.csv,314,OMITIDO,Tipo fuera del catalogo permitido: 'invalid' [hilo=batch-particion-5],"313,16/10/2024,-200,invalid"
1477,intereses.csv,59,OMITIDO,Edad fuera del rango permitido: 150 (rango permitido 18-99) [hilo=batch-particion-3],"107,Charlie Green,10000,150,hipoteca"
1478,transacciones.csv,315,OMITIDO,Tipo fuera del catalogo permitido: 'invalid' [hilo=batch-particion-5],"314,22/03/2024,-200,invalid"
1479,intereses.csv,60,OMITIDO,Tipo fuera del catalogo permitido: '-1' [hilo=batch-particion-3],"119,John Doe,10000,100,-1"
1480,transacciones.csv,200,OMITIDO,Tipo fuera del catalogo permitido: 'invalid' [hilo=batch-particion-2],"199,01/06/2024,700,invalid"
1481,transacciones.csv,316,OMITIDO,Fecha ilegible o inexistente: 2024-13-01 [hilo=batch-particion-5],"315,2024-13-01,1200,debito"
1482,intereses.csv,802,OMITIDO,Edad fuera del rango permitido: '' [hilo=batch-particion-4],"122,Bob Johnson,10000,,ahorro"
1483,transacciones.csv,201,OMITIDO,Monto vacio o no numerico: '' [hilo=batch-particion-2],"200,2024/10/13,,invalid"
1484,intereses.csv,803,OMITIDO,Edad fuera del rango permitido: 100 (rango permitido 18-99) [hilo=batch-particion-4],"128,Steve Rogers,8000,100,ahorro"
1485,intereses.csv,804,OMITIDO,Tipo fuera del catalogo permitido: '-1' [hilo=batch-particion-4],"117,Jane Smith,,25,-1"
1486,intereses.csv,62,OMITIDO,Edad fuera del rango permitido: 100 (rango permitido 18-99) [hilo=batch-particion-3],"132,Jane Smith,10000,100,hipoteca"
1487,cuentas_anuales.csv,878,OMITIDO,Monto vacio o no numerico: '' [hilo=batch-particion-8],"101,27-05-2024,deposito,,Ingreso navideño"
1488,intereses.csv,805,OMITIDO,Edad fuera del rango permitido: 100 (rango permitido 18-99) [hilo=batch-particion-4],"135,Alice Brown,8000,100,ahorro"
1489,intereses.csv,63,OMITIDO,Edad fuera del rango permitido: '' [hilo=batch-particion-3],"137,Bob Johnson,8000,,ahorro"
1490,transacciones.csv,317,OMITIDO,Monto vacio o no numerico: '' [hilo=batch-particion-5],"316,2024/04/01,,credito"
1491,intereses.csv,806,OMITIDO,Saldo vacio o no numerico: '' [hilo=batch-particion-4],"149,Alice Brown,,35,ahorro"
1492,transacciones.csv,203,OMITIDO,Monto vacio o no numerico: '' [hilo=batch-particion-2],"202,09-01-2024,,debito"
1493,intereses.csv,64,OMITIDO,Saldo vacio o no numerico: '' [hilo=batch-particion-3],"139,Bob Johnson,,35,prestamo"
1494,transacciones.csv,318,OMITIDO,Tipo fuera del catalogo permitido: 'invalid' [hilo=batch-particion-5],"317,19-01-2024,800,invalid"
1495,cuentas_anuales.csv,6,OMITIDO,Monto vacio o no numerico: '' [hilo=batch-particion-1],"120,2024/04/11,compra,,Ingreso mensual"
1496,transacciones.csv,204,OMITIDO,Fecha ilegible o inexistente: 2024-13-01 [hilo=batch-particion-2],"203,2024-13-01,1200,debito"
1497,intereses.csv,65,OMITIDO,Edad fuera del rango permitido: '' [hilo=batch-particion-3],"102,Alice Brown,8000,,ahorro"
1498,transacciones.csv,319,OMITIDO,Tipo fuera del catalogo permitido: 'invalid' [hilo=batch-particion-5],"318,2024-06-04,1500,invalid"
1499,cuentas_anuales.csv,886,OMITIDO,Monto vacio o no numerico: '' [hilo=batch-particion-8],"102,29/11/2024,compra,,Compra en tienda"
1500,transacciones.csv,206,OMITIDO,Tipo fuera del catalogo permitido: 'invalid' [hilo=batch-particion-2],"205,07-08-2024,1000,invalid"
1501,transacciones.csv,320,OMITIDO,Tipo fuera del catalogo permitido: 'invalid' [hilo=batch-particion-5],"319,2024-05-08,-200,invalid"
1502,transacciones.csv,321,OMITIDO,Tipo fuera del catalogo permitido: 'invalid' [hilo=batch-particion-5],"320,29/02/2024,700,invalid"
1503,intereses.csv,808,OMITIDO,Tipo fuera del catalogo permitido: '-1' [hilo=batch-particion-4],"125,Bob Johnson,10000,30,-1"
1504,intereses.csv,809,OMITIDO,Edad fuera del rango permitido: 100 (rango permitido 18-99) [hilo=batch-particion-4],"126,John Doe,10000,100,prestamo"
1505,transacciones.csv,209,OMITIDO,Monto vacio o no numerico: '' [hilo=batch-particion-2],"208,2024/01/29,,invalid"
1506,intereses.csv,67,OMITIDO,Saldo vacio o no numerico: '' [hilo=batch-particion-3],"141,Bob Johnson,,,ahorro"
1507,intereses.csv,810,OMITIDO,Saldo vacio o no numerico: '' [hilo=batch-particion-4],"138,Bob Johnson,,35,prestamo"
1508,intereses.csv,68,OMITIDO,Tipo fuera del catalogo permitido: '-1' [hilo=batch-particion-3],"140,Bob Johnson,8000,40,-1"
1509,transacciones.csv,210,OMITIDO,Fecha ilegible o inexistente: 2024-13-01 [hilo=batch-particion-2],"209,2024-13-01,1200,debito"
1510,transacciones.csv,323,OMITIDO,Monto vacio o no numerico: '' [hilo=batch-particion-5],"322,2024-01-28,,invalid"
1511,cuentas_anuales.csv,516,OMITIDO,Monto vacio o no numerico: '' [hilo=batch-particion-7],"113,13/12/2024,compra,,Ingreso navideño"
1512,intereses.csv,69,OMITIDO,Edad fuera del rango permitido: '' [hilo=batch-particion-3],"126,Alice Brown,12000,,prestamo"
1513,transacciones.csv,325,OMITIDO,Tipo fuera del catalogo permitido: 'invalid' [hilo=batch-particion-5],"324,23/09/2024,800,invalid"
1514,intereses.csv,71,OMITIDO,Edad fuera del rango permitido: 100 (rango permitido 18-99) [hilo=batch-particion-3],"123,John Doe,12000,100,prestamo"
1515,intereses.csv,813,OMITIDO,Edad fuera del rango permitido: '' [hilo=batch-particion-4],"102,Jane Smith,12000,,hipoteca"
1516,transacciones.csv,212,OMITIDO,Tipo fuera del catalogo permitido: 'invalid' [hilo=batch-particion-2],"211,2024-04-18,800,invalid"
1517,cuentas_anuales.csv,901,OMITIDO,Monto vacio o no numerico: '' [hilo=batch-particion-8],"116,18/12/2024,deposito,,Ingreso navideño"
1518,transacciones.csv,215,OMITIDO,Monto vacio o no numerico: '' [hilo=batch-particion-2],"214,2024/04/15,,desconocido"
1519,intereses.csv,814,OMITIDO,Tipo fuera del catalogo permitido: '-1' [hilo=batch-particion-4],"120,Diana Prince,12000,45,-1"
1520,transacciones.csv,327,OMITIDO,Tipo fuera del catalogo permitido: 'invalid' [hilo=batch-particion-5],"326,2024/12/15,1200,invalid"
1521,intereses.csv,815,OMITIDO,Tipo fuera del catalogo permitido: '-1' [hilo=batch-particion-4],"101,Bob Johnson,10000,35,-1"
1522,transacciones.csv,328,OMITIDO,Tipo fuera del catalogo permitido: 'desconocido' [hilo=batch-particion-5],"327,30-04-2024,-200,desconocido"
1523,intereses.csv,74,OMITIDO,Tipo fuera del catalogo permitido: '-1' [hilo=batch-particion-3],"107,Diana Prince,,25,-1"
1524,transacciones.csv,330,OMITIDO,Tipo fuera del catalogo permitido: 'invalid' [hilo=batch-particion-5],"329,2024-05-02,700,invalid"
1525,intereses.csv,816,OMITIDO,Tipo fuera del catalogo permitido: '-1' [hilo=batch-particion-4],"121,Alice Brown,5000,,-1"
1526,cuentas_anuales.csv,526,OMITIDO,Monto vacio o no numerico: '' [hilo=batch-particion-7],"102,2024/12/27,retiro,,Compra en tienda"
1527,intereses.csv,75,OMITIDO,Edad fuera del rango permitido: '' [hilo=batch-particion-3],"107,Unknown,5000,,ahorro"
1528,transacciones.csv,217,OMITIDO,Tipo fuera del catalogo permitido: 'desconocido' [hilo=batch-particion-2],"216,2024-03-05,-200,desconocido"
1529,transacciones.csv,331,OMITIDO,Monto vacio o no numerico: '' [hilo=batch-particion-5],"330,04/12/2024,,credito"
1530,intereses.csv,76,OMITIDO,Tipo fuera del catalogo permitido: '-1' [hilo=batch-particion-3],"120,Bob Johnson,,40,-1"
1531,cuentas_anuales.csv,909,OMITIDO,Monto vacio o no numerico: '' [hilo=batch-particion-8],"107,06/04/2024,retiro,,Ingreso mensual"
1532,cuentas_anuales.csv,790,OMITIDO,Monto vacio o no numerico: '' [hilo=batch-particion-6],"110,08-02-2024,compra,,Retiro parcial"
1533,intereses.csv,817,OMITIDO,Saldo vacio o no numerico: '' [hilo=batch-particion-4],"127,Bob Johnson,,,prestamo"
1534,cuentas_anuales.csv,530,OMITIDO,Monto vacio o no numerico: '' [hilo=batch-particion-7],"116,04-04-2024,compra,,Ingreso navideño"
1535,transacciones.csv,334,OMITIDO,Monto vacio o no numerico: '' [hilo=batch-particion-5],"333,22-02-2024,,debito"
1536,transacciones.csv,222,OMITIDO,Tipo fuera del catalogo permitido: 'invalid' [hilo=batch-particion-2],"221,19-06-2024,1200,invalid"
1537,intereses.csv,77,OMITIDO,Tipo fuera del catalogo permitido: '-1' [hilo=batch-particion-3],"111,Charlie Green,12000,40,-1"
1538,transacciones.csv,226,OMITIDO,Monto vacio o no numerico: '' [hilo=batch-particion-2],"225,2024/04/01,,desconocido"
1539,cuentas_anuales.csv,793,OMITIDO,Monto vacio o no numerico: '' [hilo=batch-particion-6],"105,01/09/2024,deposito,,Ingreso mensual"
1540,intereses.csv,79,OMITIDO,Saldo vacio o no numerico: '' [hilo=batch-particion-3],"120,Unknown,,40,prestamo"
1541,intereses.csv,825,OMITIDO,Tipo fuera del catalogo permitido: '-1' [hilo=batch-particion-4],"108,John Doe,,,-1"
1542,transacciones.csv,337,OMITIDO,Tipo fuera del catalogo permitido: 'invalid' [hilo=batch-particion-5],"336,2024/03/14,800,invalid"
1543,intereses.csv,81,OMITIDO,Edad fuera del rango permitido: 100 (rango permitido 18-99) [hilo=batch-particion-3],"137,Alice Brown,8000,100,hipoteca"
1544,intereses.csv,826,OMITIDO,Tipo fuera del catalogo permitido: '-1' [hilo=batch-particion-4],"134,John Doe,5000,45,-1"
1545,transacciones.csv,229,OMITIDO,Tipo fuera del catalogo permitido: 'invalid' [hilo=batch-particion-2],"228,2024-07-12,1500,invalid"
1546,transacciones.csv,339,OMITIDO,Tipo fuera del catalogo permitido: 'invalid' [hilo=batch-particion-5],"338,2024/06/19,800,invalid"
1547,transacciones.csv,230,OMITIDO,Monto vacio o no numerico: '' [hilo=batch-particion-2],"229,22-10-2024,,invalid"
1548,transacciones.csv,340,OMITIDO,Monto vacio o no numerico: '' [hilo=batch-particion-5],"339,06-06-2024,,invalid"
1549,cuentas_anuales.csv,53,OMITIDO,Monto vacio o no numerico: '' [hilo=batch-particion-1],"102,2024/11/05,retiro,,Ingreso navideño"
1550,intereses.csv,82,OMITIDO,Tipo fuera del catalogo permitido: '-1' [hilo=batch-particion-3],"119,Bob Johnson,10000,25,-1"
1551,transacciones.csv,231,OMITIDO,Tipo fuera del catalogo permitido: 'invalid' [hilo=batch-particion-2],"230,13/01/2024,-100,invalid"
1552,intereses.csv,827,OMITIDO,Saldo vacio o no numerico: '' [hilo=batch-particion-4],"105,Alice Brown,,30,ahorro"
1553,intereses.csv,83,OMITIDO,Tipo fuera del catalogo permitido: '-1' [hilo=batch-particion-3],"136,Charlie Green,10000,35,-1"
1554,intereses.csv,828,OMITIDO,Tipo fuera del catalogo permitido: '-1' [hilo=batch-particion-4],"138,Diana Prince,10000,30,-1"
1555,intereses.csv,84,OMITIDO,Tipo fuera del catalogo permitido: '-1' [hilo=batch-particion-3],"130,Charlie Green,,25,-1"
1556,transacciones.csv,342,OMITIDO,Tipo fuera del catalogo permitido: 'invalid' [hilo=batch-particion-5],"341,2024-01-28,-200,invalid"
1557,transacciones.csv,232,OMITIDO,Tipo fuera del catalogo permitido: 'invalid' [hilo=batch-particion-2],"231,2024/12/25,0,invalid"
1558,intereses.csv,829,OMITIDO,Edad fuera del rango permitido: 100 (rango permitido 18-99) [hilo=batch-particion-4],"113,Bob Johnson,5000,100,hipoteca"
1559,transacciones.csv,343,OMITIDO,Monto vacio o no numerico: '' [hilo=batch-particion-5],"342,08-07-2024,,debito"
1560,intereses.csv,85,OMITIDO,Tipo fuera del catalogo permitido: '-1' [hilo=batch-particion-3],"137,John Doe,,40,-1"
1561,intereses.csv,830,OMITIDO,Edad fuera del rango permitido: '' [hilo=batch-particion-4],"134,Steve Rogers,5000,,prestamo"
1562,transacciones.csv,233,OMITIDO,Tipo fuera del catalogo permitido: 'invalid' [hilo=batch-particion-2],"232,04/02/2024,1500,invalid"
1563,transacciones.csv,344,OMITIDO,Tipo fuera del catalogo permitido: 'invalid' [hilo=batch-particion-5],"343,08-01-2024,3000,invalid"
1564,intereses.csv,86,OMITIDO,Tipo fuera del catalogo permitido: '-1' [hilo=batch-particion-3],"102,Bob Johnson,8000,45,-1"
1565,intereses.csv,831,OMITIDO,Tipo fuera del catalogo permitido: '-1' [hilo=batch-particion-4],"147,Steve Rogers,10000,150,-1"
1566,transacciones.csv,236,OMITIDO,Tipo fuera del catalogo permitido: 'invalid' [hilo=batch-particion-2],"235,07-04-2024,800,invalid"
1567,transacciones.csv,346,OMITIDO,Tipo fuera del catalogo permitido: 'invalid' [hilo=batch-particion-5],"345,19/11/2024,700,invalid"
1568,cuentas_anuales.csv,940,OMITIDO,Monto vacio o no numerico: '' [hilo=batch-particion-8],"117,19-04-2024,retiro,,Retiro parcial"
1569,cuentas_anuales.csv,70,OMITIDO,Monto vacio o no numerico: '' [hilo=batch-particion-1],"104,2024/07/31,deposito,,Compra en tienda"
1570,intereses.csv,87,OMITIDO,Tipo fuera del catalogo permitido: '-1' [hilo=batch-particion-3],"114,Charlie Green,10000,,-1"
1571,intereses.csv,834,OMITIDO,Edad fuera del rango permitido: 100 (rango permitido 18-99) [hilo=batch-particion-4],"149,Alice Brown,10000,100,prestamo"
1572,intereses.csv,88,OMITIDO,Edad fuera del rango permitido: '' [hilo=batch-particion-3],"112,Steve Rogers,10000,,ahorro"
1573,intereses.csv,836,OMITIDO,Saldo vacio o no numerico: '' [hilo=batch-particion-4],"131,Charlie Green,,25,ahorro"
1574,transacciones.csv,347,OMITIDO,Tipo fuera del catalogo permitido: 'invalid' [hilo=batch-particion-5],"346,2024/10/12,1500,invalid"
1575,intereses.csv,89,OMITIDO,Tipo fuera del catalogo permitido: '-1' [hilo=batch-particion-3],"140,Jane Smith,,35,-1"
1576,transacciones.csv,243,OMITIDO,Monto vacio o no numerico: '' [hilo=batch-particion-2],"242,24-07-2024,,credito"
1577,cuentas_anuales.csv,72,OMITIDO,Monto vacio o no numerico: '' [hilo=batch-particion-1],"117,2024-01-12,retiro,,Ingreso extra"
1578,intereses.csv,90,OMITIDO,Tipo fuera del catalogo permitido: '-1' [hilo=batch-particion-3],"110,Charlie Green,7000,25,-1"
1579,transacciones.csv,348,OMITIDO,Tipo fuera del catalogo permitido: 'invalid' [hilo=batch-particion-5],"347,20-05-2024,3000,invalid"
1580,transacciones.csv,245,OMITIDO,Tipo fuera del catalogo permitido: 'desconocido' [hilo=batch-particion-2],"244,2024-07-23,3000,desconocido"
1581,intereses.csv,837,OMITIDO,Tipo fuera del catalogo permitido: '-1' [hilo=batch-particion-4],"111,Alice Brown,8000,,-1"
1582,intereses.csv,839,OMITIDO,Saldo vacio o no numerico: '' [hilo=batch-particion-4],"121,Charlie Green,,45,prestamo"
1583,intereses.csv,94,OMITIDO,Edad fuera del rango permitido: '' [hilo=batch-particion-3],"149,Bob Johnson,8000,,ahorro"
1584,transacciones.csv,248,OMITIDO,Monto vacio o no numerico: '' [hilo=batch-particion-2],"247,13/05/2024,,debito"
1585,transacciones.csv,353,OMITIDO,Tipo fuera del catalogo permitido: 'invalid' [hilo=batch-particion-5],"352,02/02/2024,-200,invalid"
1586,cuentas_anuales.csv,581,OMITIDO,Monto vacio o no numerico: '' [hilo=batch-particion-7],"105,2024/03/11,retiro,,Ingreso navideño"
1587,transacciones.csv,249,OMITIDO,Monto vacio o no numerico: '' [hilo=batch-particion-2],"248,10-12-2024,,invalid"
1588,intereses.csv,842,OMITIDO,Edad fuera del rango permitido: '' [hilo=batch-particion-4],"129,Steve Rogers,10000,,prestamo"
1589,transacciones.csv,354,OMITIDO,Monto vacio o no numerico: '' [hilo=batch-particion-5],"353,18-04-2024,,credito"
1590,transacciones.csv,250,OMITIDO,Tipo fuera del catalogo permitido: 'invalid' [hilo=batch-particion-2],"249,19/06/2024,1200,invalid"
1591,transacciones.csv,355,OMITIDO,Monto vacio o no numerico: '' [hilo=batch-particion-5],"354,10/01/2024,,debito"
1592,intereses.csv,97,OMITIDO,Tipo fuera del catalogo permitido: '-1' [hilo=batch-particion-3],"122,Bob Johnson,,100,-1"
1593,intereses.csv,98,OMITIDO,Edad fuera del rango permitido: '' [hilo=batch-particion-3],"102,Jane Smith,7000,,prestamo"
1594,intereses.csv,847,OMITIDO,Tipo fuera del catalogo permitido: '-1' [hilo=batch-particion-4],"106,John Doe,5000,25,-1"
1595,cuentas_anuales.csv,966,OMITIDO,Monto vacio o no numerico: '' [hilo=batch-particion-8],"111,07-03-2024,deposito,,Ingreso mensual"
1596,intereses.csv,99,OMITIDO,Edad fuera del rango permitido: 150 (rango permitido 18-99) [hilo=batch-particion-3],"138,John Doe,12000,150,prestamo"
1597,cuentas_anuales.csv,842,OMITIDO,Monto vacio o no numerico: '' [hilo=batch-particion-6],"114,2024-05-18,deposito,,Retiro parcial"
1598,intereses.csv,851,OMITIDO,Tipo fuera del catalogo permitido: 'unknown' [hilo=batch-particion-4],"108,Diana Prince,5000,25,unknown"
1599,intereses.csv,101,OMITIDO,Tipo fuera del catalogo permitido: 'unknown' [hilo=batch-particion-3],"139,Alice Brown,5000,100,unknown"
1600,transacciones.csv,358,OMITIDO,Fecha ilegible o inexistente: 2024-13-01 [hilo=batch-particion-5],"357,2024-13-01,1000,credito"
1601,transacciones.csv,359,OMITIDO,Monto vacio o no numerico: '' [hilo=batch-particion-5],"358,2024/10/10,,invalid"
1602,cuentas_anuales.csv,98,OMITIDO,Monto vacio o no numerico: '' [hilo=batch-particion-1],"117,2024-05-18,deposito,,Ingreso mensual"
1603,cuentas_anuales.csv,849,OMITIDO,Monto vacio o no numerico: '' [hilo=batch-particion-6],"112,2024/08/11,deposito,,"
1604,intereses.csv,853,OMITIDO,Edad fuera del rango permitido: 100 (rango permitido 18-99) [hilo=batch-particion-4],"104,John Doe,7000,100,prestamo"
1605,transacciones.csv,360,OMITIDO,Monto vacio o no numerico: '' [hilo=batch-particion-5],"359,04/08/2024,,debito"
1606,cuentas_anuales.csv,851,OMITIDO,Monto vacio o no numerico: '' [hilo=batch-particion-6],"107,2024-02-07,deposito,,Ingreso navideño"
1607,transacciones.csv,361,OMITIDO,Tipo fuera del catalogo permitido: 'invalid' [hilo=batch-particion-5],"360,23-04-2024,700,invalid"
1608,intereses.csv,102,OMITIDO,Edad fuera del rango permitido: '' [hilo=batch-particion-3],"136,Alice Brown,10000,,ahorro"
1609,intereses.csv,855,OMITIDO,Edad fuera del rango permitido: 100 (rango permitido 18-99) [hilo=batch-particion-4],"117,Bob Johnson,5000,100,prestamo"
1610,intereses.csv,856,OMITIDO,Edad fuera del rango permitido: 100 (rango permitido 18-99) [hilo=batch-particion-4],"141,Jane Smith,12000,100,prestamo"
1611,intereses.csv,103,OMITIDO,Tipo fuera del catalogo permitido: '-1' [hilo=batch-particion-3],"103,Charlie Green,8000,30,-1"
1612,intereses.csv,377,OMITIDO,Tipo fuera del catalogo permitido: '-1' [hilo=batch-particion-2],"120,Jane Smith,5000,150,-1"
1613,intereses.csv,104,OMITIDO,Edad fuera del rango permitido: 100 (rango permitido 18-99) [hilo=batch-particion-3],"147,Bob Johnson,7000,100,hipoteca"
1614,cuentas_anuales.csv,605,OMITIDO,Monto vacio o no numerico: '' [hilo=batch-particion-7],"109,2024-09-03,retiro,,Ingreso navideño"
1615,intereses.csv,378,OMITIDO,Tipo fuera del catalogo permitido: 'unknown' [hilo=batch-particion-2],"146,John Doe,,45,unknown"
1616,transacciones.csv,362,OMITIDO,Monto vacio o no numerico: '' [hilo=batch-particion-5],"361,08/05/2024,,invalid"
1617,cuentas_anuales.csv,856,OMITIDO,Monto vacio o no numerico: '' [hilo=batch-particion-6],"118,20/05/2024,retiro,,Ingreso mensual"
1618,intereses.csv,105,OMITIDO,Tipo fuera del catalogo permitido: '-1' [hilo=batch-particion-3],"127,Alice Brown,7000,,-1"
1619,transacciones.csv,364,OMITIDO,Tipo fuera del catalogo permitido: 'invalid' [hilo=batch-particion-5],"363,2024/01/09,1000,invalid"
1620,intereses.csv,379,OMITIDO,Edad fuera del rango permitido: 100 (rango permitido 18-99) [hilo=batch-particion-2],"132,Bob Johnson,8000,100,prestamo"
1621,intereses.csv,857,OMITIDO,Edad fuera del rango permitido: 150 (rango permitido 18-99) [hilo=batch-particion-4],"115,Alice Brown,12000,150,prestamo"
1622,intereses.csv,106,OMITIDO,Tipo fuera del catalogo permitido: '-1' [hilo=batch-particion-3],"149,Alice Brown,10000,25,-1"
1623,intereses.csv,860,OMITIDO,Tipo fuera del catalogo permitido: '-1' [hilo=batch-particion-4],"113,Steve Rogers,8000,25,-1"
1624,intereses.csv,380,OMITIDO,Tipo fuera del catalogo permitido: '-1' [hilo=batch-particion-2],"112,Jane Smith,,100,-1"
1625,intereses.csv,861,OMITIDO,Saldo vacio o no numerico: '' [hilo=batch-particion-4],"101,Bob Johnson,,100,prestamo"
1626,transacciones.csv,370,OMITIDO,Tipo fuera del catalogo permitido: 'desconocido' [hilo=batch-particion-5],"369,2024/09/29,800,desconocido"
1627,intereses.csv,381,OMITIDO,Tipo fuera del catalogo permitido: '-1' [hilo=batch-particion-2],"129,Steve Rogers,7000,150,-1"
1628,cuentas_anuales.csv,613,OMITIDO,Monto vacio o no numerico: '' [hilo=batch-particion-7],"118,11/01/2024,retiro,,"
1629,intereses.csv,107,OMITIDO,Tipo fuera del catalogo permitido: '-1' [hilo=batch-particion-3],"115,Charlie Green,8000,45,-1"
1630,intereses.csv,862,OMITIDO,Edad fuera del rango permitido: '' [hilo=batch-particion-4],"138,Charlie Green,12000,,hipoteca"
1631,intereses.csv,108,OMITIDO,Tipo fuera del catalogo permitido: '-1' [hilo=batch-particion-3],"131,Steve Rogers,8000,150,-1"
1632,transacciones.csv,375,OMITIDO,Tipo fuera del catalogo permitido: 'desconocido' [hilo=batch-particion-5],"374,2024/07/25,800,desconocido"
1633,intereses.csv,864,OMITIDO,Tipo fuera del catalogo permitido: '-1' [hilo=batch-particion-4],"146,Steve Rogers,10000,,-1"
1634,intereses.csv,109,OMITIDO,Tipo fuera del catalogo permitido: 'unknown' [hilo=batch-particion-3],"148,Bob Johnson,,30,unknown"
1635,cuentas_anuales.csv,621,OMITIDO,Monto vacio o no numerico: '' [hilo=batch-particion-7],"114,2024/09/16,compra,,Ingreso extra"
1636,intereses.csv,382,OMITIDO,Edad fuera del rango permitido: '' [hilo=batch-particion-2],"136,Bob Johnson,10000,,hipoteca"
1637,cuentas_anuales.csv,867,OMITIDO,Monto vacio o no numerico: '' [hilo=batch-particion-6],"101,01-09-2024,compra,,"
1638,intereses.csv,865,OMITIDO,Tipo fuera del catalogo permitido: '-1' [hilo=batch-particion-4],"109,Bob Johnson,10000,,-1"
1639,intereses.csv,383,OMITIDO,Edad fuera del rango permitido: 100 (rango permitido 18-99) [hilo=batch-particion-2],"134,Diana Prince,12000,100,ahorro"
1640,intereses.csv,384,OMITIDO,Tipo fuera del catalogo permitido: '-1' [hilo=batch-particion-2],"105,Jane Smith,10000,25,-1"
1641,intereses.csv,112,OMITIDO,Edad fuera del rango permitido: 100 (rango permitido 18-99) [hilo=batch-particion-3],"108,Jane Smith,10000,100,ahorro"
1642,intereses.csv,385,OMITIDO,Saldo vacio o no numerico: '' [hilo=batch-particion-2],"112,Bob Johnson,,25,ahorro"
1643,intereses.csv,114,OMITIDO,Tipo fuera del catalogo permitido: 'unknown' [hilo=batch-particion-3],"113,Jane Smith,10000,,unknown"
1644,intereses.csv,867,OMITIDO,Tipo fuera del catalogo permitido: 'unknown' [hilo=batch-particion-4],"135,Jane Smith,12000,30,unknown"
1645,intereses.csv,115,OMITIDO,Tipo fuera del catalogo permitido: '-1' [hilo=batch-particion-3],"135,Charlie Green,12000,150,-1"
1646,intereses.csv,387,OMITIDO,Tipo fuera del catalogo permitido: '-1' [hilo=batch-particion-2],"111,Steve Rogers,10000,,-1"
1647,intereses.csv,869,OMITIDO,Saldo vacio o no numerico: '' [hilo=batch-particion-4],"142,Bob Johnson,,100,prestamo"
1648,intereses.csv,116,OMITIDO,Saldo vacio o no numerico: '' [hilo=batch-particion-3],"150,Steve Rogers,,,hipoteca"
1649,intereses.csv,390,OMITIDO,Saldo vacio o no numerico: '' [hilo=batch-particion-2],"147,John Doe,,30,ahorro"
1650,intereses.csv,870,OMITIDO,Tipo fuera del catalogo permitido: '-1' [hilo=batch-particion-4],"102,Steve Rogers,7000,40,-1"
1651,intereses.csv,117,OMITIDO,Saldo vacio o no numerico: '' [hilo=batch-particion-3],"123,Diana Prince,,30,ahorro"
1652,intereses.csv,127,OMITIDO,Tipo fuera del catalogo permitido: '-1' [hilo=batch-particion-8],"133,John Doe,12000,35,-1"
1653,intereses.csv,878,OMITIDO,Edad fuera del rango permitido: 100 (rango permitido 18-99) [hilo=batch-particion-1],"111,Charlie Green,10000,100,hipoteca"
1654,intereses.csv,118,OMITIDO,Edad fuera del rango permitido: 100 (rango permitido 18-99) [hilo=batch-particion-3],"146,Jane Smith,12000,100,hipoteca"
1655,intereses.csv,252,OMITIDO,Saldo vacio o no numerico: '' [hilo=batch-particion-5],"125,Steve Rogers,,100,ahorro"
1656,intereses.csv,392,OMITIDO,Tipo fuera del catalogo permitido: '-1' [hilo=batch-particion-2],"120,Bob Johnson,5000,45,-1"
1657,intereses.csv,881,OMITIDO,Tipo fuera del catalogo permitido: '-1' [hilo=batch-particion-1],"147,Bob Johnson,5000,,-1"
1658,intereses.csv,872,OMITIDO,Tipo fuera del catalogo permitido: '-1' [hilo=batch-particion-4],"110,Unknown,10000,,-1"
1659,intereses.csv,128,OMITIDO,Tipo fuera del catalogo permitido: 'unknown' [hilo=batch-particion-8],"128,John Doe,,35,unknown"
1660,intereses.csv,254,OMITIDO,Tipo fuera del catalogo permitido: 'unknown' [hilo=batch-particion-5],"139,Alice Brown,12000,100,unknown"
1661,intereses.csv,119,OMITIDO,Tipo fuera del catalogo permitido: '-1' [hilo=batch-particion-3],"105,Steve Rogers,8000,25,-1"
1662,intereses.csv,393,OMITIDO,Edad fuera del rango permitido: '' [hilo=batch-particion-2],"133,John Doe,10000,,hipoteca"
1663,intereses.csv,875,OMITIDO,Tipo fuera del catalogo permitido: '-1' [hilo=batch-particion-4],"145,Diana Prince,8000,100,-1"
1664,intereses.csv,131,OMITIDO,Edad fuera del rango permitido: '' [hilo=batch-particion-8],"126,Diana Prince,12000,,hipoteca"
1665,intereses.csv,504,OMITIDO,Tipo fuera del catalogo permitido: '-1' [hilo=batch-particion-7],"143,Charlie Green,10000,35,-1"
1666,intereses.csv,395,OMITIDO,Tipo fuera del catalogo permitido: '-1' [hilo=batch-particion-2],"114,Steve Rogers,10000,100,-1"
1667,intereses.csv,120,OMITIDO,Tipo fuera del catalogo permitido: '-1' [hilo=batch-particion-3],"127,Diana Prince,,150,-1"
1668,intereses.csv,627,OMITIDO,Tipo fuera del catalogo permitido: '-1' [hilo=batch-particion-6],"140,Diana Prince,7000,150,-1"
1669,intereses.csv,876,OMITIDO,Tipo fuera del catalogo permitido: '-1' [hilo=batch-particion-4],"108,Diana Prince,7000,30,-1"
1670,intereses.csv,255,OMITIDO,Edad fuera del rango permitido: '' [hilo=batch-particion-5],"115,Alice Brown,7000,,ahorro"
1671,intereses.csv,505,OMITIDO,Tipo fuera del catalogo permitido: '-1' [hilo=batch-particion-7],"137,Bob Johnson,5000,40,-1"
1672,intereses.csv,882,OMITIDO,Edad fuera del rango permitido: 100 (rango permitido 18-99) [hilo=batch-particion-1],"116,Steve Rogers,10000,100,hipoteca"
1673,intereses.csv,629,OMITIDO,Edad fuera del rango permitido: '' [hilo=batch-particion-6],"138,Unknown,8000,,prestamo"
1674,intereses.csv,121,OMITIDO,Tipo fuera del catalogo permitido: '-1' [hilo=batch-particion-3],"113,Charlie Green,,30,-1"
1675,intereses.csv,256,OMITIDO,Tipo fuera del catalogo permitido: 'unknown' [hilo=batch-particion-5],"106,Diana Prince,5000,100,unknown"
1676,intereses.csv,396,OMITIDO,Tipo fuera del catalogo permitido: '-1' [hilo=batch-particion-2],"132,Diana Prince,7000,,-1"
1677,intereses.csv,506,OMITIDO,Edad fuera del rango permitido: '' [hilo=batch-particion-7],"124,John Doe,7000,,hipoteca"
1678,intereses.csv,630,OMITIDO,Tipo fuera del catalogo permitido: '-1' [hilo=batch-particion-6],"113,Diana Prince,8000,40,-1"
1679,intereses.csv,132,OMITIDO,Edad fuera del rango permitido: '' [hilo=batch-particion-8],"149,Alice Brown,8000,,prestamo"
1680,intereses.csv,884,OMITIDO,Saldo vacio o no numerico: '' [hilo=batch-particion-1],"111,Jane Smith,,,prestamo"
1681,intereses.csv,134,OMITIDO,Edad fuera del rango permitido: 100 (rango permitido 18-99) [hilo=batch-particion-8],"111,Unknown,5000,100,hipoteca"
1682,intereses.csv,885,OMITIDO,Tipo fuera del catalogo permitido: '-1' [hilo=batch-particion-1],"143,Jane Smith,10000,40,-1"
1683,intereses.csv,122,OMITIDO,Tipo fuera del catalogo permitido: '-1' [hilo=batch-particion-3],"145,Diana Prince,,25,-1"
1684,intereses.csv,886,OMITIDO,Saldo vacio o no numerico: '' [hilo=batch-particion-1],"123,Diana Prince,,25,ahorro"
1685,intereses.csv,136,OMITIDO,Saldo vacio o no numerico: '' [hilo=batch-particion-8],"121,John Doe,,35,hipoteca"
1686,intereses.csv,257,OMITIDO,Tipo fuera del catalogo permitido: '-1' [hilo=batch-particion-5],"114,Steve Rogers,7000,45,-1"
1687,intereses.csv,397,OMITIDO,Tipo fuera del catalogo permitido: '-1' [hilo=batch-particion-2],"147,Unknown,5000,45,-1"
1688,intereses.csv,124,OMITIDO,Saldo vacio o no numerico: '' [hilo=batch-particion-3],"142,John Doe,,35,hipoteca"
1689,intereses.csv,632,OMITIDO,Tipo fuera del catalogo permitido: '-1' [hilo=batch-particion-6],"139,Jane Smith,,30,-1"
1690,intereses.csv,259,OMITIDO,Saldo vacio o no numerico: '' [hilo=batch-particion-5],"103,Charlie Green,,30,hipoteca"
1691,intereses.csv,398,OMITIDO,Saldo vacio o no numerico: '' [hilo=batch-particion-2],"104,Steve Rogers,,,hipoteca"
1692,intereses.csv,633,OMITIDO,Tipo fuera del catalogo permitido: 'unknown' [hilo=batch-particion-6],"147,John Doe,8000,40,unknown"
1693,intereses.csv,260,OMITIDO,Saldo vacio o no numerico: '' [hilo=batch-particion-5],"109,Diana Prince,,40,hipoteca"
1694,intereses.csv,399,OMITIDO,Saldo vacio o no numerico: '' [hilo=batch-particion-2],"108,Alice Brown,,100,prestamo"
1695,intereses.csv,887,OMITIDO,Tipo fuera del catalogo permitido: '-1' [hilo=batch-particion-1],"127,Steve Rogers,12000,25,-1"
1696,intereses.csv,634,OMITIDO,Saldo vacio o no numerico: '' [hilo=batch-particion-6],"109,John Doe,,30,ahorro"
1697,intereses.csv,137,OMITIDO,Tipo fuera del catalogo permitido: '-1' [hilo=batch-particion-8],"123,Bob Johnson,12000,45,-1"
1698,intereses.csv,400,OMITIDO,Tipo fuera del catalogo permitido: '-1' [hilo=batch-particion-2],"126,Unknown,12000,25,-1"
1699,intereses.csv,888,OMITIDO,Edad fuera del rango permitido: '' [hilo=batch-particion-1],"137,Diana Prince,10000,,hipoteca"
1700,intereses.csv,635,OMITIDO,Tipo fuera del catalogo permitido: '-1' [hilo=batch-particion-6],"106,Bob Johnson,7000,100,-1"
1701,intereses.csv,512,OMITIDO,Saldo vacio o no numerico: '' [hilo=batch-particion-7],"128,Diana Prince,,35,hipoteca"
1702,intereses.csv,138,OMITIDO,Edad fuera del rango permitido: '' [hilo=batch-particion-8],"108,Alice Brown,10000,,ahorro"
1703,intereses.csv,889,OMITIDO,Tipo fuera del catalogo permitido: '-1' [hilo=batch-particion-1],"121,John Doe,7000,25,-1"
1704,intereses.csv,636,OMITIDO,Saldo vacio o no numerico: '' [hilo=batch-particion-6],"140,Bob Johnson,,150,ahorro"
1705,intereses.csv,263,OMITIDO,Edad fuera del rango permitido: '' [hilo=batch-particion-5],"102,Jane Smith,5000,,prestamo"
1706,intereses.csv,513,OMITIDO,Saldo vacio o no numerico: '' [hilo=batch-particion-7],"133,Alice Brown,,,hipoteca"
1707,intereses.csv,139,OMITIDO,Tipo fuera del catalogo permitido: '-1' [hilo=batch-particion-8],"121,John Doe,,,-1"
1708,intereses.csv,890,OMITIDO,Saldo vacio o no numerico: '' [hilo=batch-particion-1],"106,Steve Rogers,,35,ahorro"
1709,transacciones.csv,752,OMITIDO,Tipo fuera del catalogo permitido: 'invalid' [hilo=batch-particion-4],"751,2024-11-13,3000,invalid"
1710,intereses.csv,402,OMITIDO,Tipo fuera del catalogo permitido: '-1' [hilo=batch-particion-2],"110,John Doe,8000,25,-1"
1711,intereses.csv,141,OMITIDO,Tipo fuera del catalogo permitido: '-1' [hilo=batch-particion-8],"108,Jane Smith,12000,45,-1"
1712,transacciones.csv,753,OMITIDO,Monto vacio o no numerico: '' [hilo=batch-particion-4],"752,02-05-2024,,invalid"
1713,intereses.csv,891,OMITIDO,Tipo fuera del catalogo permitido: '-1' [hilo=batch-particion-1],"146,Diana Prince,10000,30,-1"
1714,intereses.csv,637,OMITIDO,Tipo fuera del catalogo permitido: '-1' [hilo=batch-particion-6],"137,Diana Prince,8000,,-1"
1715,intereses.csv,403,OMITIDO,Edad fuera del rango permitido: 150 (rango permitido 18-99) [hilo=batch-particion-2],"116,Steve Rogers,7000,150,hipoteca"
1716,intereses.csv,267,OMITIDO,Edad fuera del rango permitido: 150 (rango permitido 18-99) [hilo=batch-particion-5],"137,John Doe,10000,150,prestamo"
1717,intereses.csv,517,OMITIDO,Tipo fuera del catalogo permitido: 'unknown' [hilo=batch-particion-7],"143,Diana Prince,,35,unknown"
1718,transacciones.csv,756,OMITIDO,Fecha ilegible o inexistente: 2024-13-01 [hilo=batch-particion-4],"755,2024-13-01,1200,invalid"
1719,intereses.csv,639,OMITIDO,Edad fuera del rango permitido: 150 (rango permitido 18-99) [hilo=batch-particion-6],"127,John Doe,8000,150,prestamo"
1720,intereses.csv,404,OMITIDO,Tipo fuera del catalogo permitido: '-1' [hilo=batch-particion-2],"107,John Doe,7000,25,-1"
1721,intereses.csv,268,OMITIDO,Tipo fuera del catalogo permitido: 'unknown' [hilo=batch-particion-5],"136,Diana Prince,,30,unknown"
1722,intereses.csv,518,OMITIDO,Saldo vacio o no numerico: '' [hilo=batch-particion-7],"116,Diana Prince,,30,hipoteca"
1723,intereses.csv,640,OMITIDO,Edad fuera del rango permitido: '' [hilo=batch-particion-6],"116,Bob Johnson,12000,,prestamo"
1724,intereses.csv,269,OMITIDO,Edad fuera del rango permitido: '' [hilo=batch-particion-5],"123,John Doe,8000,,ahorro"
1725,intereses.csv,143,OMITIDO,Tipo fuera del catalogo permitido: '-1' [hilo=batch-particion-8],"115,Bob Johnson,7000,25,-1"
1726,intereses.csv,521,OMITIDO,Edad fuera del rango permitido: '' [hilo=batch-particion-7],"107,Alice Brown,10000,,hipoteca"
1727,intereses.csv,892,OMITIDO,Tipo fuera del catalogo permitido: '-1' [hilo=batch-particion-1],"105,John Doe,,30,-1"
1728,intereses.csv,641,OMITIDO,Saldo vacio o no numerico: '' [hilo=batch-particion-6],"107,Jane Smith,,,hipoteca"
1729,transacciones.csv,4,OMITIDO,Tipo fuera del catalogo permitido: 'invalid' [hilo=batch-particion-3],"3,2024-04-09,800,invalid"
1730,intereses.csv,270,OMITIDO,Edad fuera del rango permitido: 100 (rango permitido 18-99) [hilo=batch-particion-5],"106,Alice Brown,12000,100,ahorro"
1731,intereses.csv,144,OMITIDO,Tipo fuera del catalogo permitido: '-1' [hilo=batch-particion-8],"135,Diana Prince,7000,100,-1"
1732,intereses.csv,894,OMITIDO,Tipo fuera del catalogo permitido: '-1' [hilo=batch-particion-1],"142,Alice Brown,8000,25,-1"
1733,transacciones.csv,759,OMITIDO,Tipo fuera del catalogo permitido: 'invalid' [hilo=batch-particion-4],"758,2024-06-14,1200,invalid"
1734,transacciones.csv,5,OMITIDO,Monto vacio o no numerico: '' [hilo=batch-particion-3],"4,04/05/2024,,invalid"
1735,intereses.csv,271,OMITIDO,Tipo fuera del catalogo permitido: '-1' [hilo=batch-particion-5],"123,Alice Brown,10000,,-1"
1736,intereses.csv,407,OMITIDO,Tipo fuera del catalogo permitido: '-1' [hilo=batch-particion-2],"134,Diana Prince,10000,40,-1"
1737,intereses.csv,146,OMITIDO,Tipo fuera del catalogo permitido: '-1' [hilo=batch-particion-8],"137,Steve Rogers,8000,,-1"
1738,intereses.csv,895,OMITIDO,Saldo vacio o no numerico: '' [hilo=batch-particion-1],"114,Jane Smith,,150,hipoteca"
1739,intereses.csv,410,OMITIDO,Saldo vacio o no numerico: '' [hilo=batch-particion-2],"103,John Doe,,45,hipoteca"
1740,intereses.csv,896,OMITIDO,Tipo fuera del catalogo permitido: '-1' [hilo=batch-particion-1],"126,Diana Prince,5000,45,-1"
1741,intereses.csv,411,OMITIDO,Tipo fuera del catalogo permitido: 'unknown' [hilo=batch-particion-2],"117,Alice Brown,10000,100,unknown"
1742,intereses.csv,642,OMITIDO,Saldo vacio o no numerico: '' [hilo=batch-particion-6],"117,John Doe,,100,ahorro"
1743,intereses.csv,525,OMITIDO,Saldo vacio o no numerico: '' [hilo=batch-particion-7],"111,John Doe,,,ahorro"
1744,transacciones.csv,764,OMITIDO,Tipo fuera del catalogo permitido: 'invalid' [hilo=batch-particion-4],"763,2024/07/23,3000,invalid"
1745,intereses.csv,526,OMITIDO,Tipo fuera del catalogo permitido: '-1' [hilo=batch-particion-7],"121,Steve Rogers,12000,30,-1"
1746,intereses.csv,643,OMITIDO,Saldo vacio o no numerico: '' [hilo=batch-particion-6],"118,John Doe,,100,hipoteca"
1747,transacciones.csv,8,OMITIDO,Fecha ilegible o inexistente: 2024-13-01 [hilo=batch-particion-3],"7,2024-13-01,700,debito"
1748,intereses.csv,273,OMITIDO,Edad fuera del rango permitido: 100 (rango permitido 18-99) [hilo=batch-particion-5],"142,John Doe,8000,100,hipoteca"
1749,intereses.csv,148,OMITIDO,Tipo fuera del catalogo permitido: '-1' [hilo=batch-particion-8],"112,John Doe,7000,150,-1"
1750,intereses.csv,275,OMITIDO,Tipo fuera del catalogo permitido: '-1' [hilo=batch-particion-5],"122,Diana Prince,5000,25,-1"
1751,intereses.csv,644,OMITIDO,Edad fuera del rango permitido: '' [hilo=batch-particion-6],"129,Alice Brown,5000,,ahorro"
1752,transacciones.csv,766,OMITIDO,Monto vacio o no numerico: '' [hilo=batch-particion-4],"765,2024-06-26,,credito"
1753,transacciones.csv,10,OMITIDO,Tipo fuera del catalogo permitido: 'invalid' [hilo=batch-particion-3],"9,07-04-2024,3000,invalid"
1754,intereses.csv,897,OMITIDO,Tipo fuera del catalogo permitido: '-1' [hilo=batch-particion-1],"113,Diana Prince,5000,25,-1"
1755,intereses.csv,149,OMITIDO,Tipo fuera del catalogo permitido: '-1' [hilo=batch-particion-8],"111,John Doe,,25,-1"
1756,intereses.csv,412,OMITIDO,Tipo fuera del catalogo permitido: '-1' [hilo=batch-particion-2],"106,Diana Prince,8000,25,-1"
1757,intereses.csv,276,OMITIDO,Saldo vacio o no numerico: '' [hilo=batch-particion-5],"126,Charlie Green,,35,hipoteca"
1758,intereses.csv,646,OMITIDO,Edad fuera del rango permitido: '' [hilo=batch-particion-6],"116,Charlie Green,12000,,ahorro"
1759,intereses.csv,898,OMITIDO,Saldo vacio o no numerico: '' [hilo=batch-particion-1],"118,Steve Rogers,,45,ahorro"
1760,intereses.csv,150,OMITIDO,Saldo vacio o no numerico: '' [hilo=batch-particion-8],"121,John Doe,,150,ahorro"
1761,transacciones.csv,11,OMITIDO,Tipo fuera del catalogo permitido: 'invalid' [hilo=batch-particion-3],"10,2024/10/15,1500,invalid"
1762,intereses.csv,528,OMITIDO,Tipo fuera del catalogo permitido: '-1' [hilo=batch-particion-7],"116,Bob Johnson,,45,-1"
1763,intereses.csv,413,OMITIDO,Tipo fuera del catalogo permitido: '-1' [hilo=batch-particion-2],"128,Jane Smith,8000,30,-1"
1764,intereses.csv,151,OMITIDO,Edad fuera del rango permitido: '' [hilo=batch-particion-8],"117,Bob Johnson,5000,,prestamo"
1765,intereses.csv,899,OMITIDO,Saldo vacio o no numerico: '' [hilo=batch-particion-1],"119,Jane Smith,,35,prestamo"
1766,intereses.csv,530,OMITIDO,Saldo vacio o no numerico: '' [hilo=batch-particion-7],"133,John Doe,,25,ahorro"
1767,intereses.csv,414,OMITIDO,Tipo fuera del catalogo permitido: 'unknown' [hilo=batch-particion-2],"103,Jane Smith,7000,25,unknown"
1768,transacciones.csv,769,OMITIDO,Tipo fuera del catalogo permitido: 'invalid' [hilo=batch-particion-4],"768,25/12/2024,700,invalid"
1769,intereses.csv,900,OMITIDO,Edad fuera del rango permitido: '' [hilo=batch-particion-1],"138,Steve Rogers,5000,,hipoteca"
1770,intereses.csv,279,OMITIDO,Tipo fuera del catalogo permitido: '-1' [hilo=batch-particion-5],"121,Bob Johnson,5000,25,-1"
1771,intereses.csv,647,OMITIDO,Tipo fuera del catalogo permitido: '-1' [hilo=batch-particion-6],"107,Diana Prince,10000,,-1"
1772,intereses.csv,415,OMITIDO,Edad fuera del rango permitido: '' [hilo=batch-particion-2],"120,Jane Smith,5000,,ahorro"
1773,transacciones.csv,770,OMITIDO,Tipo fuera del catalogo permitido: 'invalid' [hilo=batch-particion-4],"769,25-11-2024,-200,invalid"
1774,transacciones.csv,16,OMITIDO,Monto vacio o no numerico: '' [hilo=batch-particion-3],"15,01/06/2024,,desconocido"
1775,intereses.csv,280,OMITIDO,Saldo vacio o no numerico: '' [hilo=batch-particion-5],"149,Charlie Green,,100,prestamo"
1776,intereses.csv,648,OMITIDO,Tipo fuera del catalogo permitido: '-1' [hilo=batch-particion-6],"105,Alice Brown,5000,45,-1"
1777,intereses.csv,901,OMITIDO,Saldo vacio o no numerico: '' [hilo=batch-particion-1],"135,Alice Brown,,45,prestamo"
1778,intereses.csv,416,OMITIDO,Saldo vacio o no numerico: '' [hilo=batch-particion-2],"109,Alice Brown,,150,hipoteca"
1779,intereses.csv,281,OMITIDO,Saldo vacio o no numerico: '' [hilo=batch-particion-5],"143,Diana Prince,,40,hipoteca"
1780,intereses.csv,651,OMITIDO,Tipo fuera del catalogo permitido: '-1' [hilo=batch-particion-6],"137,Steve Rogers,7000,35,-1"
1781,intereses.csv,152,OMITIDO,Saldo vacio o no numerico: '' [hilo=batch-particion-8],"120,Diana Prince,,,ahorro"
1782,intereses.csv,533,OMITIDO,Tipo fuera del catalogo permitido: '-1' [hilo=batch-particion-7],"127,Diana Prince,7000,40,-1"
1783,intereses.csv,155,OMITIDO,Tipo fuera del catalogo permitido: 'unknown' [hilo=batch-particion-8],"129,John Doe,12000,35,unknown"
1784,intereses.csv,535,OMITIDO,Tipo fuera del catalogo permitido: '-1' [hilo=batch-particion-7],"115,Jane Smith,12000,45,-1"
1785,transacciones.csv,772,OMITIDO,Monto vacio o no numerico: '' [hilo=batch-particion-4],"771,24/12/2024,,debito"
1786,transacciones.csv,17,OMITIDO,Tipo fuera del catalogo permitido: 'invalid' [hilo=batch-particion-3],"16,2024-04-27,1000,invalid"
1787,intereses.csv,902,OMITIDO,Saldo vacio o no numerico: '' [hilo=batch-particion-1],"112,Steve Rogers,,40,prestamo"
1788,intereses.csv,417,OMITIDO,Edad fuera del rango permitido: '' [hilo=batch-particion-2],"135,Charlie Green,12000,,prestamo"
1789,intereses.csv,282,OMITIDO,Edad fuera del rango permitido: '' [hilo=batch-particion-5],"121,Charlie Green,5000,,ahorro"
1790,transacciones.csv,18,OMITIDO,Tipo fuera del catalogo permitido: 'invalid' [hilo=batch-particion-3],"17,18/12/2024,-200,invalid"
1791,transacciones.csv,773,OMITIDO,Tipo fuera del catalogo permitido: 'invalid' [hilo=batch-particion-4],"772,05-09-2024,1500,invalid"
1792,intereses.csv,652,OMITIDO,Edad fuera del rango permitido: 100 (rango permitido 18-99) [hilo=batch-particion-6],"138,John Doe,7000,100,ahorro"
1793,intereses.csv,903,OMITIDO,Tipo fuera del catalogo permitido: '-1' [hilo=batch-particion-1],"115,John Doe,8000,100,-1"
1794,intereses.csv,418,OMITIDO,Saldo vacio o no numerico: '' [hilo=batch-particion-2],"129,Diana Prince,,30,hipoteca"
1795,intereses.csv,283,OMITIDO,Tipo fuera del catalogo permitido: '-1' [hilo=batch-particion-5],"116,John Doe,12000,,-1"
1796,transacciones.csv,774,OMITIDO,Monto vacio o no numerico: '' [hilo=batch-particion-4],"773,19/03/2024,,debito"
1797,intereses.csv,653,OMITIDO,Tipo fuera del catalogo permitido: '-1' [hilo=batch-particion-6],"142,Bob Johnson,8000,35,-1"
1798,intereses.csv,904,OMITIDO,Edad fuera del rango permitido: 150 (rango permitido 18-99) [hilo=batch-particion-1],"125,Bob Johnson,7000,150,prestamo"
1799,intereses.csv,157,OMITIDO,Tipo fuera del catalogo permitido: 'unknown' [hilo=batch-particion-8],"122,Jane Smith,5000,100,unknown"
1800,intereses.csv,419,OMITIDO,Saldo vacio o no numerico: '' [hilo=batch-particion-2],"130,John Doe,,40,ahorro"
1801,intereses.csv,654,OMITIDO,Tipo fuera del catalogo permitido: '-1' [hilo=batch-particion-6],"136,Alice Brown,,45,-1"
1802,transacciones.csv,776,OMITIDO,Tipo fuera del catalogo permitido: 'invalid' [hilo=batch-particion-4],"775,06-04-2024,-200,invalid"
1803,intereses.csv,905,OMITIDO,Tipo fuera del catalogo permitido: '-1' [hilo=batch-particion-1],"131,Bob Johnson,10000,150,-1"
1804,intereses.csv,537,OMITIDO,Saldo vacio o no numerico: '' [hilo=batch-particion-7],"109,Diana Prince,,,hipoteca"
1805,intereses.csv,158,OMITIDO,Tipo fuera del catalogo permitido: '-1' [hilo=batch-particion-8],"138,Diana Prince,5000,,-1"
1806,intereses.csv,655,OMITIDO,Tipo fuera del catalogo permitido: '-1' [hilo=batch-particion-6],"104,Diana Prince,8000,30,-1"
1807,intereses.csv,906,OMITIDO,Edad fuera del rango permitido: 100 (rango permitido 18-99) [hilo=batch-particion-1],"122,John Doe,12000,100,hipoteca"
1808,intereses.csv,161,OMITIDO,Saldo vacio o no numerico: '' [hilo=batch-particion-8],"145,Steve Rogers,,,ahorro"
1809,intereses.csv,539,OMITIDO,Tipo fuera del catalogo permitido: '-1' [hilo=batch-particion-7],"135,John Doe,10000,,-1"
1810,transacciones.csv,23,OMITIDO,Tipo fuera del catalogo permitido: 'invalid' [hilo=batch-particion-3],"22,2024/06/05,1000,invalid"
1811,intereses.csv,656,OMITIDO,Edad fuera del rango permitido: '' [hilo=batch-particion-6],"138,Charlie Green,7000,,hipoteca"
1812,intereses.csv,289,OMITIDO,Saldo vacio o no numerico: '' [hilo=batch-particion-5],"145,Jane Smith,,25,prestamo"
1813,intereses.csv,541,OMITIDO,Saldo vacio o no numerico: '' [hilo=batch-particion-7],"110,Steve Rogers,,,hipoteca"
1814,transacciones.csv,24,OMITIDO,Fecha ilegible o inexistente: 2024-13-01 [hilo=batch-particion-3],"23,2024-13-01,1000,credito"
1815,intereses.csv,422,OMITIDO,Edad fuera del rango permitido: '' [hilo=batch-particion-2],"144,Steve Rogers,10000,,prestamo"
1816,intereses.csv,290,OMITIDO,Saldo vacio o no numerico: '' [hilo=batch-particion-5],"138,Alice Brown,,45,ahorro"
1817,transacciones.csv,26,OMITIDO,Monto vacio o no numerico: '' [hilo=batch-particion-3],"25,09/11/2024,,debito"
1818,transacciones.csv,781,OMITIDO,Tipo fuera del catalogo permitido: 'desconocido' [hilo=batch-particion-4],"780,2024-02-16,1200,desconocido"
1819,intereses.csv,423,OMITIDO,Saldo vacio o no numerico: '' [hilo=batch-particion-2],"120,Jane Smith,,25,prestamo"
1820,intereses.csv,908,OMITIDO,Tipo fuera del catalogo permitido: '-1' [hilo=batch-particion-1],"126,John Doe,10000,,-1"
1821,intereses.csv,291,OMITIDO,Tipo fuera del catalogo permitido: '-1' [hilo=batch-particion-5],"114,John Doe,8000,25,-1"
1822,intereses.csv,162,OMITIDO,Edad fuera del rango permitido: '' [hilo=batch-particion-8],"107,Steve Rogers,10000,,ahorro"
1823,intereses.csv,659,OMITIDO,Edad fuera del rango permitido: '' [hilo=batch-particion-6],"149,Alice Brown,10000,,prestamo"
1824,intereses.csv,910,OMITIDO,Tipo fuera del catalogo permitido: 'unknown' [hilo=batch-particion-1],"139,Alice Brown,7000,35,unknown"
1825,intereses.csv,425,OMITIDO,Saldo vacio o no numerico: '' [hilo=batch-particion-2],"102,Jane Smith,,150,hipoteca"
1826,intereses.csv,165,OMITIDO,Tipo fuera del catalogo permitido: '-1' [hilo=batch-particion-8],"146,Jane Smith,,25,-1"
1827,intereses.csv,542,OMITIDO,Edad fuera del rango permitido: '' [hilo=batch-particion-7],"112,Jane Smith,10000,,ahorro"
1828,intereses.csv,426,OMITIDO,Saldo vacio o no numerico: '' [hilo=batch-particion-2],"145,Alice Brown,,100,hipoteca"
1829,intereses.csv,166,OMITIDO,Tipo fuera del catalogo permitido: '-1' [hilo=batch-particion-8],"116,Steve Rogers,10000,30,-1"
1830,intereses.csv,911,OMITIDO,Saldo vacio o no numerico: '' [hilo=batch-particion-1],"136,Bob Johnson,,,hipoteca"
1831,intereses.csv,661,OMITIDO,Saldo vacio o no numerico: '' [hilo=batch-particion-6],"109,Diana Prince,,30,ahorro"
1832,intereses.csv,543,OMITIDO,Tipo fuera del catalogo permitido: '-1' [hilo=batch-particion-7],"132,Bob Johnson,10000,100,-1"
1833,transacciones.csv,782,OMITIDO,Tipo fuera del catalogo permitido: 'invalid' [hilo=batch-particion-4],"781,2024/01/12,700,invalid"
1834,transacciones.csv,29,OMITIDO,Monto vacio o no numerico: '' [hilo=batch-particion-3],"28,2024-09-03,,desconocido"
1835,intereses.csv,544,OMITIDO,Tipo fuera del catalogo permitido: '-1' [hilo=batch-particion-7],"104,Jane Smith,8000,,-1"
1836,transacciones.csv,783,OMITIDO,Monto vacio o no numerico: '' [hilo=batch-particion-4],"782,18-11-2024,,credito"
1837,intereses.csv,294,OMITIDO,Edad fuera del rango permitido: 100 (rango permitido 18-99) [hilo=batch-particion-5],"101,Steve Rogers,10000,100,ahorro"
1838,intereses.csv,545,OMITIDO,Saldo vacio o no numerico: '' [hilo=batch-particion-7],"120,Steve Rogers,,30,prestamo"
1839,transacciones.csv,30,OMITIDO,Monto vacio o no numerico: '' [hilo=batch-particion-3],"29,27-05-2024,,debito"
1840,intereses.csv,295,OMITIDO,Tipo fuera del catalogo permitido: '-1' [hilo=batch-particion-5],"128,Diana Prince,8000,35,-1"
1841,transacciones.csv,785,OMITIDO,Monto vacio o no numerico: '' [hilo=batch-particion-4],"784,2024-08-09,,credito"
1842,intereses.csv,431,OMITIDO,Tipo fuera del catalogo permitido: '-1' [hilo=batch-particion-2],"137,Jane Smith,8000,,-1"
1843,intereses.csv,546,OMITIDO,Edad fuera del rango permitido: '' [hilo=batch-particion-7],"126,Alice Brown,8000,,prestamo"
1844,intereses.csv,912,OMITIDO,Tipo fuera del catalogo permitido: '-1' [hilo=batch-particion-1],"136,Steve Rogers,,40,-1"
1845,intereses.csv,167,OMITIDO,Saldo vacio o no numerico: '' [hilo=batch-particion-8],"123,Alice Brown,,25,hipoteca"
1846,intereses.csv,662,OMITIDO,Tipo fuera del catalogo permitido: '-1' [hilo=batch-particion-6],"116,Diana Prince,5000,45,-1"
1847,transacciones.csv,31,OMITIDO,Tipo fuera del catalogo permitido: 'invalid' [hilo=batch-particion-3],"30,09/02/2024,-200,invalid"
1848,transacciones.csv,786,OMITIDO,Monto vacio o no numerico: '' [hilo=batch-particion-4],"785,07-05-2024,,debito"
1849,intereses.csv,296,OMITIDO,Tipo fuera del catalogo permitido: '-1' [hilo=batch-particion-5],"120,Alice Brown,10000,100,-1"
1850,intereses.csv,915,OMITIDO,Tipo fuera del catalogo permitido: '-1' [hilo=batch-particion-1],"147,Steve Rogers,12000,,-1"
1851,intereses.csv,663,OMITIDO,Edad fuera del rango permitido: 100 (rango permitido 18-99) [hilo=batch-particion-6],"119,John Doe,8000,100,hipoteca"
1852,intereses.csv,168,OMITIDO,Saldo vacio o no numerico: '' [hilo=batch-particion-8],"103,Alice Brown,,150,hipoteca"
1853,intereses.csv,432,OMITIDO,Tipo fuera del catalogo permitido: '-1' [hilo=batch-particion-2],"130,Alice Brown,,25,-1"
1854,intereses.csv,547,OMITIDO,Tipo fuera del catalogo permitido: '-1' [hilo=batch-particion-7],"124,Steve Rogers,,45,-1"
1855,intereses.csv,169,OMITIDO,Tipo fuera del catalogo permitido: '-1' [hilo=batch-particion-8],"140,John Doe,,30,-1"
1856,transacciones.csv,32,OMITIDO,Tipo fuera del catalogo permitido: 'invalid' [hilo=batch-particion-3],"31,2024/04/11,800,invalid"
1857,intereses.csv,433,OMITIDO,Tipo fuera del catalogo permitido: 'unknown' [hilo=batch-particion-2],"116,Alice Brown,12000,40,unknown"
1858,intereses.csv,548,OMITIDO,Edad fuera del rango permitido: 150 (rango permitido 18-99) [hilo=batch-particion-7],"127,Charlie Green,5000,150,ahorro"
1859,transacciones.csv,787,OMITIDO,Monto vacio o no numerico: '' [hilo=batch-particion-4],"786,2024-08-25,,invalid"
1860,intereses.csv,297,OMITIDO,Tipo fuera del catalogo permitido: '-1' [hilo=batch-particion-5],"150,Unknown,10000,100,-1"
1861,intereses.csv,917,OMITIDO,Edad fuera del rango permitido: '' [hilo=batch-particion-1],"142,Charlie Green,7000,,prestamo"
1862,intereses.csv,170,OMITIDO,Edad fuera del rango permitido: '' [hilo=batch-particion-8],"120,Charlie Green,7000,,hipoteca"
1863,transacciones.csv,33,OMITIDO,Tipo fuera del catalogo permitido: 'invalid' [hilo=batch-particion-3],"32,2024/01/01,1500,invalid"
1864,transacciones.csv,789,OMITIDO,Monto vacio o no numerico: '' [hilo=batch-particion-4],"788,31/10/2024,,debito"
1865,intereses.csv,298,OMITIDO,Tipo fuera del catalogo permitido: '-1' [hilo=batch-particion-5],"121,Alice Brown,5000,40,-1"
1866,intereses.csv,435,OMITIDO,Saldo vacio o no numerico: '' [hilo=batch-particion-2],"126,Bob Johnson,,,ahorro"
1867,intereses.csv,550,OMITIDO,Tipo fuera del catalogo permitido: '-1' [hilo=batch-particion-7],"131,Jane Smith,10000,40,-1"
1868,intereses.csv,171,OMITIDO,Tipo fuera del catalogo permitido: 'unknown' [hilo=batch-particion-8],"105,Jane Smith,7000,40,unknown"
1869,intereses.csv,667,OMITIDO,Edad fuera del rango permitido: '' [hilo=batch-particion-6],"114,Alice Brown,5000,,ahorro"
1870,intereses.csv,918,OMITIDO,Tipo fuera del catalogo permitido: '-1' [hilo=batch-particion-1],"143,Jane Smith,10000,25,-1"
1871,intereses.csv,436,OMITIDO,Tipo fuera del catalogo permitido: '-1' [hilo=batch-particion-2],"129,Jane Smith,10000,,-1"
1872,intereses.csv,299,OMITIDO,Tipo fuera del catalogo permitido: 'unknown' [hilo=batch-particion-5],"114,Bob Johnson,8000,45,unknown"
1873,intereses.csv,668,OMITIDO,Tipo fuera del catalogo permitido: '-1' [hilo=batch-particion-6],"127,Alice Brown,,,-1"
1874,intereses.csv,920,OMITIDO,Tipo fuera del catalogo permitido: '-1' [hilo=batch-particion-1],"111,John Doe,12000,100,-1"
1875,intereses.csv,300,OMITIDO,Edad fuera del rango permitido: '' [hilo=batch-particion-5],"117,Alice Brown,5000,,ahorro"
1876,intereses.csv,669,OMITIDO,Tipo fuera del catalogo permitido: '-1' [hilo=batch-particion-6],"116,John Doe,10000,,-1"
1877,transacciones.csv,40,OMITIDO,Tipo fuera del catalogo permitido: 'invalid' [hilo=batch-particion-3],"39,18/11/2024,1200,invalid"
1878,transacciones.csv,793,OMITIDO,Tipo fuera del catalogo permitido: 'invalid' [hilo=batch-particion-4],"792,2024-07-08,-200,invalid"
1879,intereses.csv,552,OMITIDO,Tipo fuera del catalogo permitido: '-1' [hilo=batch-particion-7],"134,John Doe,8000,40,-1"
1880,intereses.csv,301,OMITIDO,Edad fuera del rango permitido: 150 (rango permitido 18-99) [hilo=batch-particion-5],"147,Diana Prince,8000,150,ahorro"
1881,transacciones.csv,41,OMITIDO,Fecha ilegible o inexistente: 2024-13-01 [hilo=batch-particion-3],"40,2024-13-01,3000,credito"
1882,intereses.csv,437,OMITIDO,Tipo fuera del catalogo permitido: '-1' [hilo=batch-particion-2],"138,Unknown,10000,30,-1"
1883,intereses.csv,173,OMITIDO,Tipo fuera del catalogo permitido: '-1' [hilo=batch-particion-8],"132,Bob Johnson,5000,150,-1"
1884,intereses.csv,922,OMITIDO,Tipo fuera del catalogo permitido: '-1' [hilo=batch-particion-1],"121,Alice Brown,8000,30,-1"
1885,transacciones.csv,794,OMITIDO,Tipo fuera del catalogo permitido: 'desconocido' [hilo=batch-particion-4],"793,2024/12/04,1200,desconocido"
1886,intereses.csv,553,OMITIDO,Tipo fuera del catalogo permitido: 'unknown' [hilo=batch-particion-7],"114,Steve Rogers,,45,unknown"
1887,intereses.csv,438,OMITIDO,Edad fuera del rango permitido: 100 (rango permitido 18-99) [hilo=batch-particion-2],"148,Unknown,5000,100,ahorro"
1888,intereses.csv,923,OMITIDO,Tipo fuera del catalogo permitido: '-1' [hilo=batch-particion-1],"107,John Doe,,45,-1"
1889,transacciones.csv,795,OMITIDO,Monto vacio o no numerico: '' [hilo=batch-particion-4],"794,30-12-2024,,credito"
1890,intereses.csv,672,OMITIDO,Tipo fuera del catalogo permitido: 'unknown' [hilo=batch-particion-6],"125,Diana Prince,5000,45,unknown"
1891,intereses.csv,175,OMITIDO,Tipo fuera del catalogo permitido: '-1' [hilo=batch-particion-8],"120,Alice Brown,12000,45,-1"
1892,intereses.csv,554,OMITIDO,Saldo vacio o no numerico: '' [hilo=batch-particion-7],"111,Bob Johnson,,,prestamo"
1893,intereses.csv,439,OMITIDO,Edad fuera del rango permitido: '' [hilo=batch-particion-2],"124,Steve Rogers,7000,,hipoteca"
1894,intereses.csv,675,OMITIDO,Tipo fuera del catalogo permitido: 'unknown' [hilo=batch-particion-6],"138,John Doe,10000,30,unknown"
1895,intereses.csv,924,OMITIDO,Saldo vacio o no numerico: '' [hilo=batch-particion-1],"125,Alice Brown,,30,prestamo"
1896,intereses.csv,556,OMITIDO,Tipo fuera del catalogo permitido: '-1' [hilo=batch-particion-7],"133,John Doe,10000,35,-1"
1897,intereses.csv,302,OMITIDO,Saldo vacio o no numerico: '' [hilo=batch-particion-5],"109,Bob Johnson,,,hipoteca"
1898,transacciones.csv,44,OMITIDO,Tipo fuera del catalogo permitido: 'invalid' [hilo=batch-particion-3],"43,2024-12-06,-100,invalid"
1899,intereses.csv,440,OMITIDO,Tipo fuera del catalogo permitido: '-1' [hilo=batch-particion-2],"110,Alice Brown,7000,,-1"
1900,intereses.csv,303,OMITIDO,Tipo fuera del catalogo permitido: '-1' [hilo=batch-particion-5],"112,Diana Prince,10000,150,-1"
1901,transacciones.csv,46,OMITIDO,Monto vacio o no numerico: '' [hilo=batch-particion-3],"45,23/08/2024,,credito"
1902,transacciones.csv,797,OMITIDO,Tipo fuera del catalogo permitido: 'invalid' [hilo=batch-particion-4],"796,2024/01/16,-200,invalid"
1903,intereses.csv,177,OMITIDO,Edad fuera del rango permitido: 100 (rango permitido 18-99) [hilo=batch-particion-8],"143,Charlie Green,5000,100,ahorro"
1904,intereses.csv,441,OMITIDO,Tipo fuera del catalogo permitido: '-1' [hilo=batch-particion-2],"139,Jane Smith,,100,-1"
1905,intereses.csv,305,OMITIDO,Tipo fuera del catalogo permitido: '-1' [hilo=batch-particion-5],"120,Alice Brown,5000,45,-1"
1906,intereses.csv,679,OMITIDO,Saldo vacio o no numerico: '' [hilo=batch-particion-6],"148,Steve Rogers,,,prestamo"
1907,intereses.csv,557,OMITIDO,Edad fuera del rango permitido: 150 (rango permitido 18-99) [hilo=batch-particion-7],"147,Charlie Green,10000,150,hipoteca"
1908,intereses.csv,178,OMITIDO,Saldo vacio o no numerico: '' [hilo=batch-particion-8],"123,Steve Rogers,,,prestamo"
1909,intereses.csv,927,OMITIDO,Tipo fuera del catalogo permitido: '-1' [hilo=batch-particion-1],"116,Diana Prince,10000,25,-1"
1910,transacciones.csv,800,OMITIDO,Fecha ilegible o inexistente: 2024-13-01 [hilo=batch-particion-4],"799,2024-13-01,3000,debito"
1911,intereses.csv,559,OMITIDO,Saldo vacio o no numerico: '' [hilo=batch-particion-7],"104,Diana Prince,,30,ahorro"
1912,intereses.csv,680,OMITIDO,Edad fuera del rango permitido: 100 (rango permitido 18-99) [hilo=batch-particion-6],"141,Bob Johnson,10000,100,ahorro"
1913,intereses.csv,929,OMITIDO,Saldo vacio o no numerico: '' [hilo=batch-particion-1],"122,Jane Smith,,35,hipoteca"
1914,transacciones.csv,48,OMITIDO,Tipo fuera del catalogo permitido: 'invalid' [hilo=batch-particion-3],"47,30-11-2024,1200,invalid"
1915,transacciones.csv,801,OMITIDO,Tipo fuera del catalogo permitido: 'invalid' [hilo=batch-particion-4],"800,2024/01/27,-100,invalid"
1916,intereses.csv,560,OMITIDO,Saldo vacio o no numerico: '' [hilo=batch-particion-7],"115,Diana Prince,,,hipoteca"
1917,intereses.csv,681,OMITIDO,Saldo vacio o no numerico: '' [hilo=batch-particion-6],"105,John Doe,,35,ahorro"
1918,intereses.csv,307,OMITIDO,Saldo vacio o no numerico: '' [hilo=batch-particion-5],"112,Jane Smith,,150,hipoteca"
1919,intereses.csv,930,OMITIDO,Tipo fuera del catalogo permitido: '-1' [hilo=batch-particion-1],"101,Jane Smith,12000,40,-1"
1920,intereses.csv,442,OMITIDO,Edad fuera del rango permitido: 100 (rango permitido 18-99) [hilo=batch-particion-2],"107,Alice Brown,7000,100,prestamo"
1921,transacciones.csv,51,OMITIDO,Fecha ilegible o inexistente: 2024-13-01 [hilo=batch-particion-3],"50,2024-13-01,1200,debito"
1922,intereses.csv,561,OMITIDO,Tipo fuera del catalogo permitido: '-1' [hilo=batch-particion-7],"144,Bob Johnson,12000,35,-1"
1923,intereses.csv,182,OMITIDO,Edad fuera del rango permitido: '' [hilo=batch-particion-8],"123,Bob Johnson,10000,,ahorro"
1924,intereses.csv,309,OMITIDO,Tipo fuera del catalogo permitido: '-1' [hilo=batch-particion-5],"141,Alice Brown,5000,,-1"
1925,intereses.csv,931,OMITIDO,Edad fuera del rango permitido: '' [hilo=batch-particion-1],"103,Bob Johnson,7000,,prestamo"
1926,intereses.csv,443,OMITIDO,Tipo fuera del catalogo permitido: '-1' [hilo=batch-particion-2],"142,Steve Rogers,7000,30,-1"
1927,intereses.csv,310,OMITIDO,Tipo fuera del catalogo permitido: '-1' [hilo=batch-particion-5],"149,Steve Rogers,10000,40,-1"
1928,intereses.csv,183,OMITIDO,Tipo fuera del catalogo permitido: 'unknown' [hilo=batch-particion-8],"135,Steve Rogers,10000,45,unknown"
1929,intereses.csv,685,FILTRADO,"Registro duplicado, ya procesado en esta ejecucion: fila identica","109,Diana Prince,7000,25,-1"
1930,intereses.csv,444,OMITIDO,Saldo vacio o no numerico: '' [hilo=batch-particion-2],"113,John Doe,,30,prestamo"
1931,transacciones.csv,802,OMITIDO,Monto vacio o no numerico: '' [hilo=batch-particion-4],"801,14/01/2024,,invalid"
1932,transacciones.csv,53,OMITIDO,Tipo fuera del catalogo permitido: 'invalid' [hilo=batch-particion-3],"52,16/03/2024,1000,invalid"
1933,transacciones.csv,804,OMITIDO,Tipo fuera del catalogo permitido: 'desconocido' [hilo=batch-particion-4],"803,12-02-2024,1200,desconocido"
1934,intereses.csv,445,OMITIDO,Tipo fuera del catalogo permitido: '-1' [hilo=batch-particion-2],"107,Alice Brown,10000,40,-1"
1935,intereses.csv,682,OMITIDO,Saldo vacio o no numerico: '' [hilo=batch-particion-6],"105,Diana Prince,,100,prestamo"
1936,intereses.csv,563,OMITIDO,Tipo fuera del catalogo permitido: '-1' [hilo=batch-particion-7],"134,Charlie Green,12000,30,-1"
1937,transacciones.csv,54,OMITIDO,Monto vacio o no numerico: '' [hilo=batch-particion-3],"53,02/07/2024,,debito"
1938,intereses.csv,932,OMITIDO,Edad fuera del rango permitido: 100 (rango permitido 18-99) [hilo=batch-particion-1],"111,John Doe,12000,100,prestamo"
1939,intereses.csv,446,OMITIDO,Edad fuera del rango permitido: '' [hilo=batch-particion-2],"140,Charlie Green,5000,,prestamo"
1940,intereses.csv,683,OMITIDO,Tipo fuera del catalogo permitido: '-1' [hilo=batch-particion-6],"103,Unknown,7000,40,-1"
1941,transacciones.csv,805,OMITIDO,Tipo fuera del catalogo permitido: 'invalid' [hilo=batch-particion-4],"804,11/07/2024,-200,invalid"
1942,intereses.csv,565,OMITIDO,Edad fuera del rango permitido: 100 (rango permitido 18-99) [hilo=batch-particion-7],"114,Steve Rogers,7000,100,ahorro"
1943,intereses.csv,187,OMITIDO,Edad fuera del rango permitido: '' [hilo=batch-particion-8],"104,Jane Smith,10000,,hipoteca"
1944,intereses.csv,312,OMITIDO,Tipo fuera del catalogo permitido: '-1' [hilo=batch-particion-5],"132,Bob Johnson,7000,100,-1"
1945,transacciones.csv,55,OMITIDO,Tipo fuera del catalogo permitido: 'desconocido' [hilo=batch-particion-3],"54,21-02-2024,800,desconocido"
1946,intereses.csv,933,OMITIDO,Saldo vacio o no numerico: '' [hilo=batch-particion-1],"121,Bob Johnson,,100,prestamo"
1947,transacciones.csv,806,OMITIDO,Monto vacio o no numerico: '' [hilo=batch-particion-4],"805,17-10-2024,,debito"
1948,intereses.csv,684,OMITIDO,Tipo fuera del catalogo permitido: '-1' [hilo=batch-particion-6],"148,Steve Rogers,5000,150,-1"
1949,intereses.csv,188,OMITIDO,Edad fuera del rango permitido: '' [hilo=batch-particion-8],"110,Charlie Green,8000,,prestamo"
1950,intereses.csv,313,OMITIDO,Tipo fuera del catalogo permitido: '-1' [hilo=batch-particion-5],"141,Alice Brown,10000,30,-1"
1951,intereses.csv,936,OMITIDO,Tipo fuera del catalogo permitido: '-1' [hilo=batch-particion-1],"114,Diana Prince,8000,30,-1"
1952,intereses.csv,191,OMITIDO,Saldo vacio o no numerico: '' [hilo=batch-particion-8],"145,Steve Rogers,,,prestamo"
1953,intereses.csv,314,OMITIDO,Edad fuera del rango permitido: 100 (rango permitido 18-99) [hilo=batch-particion-5],"123,Unknown,7000,100,prestamo"
1954,intereses.csv,570,FILTRADO,"Registro duplicado, ya procesado en esta ejecucion: fila identica","115,Bob Johnson,8000,45,hipoteca"
1955,intereses.csv,447,OMITIDO,Tipo fuera del catalogo permitido: '-1' [hilo=batch-particion-2],"113,Alice Brown,7000,150,-1"
1956,transacciones.csv,58,OMITIDO,Tipo fuera del catalogo permitido: 'invalid' [hilo=batch-particion-3],"57,27/07/2024,-200,invalid"
1957,transacciones.csv,807,OMITIDO,Tipo fuera del catalogo permitido: 'invalid' [hilo=batch-particion-4],"806,14/01/2024,-200,invalid"
1958,intereses.csv,315,OMITIDO,Edad fuera del rango permitido: 100 (rango permitido 18-99) [hilo=batch-particion-5],"118,John Doe,10000,100,hipoteca"
1959,intereses.csv,689,OMITIDO,Edad fuera del rango permitido: '' [hilo=batch-particion-6],"148,Steve Rogers,7000,,ahorro"
1960,intereses.csv,448,OMITIDO,Tipo fuera del catalogo permitido: '-1' [hilo=batch-particion-2],"114,Bob Johnson,7000,,-1"
1961,intereses.csv,568,OMITIDO,Tipo fuera del catalogo permitido: '-1' [hilo=batch-particion-7],"117,Alice Brown,5000,25,-1"
1962,transacciones.csv,810,OMITIDO,Tipo fuera del catalogo permitido: 'invalid' [hilo=batch-particion-4],"809,2024-01-18,-200,invalid"
1963,transacciones.csv,61,OMITIDO,Tipo fuera del catalogo permitido: 'invalid' [hilo=batch-particion-3],"60,2024-04-04,-200,invalid"
1964,intereses.csv,316,OMITIDO,Saldo vacio o no numerico: '' [hilo=batch-particion-5],"138,Jane Smith,,,hipoteca"
1965,intereses.csv,690,OMITIDO,Tipo fuera del catalogo permitido: '-1' [hilo=batch-particion-6],"144,Jane Smith,7000,25,-1"
1966,intereses.csv,449,OMITIDO,Edad fuera del rango permitido: 150 (rango permitido 18-99) [hilo=batch-particion-2],"102,Bob Johnson,5000,150,hipoteca"
1967,intereses.csv,192,OMITIDO,Edad fuera del rango permitido: '' [hilo=batch-particion-8],"109,Steve Rogers,10000,,prestamo"
1968,intereses.csv,569,OMITIDO,Tipo fuera del catalogo permitido: '-1' [hilo=batch-particion-7],"131,Charlie Green,10000,,-1"
1969,intereses.csv,939,OMITIDO,Tipo fuera del catalogo permitido: '-1' [hilo=batch-particion-1],"141,Steve Rogers,,40,-1"
1970,transacciones.csv,811,OMITIDO,Monto vacio o no numerico: '' [hilo=batch-particion-4],"810,13/10/2024,,credito"
1971,intereses.csv,691,OMITIDO,Tipo fuera del catalogo permitido: '-1' [hilo=batch-particion-6],"103,Bob Johnson,,100,-1"
1972,intereses.csv,193,OMITIDO,Tipo fuera del catalogo permitido: '-1' [hilo=batch-particion-8],"132,John Doe,12000,45,-1"
1973,intereses.csv,451,OMITIDO,Tipo fuera del catalogo permitido: '-1' [hilo=batch-particion-2],"143,Charlie Green,,45,-1"
1974,intereses.csv,571,OMITIDO,Edad fuera del rango permitido: 100 (rango permitido 18-99) [hilo=batch-particion-7],"109,Jane Smith,5000,100,hipoteca"
1975,intereses.csv,940,OMITIDO,Tipo fuera del catalogo permitido: '-1' [hilo=batch-particion-1],"129,Steve Rogers,7000,30,-1"
1976,intereses.csv,195,OMITIDO,Tipo fuera del catalogo permitido: 'unknown' [hilo=batch-particion-8],"150,Alice Brown,10000,40,unknown"
1977,transacciones.csv,66,OMITIDO,Monto vacio o no numerico: '' [hilo=batch-particion-3],"65,16/10/2024,,debito"
1978,intereses.csv,941,OMITIDO,Tipo fuera del catalogo permitido: '-1' [hilo=batch-particion-1],"108,Jane Smith,8000,25,-1"
1979,intereses.csv,317,OMITIDO,Tipo fuera del catalogo permitido: '-1' [hilo=batch-particion-5],"123,Alice Brown,8000,45,-1"
1980,intereses.csv,692,OMITIDO,Edad fuera del rango permitido: 150 (rango permitido 18-99) [hilo=batch-particion-6],"114,Alice Brown,8000,150,prestamo"
1981,transacciones.csv,813,OMITIDO,Monto vacio o no numerico: '' [hilo=batch-particion-4],"812,20-05-2024,,invalid"
1982,intereses.csv,319,OMITIDO,Tipo fuera del catalogo permitido: '-1' [hilo=batch-particion-5],"144,Charlie Green,7000,30,-1"
1983,transacciones.csv,814,OMITIDO,Tipo fuera del catalogo permitido: 'invalid' [hilo=batch-particion-4],"813,2024-03-17,1200,invalid"
1984,intereses.csv,321,OMITIDO,Tipo fuera del catalogo permitido: '-1' [hilo=batch-particion-5],"136,Steve Rogers,12000,35,-1"
1985,intereses.csv,693,OMITIDO,Edad fuera del rango permitido: '' [hilo=batch-particion-6],"129,Steve Rogers,5000,,prestamo"
1986,intereses.csv,452,OMITIDO,Tipo fuera del catalogo permitido: '-1' [hilo=batch-particion-2],"103,Jane Smith,10000,100,-1"
1987,intereses.csv,572,OMITIDO,Tipo fuera del catalogo permitido: '-1' [hilo=batch-particion-7],"126,Alice Brown,8000,30,-1"
1988,intereses.csv,197,OMITIDO,Edad fuera del rango permitido: '' [hilo=batch-particion-8],"145,Alice Brown,7000,,ahorro"
1989,transacciones.csv,816,OMITIDO,Monto vacio o no numerico: '' [hilo=batch-particion-4],"815,2024/11/19,,debito"
1990,intereses.csv,694,OMITIDO,Edad fuera del rango permitido: '' [hilo=batch-particion-6],"123,Steve Rogers,12000,,hipoteca"
1991,intereses.csv,453,OMITIDO,Edad fuera del rango permitido: '' [hilo=batch-particion-2],"107,Alice Brown,7000,,hipoteca"
1992,transacciones.csv,67,OMITIDO,Tipo fuera del catalogo permitido: 'invalid' [hilo=batch-particion-3],"66,2024-05-28,1500,invalid"
1993,intereses.csv,574,OMITIDO,Saldo vacio o no numerico: '' [hilo=batch-particion-7],"114,Diana Prince,,,prestamo"
1994,intereses.csv,198,OMITIDO,Edad fuera del rango permitido: '' [hilo=batch-particion-8],"148,Alice Brown,7000,,hipoteca"
1995,intereses.csv,943,OMITIDO,Edad fuera del rango permitido: '' [hilo=batch-particion-1],"142,Diana Prince,8000,,prestamo"
1996,intereses.csv,455,OMITIDO,Saldo vacio o no numerico: '' [hilo=batch-particion-2],"107,Bob Johnson,,35,hipoteca"
1997,intereses.csv,695,OMITIDO,Edad fuera del rango permitido: '' [hilo=batch-particion-6],"107,Jane Smith,10000,,prestamo"
1998,intereses.csv,324,FILTRADO,"Registro duplicado, ya procesado en esta ejecucion: fila identica","147,John Doe,,30,ahorro"
1999,transacciones.csv,69,OMITIDO,Tipo fuera del catalogo permitido: 'desconocido' [hilo=batch-particion-3],"68,2024-01-11,3000,desconocido"
2000,intereses.csv,575,OMITIDO,Saldo vacio o no numerico: '' [hilo=batch-particion-7],"139,Steve Rogers,,,ahorro"
2001,intereses.csv,199,OMITIDO,Tipo fuera del catalogo permitido: '-1' [hilo=batch-particion-8],"120,Charlie Green,7000,40,-1"
2002,intereses.csv,696,OMITIDO,Tipo fuera del catalogo permitido: '-1' [hilo=batch-particion-6],"134,Steve Rogers,,35,-1"
2003,intereses.csv,456,OMITIDO,Saldo vacio o no numerico: '' [hilo=batch-particion-2],"142,Steve Rogers,,25,ahorro"
2004,intereses.csv,576,OMITIDO,Tipo fuera del catalogo permitido: '-1' [hilo=batch-particion-7],"149,Bob Johnson,12000,45,-1"
2005,transacciones.csv,70,OMITIDO,Tipo fuera del catalogo permitido: 'invalid' [hilo=batch-particion-3],"69,29/09/2024,1500,invalid"
2006,intereses.csv,201,OMITIDO,Tipo fuera del catalogo permitido: '-1' [hilo=batch-particion-8],"103,Bob Johnson,10000,,-1"
2007,intereses.csv,322,OMITIDO,Edad fuera del rango permitido: 150 (rango permitido 18-99) [hilo=batch-particion-5],"105,John Doe,10000,150,ahorro"
2008,transacciones.csv,817,OMITIDO,Monto vacio o no numerico: '' [hilo=batch-particion-4],"816,2024/01/28,,invalid"
2009,intereses.csv,947,OMITIDO,Tipo fuera del catalogo permitido: '-1' [hilo=batch-particion-1],"105,Alice Brown,8000,35,-1"
2010,transacciones.csv,71,OMITIDO,Monto vacio o no numerico: '' [hilo=batch-particion-3],"70,2024/09/18,,desconocido"
2011,intereses.csv,325,OMITIDO,Saldo vacio o no numerico: '' [hilo=batch-particion-5],"145,Bob Johnson,,35,ahorro"
2012,transacciones.csv,818,OMITIDO,Tipo fuera del catalogo permitido: 'invalid' [hilo=batch-particion-4],"817,2024/07/10,3000,invalid"
2013,intereses.csv,948,OMITIDO,Edad fuera del rango permitido: 100 (rango permitido 18-99) [hilo=batch-particion-1],"127,Charlie Green,8000,100,hipoteca"
2014,intereses.csv,326,OMITIDO,Saldo vacio o no numerico: '' [hilo=batch-particion-5],"138,Charlie Green,,100,prestamo"
2015,transacciones.csv,820,OMITIDO,Tipo fuera del catalogo permitido: 'invalid' [hilo=batch-particion-4],"819,13/06/2024,700,invalid"
2016,intereses.csv,949,OMITIDO,Tipo fuera del catalogo permitido: '-1' [hilo=batch-particion-1],"149,Bob Johnson,10000,25,-1"
2017,intereses.csv,697,OMITIDO,Edad fuera del rango permitido: '' [hilo=batch-particion-6],"113,Diana Prince,10000,,hipoteca"
2018,intereses.csv,577,OMITIDO,Edad fuera del rango permitido: '' [hilo=batch-particion-7],"119,Steve Rogers,5000,,hipoteca"
2019,intereses.csv,202,OMITIDO,Saldo vacio o no numerico: '' [hilo=batch-particion-8],"137,Alice Brown,,45,ahorro"
2020,intereses.csv,950,OMITIDO,Saldo vacio o no numerico: '' [hilo=batch-particion-1],"134,Diana Prince,,45,hipoteca"
2021,intereses.csv,699,OMITIDO,Edad fuera del rango permitido: 100 (rango permitido 18-99) [hilo=batch-particion-6],"127,Diana Prince,5000,100,ahorro"
2022,intereses.csv,457,OMITIDO,Edad fuera del rango permitido: '' [hilo=batch-particion-2],"148,Charlie Green,8000,,ahorro"
2023,intereses.csv,700,OMITIDO,Saldo vacio o no numerico: '' [hilo=batch-particion-6],"125,Diana Prince,,,prestamo"
2024,transacciones.csv,73,OMITIDO,Tipo fuera del catalogo permitido: 'invalid' [hilo=batch-particion-3],"72,2024-03-01,-200,invalid"
2025,intereses.csv,203,OMITIDO,Edad fuera del rango permitido: '' [hilo=batch-particion-8],"140,Alice Brown,7000,,hipoteca"
2026,intereses.csv,578,OMITIDO,Tipo fuera del catalogo permitido: '-1' [hilo=batch-particion-7],"104,Steve Rogers,,45,-1"
2027,intereses.csv,458,OMITIDO,Tipo fuera del catalogo permitido: 'unknown' [hilo=batch-particion-2],"144,Bob Johnson,10000,,unknown"
2028,transacciones.csv,822,OMITIDO,Monto vacio o no numerico: '' [hilo=batch-particion-4],"821,2024-04-07,,debito"
2029,transacciones.csv,75,OMITIDO,Tipo fuera del catalogo permitido: 'invalid' [hilo=batch-particion-3],"74,30/07/2024,1000,invalid"
2030,intereses.csv,579,OMITIDO,Edad fuera del rango permitido: 150 (rango permitido 18-99) [hilo=batch-particion-7],"128,John Doe,8000,150,prestamo"
2031,intereses.csv,328,OMITIDO,Tipo fuera del catalogo permitido: '-1' [hilo=batch-particion-5],"123,Charlie Green,5000,40,-1"
2032,intereses.csv,205,OMITIDO,Tipo fuera del catalogo permitido: '-1' [hilo=batch-particion-8],"114,Bob Johnson,5000,30,-1"
2033,transacciones.csv,826,OMITIDO,Tipo fuera del catalogo permitido: 'invalid' [hilo=batch-particion-4],"825,2024-05-14,700,invalid"
2034,intereses.csv,460,OMITIDO,Tipo fuera del catalogo permitido: 'unknown' [hilo=batch-particion-2],"114,Steve Rogers,10000,,unknown"
2035,intereses.csv,330,OMITIDO,Tipo fuera del catalogo permitido: '-1' [hilo=batch-particion-5],"146,Bob Johnson,10000,40,-1"
2036,intereses.csv,952,OMITIDO,Edad fuera del rango permitido: 100 (rango permitido 18-99) [hilo=batch-particion-1],"148,Charlie Green,12000,100,ahorro"
2037,intereses.csv,206,OMITIDO,Edad fuera del rango permitido: 100 (rango permitido 18-99) [hilo=batch-particion-8],"114,Steve Rogers,5000,100,prestamo"
2038,intereses.csv,705,OMITIDO,Tipo fuera del catalogo permitido: '-1' [hilo=batch-particion-6],"106,Bob Johnson,5000,35,-1"
2039,intereses.csv,461,OMITIDO,Edad fuera del rango permitido: '' [hilo=batch-particion-2],"103,Jane Smith,5000,,ahorro"
2040,intereses.csv,953,OMITIDO,Saldo vacio o no numerico: '' [hilo=batch-particion-1],"115,Bob Johnson,,30,prestamo"
2041,intereses.csv,582,OMITIDO,Tipo fuera del catalogo permitido: 'unknown' [hilo=batch-particion-7],"116,John Doe,12000,,unknown"
2042,intereses.csv,954,OMITIDO,Edad fuera del rango permitido: 100 (rango permitido 18-99) [hilo=batch-particion-1],"135,John Doe,10000,100,hipoteca"
2043,transacciones.csv,78,OMITIDO,Fecha ilegible o inexistente: 2024-13-01 [hilo=batch-particion-3],"77,2024-13-01,3000,invalid"
2044,intereses.csv,956,OMITIDO,Tipo fuera del catalogo permitido: '-1' [hilo=batch-particion-1],"113,Jane Smith,8000,35,-1"
2045,intereses.csv,707,OMITIDO,Edad fuera del rango permitido: '' [hilo=batch-particion-6],"134,Steve Rogers,8000,,hipoteca"
2046,transacciones.csv,829,OMITIDO,Tipo fuera del catalogo permitido: 'invalid' [hilo=batch-particion-4],"828,2024-05-23,1500,invalid"
2047,transacciones.csv,80,OMITIDO,Monto vacio o no numerico: '' [hilo=batch-particion-3],"79,02/06/2024,,invalid"
2048,intereses.csv,583,OMITIDO,Saldo vacio o no numerico: '' [hilo=batch-particion-7],"133,Steve Rogers,,150,ahorro"
2049,intereses.csv,209,FILTRADO,"Registro duplicado, ya procesado en esta ejecucion: fila identica","140,John Doe,,45,-1"
2050,intereses.csv,336,OMITIDO,Edad fuera del rango permitido: 100 (rango permitido 18-99) [hilo=batch-particion-5],"105,Diana Prince,7000,100,ahorro"
2051,transacciones.csv,830,OMITIDO,Fecha ilegible o inexistente: 2024-13-01 [hilo=batch-particion-4],"829,2024-13-01,3000,debito"
2052,transacciones.csv,81,OMITIDO,Tipo fuera del catalogo permitido: 'invalid' [hilo=batch-particion-3],"80,16-04-2024,1200,invalid"
2053,intereses.csv,708,OMITIDO,Edad fuera del rango permitido: '' [hilo=batch-particion-6],"131,Bob Johnson,10000,,prestamo"
2054,intereses.csv,584,OMITIDO,Tipo fuera del catalogo permitido: '-1' [hilo=batch-particion-7],"135,Bob Johnson,7000,40,-1"
2055,intereses.csv,462,OMITIDO,Tipo fuera del catalogo permitido: '-1' [hilo=batch-particion-2],"150,Diana Prince,10000,25,-1"
2056,intereses.csv,207,OMITIDO,Tipo fuera del catalogo permitido: '-1' [hilo=batch-particion-8],"105,Diana Prince,5000,30,-1"
2057,intereses.csv,709,OMITIDO,Tipo fuera del catalogo permitido: 'unknown' [hilo=batch-particion-6],"131,John Doe,10000,100,unknown"
2058,intereses.csv,463,OMITIDO,Tipo fuera del catalogo permitido: '-1' [hilo=batch-particion-2],"125,John Doe,,25,-1"
2059,intereses.csv,585,OMITIDO,Tipo fuera del catalogo permitido: 'unknown' [hilo=batch-particion-7],"142,Jane Smith,8000,40,unknown"
2060,intereses.csv,208,OMITIDO,Tipo fuera del catalogo permitido: '-1' [hilo=batch-particion-8],"116,Alice Brown,8000,35,-1"
2061,intereses.csv,957,OMITIDO,Saldo vacio o no numerico: '' [hilo=batch-particion-1],"108,Jane Smith,,35,ahorro"
2062,intereses.csv,710,OMITIDO,Saldo vacio o no numerico: '' [hilo=batch-particion-6],"129,Alice Brown,,30,prestamo"
2063,intereses.csv,464,OMITIDO,Edad fuera del rango permitido: 150 (rango permitido 18-99) [hilo=batch-particion-2],"150,Jane Smith,8000,150,hipoteca"
2064,intereses.csv,337,OMITIDO,Edad fuera del rango permitido: '' [hilo=batch-particion-5],"128,Steve Rogers,5000,,ahorro"
2065,intereses.csv,210,OMITIDO,Saldo vacio o no numerico: '' [hilo=batch-particion-8],"142,Alice Brown,,100,prestamo"
2066,intereses.csv,961,OMITIDO,Tipo fuera del catalogo permitido: '-1' [hilo=batch-particion-1],"132,Unknown,5000,,-1"
2067,intereses.csv,465,OMITIDO,Tipo fuera del catalogo permitido: 'unknown' [hilo=batch-particion-2],"123,John Doe,5000,35,unknown"
2068,intereses.csv,338,OMITIDO,Tipo fuera del catalogo permitido: '-1' [hilo=batch-particion-5],"113,Unknown,,40,-1"
2069,intereses.csv,211,OMITIDO,Tipo fuera del catalogo permitido: '-1' [hilo=batch-particion-8],"125,Jane Smith,12000,30,-1"
2070,transacciones.csv,82,OMITIDO,Monto vacio o no numerico: '' [hilo=batch-particion-3],"81,2024/06/18,,invalid"
2071,transacciones.csv,836,OMITIDO,Fecha ilegible o inexistente: 2024-13-01 [hilo=batch-particion-4],"835,2024-13-01,1500,credito"
2072,intereses.csv,587,OMITIDO,Edad fuera del rango permitido: 150 (rango permitido 18-99) [hilo=batch-particion-7],"118,Charlie Green,12000,150,prestamo"
2073,intereses.csv,713,OMITIDO,Edad fuera del rango permitido: '' [hilo=batch-particion-6],"125,Jane Smith,5000,,ahorro"
2074,intereses.csv,339,OMITIDO,Edad fuera del rango permitido: 100 (rango permitido 18-99) [hilo=batch-particion-5],"106,Charlie Green,10000,100,ahorro"
2075,intereses.csv,588,OMITIDO,Tipo fuera del catalogo permitido: '-1' [hilo=batch-particion-7],"134,Alice Brown,,45,-1"
2076,intereses.csv,340,OMITIDO,Edad fuera del rango permitido: 100 (rango permitido 18-99) [hilo=batch-particion-5],"116,Diana Prince,8000,100,ahorro"
2077,intereses.csv,962,OMITIDO,Edad fuera del rango permitido: '' [hilo=batch-particion-1],"108,Charlie Green,8000,,prestamo"
2078,intereses.csv,714,OMITIDO,Tipo fuera del catalogo permitido: 'unknown' [hilo=batch-particion-6],"124,Diana Prince,10000,45,unknown"
2079,intereses.csv,589,OMITIDO,Edad fuera del rango permitido: 150 (rango permitido 18-99) [hilo=batch-particion-7],"120,Charlie Green,7000,150,prestamo"
2080,intereses.csv,467,OMITIDO,Tipo fuera del catalogo permitido: '-1' [hilo=batch-particion-2],"138,Bob Johnson,10000,30,-1"
2081,intereses.csv,341,OMITIDO,Saldo vacio o no numerico: '' [hilo=batch-particion-5],"140,John Doe,,30,hipoteca"
2082,transacciones.csv,87,OMITIDO,Tipo fuera del catalogo permitido: 'invalid' [hilo=batch-particion-3],"86,2024-11-04,1500,invalid"
2083,intereses.csv,964,OMITIDO,Tipo fuera del catalogo permitido: 'unknown' [hilo=batch-particion-1],"130,John Doe,12000,30,unknown"
2084,intereses.csv,716,OMITIDO,Saldo vacio o no numerico: '' [hilo=batch-particion-6],"144,John Doe,,25,hipoteca"
2085,transacciones.csv,838,OMITIDO,Tipo fuera del catalogo permitido: 'invalid' [hilo=batch-particion-4],"837,2024/07/10,1200,invalid"
2086,intereses.csv,590,OMITIDO,Edad fuera del rango permitido: '' [hilo=batch-particion-7],"132,Alice Brown,12000,,ahorro"
2087,intereses.csv,213,OMITIDO,Tipo fuera del catalogo permitido: '-1' [hilo=batch-particion-8],"114,Charlie Green,7000,100,-1"
2088,intereses.csv,471,OMITIDO,Edad fuera del rango permitido: 150 (rango permitido 18-99) [hilo=batch-particion-2],"137,Jane Smith,7000,150,ahorro"
2089,transacciones.csv,88,OMITIDO,Tipo fuera del catalogo permitido: 'invalid' [hilo=batch-particion-3],"87,2024/10/22,1200,invalid"
2090,intereses.csv,965,OMITIDO,Saldo vacio o no numerico: '' [hilo=batch-particion-1],"104,Bob Johnson,,,prestamo"
2091,intereses.csv,214,OMITIDO,Edad fuera del rango permitido: '' [hilo=batch-particion-8],"112,John Doe,12000,,ahorro"
2092,transacciones.csv,839,OMITIDO,Fecha ilegible o inexistente: 2024-13-01 [hilo=batch-particion-4],"838,2024-13-01,,credito"
2093,intereses.csv,966,OMITIDO,Tipo fuera del catalogo permitido: '-1' [hilo=batch-particion-1],"102,Alice Brown,12000,30,-1"
2094,transacciones.csv,91,OMITIDO,Tipo fuera del catalogo permitido: 'invalid' [hilo=batch-particion-3],"90,28/07/2024,700,invalid"
2095,intereses.csv,215,OMITIDO,Edad fuera del rango permitido: 100 (rango permitido 18-99) [hilo=batch-particion-8],"128,Jane Smith,7000,100,hipoteca"
2096,intereses.csv,343,FILTRADO,"Registro duplicado, ya procesado en esta ejecucion: fila identica","110,Alice Brown,7000,,-1"
2097,intereses.csv,718,OMITIDO,Tipo fuera del catalogo permitido: '-1' [hilo=batch-particion-6],"114,Alice Brown,7000,25,-1"
2098,intereses.csv,592,OMITIDO,Saldo vacio o no numerico: '' [hilo=batch-particion-7],"143,Alice Brown,,35,prestamo"
2099,intereses.csv,472,OMITIDO,Tipo fuera del catalogo permitido: '-1' [hilo=batch-particion-2],"103,Diana Prince,10000,100,-1"
2100,intereses.csv,344,OMITIDO,Tipo fuera del catalogo permitido: '-1' [hilo=batch-particion-5],"115,Diana Prince,,40,-1"
2101,intereses.csv,719,OMITIDO,Edad fuera del rango permitido: '' [hilo=batch-particion-6],"113,Bob Johnson,12000,,hipoteca"
2102,transacciones.csv,842,OMITIDO,Tipo fuera del catalogo permitido: 'invalid' [hilo=batch-particion-4],"841,2024/08/15,0,invalid"
2103,intereses.csv,593,OMITIDO,Tipo fuera del catalogo permitido: '-1' [hilo=batch-particion-7],"104,Steve Rogers,,40,-1"
2104,intereses.csv,345,OMITIDO,Tipo fuera del catalogo permitido: '-1' [hilo=batch-particion-5],"138,Charlie Green,5000,,-1"
2105,intereses.csv,474,OMITIDO,Tipo fuera del catalogo permitido: '-1' [hilo=batch-particion-2],"145,Steve Rogers,,100,-1"
2106,intereses.csv,720,OMITIDO,Tipo fuera del catalogo permitido: '-1' [hilo=batch-particion-6],"127,Charlie Green,7000,150,-1"
2107,intereses.csv,967,OMITIDO,Edad fuera del rango permitido: '' [hilo=batch-particion-1],"129,Bob Johnson,7000,,ahorro"
2108,intereses.csv,217,OMITIDO,Tipo fuera del catalogo permitido: '-1' [hilo=batch-particion-8],"150,Jane Smith,8000,,-1"
2109,intereses.csv,475,OMITIDO,Tipo fuera del catalogo permitido: 'unknown' [hilo=batch-particion-2],"138,John Doe,10000,25,unknown"
2110,intereses.csv,346,OMITIDO,Tipo fuera del catalogo permitido: '-1' [hilo=batch-particion-5],"150,Diana Prince,8000,35,-1"
2111,intereses.csv,594,OMITIDO,Saldo vacio o no numerico: '' [hilo=batch-particion-7],"141,Jane Smith,,40,prestamo"
2112,transacciones.csv,846,OMITIDO,Tipo fuera del catalogo permitido: 'invalid' [hilo=batch-particion-4],"845,31-08-2024,1500,invalid"
2113,intereses.csv,721,OMITIDO,Tipo fuera del catalogo permitido: '-1' [hilo=batch-particion-6],"124,John Doe,12000,,-1"
2114,intereses.csv,476,OMITIDO,Edad fuera del rango permitido: '' [hilo=batch-particion-2],"117,Diana Prince,12000,,hipoteca"
2115,intereses.csv,218,OMITIDO,Tipo fuera del catalogo permitido: '-1' [hilo=batch-particion-8],"129,Charlie Green,10000,40,-1"
2116,intereses.csv,971,OMITIDO,Saldo vacio o no numerico: '' [hilo=batch-particion-1],"123,Charlie Green,,,prestamo"
2117,transacciones.csv,99,OMITIDO,Tipo fuera del catalogo permitido: 'invalid' [hilo=batch-particion-3],"98,2024-07-05,1200,invalid"
2118,intereses.csv,595,OMITIDO,Tipo fuera del catalogo permitido: '-1' [hilo=batch-particion-7],"106,Alice Brown,5000,45,-1"
2119,intereses.csv,221,OMITIDO,Saldo vacio o no numerico: '' [hilo=batch-particion-8],"127,Steve Rogers,,,prestamo"
2120,transacciones.csv,101,OMITIDO,Monto vacio o no numerico: '' [hilo=batch-particion-3],"100,15-06-2024,,debito"
2121,intereses.csv,347,OMITIDO,Tipo fuera del catalogo permitido: '-1' [hilo=batch-particion-5],"101,Steve Rogers,5000,35,-1"
2122,transacciones.csv,847,OMITIDO,Monto vacio o no numerico: '' [hilo=batch-particion-4],"846,2024-08-30,,credito"
2123,intereses.csv,480,FILTRADO,"Registro duplicado, ya procesado en esta ejecucion: fila identica","108,John Doe,8000,45,prestamo"
2124,intereses.csv,348,OMITIDO,Saldo vacio o no numerico: '' [hilo=batch-particion-5],"105,Alice Brown,,25,prestamo"
2125,intereses.csv,722,OMITIDO,Edad fuera del rango permitido: '' [hilo=batch-particion-6],"139,Jane Smith,10000,,hipoteca"
2126,intereses.csv,973,OMITIDO,Tipo fuera del catalogo permitido: 'unknown' [hilo=batch-particion-1],"107,Diana Prince,5000,45,unknown"
2127,intereses.csv,597,OMITIDO,Edad fuera del rango permitido: 100 (rango permitido 18-99) [hilo=batch-particion-7],"150,Bob Johnson,12000,100,ahorro"
2128,intereses.csv,723,OMITIDO,Tipo fuera del catalogo permitido: '-1' [hilo=batch-particion-6],"108,Steve Rogers,5000,30,-1"
2129,intereses.csv,477,OMITIDO,Tipo fuera del catalogo permitido: '-1' [hilo=batch-particion-2],"131,Bob Johnson,10000,,-1"
2130,intereses.csv,349,OMITIDO,Saldo vacio o no numerico: '' [hilo=batch-particion-5],"150,Steve Rogers,,25,hipoteca"
2131,intereses.csv,222,OMITIDO,Tipo fuera del catalogo permitido: '-1' [hilo=batch-particion-8],"125,Charlie Green,12000,25,-1"
2132,intereses.csv,976,OMITIDO,Saldo vacio o no numerico: '' [hilo=batch-particion-1],"117,Alice Brown,,45,hipoteca"
2133,intereses.csv,599,OMITIDO,Tipo fuera del catalogo permitido: '-1' [hilo=batch-particion-7],"149,Charlie Green,12000,25,-1"
2134,transacciones.csv,106,OMITIDO,Tipo fuera del catalogo permitido: 'invalid' [hilo=batch-particion-3],"105,2024-12-13,3000,invalid"
2135,intereses.csv,478,OMITIDO,Edad fuera del rango permitido: '' [hilo=batch-particion-2],"132,Unknown,12000,,prestamo"
2136,intereses.csv,350,OMITIDO,Edad fuera del rango permitido: 150 (rango permitido 18-99) [hilo=batch-particion-5],"137,Charlie Green,7000,150,hipoteca"
2137,intereses.csv,223,OMITIDO,Saldo vacio o no numerico: '' [hilo=batch-particion-8],"126,Diana Prince,,35,prestamo"
2138,intereses.csv,724,OMITIDO,Tipo fuera del catalogo permitido: '-1' [hilo=batch-particion-6],"136,John Doe,8000,35,-1"
2139,intereses.csv,600,OMITIDO,Tipo fuera del catalogo permitido: '-1' [hilo=batch-particion-7],"112,Diana Prince,10000,,-1"
2140,transacciones.csv,852,OMITIDO,Monto vacio o no numerico: '' [hilo=batch-particion-4],"851,23/03/2024,,credito"
2141,intereses.csv,479,OMITIDO,Tipo fuera del catalogo permitido: '-1' [hilo=batch-particion-2],"146,Bob Johnson,,30,-1"
2142,intereses.csv,224,OMITIDO,Edad fuera del rango permitido: '' [hilo=batch-particion-8],"118,Bob Johnson,8000,,ahorro"
2143,intereses.csv,351,OMITIDO,Saldo vacio o no numerico: '' [hilo=batch-particion-5],"124,John Doe,,35,prestamo"
2144,intereses.csv,726,OMITIDO,Tipo fuera del catalogo permitido: 'unknown' [hilo=batch-particion-6],"123,John Doe,7000,40,unknown"
2145,transacciones.csv,853,OMITIDO,Fecha ilegible o inexistente: 2024-13-01 [hilo=batch-particion-4],"852,2024-13-01,1000,invalid"
2146,intereses.csv,601,OMITIDO,Saldo vacio o no numerico: '' [hilo=batch-particion-7],"142,Bob Johnson,,100,hipoteca"
2147,intereses.csv,981,FILTRADO,"Registro duplicado, ya procesado en esta ejecucion: fila identica","123,Alice Brown,,25,hipoteca"
2148,intereses.csv,481,OMITIDO,Tipo fuera del catalogo permitido: 'unknown' [hilo=batch-particion-2],"112,Jane Smith,5000,40,unknown"
2149,intereses.csv,225,OMITIDO,Tipo fuera del catalogo permitido: '-1' [hilo=batch-particion-8],"114,Alice Brown,,,-1"
2150,transacciones.csv,854,OMITIDO,Tipo fuera del catalogo permitido: 'desconocido' [hilo=batch-particion-4],"853,03-07-2024,700,desconocido"
2151,transacciones.csv,108,OMITIDO,Tipo fuera del catalogo permitido: 'invalid' [hilo=batch-particion-3],"107,16/01/2024,700,invalid"
2152,intereses.csv,977,OMITIDO,Tipo fuera del catalogo permitido: '-1' [hilo=batch-particion-1],"129,Jane Smith,,30,-1"
2153,intereses.csv,226,OMITIDO,Edad fuera del rango permitido: 150 (rango permitido 18-99) [hilo=batch-particion-8],"114,Charlie Green,10000,150,hipoteca"
2154,intereses.csv,727,OMITIDO,Edad fuera del rango permitido: 150 (rango permitido 18-99) [hilo=batch-particion-6],"103,John Doe,7000,150,ahorro"
2155,transacciones.csv,109,OMITIDO,Tipo fuera del catalogo permitido: 'invalid' [hilo=batch-particion-3],"108,2024/02/28,-200,invalid"
2156,intereses.csv,352,OMITIDO,Tipo fuera del catalogo permitido: '-1' [hilo=batch-particion-5],"132,John Doe,,40,-1"
2157,intereses.csv,482,OMITIDO,Tipo fuera del catalogo permitido: 'unknown' [hilo=batch-particion-2],"119,Steve Rogers,5000,45,unknown"
2158,intereses.csv,978,OMITIDO,Tipo fuera del catalogo permitido: '-1' [hilo=batch-particion-1],"133,John Doe,7000,150,-1"
2159,intereses.csv,603,OMITIDO,Tipo fuera del catalogo permitido: '-1' [hilo=batch-particion-7],"131,Steve Rogers,,30,-1"
2160,transacciones.csv,110,OMITIDO,Tipo fuera del catalogo permitido: 'invalid' [hilo=batch-particion-3],"109,2024-09-15,1200,invalid"
2161,intereses.csv,728,OMITIDO,Tipo fuera del catalogo permitido: 'unknown' [hilo=batch-particion-6],"140,Bob Johnson,,40,unknown"
2162,intereses.csv,353,OMITIDO,Tipo fuera del catalogo permitido: '-1' [hilo=batch-particion-5],"113,Alice Brown,,,-1"
2163,transacciones.csv,859,OMITIDO,Monto vacio o no numerico: '' [hilo=batch-particion-4],"858,12-11-2024,,credito"
2164,intereses.csv,483,OMITIDO,Tipo fuera del catalogo permitido: '-1' [hilo=batch-particion-2],"137,Alice Brown,8000,,-1"
2165,intereses.csv,979,OMITIDO,Saldo vacio o no numerico: '' [hilo=batch-particion-1],"113,Jane Smith,,25,prestamo"
2166,intereses.csv,604,OMITIDO,Tipo fuera del catalogo permitido: '-1' [hilo=batch-particion-7],"102,John Doe,12000,,-1"
2167,intereses.csv,729,OMITIDO,Saldo vacio o no numerico: '' [hilo=batch-particion-6],"129,John Doe,,40,prestamo"
2168,intereses.csv,354,OMITIDO,Tipo fuera del catalogo permitido: '-1' [hilo=batch-particion-5],"119,Steve Rogers,,35,-1"
2169,transacciones.csv,861,OMITIDO,Tipo fuera del catalogo permitido: 'invalid' [hilo=batch-particion-4],"860,2024/02/08,-200,invalid"
2170,intereses.csv,484,OMITIDO,Tipo fuera del catalogo permitido: 'unknown' [hilo=batch-particion-2],"127,Charlie Green,7000,30,unknown"
2171,intereses.csv,606,OMITIDO,Tipo fuera del catalogo permitido: '-1' [hilo=batch-particion-7],"137,Alice Brown,,25,-1"
2172,intereses.csv,227,OMITIDO,Tipo fuera del catalogo permitido: '-1' [hilo=batch-particion-8],"138,Diana Prince,7000,35,-1"
2173,intereses.csv,731,OMITIDO,Edad fuera del rango permitido: '' [hilo=batch-particion-6],"142,Charlie Green,12000,,hipoteca"
2174,intereses.csv,485,OMITIDO,Tipo fuera del catalogo permitido: '-1' [hilo=batch-particion-2],"109,Unknown,,25,-1"
2175,intereses.csv,355,OMITIDO,Tipo fuera del catalogo permitido: 'unknown' [hilo=batch-particion-5],"113,Charlie Green,7000,,unknown"
2176,intereses.csv,231,OMITIDO,Edad fuera del rango permitido: '' [hilo=batch-particion-8],"140,Steve Rogers,12000,,ahorro"
2177,transacciones.csv,115,OMITIDO,Tipo fuera del catalogo permitido: 'invalid' [hilo=batch-particion-3],"114,01-02-2024,700,invalid"
2178,intereses.csv,984,OMITIDO,Edad fuera del rango permitido: 100 (rango permitido 18-99) [hilo=batch-particion-1],"146,Charlie Green,12000,100,hipoteca"
2179,intereses.csv,486,OMITIDO,Saldo vacio o no numerico: '' [hilo=batch-particion-2],"118,John Doe,,40,hipoteca"
2180,intereses.csv,356,OMITIDO,Tipo fuera del catalogo permitido: 'unknown' [hilo=batch-particion-5],"146,Charlie Green,8000,25,unknown"
2181,intereses.csv,986,OMITIDO,Tipo fuera del catalogo permitido: '-1' [hilo=batch-particion-1],"127,Diana Prince,8000,35,-1"
2182,intereses.csv,607,OMITIDO,Edad fuera del rango permitido: '' [hilo=batch-particion-7],"143,Unknown,7000,,ahorro"
2183,intereses.csv,732,OMITIDO,Tipo fuera del catalogo permitido: '-1' [hilo=batch-particion-6],"110,Bob Johnson,5000,45,-1"
2184,transacciones.csv,863,OMITIDO,Monto vacio o no numerico: '' [hilo=batch-particion-4],"862,24/07/2024,,debito"
2185,intereses.csv,609,OMITIDO,Edad fuera del rango permitido: 150 (rango permitido 18-99) [hilo=batch-particion-7],"140,Steve Rogers,5000,150,prestamo"
2186,transacciones.csv,864,OMITIDO,Fecha ilegible o inexistente: 2024-13-01 [hilo=batch-particion-4],"863,2024-13-01,-200,invalid"
2187,intereses.csv,734,OMITIDO,Tipo fuera del catalogo permitido: '-1' [hilo=batch-particion-6],"142,Alice Brown,12000,,-1"
2188,intereses.csv,610,OMITIDO,Tipo fuera del catalogo permitido: '-1' [hilo=batch-particion-7],"124,Jane Smith,12000,45,-1"
2189,intereses.csv,235,OMITIDO,Edad fuera del rango permitido: 150 (rango permitido 18-99) [hilo=batch-particion-8],"144,Charlie Green,7000,150,prestamo"
2190,intereses.csv,487,OMITIDO,Saldo vacio o no numerico: '' [hilo=batch-particion-2],"121,John Doe,,25,ahorro"
2191,intereses.csv,359,OMITIDO,Tipo fuera del catalogo permitido: '-1' [hilo=batch-particion-5],"118,Jane Smith,5000,25,-1"
2192,intereses.csv,991,FILTRADO,"Registro duplicado, ya procesado en esta ejecucion: fila identica","119,John Doe,10000,100,-1"
2193,transacciones.csv,117,OMITIDO,Tipo fuera del catalogo permitido: 'invalid' [hilo=batch-particion-3],"116,2024-10-03,1500,invalid"
2194,intereses.csv,735,OMITIDO,Edad fuera del rango permitido: 100 (rango permitido 18-99) [hilo=batch-particion-6],"130,Unknown,12000,100,ahorro"
2195,intereses.csv,236,OMITIDO,Edad fuera del rango permitido: '' [hilo=batch-particion-8],"132,Alice Brown,5000,,ahorro"
2196,intereses.csv,489,OMITIDO,Edad fuera del rango permitido: '' [hilo=batch-particion-2],"119,John Doe,8000,,ahorro"
2197,transacciones.csv,119,OMITIDO,Monto vacio o no numerico: '' [hilo=batch-particion-3],"118,27/08/2024,,invalid"
2198,intereses.csv,360,OMITIDO,Edad fuera del rango permitido: 100 (rango permitido 18-99) [hilo=batch-particion-5],"144,Diana Prince,8000,100,prestamo"
2199,intereses.csv,736,OMITIDO,Tipo fuera del catalogo permitido: '-1' [hilo=batch-particion-6],"111,Steve Rogers,,,-1"
2200,intereses.csv,987,OMITIDO,Edad fuera del rango permitido: 100 (rango permitido 18-99) [hilo=batch-particion-1],"116,Diana Prince,7000,100,ahorro"
2201,intereses.csv,614,OMITIDO,Edad fuera del rango permitido: '' [hilo=batch-particion-7],"118,John Doe,12000,,hipoteca"
2202,intereses.csv,491,OMITIDO,Edad fuera del rango permitido: '' [hilo=batch-particion-2],"122,Diana Prince,7000,,ahorro"
2203,transacciones.csv,868,OMITIDO,Tipo fuera del catalogo permitido: 'invalid' [hilo=batch-particion-4],"867,12-03-2024,-200,invalid"
2204,intereses.csv,361,OMITIDO,Edad fuera del rango permitido: 100 (rango permitido 18-99) [hilo=batch-particion-5],"127,John Doe,12000,100,ahorro"
2205,transacciones.csv,120,OMITIDO,Monto vacio o no numerico: '' [hilo=batch-particion-3],"119,06-12-2024,,debito"
2206,intereses.csv,988,OMITIDO,Edad fuera del rango permitido: 100 (rango permitido 18-99) [hilo=batch-particion-1],"126,Charlie Green,7000,100,hipoteca"
2207,intereses.csv,615,OMITIDO,Edad fuera del rango permitido: 100 (rango permitido 18-99) [hilo=batch-particion-7],"142,Jane Smith,8000,100,hipoteca"
2208,transacciones.csv,869,OMITIDO,Monto vacio o no numerico: '' [hilo=batch-particion-4],"868,2024/11/20,,invalid"
2209,intereses.csv,237,OMITIDO,Tipo fuera del catalogo permitido: '-1' [hilo=batch-particion-8],"122,Jane Smith,,100,-1"
2210,intereses.csv,989,OMITIDO,Tipo fuera del catalogo permitido: '-1' [hilo=batch-particion-1],"135,Alice Brown,7000,,-1"
2211,intereses.csv,616,OMITIDO,Tipo fuera del catalogo permitido: '-1' [hilo=batch-particion-7],"114,Diana Prince,5000,25,-1"
2212,transacciones.csv,871,OMITIDO,Tipo fuera del catalogo permitido: 'desconocido' [hilo=batch-particion-4],"870,2024-06-23,1200,desconocido"
2213,intereses.csv,238,OMITIDO,Tipo fuera del catalogo permitido: '-1' [hilo=batch-particion-8],"116,Alice Brown,12000,30,-1"
2214,intereses.csv,737,OMITIDO,Tipo fuera del catalogo permitido: '-1' [hilo=batch-particion-6],"107,John Doe,,35,-1"
2215,intereses.csv,362,FILTRADO,"Registro duplicado, ya procesado en esta ejecucion: fila identica","120,John Doe,,,-1"
2216,intereses.csv,240,OMITIDO,Tipo fuera del catalogo permitido: '-1' [hilo=batch-particion-8],"129,Unknown,,35,-1"
2217,intereses.csv,492,OMITIDO,Edad fuera del rango permitido: '' [hilo=batch-particion-2],"113,John Doe,12000,,ahorro"
2218,transacciones.csv,123,OMITIDO,Tipo fuera del catalogo permitido: 'invalid' [hilo=batch-particion-3],"122,2024-08-26,800,invalid"
2219,intereses.csv,738,OMITIDO,Tipo fuera del catalogo permitido: 'unknown' [hilo=batch-particion-6],"144,John Doe,10000,,unknown"
2220,intereses.csv,241,OMITIDO,Edad fuera del rango permitido: '' [hilo=batch-particion-8],"117,Steve Rogers,10000,,hipoteca"
2221,intereses.csv,364,OMITIDO,Tipo fuera del catalogo permitido: 'unknown' [hilo=batch-particion-5],"114,Jane Smith,12000,100,unknown"
2222,intereses.csv,617,OMITIDO,Tipo fuera del catalogo permitido: 'unknown' [hilo=batch-particion-7],"104,Jane Smith,,25,unknown"
2223,intereses.csv,993,OMITIDO,Tipo fuera del catalogo permitido: '-1' [hilo=batch-particion-1],"129,Unknown,7000,35,-1"
2224,intereses.csv,740,OMITIDO,Saldo vacio o no numerico: '' [hilo=batch-particion-6],"111,John Doe,,45,prestamo"
2225,transacciones.csv,125,OMITIDO,Monto vacio o no numerico: '' [hilo=batch-particion-3],"124,2024/08/22,,invalid"
2226,intereses.csv,493,OMITIDO,Tipo fuera del catalogo permitido: '-1' [hilo=batch-particion-2],"131,Bob Johnson,7000,35,-1"
2227,transacciones.csv,874,OMITIDO,Monto vacio o no numerico: '' [hilo=batch-particion-4],"873,2024-12-23,,credito"
2228,intereses.csv,365,OMITIDO,Tipo fuera del catalogo permitido: '-1' [hilo=batch-particion-5],"139,Charlie Green,12000,45,-1"
2229,intereses.csv,618,OMITIDO,Tipo fuera del catalogo permitido: '-1' [hilo=batch-particion-7],"130,Steve Rogers,,35,-1"
2230,intereses.csv,494,OMITIDO,Saldo vacio o no numerico: '' [hilo=batch-particion-2],"111,Steve Rogers,,,hipoteca"
2231,intereses.csv,995,OMITIDO,Tipo fuera del catalogo permitido: '-1' [hilo=batch-particion-1],"116,Alice Brown,10000,30,-1"
2232,transacciones.csv,875,OMITIDO,Tipo fuera del catalogo permitido: 'invalid' [hilo=batch-particion-4],"874,2024-12-20,-200,invalid"
2233,intereses.csv,619,OMITIDO,Tipo fuera del catalogo permitido: 'unknown' [hilo=batch-particion-7],"139,Alice Brown,12000,35,unknown"
2234,intereses.csv,996,OMITIDO,Edad fuera del rango permitido: 100 (rango permitido 18-99) [hilo=batch-particion-1],"101,Charlie Green,8000,100,prestamo"
2235,intereses.csv,495,OMITIDO,Saldo vacio o no numerico: '' [hilo=batch-particion-2],"114,Diana Prince,,,ahorro"
2236,transacciones.csv,876,OMITIDO,Monto vacio o no numerico: '' [hilo=batch-particion-4],"875,01/09/2024,,invalid"
2237,intereses.csv,366,OMITIDO,Edad fuera del rango permitido: 100 (rango permitido 18-99) [hilo=batch-particion-5],"132,Alice Brown,12000,100,hipoteca"
2238,intereses.csv,244,OMITIDO,Saldo vacio o no numerico: '' [hilo=batch-particion-8],"147,John Doe,,35,hipoteca"
2239,intereses.csv,621,OMITIDO,Saldo vacio o no numerico: '' [hilo=batch-particion-7],"120,Jane Smith,,40,ahorro"
2240,intereses.csv,246,OMITIDO,Saldo vacio o no numerico: '' [hilo=batch-particion-8],"144,John Doe,,,prestamo"
2241,intereses.csv,496,OMITIDO,Tipo fuera del catalogo permitido: 'unknown' [hilo=batch-particion-2],"139,Charlie Green,5000,35,unknown"
2242,intereses.csv,742,OMITIDO,Edad fuera del rango permitido: 100 (rango permitido 18-99) [hilo=batch-particion-6],"125,Alice Brown,10000,100,ahorro"
2243,intereses.csv,744,OMITIDO,Tipo fuera del catalogo permitido: '-1' [hilo=batch-particion-6],"122,Charlie Green,8000,25,-1"
2244,intereses.csv,999,OMITIDO,Tipo fuera del catalogo permitido: '-1' [hilo=batch-particion-1],"139,Charlie Green,,25,-1"
2245,intereses.csv,745,OMITIDO,Saldo vacio o no numerico: '' [hilo=batch-particion-6],"137,Diana Prince,,100,prestamo"
2246,intereses.csv,369,OMITIDO,Tipo fuera del catalogo permitido: '-1' [hilo=batch-particion-5],"107,Bob Johnson,8000,45,-1"
2247,intereses.csv,1000,OMITIDO,Saldo vacio o no numerico: '' [hilo=batch-particion-1],"114,Steve Rogers,,100,prestamo"
2248,intereses.csv,622,OMITIDO,Edad fuera del rango permitido: '' [hilo=batch-particion-7],"119,Unknown,5000,,ahorro"
2249,intereses.csv,370,OMITIDO,Edad fuera del rango permitido: 100 (rango permitido 18-99) [hilo=batch-particion-5],"118,Charlie Green,5000,100,hipoteca"
2250,intereses.csv,499,OMITIDO,Edad fuera del rango permitido: '' [hilo=batch-particion-2],"103,John Doe,5000,,prestamo"
2251,intereses.csv,247,OMITIDO,Tipo fuera del catalogo permitido: '-1' [hilo=batch-particion-8],"123,Steve Rogers,,,-1"
2252,intereses.csv,623,OMITIDO,Tipo fuera del catalogo permitido: '-1' [hilo=batch-particion-7],"128,Alice Brown,5000,40,-1"
2253,intereses.csv,371,OMITIDO,Saldo vacio o no numerico: '' [hilo=batch-particion-5],"149,Steve Rogers,,150,prestamo"
2254,intereses.csv,500,OMITIDO,Tipo fuera del catalogo permitido: 'unknown' [hilo=batch-particion-2],"108,Alice Brown,5000,30,unknown"
2255,intereses.csv,248,OMITIDO,Edad fuera del rango permitido: '' [hilo=batch-particion-8],"122,Charlie Green,5000,,prestamo"
2256,intereses.csv,747,OMITIDO,Saldo vacio o no numerico: '' [hilo=batch-particion-6],"138,Steve Rogers,,40,prestamo"
2257,intereses.csv,250,OMITIDO,Saldo vacio o no numerico: '' [hilo=batch-particion-8],"106,Diana Prince,,30,prestamo"
2258,intereses.csv,625,OMITIDO,Saldo vacio o no numerico: '' [hilo=batch-particion-7],"125,John Doe,,40,ahorro"
2259,intereses.csv,749,OMITIDO,Edad fuera del rango permitido: 100 (rango permitido 18-99) [hilo=batch-particion-6],"123,Unknown,10000,100,ahorro"
2260,transacciones.csv,878,OMITIDO,Monto vacio o no numerico: '' [hilo=batch-particion-3],"877,19-03-2024,,credito"
2261,intereses.csv,750,OMITIDO,Edad fuera del rango permitido: '' [hilo=batch-particion-6],"122,Alice Brown,5000,,ahorro"
2262,intereses.csv,373,OMITIDO,Edad fuera del rango permitido: '' [hilo=batch-particion-5],"128,Diana Prince,7000,,hipoteca"
2263,transacciones.csv,879,OMITIDO,Monto vacio o no numerico: '' [hilo=batch-particion-3],"878,2024-01-08,,invalid"
2264,intereses.csv,751,OMITIDO,Saldo vacio o no numerico: '' [hilo=batch-particion-6],"139,Charlie Green,,25,hipoteca"
2265,intereses.csv,375,OMITIDO,Tipo fuera del catalogo permitido: '-1' [hilo=batch-particion-5],"127,Charlie Green,7000,30,-1"
2266,transacciones.csv,880,OMITIDO,Monto vacio o no numerico: '' [hilo=batch-particion-3],"879,2024/07/05,,debito"
2267,transacciones.csv,502,OMITIDO,Monto vacio o no numerico: '' [hilo=batch-particion-4],"501,2024-03-24,,credito"
2268,transacciones.csv,504,OMITIDO,Tipo fuera del catalogo permitido: 'invalid' [hilo=batch-particion-4],"503,14-02-2024,1500,invalid"
2269,transacciones.csv,882,OMITIDO,Tipo fuera del catalogo permitido: 'invalid' [hilo=batch-particion-3],"881,06/11/2024,-100,invalid"
2270,transacciones.csv,378,OMITIDO,Monto vacio o no numerico: '' [hilo=batch-particion-1],"377,25/05/2024,,credito"
2271,transacciones.csv,883,OMITIDO,Monto vacio o no numerico: '' [hilo=batch-particion-3],"882,2024-07-08,,credito"
2272,transacciones.csv,380,OMITIDO,Tipo fuera del catalogo permitido: 'invalid' [hilo=batch-particion-1],"379,2024/03/09,1000,invalid"
2273,transacciones.csv,884,OMITIDO,Tipo fuera del catalogo permitido: 'invalid' [hilo=batch-particion-3],"883,2024/04/03,-200,invalid"
2274,transacciones.csv,507,OMITIDO,Tipo fuera del catalogo permitido: 'invalid' [hilo=batch-particion-4],"506,2024-06-10,-200,invalid"
2275,transacciones.csv,508,OMITIDO,Tipo fuera del catalogo permitido: 'invalid' [hilo=batch-particion-4],"507,05-04-2024,0,invalid"
2276,transacciones.csv,382,OMITIDO,Monto vacio o no numerico: '' [hilo=batch-particion-1],"381,25/06/2024,,credito"
2277,transacciones.csv,627,OMITIDO,Monto vacio o no numerico: '' [hilo=batch-particion-2],"626,2024/04/12,,invalid"
2278,transacciones.csv,629,OMITIDO,Monto vacio o no numerico: '' [hilo=batch-particion-2],"628,28-06-2024,,invalid"
2279,transacciones.csv,383,OMITIDO,Tipo fuera del catalogo permitido: 'invalid' [hilo=batch-particion-1],"382,04/07/2024,500,invalid"
2280,transacciones.csv,889,OMITIDO,Monto vacio o no numerico: '' [hilo=batch-particion-3],"888,2024/12/25,,debito"
2281,transacciones.csv,630,OMITIDO,Tipo fuera del catalogo permitido: 'invalid' [hilo=batch-particion-2],"629,26/12/2024,-200,invalid"
2282,transacciones.csv,384,OMITIDO,Tipo fuera del catalogo permitido: 'invalid' [hilo=batch-particion-1],"383,26-01-2024,800,invalid"
2283,transacciones.csv,631,OMITIDO,Tipo fuera del catalogo permitido: 'desconocido' [hilo=batch-particion-2],"630,20/10/2024,1500,desconocido"
2284,transacciones.csv,512,OMITIDO,Tipo fuera del catalogo permitido: 'invalid' [hilo=batch-particion-4],"511,22/02/2024,-200,invalid"
2285,transacciones.csv,385,OMITIDO,Tipo fuera del catalogo permitido: 'invalid' [hilo=batch-particion-1],"384,2024/05/30,700,invalid"
2286,transacciones.csv,514,OMITIDO,Tipo fuera del catalogo permitido: 'desconocido' [hilo=batch-particion-4],"513,2024/01/10,3000,desconocido"
2287,transacciones.csv,386,OMITIDO,Tipo fuera del catalogo permitido: 'invalid' [hilo=batch-particion-1],"385,27-07-2024,1500,invalid"
2288,transacciones.csv,892,OMITIDO,Tipo fuera del catalogo permitido: 'invalid' [hilo=batch-particion-3],"891,2024/12/24,3000,invalid"
2289,transacciones.csv,515,OMITIDO,Tipo fuera del catalogo permitido: 'invalid' [hilo=batch-particion-4],"514,20/10/2024,-200,invalid"
2290,transacciones.csv,894,OMITIDO,Tipo fuera del catalogo permitido: 'invalid' [hilo=batch-particion-3],"893,2024-11-06,1000,invalid"
2291,transacciones.csv,633,OMITIDO,Tipo fuera del catalogo permitido: 'invalid' [hilo=batch-particion-2],"632,2024/02/11,800,invalid"
2292,transacciones.csv,895,OMITIDO,Monto vacio o no numerico: '' [hilo=batch-particion-3],"894,30/10/2024,,credito"
2293,transacciones.csv,636,OMITIDO,Fecha ilegible o inexistente: 2024-13-01 [hilo=batch-particion-2],"635,2024-13-01,1500,credito"
2294,transacciones.csv,387,OMITIDO,Tipo fuera del catalogo permitido: 'desconocido' [hilo=batch-particion-1],"386,2024/01/01,-200,desconocido"
2295,transacciones.csv,517,OMITIDO,Tipo fuera del catalogo permitido: 'desconocido' [hilo=batch-particion-4],"516,21/08/2024,-200,desconocido"
2296,transacciones.csv,388,OMITIDO,Tipo fuera del catalogo permitido: 'invalid' [hilo=batch-particion-1],"387,2024/07/10,3000,invalid"
2297,transacciones.csv,518,OMITIDO,Monto vacio o no numerico: '' [hilo=batch-particion-4],"517,17/04/2024,,debito"
2298,transacciones.csv,389,OMITIDO,Monto vacio o no numerico: '' [hilo=batch-particion-1],"388,2024/09/14,,debito"
2299,transacciones.csv,897,OMITIDO,Fecha ilegible o inexistente: 2024-13-01 [hilo=batch-particion-3],"896,2024-13-01,1500,debito"
2300,transacciones.csv,519,OMITIDO,Monto vacio o no numerico: '' [hilo=batch-particion-4],"518,02/03/2024,,invalid"
2301,transacciones.csv,390,OMITIDO,Monto vacio o no numerico: '' [hilo=batch-particion-1],"389,2024-11-19,,credito"
2302,transacciones.csv,520,OMITIDO,Tipo fuera del catalogo permitido: 'invalid' [hilo=batch-particion-4],"519,24-08-2024,-200,invalid"
2303,transacciones.csv,638,OMITIDO,Tipo fuera del catalogo permitido: 'desconocido' [hilo=batch-particion-2],"637,2024-07-01,700,desconocido"
2304,transacciones.csv,639,OMITIDO,Tipo fuera del catalogo permitido: 'invalid' [hilo=batch-particion-2],"638,20-11-2024,-200,invalid"
2305,transacciones.csv,902,OMITIDO,Tipo fuera del catalogo permitido: 'invalid' [hilo=batch-particion-3],"901,2024/06/22,-200,invalid"
2306,transacciones.csv,394,OMITIDO,Fecha ilegible o inexistente: 2024-13-01 [hilo=batch-particion-1],"393,2024-13-01,800,credito"
2307,transacciones.csv,903,OMITIDO,Tipo fuera del catalogo permitido: 'invalid' [hilo=batch-particion-3],"902,30/01/2024,1200,invalid"
2308,transacciones.csv,523,OMITIDO,Tipo fuera del catalogo permitido: 'invalid' [hilo=batch-particion-4],"522,2024-06-12,1500,invalid"
2309,transacciones.csv,644,OMITIDO,Monto vacio o no numerico: '' [hilo=batch-particion-2],"643,27-06-2024,,invalid"
2310,transacciones.csv,524,OMITIDO,Tipo fuera del catalogo permitido: 'invalid' [hilo=batch-particion-4],"523,2024/02/03,1000,invalid"
2311,transacciones.csv,645,OMITIDO,Monto vacio o no numerico: '' [hilo=batch-particion-2],"644,18/05/2024,,invalid"
2312,transacciones.csv,397,OMITIDO,Monto vacio o no numerico: '' [hilo=batch-particion-1],"396,23-05-2024,,debito"
2313,transacciones.csv,525,OMITIDO,Tipo fuera del catalogo permitido: 'invalid' [hilo=batch-particion-4],"524,2024-11-12,1200,invalid"
2314,transacciones.csv,907,OMITIDO,Monto vacio o no numerico: '' [hilo=batch-particion-3],"906,19/01/2024,,invalid"
2315,transacciones.csv,646,OMITIDO,Monto vacio o no numerico: '' [hilo=batch-particion-2],"645,26/08/2024,,invalid"
2316,transacciones.csv,399,OMITIDO,Tipo fuera del catalogo permitido: 'invalid' [hilo=batch-particion-1],"398,2024-05-09,1000,invalid"
2317,transacciones.csv,526,OMITIDO,Fecha ilegible o inexistente: 2024-13-01 [hilo=batch-particion-4],"525,2024-13-01,700,invalid"
2318,transacciones.csv,910,OMITIDO,Fecha ilegible o inexistente: 2024-13-01 [hilo=batch-particion-3],"909,2024-13-01,800,credito"
2319,transacciones.csv,911,OMITIDO,Tipo fuera del catalogo permitido: 'invalid' [hilo=batch-particion-3],"910,08/08/2024,3000,invalid"
2320,transacciones.csv,649,OMITIDO,Tipo fuera del catalogo permitido: 'invalid' [hilo=batch-particion-2],"648,2024-02-21,700,invalid"
2321,transacciones.csv,403,OMITIDO,Monto vacio o no numerico: '' [hilo=batch-particion-1],"402,2024/07/16,,credito"
2322,transacciones.csv,527,OMITIDO,Tipo fuera del catalogo permitido: 'invalid' [hilo=batch-particion-4],"526,26/03/2024,700,invalid"
2323,transacciones.csv,405,OMITIDO,Monto vacio o no numerico: '' [hilo=batch-particion-1],"404,2024-10-13,,credito"
2324,transacciones.csv,529,OMITIDO,Tipo fuera del catalogo permitido: 'invalid' [hilo=batch-particion-4],"528,13/06/2024,3000,invalid"
2325,transacciones.csv,914,OMITIDO,Tipo fuera del catalogo permitido: 'invalid' [hilo=batch-particion-3],"913,06/04/2024,500,invalid"
2326,transacciones.csv,652,OMITIDO,Fecha ilegible o inexistente: 2024-13-01 [hilo=batch-particion-2],"651,2024-13-01,,invalid"
2327,transacciones.csv,531,OMITIDO,Tipo fuera del catalogo permitido: 'invalid' [hilo=batch-particion-4],"530,2024/07/10,700,invalid"
2328,transacciones.csv,916,OMITIDO,Tipo fuera del catalogo permitido: 'invalid' [hilo=batch-particion-3],"915,2024/01/21,-200,invalid"
2329,transacciones.csv,407,OMITIDO,Tipo fuera del catalogo permitido: 'desconocido' [hilo=batch-particion-1],"406,24/03/2024,700,desconocido"
2330,transacciones.csv,658,OMITIDO,Tipo fuera del catalogo permitido: 'invalid' [hilo=batch-particion-2],"657,30-04-2024,1000,invalid"
2331,transacciones.csv,535,OMITIDO,Tipo fuera del catalogo permitido: 'invalid' [hilo=batch-particion-4],"534,2024-05-15,3000,invalid"
2332,transacciones.csv,408,OMITIDO,Tipo fuera del catalogo permitido: 'desconocido' [hilo=batch-particion-1],"407,2024-09-21,-200,desconocido"
2333,transacciones.csv,917,OMITIDO,Tipo fuera del catalogo permitido: 'invalid' [hilo=batch-particion-3],"916,2024-12-24,700,invalid"
2334,transacciones.csv,659,OMITIDO,Tipo fuera del catalogo permitido: 'invalid' [hilo=batch-particion-2],"658,14-10-2024,1200,invalid"
2335,transacciones.csv,536,OMITIDO,Tipo fuera del catalogo permitido: 'desconocido' [hilo=batch-particion-4],"535,19-10-2024,1000,desconocido"
2336,transacciones.csv,918,OMITIDO,Fecha ilegible o inexistente: 2024-13-01 [hilo=batch-particion-3],"917,2024-13-01,800,credito"
2337,transacciones.csv,411,OMITIDO,Tipo fuera del catalogo permitido: 'invalid' [hilo=batch-particion-1],"410,23-11-2024,1500,invalid"
2338,transacciones.csv,661,OMITIDO,Tipo fuera del catalogo permitido: 'invalid' [hilo=batch-particion-2],"660,2024-07-17,-200,invalid"
2339,transacciones.csv,919,OMITIDO,Tipo fuera del catalogo permitido: 'invalid' [hilo=batch-particion-3],"918,22-01-2024,-200,invalid"
2340,transacciones.csv,538,OMITIDO,Monto vacio o no numerico: '' [hilo=batch-particion-4],"537,2024/08/25,,credito"
2341,transacciones.csv,413,OMITIDO,Tipo fuera del catalogo permitido: 'invalid' [hilo=batch-particion-1],"412,06-12-2024,1000,invalid"
2342,transacciones.csv,664,OMITIDO,Monto vacio o no numerico: '' [hilo=batch-particion-2],"663,25-02-2024,,invalid"
2343,transacciones.csv,414,OMITIDO,Tipo fuera del catalogo permitido: 'invalid' [hilo=batch-particion-1],"413,2024/10/21,1500,invalid"
2344,transacciones.csv,665,OMITIDO,Tipo fuera del catalogo permitido: 'desconocido' [hilo=batch-particion-2],"664,2024-02-17,800,desconocido"
2345,transacciones.csv,922,OMITIDO,Monto vacio o no numerico: '' [hilo=batch-particion-3],"921,24/09/2024,,credito"
2346,transacciones.csv,415,OMITIDO,Monto vacio o no numerico: '' [hilo=batch-particion-1],"414,2024-08-07,,debito"
2347,transacciones.csv,666,OMITIDO,Tipo fuera del catalogo permitido: 'invalid' [hilo=batch-particion-2],"665,2024-04-13,800,invalid"
2348,transacciones.csv,924,OMITIDO,Monto vacio o no numerico: '' [hilo=batch-particion-3],"923,20-12-2024,,desconocido"
2349,transacciones.csv,416,OMITIDO,Monto vacio o no numerico: '' [hilo=batch-particion-1],"415,2024/06/29,,credito"
2350,transacciones.csv,543,OMITIDO,Monto vacio o no numerico: '' [hilo=batch-particion-4],"542,07/01/2024,,debito"
2351,transacciones.csv,925,OMITIDO,Monto vacio o no numerico: '' [hilo=batch-particion-3],"924,30-10-2024,,debito"
2352,transacciones.csv,544,OMITIDO,Fecha ilegible o inexistente: 2024-13-01 [hilo=batch-particion-4],"543,2024-13-01,1500,invalid"
2353,transacciones.csv,926,OMITIDO,Monto vacio o no numerico: '' [hilo=batch-particion-3],"925,04/11/2024,,credito"
2354,transacciones.csv,667,OMITIDO,Monto vacio o no numerico: '' [hilo=batch-particion-2],"666,2024/04/25,,debito"
2355,transacciones.csv,417,OMITIDO,Monto vacio o no numerico: '' [hilo=batch-particion-1],"416,2024-11-17,,desconocido"
2356,transacciones.csv,669,OMITIDO,Monto vacio o no numerico: '' [hilo=batch-particion-2],"668,2024-02-21,,credito"
2357,transacciones.csv,418,OMITIDO,Monto vacio o no numerico: '' [hilo=batch-particion-1],"417,2024/06/19,,debito"
2358,transacciones.csv,419,OMITIDO,Monto vacio o no numerico: '' [hilo=batch-particion-1],"418,2024-12-28,,credito"
2359,transacciones.csv,550,OMITIDO,Monto vacio o no numerico: '' [hilo=batch-particion-4],"549,05/11/2024,,credito"
2360,transacciones.csv,927,OMITIDO,Tipo fuera del catalogo permitido: 'invalid' [hilo=batch-particion-3],"926,2024-01-23,700,invalid"
2361,transacciones.csv,928,OMITIDO,Fecha ilegible o inexistente: 2024-13-01 [hilo=batch-particion-3],"927,2024-13-01,,credito"
2362,transacciones.csv,672,OMITIDO,Tipo fuera del catalogo permitido: 'desconocido' [hilo=batch-particion-2],"671,17-05-2024,800,desconocido"
2363,transacciones.csv,673,OMITIDO,Fecha ilegible o inexistente: 2024-13-01 [hilo=batch-particion-2],"672,2024-13-01,-200,credito"
2364,transacciones.csv,929,OMITIDO,Tipo fuera del catalogo permitido: 'invalid' [hilo=batch-particion-3],"928,2024/04/14,1500,invalid"
2365,transacciones.csv,424,OMITIDO,Tipo fuera del catalogo permitido: 'invalid' [hilo=batch-particion-1],"423,2024/08/28,800,invalid"
2366,transacciones.csv,675,OMITIDO,Tipo fuera del catalogo permitido: 'desconocido' [hilo=batch-particion-2],"674,08/10/2024,3000,desconocido"
2367,transacciones.csv,552,OMITIDO,Monto vacio o no numerico: '' [hilo=batch-particion-4],"551,11-03-2024,,credito"
2368,transacciones.csv,426,OMITIDO,Tipo fuera del catalogo permitido: 'invalid' [hilo=batch-particion-1],"425,09/01/2024,1200,invalid"
2369,transacciones.csv,676,OMITIDO,Tipo fuera del catalogo permitido: 'invalid' [hilo=batch-particion-2],"675,10/11/2024,700,invalid"
2370,transacciones.csv,553,OMITIDO,Tipo fuera del catalogo permitido: 'invalid' [hilo=batch-particion-4],"552,2024-06-01,800,invalid"
2371,transacciones.csv,932,OMITIDO,Monto vacio o no numerico: '' [hilo=batch-particion-3],"931,08-12-2024,,debito"
2372,transacciones.csv,934,OMITIDO,Tipo fuera del catalogo permitido: 'invalid' [hilo=batch-particion-3],"933,01-08-2024,-200,invalid"
2373,transacciones.csv,677,OMITIDO,Monto vacio o no numerico: '' [hilo=batch-particion-2],"676,07-08-2024,,debito"
2374,transacciones.csv,428,OMITIDO,Monto vacio o no numerico: '' [hilo=batch-particion-1],"427,2024/12/27,,invalid"
2375,transacciones.csv,935,OMITIDO,Monto vacio o no numerico: '' [hilo=batch-particion-3],"934,02/08/2024,,credito"
2376,transacciones.csv,558,OMITIDO,Monto vacio o no numerico: '' [hilo=batch-particion-4],"557,06/09/2024,,debito"
2377,transacciones.csv,678,OMITIDO,Tipo fuera del catalogo permitido: 'invalid' [hilo=batch-particion-2],"677,2024/09/02,700,invalid"
2378,transacciones.csv,936,OMITIDO,Tipo fuera del catalogo permitido: 'invalid' [hilo=batch-particion-3],"935,26/08/2024,1000,invalid"
2379,transacciones.csv,430,OMITIDO,Monto vacio o no numerico: '' [hilo=batch-particion-1],"429,2024-09-27,,invalid"
2380,transacciones.csv,559,OMITIDO,Tipo fuera del catalogo permitido: 'invalid' [hilo=batch-particion-4],"558,2024-10-21,700,invalid"
2381,transacciones.csv,679,OMITIDO,Tipo fuera del catalogo permitido: 'invalid' [hilo=batch-particion-2],"678,26-08-2024,800,invalid"
2382,transacciones.csv,431,OMITIDO,Tipo fuera del catalogo permitido: 'invalid' [hilo=batch-particion-1],"430,2024-05-07,1000,invalid"
2383,transacciones.csv,560,OMITIDO,Tipo fuera del catalogo permitido: 'desconocido' [hilo=batch-particion-4],"559,2024-12-26,-200,desconocido"
2384,transacciones.csv,680,OMITIDO,Monto vacio o no numerico: '' [hilo=batch-particion-2],"679,19-04-2024,,credito"
2385,transacciones.csv,561,OMITIDO,Fecha ilegible o inexistente: 2024-13-01 [hilo=batch-particion-4],"560,2024-13-01,-200,credito"
2386,transacciones.csv,681,OMITIDO,Fecha ilegible o inexistente: 2024-13-01 [hilo=batch-particion-2],"680,2024-13-01,1500,debito"
2387,transacciones.csv,939,OMITIDO,Tipo fuera del catalogo permitido: 'invalid' [hilo=batch-particion-3],"938,08-10-2024,800,invalid"
2388,transacciones.csv,432,OMITIDO,Tipo fuera del catalogo permitido: 'desconocido' [hilo=batch-particion-1],"431,2024/05/04,-200,desconocido"
2389,transacciones.csv,562,OMITIDO,Tipo fuera del catalogo permitido: 'invalid' [hilo=batch-particion-4],"561,2024-01-05,1500,invalid"
2390,transacciones.csv,682,OMITIDO,Fecha ilegible o inexistente: 2024-13-01 [hilo=batch-particion-2],"681,2024-13-01,1000,credito"
2391,transacciones.csv,434,OMITIDO,Tipo fuera del catalogo permitido: 'invalid' [hilo=batch-particion-1],"433,2024-11-18,1500,invalid"
2392,transacciones.csv,942,OMITIDO,Monto vacio o no numerico: '' [hilo=batch-particion-3],"941,14-01-2024,,invalid"
2393,transacciones.csv,566,OMITIDO,Monto vacio o no numerico: '' [hilo=batch-particion-4],"565,2024/11/11,,invalid"
2394,transacciones.csv,685,OMITIDO,Monto vacio o no numerico: '' [hilo=batch-particion-2],"684,2024/11/04,,credito"
2395,transacciones.csv,435,OMITIDO,Tipo fuera del catalogo permitido: 'desconocido' [hilo=batch-particion-1],"434,2024/05/03,1500,desconocido"
2396,transacciones.csv,945,OMITIDO,Monto vacio o no numerico: '' [hilo=batch-particion-3],"944,2024/07/20,,credito"
2397,transacciones.csv,686,OMITIDO,Tipo fuera del catalogo permitido: 'desconocido' [hilo=batch-particion-2],"685,2024-12-20,1000,desconocido"
2398,transacciones.csv,436,OMITIDO,Monto vacio o no numerico: '' [hilo=batch-particion-1],"435,2024/11/20,,credito"
2399,transacciones.csv,570,OMITIDO,Tipo fuera del catalogo permitido: 'desconocido' [hilo=batch-particion-4],"569,05-06-2024,1200,desconocido"
2400,transacciones.csv,950,OMITIDO,Tipo fuera del catalogo permitido: 'desconocido' [hilo=batch-particion-3],"949,15-09-2024,1000,desconocido"
2401,transacciones.csv,571,OMITIDO,Tipo fuera del catalogo permitido: 'desconocido' [hilo=batch-particion-4],"570,2024-03-20,1200,desconocido"
2402,transacciones.csv,687,OMITIDO,Tipo fuera del catalogo permitido: 'invalid' [hilo=batch-particion-2],"686,2024/11/01,0,invalid"
2403,transacciones.csv,438,OMITIDO,Monto vacio o no numerico: '' [hilo=batch-particion-1],"437,2024/02/28,,credito"
2404,transacciones.csv,688,OMITIDO,Monto vacio o no numerico: '' [hilo=batch-particion-2],"687,12-12-2024,,debito"
2405,transacciones.csv,439,OMITIDO,Tipo fuera del catalogo permitido: 'invalid' [hilo=batch-particion-1],"438,2024-10-18,1500,invalid"
2406,transacciones.csv,689,OMITIDO,Tipo fuera del catalogo permitido: 'desconocido' [hilo=batch-particion-2],"688,2024/08/17,1000,desconocido"
2407,transacciones.csv,441,OMITIDO,Monto vacio o no numerico: '' [hilo=batch-particion-1],"440,28/07/2024,,invalid"
2408,transacciones.csv,952,OMITIDO,Tipo fuera del catalogo permitido: 'invalid' [hilo=batch-particion-3],"951,2024-06-07,3000,invalid"
2409,transacciones.csv,955,OMITIDO,Tipo fuera del catalogo permitido: 'invalid' [hilo=batch-particion-3],"954,2024/02/10,1000,invalid"
2410,transacciones.csv,577,OMITIDO,Tipo fuera del catalogo permitido: 'invalid' [hilo=batch-particion-4],"576,11/04/2024,1000,invalid"
2411,transacciones.csv,579,OMITIDO,Tipo fuera del catalogo permitido: 'invalid' [hilo=batch-particion-4],"578,05-12-2024,-200,invalid"
2412,transacciones.csv,444,OMITIDO,Monto vacio o no numerico: '' [hilo=batch-particion-1],"443,11/05/2024,,credito"
2413,transacciones.csv,693,OMITIDO,Monto vacio o no numerico: '' [hilo=batch-particion-2],"692,15-09-2024,,credito"
2414,transacciones.csv,445,OMITIDO,Tipo fuera del catalogo permitido: 'desconocido' [hilo=batch-particion-1],"444,2024-04-19,1200,desconocido"
2415,transacciones.csv,580,OMITIDO,Monto vacio o no numerico: '' [hilo=batch-particion-4],"579,2024-05-01,,invalid"
2416,transacciones.csv,694,OMITIDO,Monto vacio o no numerico: '' [hilo=batch-particion-2],"693,2024/02/13,,credito"
2417,transacciones.csv,957,OMITIDO,Monto vacio o no numerico: '' [hilo=batch-particion-3],"956,2024/12/01,,credito"
2418,transacciones.csv,446,OMITIDO,Fecha ilegible o inexistente: 2024-13-01 [hilo=batch-particion-1],"445,2024-13-01,1200,debito"
2419,transacciones.csv,958,OMITIDO,Tipo fuera del catalogo permitido: 'invalid' [hilo=batch-particion-3],"957,30/12/2024,700,invalid"
2420,transacciones.csv,696,OMITIDO,Tipo fuera del catalogo permitido: 'invalid' [hilo=batch-particion-2],"695,2024/10/20,-200,invalid"
2421,transacciones.csv,581,OMITIDO,Tipo fuera del catalogo permitido: 'invalid' [hilo=batch-particion-4],"580,2024/11/28,700,invalid"
2422,transacciones.csv,960,OMITIDO,Tipo fuera del catalogo permitido: 'invalid' [hilo=batch-particion-3],"959,2024-06-25,-200,invalid"
2423,transacciones.csv,961,OMITIDO,Tipo fuera del catalogo permitido: 'invalid' [hilo=batch-particion-3],"960,2024/03/29,-200,invalid"
2424,transacciones.csv,447,OMITIDO,Tipo fuera del catalogo permitido: 'invalid' [hilo=batch-particion-1],"446,2024-07-11,700,invalid"
2425,transacciones.csv,583,OMITIDO,Tipo fuera del catalogo permitido: 'invalid' [hilo=batch-particion-4],"582,20/03/2024,1500,invalid"
2426,transacciones.csv,697,OMITIDO,Tipo fuera del catalogo permitido: 'invalid' [hilo=batch-particion-2],"696,11-05-2024,700,invalid"
2427,transacciones.csv,449,OMITIDO,Monto vacio o no numerico: '' [hilo=batch-particion-1],"448,08-06-2024,,debito"
2428,transacciones.csv,584,OMITIDO,Tipo fuera del catalogo permitido: 'invalid' [hilo=batch-particion-4],"583,22-02-2024,3000,invalid"
2429,transacciones.csv,962,OMITIDO,Tipo fuera del catalogo permitido: 'invalid' [hilo=batch-particion-3],"961,20-10-2024,-200,invalid"
2430,transacciones.csv,585,OMITIDO,Tipo fuera del catalogo permitido: 'invalid' [hilo=batch-particion-4],"584,09/01/2024,700,invalid"
2431,transacciones.csv,698,OMITIDO,Tipo fuera del catalogo permitido: 'invalid' [hilo=batch-particion-2],"697,2024-02-01,800,invalid"
2432,transacciones.csv,966,OMITIDO,Tipo fuera del catalogo permitido: 'invalid' [hilo=batch-particion-3],"965,2024/08/12,3000,invalid"
2433,transacciones.csv,699,OMITIDO,Tipo fuera del catalogo permitido: 'invalid' [hilo=batch-particion-2],"698,29-09-2024,700,invalid"
2434,transacciones.csv,452,OMITIDO,Tipo fuera del catalogo permitido: 'invalid' [hilo=batch-particion-1],"451,02/07/2024,700,invalid"
2435,transacciones.csv,700,OMITIDO,Tipo fuera del catalogo permitido: 'desconocido' [hilo=batch-particion-2],"699,2024-12-10,800,desconocido"
2436,transacciones.csv,454,OMITIDO,Fecha ilegible o inexistente: 2024-13-01 [hilo=batch-particion-1],"453,2024-13-01,800,invalid"
2437,transacciones.csv,970,OMITIDO,Tipo fuera del catalogo permitido: 'invalid' [hilo=batch-particion-3],"969,2024/04/15,3000,invalid"
2438,transacciones.csv,456,OMITIDO,Tipo fuera del catalogo permitido: 'invalid' [hilo=batch-particion-1],"455,29/02/2024,800,invalid"
2439,transacciones.csv,971,OMITIDO,Tipo fuera del catalogo permitido: 'invalid' [hilo=batch-particion-3],"970,2024-02-14,3000,invalid"
2440,transacciones.csv,595,OMITIDO,Monto vacio o no numerico: '' [hilo=batch-particion-4],"594,2024-12-17,,debito"
2441,transacciones.csv,702,OMITIDO,Tipo fuera del catalogo permitido: 'desconocido' [hilo=batch-particion-2],"701,01/02/2024,3000,desconocido"
2442,transacciones.csv,703,OMITIDO,Fecha ilegible o inexistente: 2024-13-01 [hilo=batch-particion-2],"702,2024-13-01,,debito"
2443,transacciones.csv,596,OMITIDO,Fecha ilegible o inexistente: 2024-13-01 [hilo=batch-particion-4],"595,2024-13-01,1000,debito"
2444,transacciones.csv,457,OMITIDO,Tipo fuera del catalogo permitido: 'invalid' [hilo=batch-particion-1],"456,18-10-2024,1200,invalid"
2445,transacciones.csv,973,OMITIDO,Tipo fuera del catalogo permitido: 'invalid' [hilo=batch-particion-3],"972,03/12/2024,1000,invalid"
2446,transacciones.csv,704,OMITIDO,Tipo fuera del catalogo permitido: 'invalid' [hilo=batch-particion-2],"703,2024-05-05,1500,invalid"
2447,transacciones.csv,461,OMITIDO,Tipo fuera del catalogo permitido: 'invalid' [hilo=batch-particion-1],"460,21-08-2024,0,invalid"
2448,transacciones.csv,974,OMITIDO,Fecha ilegible o inexistente: 2024-13-01 [hilo=batch-particion-3],"973,2024-13-01,,debito"
2449,transacciones.csv,705,OMITIDO,Tipo fuera del catalogo permitido: 'invalid' [hilo=batch-particion-2],"704,2024-02-19,800,invalid"
2450,transacciones.csv,976,OMITIDO,Tipo fuera del catalogo permitido: 'desconocido' [hilo=batch-particion-3],"975,2024-04-07,1200,desconocido"
2451,transacciones.csv,597,OMITIDO,Tipo fuera del catalogo permitido: 'invalid' [hilo=batch-particion-4],"596,2024-09-27,700,invalid"
2452,transacciones.csv,462,OMITIDO,Fecha ilegible o inexistente: 2024-13-01 [hilo=batch-particion-1],"461,2024-13-01,700,invalid"
2453,transacciones.csv,599,OMITIDO,Monto vacio o no numerico: '' [hilo=batch-particion-4],"598,06-04-2024,,credito"
2454,transacciones.csv,977,OMITIDO,Tipo fuera del catalogo permitido: 'invalid' [hilo=batch-particion-3],"976,2024-02-09,800,invalid"
2455,transacciones.csv,710,OMITIDO,Tipo fuera del catalogo permitido: 'invalid' [hilo=batch-particion-2],"709,01/05/2024,1500,invalid"
2456,transacciones.csv,463,OMITIDO,Fecha ilegible o inexistente: 2024-13-01 [hilo=batch-particion-1],"462,2024-13-01,1500,invalid"
2457,transacciones.csv,600,OMITIDO,Fecha ilegible o inexistente: 2024-13-01 [hilo=batch-particion-4],"599,2024-13-01,700,debito"
2458,transacciones.csv,978,OMITIDO,Tipo fuera del catalogo permitido: 'invalid' [hilo=batch-particion-3],"977,2024-05-21,3000,invalid"
2459,transacciones.csv,601,OMITIDO,Tipo fuera del catalogo permitido: 'invalid' [hilo=batch-particion-4],"600,09/02/2024,1500,invalid"
2460,transacciones.csv,979,OMITIDO,Tipo fuera del catalogo permitido: 'invalid' [hilo=batch-particion-3],"978,2024/04/08,1500,invalid"
2461,transacciones.csv,712,OMITIDO,Monto vacio o no numerico: '' [hilo=batch-particion-2],"711,2024/12/06,,invalid"
2462,transacciones.csv,981,OMITIDO,Tipo fuera del catalogo permitido: 'invalid' [hilo=batch-particion-3],"980,2024-06-22,700,invalid"
2463,transacciones.csv,467,OMITIDO,Monto vacio o no numerico: '' [hilo=batch-particion-1],"466,2024/11/30,,credito"
2464,transacciones.csv,713,OMITIDO,Monto vacio o no numerico: '' [hilo=batch-particion-2],"712,2024/09/11,,debito"
2465,transacciones.csv,470,OMITIDO,Tipo fuera del catalogo permitido: 'invalid' [hilo=batch-particion-1],"469,2024/12/03,1000,invalid"
2466,transacciones.csv,714,OMITIDO,Monto vacio o no numerico: '' [hilo=batch-particion-2],"713,2024/07/12,,invalid"
2467,transacciones.csv,602,OMITIDO,Tipo fuera del catalogo permitido: 'invalid' [hilo=batch-particion-4],"601,2024-11-16,1200,invalid"
2468,transacciones.csv,715,OMITIDO,Tipo fuera del catalogo permitido: 'invalid' [hilo=batch-particion-2],"714,21/06/2024,700,invalid"
2469,transacciones.csv,983,OMITIDO,Monto vacio o no numerico: '' [hilo=batch-particion-3],"982,2024-06-08,,invalid"
2470,transacciones.csv,471,OMITIDO,Monto vacio o no numerico: '' [hilo=batch-particion-1],"470,2024/09/19,,debito"
2471,transacciones.csv,604,OMITIDO,Fecha ilegible o inexistente: 2024-13-01 [hilo=batch-particion-4],"603,2024-13-01,-200,credito"
2472,transacciones.csv,984,OMITIDO,Tipo fuera del catalogo permitido: 'invalid' [hilo=batch-particion-3],"983,2024-05-23,1500,invalid"
2473,transacciones.csv,716,OMITIDO,Tipo fuera del catalogo permitido: 'invalid' [hilo=batch-particion-2],"715,2024/07/07,700,invalid"
2474,transacciones.csv,606,OMITIDO,Monto vacio o no numerico: '' [hilo=batch-particion-4],"605,2024/07/30,,invalid"
2475,transacciones.csv,985,OMITIDO,Monto vacio o no numerico: '' [hilo=batch-particion-3],"984,07/05/2024,,debito"
2476,transacciones.csv,472,OMITIDO,Tipo fuera del catalogo permitido: 'desconocido' [hilo=batch-particion-1],"471,04/12/2024,1000,desconocido"
2477,transacciones.csv,717,OMITIDO,Fecha ilegible o inexistente: 2024-13-01 [hilo=batch-particion-2],"716,2024-13-01,-200,debito"
2478,transacciones.csv,718,OMITIDO,Tipo fuera del catalogo permitido: 'desconocido' [hilo=batch-particion-2],"717,2024/03/22,1200,desconocido"
2479,transacciones.csv,473,OMITIDO,Fecha ilegible o inexistente: 2024-13-01 [hilo=batch-particion-1],"472,2024-13-01,,invalid"
2480,transacciones.csv,607,OMITIDO,Tipo fuera del catalogo permitido: 'desconocido' [hilo=batch-particion-4],"606,16-05-2024,1000,desconocido"
2481,transacciones.csv,987,OMITIDO,Tipo fuera del catalogo permitido: 'invalid' [hilo=batch-particion-3],"986,13/05/2024,700,invalid"
2482,transacciones.csv,719,OMITIDO,Tipo fuera del catalogo permitido: 'invalid' [hilo=batch-particion-2],"718,2024/08/25,700,invalid"
2483,transacciones.csv,611,OMITIDO,Fecha ilegible o inexistente: 2024-13-01 [hilo=batch-particion-4],"610,2024-13-01,,debito"
2484,transacciones.csv,474,OMITIDO,Tipo fuera del catalogo permitido: 'invalid' [hilo=batch-particion-1],"473,15/08/2024,700,invalid"
2485,transacciones.csv,988,OMITIDO,Monto vacio o no numerico: '' [hilo=batch-particion-3],"987,13/10/2024,,debito"
2486,transacciones.csv,720,OMITIDO,Tipo fuera del catalogo permitido: 'invalid' [hilo=batch-particion-2],"719,2024/09/04,1000,invalid"
2487,transacciones.csv,475,OMITIDO,Fecha ilegible o inexistente: 2024-13-01 [hilo=batch-particion-1],"474,2024-13-01,1200,invalid"
2488,transacciones.csv,721,OMITIDO,Tipo fuera del catalogo permitido: 'desconocido' [hilo=batch-particion-2],"720,27-11-2024,1500,desconocido"
2489,transacciones.csv,989,OMITIDO,Tipo fuera del catalogo permitido: 'invalid' [hilo=batch-particion-3],"988,11-12-2024,1200,invalid"
2490,transacciones.csv,476,OMITIDO,Tipo fuera del catalogo permitido: 'invalid' [hilo=batch-particion-1],"475,2024/12/28,0,invalid"
2491,transacciones.csv,612,OMITIDO,Monto vacio o no numerico: '' [hilo=batch-particion-4],"611,2024-11-24,,debito"
2492,transacciones.csv,615,OMITIDO,Monto vacio o no numerico: '' [hilo=batch-particion-4],"614,2024-01-05,,debito"
2493,transacciones.csv,994,OMITIDO,Fecha ilegible o inexistente: 2024-13-01 [hilo=batch-particion-3],"993,2024-13-01,700,invalid"
2494,transacciones.csv,722,OMITIDO,Monto vacio o no numerico: '' [hilo=batch-particion-2],"721,2024-05-25,,debito"
2495,transacciones.csv,616,OMITIDO,Tipo fuera del catalogo permitido: 'invalid' [hilo=batch-particion-4],"615,2024-11-25,1500,invalid"
2496,transacciones.csv,477,OMITIDO,Monto vacio o no numerico: '' [hilo=batch-particion-1],"476,2024/07/06,,invalid"
2497,transacciones.csv,995,OMITIDO,Tipo fuera del catalogo permitido: 'invalid' [hilo=batch-particion-3],"994,2024-06-09,700,invalid"
2498,transacciones.csv,723,OMITIDO,Fecha ilegible o inexistente: 2024-13-01 [hilo=batch-particion-2],"722,2024-13-01,1200,credito"
2499,transacciones.csv,480,OMITIDO,Monto vacio o no numerico: '' [hilo=batch-particion-1],"479,07-12-2024,,invalid"
2500,transacciones.csv,725,OMITIDO,Fecha ilegible o inexistente: 2024-13-01 [hilo=batch-particion-2],"724,2024-13-01,1200,debito"
2501,transacciones.csv,726,OMITIDO,Tipo fuera del catalogo permitido: 'desconocido' [hilo=batch-particion-2],"725,06/02/2024,1000,desconocido"
2502,transacciones.csv,617,OMITIDO,Tipo fuera del catalogo permitido: 'invalid' [hilo=batch-particion-4],"616,2024-08-03,500,invalid"
2503,transacciones.csv,998,OMITIDO,Tipo fuera del catalogo permitido: 'invalid' [hilo=batch-particion-3],"997,2024-06-14,-200,invalid"
2504,transacciones.csv,618,OMITIDO,Tipo fuera del catalogo permitido: 'invalid' [hilo=batch-particion-4],"617,17/09/2024,-200,invalid"
2505,transacciones.csv,483,OMITIDO,Tipo fuera del catalogo permitido: 'invalid' [hilo=batch-particion-1],"482,2024-02-04,800,invalid"
2506,transacciones.csv,999,OMITIDO,Monto vacio o no numerico: '' [hilo=batch-particion-3],"998,14-01-2024,,invalid"
2507,transacciones.csv,729,OMITIDO,Tipo fuera del catalogo permitido: 'invalid' [hilo=batch-particion-2],"728,09/12/2024,1500,invalid"
2508,transacciones.csv,486,OMITIDO,Tipo fuera del catalogo permitido: 'desconocido' [hilo=batch-particion-1],"485,17-11-2024,1000,desconocido"
2509,transacciones.csv,623,OMITIDO,Tipo fuera del catalogo permitido: 'invalid' [hilo=batch-particion-4],"622,2024-07-08,700,invalid"
2510,transacciones.csv,732,OMITIDO,Monto vacio o no numerico: '' [hilo=batch-particion-2],"731,2024/09/04,,credito"
2511,transacciones.csv,487,OMITIDO,Tipo fuera del catalogo permitido: 'invalid' [hilo=batch-particion-1],"486,17-09-2024,800,invalid"
2512,transacciones.csv,626,OMITIDO,Monto vacio o no numerico: '' [hilo=batch-particion-4],"625,2024-05-15,,debito"
2513,transacciones.csv,734,OMITIDO,Tipo fuera del catalogo permitido: 'desconocido' [hilo=batch-particion-2],"733,18-03-2024,1000,desconocido"
2514,transacciones.csv,489,OMITIDO,Monto vacio o no numerico: '' [hilo=batch-particion-1],"488,11/12/2024,,debito"
2515,transacciones.csv,491,OMITIDO,Tipo fuera del catalogo permitido: 'invalid' [hilo=batch-particion-1],"490,26/07/2024,700,invalid"
2516,transacciones.csv,737,OMITIDO,Tipo fuera del catalogo permitido: 'desconocido' [hilo=batch-particion-2],"736,11-05-2024,1500,desconocido"
2517,transacciones.csv,492,OMITIDO,Monto vacio o no numerico: '' [hilo=batch-particion-1],"491,2024/03/31,,credito"
2518,transacciones.csv,738,OMITIDO,Tipo fuera del catalogo permitido: 'invalid' [hilo=batch-particion-2],"737,17/03/2024,800,invalid"
2519,transacciones.csv,493,OMITIDO,Tipo fuera del catalogo permitido: 'invalid' [hilo=batch-particion-1],"492,2024/11/07,-200,invalid"
2520,transacciones.csv,739,OMITIDO,Tipo fuera del catalogo permitido: 'invalid' [hilo=batch-particion-2],"738,30/06/2024,3000,invalid"
2521,transacciones.csv,494,OMITIDO,Tipo fuera del catalogo permitido: 'invalid' [hilo=batch-particion-1],"493,2024-08-29,0,invalid"
2522,transacciones.csv,740,OMITIDO,Tipo fuera del catalogo permitido: 'invalid' [hilo=batch-particion-2],"739,2024-03-20,3000,invalid"
2523,transacciones.csv,497,OMITIDO,Monto vacio o no numerico: '' [hilo=batch-particion-1],"496,2024/09/14,,invalid"
2524,transacciones.csv,742,OMITIDO,Fecha ilegible o inexistente: 2024-13-01 [hilo=batch-particion-2],"741,2024-13-01,1200,credito"
2525,transacciones.csv,498,OMITIDO,Tipo fuera del catalogo permitido: 'desconocido' [hilo=batch-particion-1],"497,2024/04/20,-200,desconocido"
2526,transacciones.csv,743,OMITIDO,Tipo fuera del catalogo permitido: 'invalid' [hilo=batch-particion-2],"742,14-05-2024,3000,invalid"
2527,transacciones.csv,499,OMITIDO,Fecha ilegible o inexistente: 2024-13-01 [hilo=batch-particion-1],"498,2024-13-01,1500,invalid"
2528,transacciones.csv,746,OMITIDO,Monto vacio o no numerico: '' [hilo=batch-particion-2],"745,2024/12/23,,invalid"
2529,transacciones.csv,501,OMITIDO,Monto vacio o no numerico: '' [hilo=batch-particion-1],"500,2024/04/24,,invalid"
2530,transacciones.csv,747,OMITIDO,Tipo fuera del catalogo permitido: 'invalid' [hilo=batch-particion-2],"746,2024/06/08,1500,invalid"
2531,transacciones.csv,750,OMITIDO,Tipo fuera del catalogo permitido: 'invalid' [hilo=batch-particion-2],"749,2024/06/20,1200,invalid"
